time,balance,equity
2025-09-01 01:00:00,10000.0,10000.0
2025-09-01 02:00:00,10000.0,10000.0
2025-09-01 03:00:00,10000.0,10000.0
2025-09-01 04:00:00,10000.0,10000.0
2025-09-01 05:00:00,10000.0,10000.0
2025-09-01 06:00:00,10000.0,10000.0
2025-09-01 07:00:00,10000.0,10000.0
2025-09-01 08:00:00,10000.0,10000.0
2025-09-01 09:00:00,10000.0,10000.0
2025-09-01 10:00:00,10000.0,10000.0
2025-09-01 11:00:00,10000.0,10000.0
2025-09-01 12:00:00,10000.0,10000.0
2025-09-01 13:00:00,10000.0,10000.0
2025-09-01 14:00:00,10000.0,10000.0
2025-09-01 15:00:00,10000.0,10000.0
2025-09-01 16:00:00,10000.0,10000.0
2025-09-01 17:00:00,10000.0,10000.0
2025-09-01 18:00:00,10000.0,10000.0
2025-09-01 19:00:00,10000.0,10000.0
2025-09-01 20:00:00,10000.0,10000.0
2025-09-01 21:00:00,10000.0,10000.0
2025-09-02 01:29:00,10000.0,10000.0
2025-09-02 02:29:00,10000.0,10000.0
2025-09-02 03:29:00,10000.0,10000.0
2025-09-02 04:29:00,10000.0,10000.0
2025-09-02 05:29:00,10000.0,10000.0
2025-09-02 06:29:00,10000.0,10000.0
2025-09-02 07:29:00,10000.0,10000.0
2025-09-02 08:29:00,10000.0,10000.0
2025-09-02 09:29:00,10000.0,10000.0
2025-09-02 10:29:00,10000.0,10000.0
2025-09-02 11:29:00,10000.0,10000.0
2025-09-02 12:29:00,10000.0,10000.0
2025-09-02 13:29:00,10000.0,10000.0
2025-09-02 14:29:00,10000.0,10000.0
2025-09-02 15:29:00,10000.0,10000.0
2025-09-02 16:29:00,10000.0,10000.0
2025-09-02 17:29:00,10000.0,10000.0
2025-09-02 18:29:00,10000.0,10000.0
2025-09-02 19:29:00,10000.0,10000.0
2025-09-02 20:29:00,10000.0,10000.0
2025-09-02 21:29:00,10000.0,10000.0
2025-09-02 22:29:00,10000.0,10000.0
2025-09-02 23:29:00,10000.0,10000.0
2025-09-03 01:30:00,10000.0,10000.0
2025-09-03 02:30:00,9998.74,9937.359999999993
2025-09-03 03:30:00,10087.939999999997,10114.399999999996
2025-09-03 04:30:00,10087.939999999997,10136.719999999994
2025-09-03 05:30:00,10087.939999999997,10142.719999999994
2025-09-03 06:30:00,10087.339999999995,10087.339999999995
2025-09-03 07:30:00,10087.339999999995,10087.339999999995
2025-09-03 08:30:00,10087.339999999995,10087.339999999995
2025-09-03 09:30:00,10087.339999999995,10087.339999999995
2025-09-03 10:30:00,10087.339999999995,10087.339999999995
2025-09-03 11:30:00,10087.339999999995,10087.339999999995
2025-09-03 12:30:00,10087.339999999995,10087.339999999995
2025-09-03 13:30:00,10087.339999999995,10087.339999999995
2025-09-03 14:30:00,10087.339999999995,10087.339999999995
2025-09-03 15:30:00,10087.339999999995,10087.339999999995
2025-09-03 16:30:00,10087.339999999995,10087.339999999995
2025-09-03 17:30:00,10087.339999999995,10087.339999999995
2025-09-03 18:30:00,10087.339999999995,10087.339999999995
2025-09-03 19:30:00,10087.339999999995,10087.339999999995
2025-09-03 20:30:00,10087.339999999995,10087.339999999995
2025-09-03 21:30:00,10087.339999999995,10087.339999999995
2025-09-03 22:30:00,10087.339999999995,10087.339999999995
2025-09-03 23:30:00,10087.339999999995,10087.339999999995
2025-09-04 01:31:00,10087.339999999995,10087.339999999995
2025-09-04 02:31:00,10087.339999999995,10087.339999999995
2025-09-04 03:31:00,10087.339999999995,10087.339999999995
2025-09-04 04:31:00,10087.339999999995,10087.339999999995
2025-09-04 05:31:00,10087.339999999995,10087.339999999995
2025-09-04 06:31:00,10087.339999999995,10087.339999999995
2025-09-04 07:31:00,10087.339999999995,10087.339999999995
2025-09-04 08:31:00,10087.339999999995,10087.339999999995
2025-09-04 09:31:00,10087.339999999995,10087.339999999995
2025-09-04 10:31:00,10087.339999999995,10087.339999999995
2025-09-04 11:31:00,10087.339999999995,10087.339999999995
2025-09-04 12:31:00,10087.339999999995,10087.339999999995
2025-09-04 13:31:00,10087.339999999995,10087.339999999995
2025-09-04 14:31:00,10087.339999999995,10087.339999999995
2025-09-04 15:31:00,10087.339999999995,10087.339999999995
2025-09-04 16:31:00,10087.339999999995,10087.339999999995
2025-09-04 17:31:00,10087.339999999995,10087.339999999995
2025-09-04 18:31:00,10087.339999999995,10087.339999999995
2025-09-04 19:31:00,10087.339999999995,10087.339999999995
2025-09-04 20:31:00,10087.339999999995,10087.339999999995
2025-09-04 21:31:00,10087.339999999995,10087.339999999995
2025-09-04 22:31:00,10087.339999999995,10087.339999999995
2025-09-04 23:31:00,10087.339999999995,10087.339999999995
2025-09-05 01:32:00,10087.339999999995,10087.339999999995
2025-09-05 02:32:00,10087.339999999995,10087.339999999995
2025-09-05 03:32:00,10087.339999999995,10087.339999999995
2025-09-05 04:32:00,10087.339999999995,10087.339999999995
2025-09-05 05:32:00,10087.339999999995,10087.339999999995
2025-09-05 06:32:00,10087.339999999995,10087.339999999995
2025-09-05 07:32:00,10087.339999999995,10087.339999999995
2025-09-05 08:32:00,10087.339999999995,10087.339999999995
2025-09-05 09:32:00,10087.339999999995,10087.339999999995
2025-09-05 10:32:00,10087.339999999995,10087.339999999995
2025-09-05 11:32:00,10087.339999999995,10087.339999999995
2025-09-05 12:32:00,10087.339999999995,10087.339999999995
2025-09-05 13:32:00,10087.339999999995,10087.339999999995
2025-09-05 14:32:00,10087.339999999995,10087.339999999995
2025-09-05 15:32:00,10087.339999999995,10087.339999999995
2025-09-05 16:32:00,10087.339999999995,10087.339999999995
2025-09-05 17:32:00,10087.339999999995,10087.339999999995
2025-09-05 18:32:00,10087.339999999995,10087.339999999995
2025-09-05 19:32:00,10087.339999999995,10087.339999999995
2025-09-05 20:32:00,10087.339999999995,10087.339999999995
2025-09-05 21:32:00,10087.339999999995,10087.339999999995
2025-09-05 22:32:00,10087.339999999995,10087.339999999995
2025-09-05 23:32:00,10087.339999999995,10087.339999999995
2025-09-08 01:33:00,10087.339999999995,10087.339999999995
2025-09-08 02:33:00,10087.339999999995,10087.339999999995
2025-09-08 03:33:00,10087.339999999995,10087.339999999995
2025-09-08 04:33:00,10087.339999999995,10087.339999999995
2025-09-08 05:33:00,10087.339999999995,10087.339999999995
2025-09-08 06:33:00,10087.339999999995,10087.339999999995
2025-09-08 07:33:00,10087.339999999995,10087.339999999995
2025-09-08 08:33:00,10087.339999999995,10087.339999999995
2025-09-08 09:33:00,10087.339999999995,10087.339999999995
2025-09-08 10:33:00,10087.339999999995,10087.339999999995
2025-09-08 11:33:00,10087.339999999995,10087.339999999995
2025-09-08 12:33:00,10087.339999999995,10087.339999999995
2025-09-08 13:33:00,10087.339999999995,10087.339999999995
2025-09-08 14:33:00,10087.339999999995,10087.339999999995
2025-09-08 15:33:00,10087.339999999995,10087.339999999995
2025-09-08 16:33:00,10087.339999999995,10087.339999999995
2025-09-08 17:33:00,10087.339999999995,10087.339999999995
2025-09-08 18:33:00,10087.339999999995,10087.339999999995
2025-09-08 19:33:00,10087.339999999995,10087.339999999995
2025-09-08 20:33:00,10087.339999999995,10087.339999999995
2025-09-08 21:33:00,10087.339999999995,10087.339999999995
2025-09-08 22:33:00,10087.339999999995,10087.339999999995
2025-09-08 23:33:00,10087.339999999995,10087.339999999995
2025-09-09 01:34:00,10087.339999999995,10087.339999999995
2025-09-09 02:34:00,10087.339999999995,10087.339999999995
2025-09-09 03:34:00,10087.339999999995,10087.339999999995
2025-09-09 04:34:00,10087.339999999995,10087.339999999995
2025-09-09 05:34:00,10087.339999999995,10087.339999999995
2025-09-09 06:34:00,10087.339999999995,10087.339999999995
2025-09-09 07:34:00,10087.339999999995,10087.339999999995
2025-09-09 08:34:00,10087.339999999995,10087.339999999995
2025-09-09 09:34:00,10087.339999999995,10087.339999999995
2025-09-09 10:34:00,10087.339999999995,10087.339999999995
2025-09-09 11:34:00,10087.339999999995,10087.339999999995
2025-09-09 12:34:00,10087.339999999995,10087.339999999995
2025-09-09 13:34:00,10087.339999999995,10087.339999999995
2025-09-09 14:34:00,10087.339999999995,10087.339999999995
2025-09-09 15:34:00,10087.339999999995,10087.339999999995
2025-09-09 16:34:00,10087.339999999995,10087.339999999995
2025-09-09 17:34:00,10087.339999999995,10087.339999999995
2025-09-09 18:34:00,10087.339999999995,10087.339999999995
2025-09-09 19:34:00,10087.339999999995,10087.339999999995
2025-09-09 20:34:00,10087.339999999995,10087.339999999995
2025-09-09 21:34:00,10087.339999999995,10087.339999999995
2025-09-09 22:34:00,10087.339999999995,10087.339999999995
2025-09-09 23:34:00,10087.339999999995,10087.339999999995
2025-09-10 01:35:00,10087.339999999995,10087.339999999995
2025-09-10 02:35:00,10087.339999999995,10087.339999999995
2025-09-10 03:35:00,10087.339999999995,10087.339999999995
2025-09-10 04:35:00,10087.339999999995,10087.339999999995
2025-09-10 05:35:00,10087.339999999995,10087.339999999995
2025-09-10 06:35:00,10087.339999999995,10087.339999999995
2025-09-10 07:35:00,10087.339999999995,10087.339999999995
2025-09-10 08:35:00,10087.339999999995,10087.339999999995
2025-09-10 09:35:00,10087.339999999995,10087.339999999995
2025-09-10 10:35:00,10087.339999999995,10087.339999999995
2025-09-10 11:35:00,10087.339999999995,10087.339999999995
2025-09-10 12:35:00,10087.339999999995,10087.339999999995
2025-09-10 13:35:00,10087.339999999995,10087.339999999995
2025-09-10 14:35:00,10098.379999999996,10153.579999999994
2025-09-10 15:35:00,10122.559999999996,10184.839999999997
2025-09-10 16:35:00,10170.949999999997,10206.169999999996
2025-09-10 17:35:00,10170.949999999997,10183.969999999998
2025-09-10 18:35:00,10170.949999999997,10241.209999999997
2025-09-10 19:35:00,10170.949999999997,10271.509999999998
2025-09-10 20:35:00,10170.949999999997,10240.489999999998
2025-09-10 21:35:00,10170.949999999997,10228.729999999998
2025-09-10 22:35:00,10170.949999999997,10293.589999999997
2025-09-10 23:35:00,10170.949999999997,10276.249999999998
2025-09-11 01:36:00,10171.849999999997,10271.029999999999
2025-09-11 02:36:00,10171.849999999997,10258.429999999997
2025-09-11 03:36:00,10171.849999999997,10250.269999999995
2025-09-11 04:36:00,10171.849999999997,10253.809999999996
2025-09-11 05:36:00,10171.849999999997,10287.949999999997
2025-09-11 06:36:00,10171.849999999997,10321.909999999996
2025-09-11 07:36:00,10171.849999999997,10322.269999999995
2025-09-11 08:36:00,10171.849999999997,10325.809999999996
2025-09-11 09:36:00,10365.409999999998,10365.409999999998
2025-09-11 10:36:00,10365.409999999998,10365.409999999998
2025-09-11 11:36:00,10365.409999999998,10365.409999999998
2025-09-11 12:36:00,10365.409999999998,10365.409999999998
2025-09-11 13:36:00,10365.409999999998,10365.409999999998
2025-09-11 14:36:00,10365.409999999998,10365.409999999998
2025-09-11 15:36:00,10365.409999999998,10365.409999999998
2025-09-11 16:36:00,10365.409999999998,10365.409999999998
2025-09-11 17:36:00,10365.409999999998,10365.409999999998
2025-09-11 18:36:00,10365.409999999998,10365.409999999998
2025-09-11 19:36:00,10365.409999999998,10365.409999999998
2025-09-11 20:36:00,10365.409999999998,10365.409999999998
2025-09-11 21:36:00,10365.409999999998,10365.409999999998
2025-09-11 22:36:00,10365.409999999998,10365.409999999998
2025-09-11 23:36:00,10365.409999999998,10365.409999999998
2025-09-12 01:37:00,10365.409999999998,10365.409999999998
2025-09-12 02:37:00,10365.409999999998,10365.409999999998
2025-09-12 03:37:00,10365.409999999998,10365.409999999998
2025-09-12 04:37:00,10365.409999999998,10365.409999999998
2025-09-12 05:37:00,10365.409999999998,10365.409999999998
2025-09-12 06:37:00,10365.409999999998,10365.409999999998
2025-09-12 07:37:00,10365.409999999998,10365.409999999998
2025-09-12 08:37:00,10365.409999999998,10365.409999999998
2025-09-12 09:37:00,10365.409999999998,10365.409999999998
2025-09-12 10:37:00,10365.409999999998,10365.409999999998
2025-09-12 11:37:00,10365.409999999998,10365.409999999998
2025-09-12 12:37:00,10365.409999999998,10365.409999999998
2025-09-12 13:37:00,10365.409999999998,10365.409999999998
2025-09-12 14:37:00,10365.409999999998,10365.409999999998
2025-09-12 15:37:00,10365.409999999998,10365.409999999998
2025-09-12 16:37:00,10365.409999999998,10365.409999999998
2025-09-12 17:37:00,10365.409999999998,10365.409999999998
2025-09-12 18:37:00,10364.499999999998,10372.43
2025-09-12 19:37:00,10364.499999999998,10375.68
2025-09-12 20:37:00,10364.499999999998,10414.16
2025-09-12 21:37:00,10364.499999999998,10394.140000000001
2025-09-12 22:37:00,10364.499999999998,10346.689999999999
2025-09-12 23:37:00,10364.499999999998,10313.019999999997
2025-09-15 01:38:00,10357.999999999998,10296.900000000001
2025-09-15 02:38:00,10256.99,10256.99
2025-09-15 03:38:00,10256.99,10256.99
2025-09-15 04:38:00,10256.99,10256.99
2025-09-15 05:38:00,10256.99,10256.99
2025-09-15 06:38:00,10256.99,10256.99
2025-09-15 07:38:00,10256.99,10256.99
2025-09-15 08:38:00,10256.99,10256.99
2025-09-15 09:38:00,10256.99,10256.99
2025-09-15 10:38:00,10256.99,10256.99
2025-09-15 11:38:00,10256.99,10256.99
2025-09-15 12:38:00,10256.99,10256.99
2025-09-15 13:38:00,10256.99,10256.99
2025-09-15 14:38:00,10256.99,10256.99
2025-09-15 15:38:00,10256.99,10256.99
2025-09-15 16:38:00,10256.99,10256.99
2025-09-15 17:38:00,10256.99,10256.99
2025-09-15 18:38:00,10256.99,10256.99
2025-09-15 19:38:00,10256.99,10256.99
2025-09-15 20:38:00,10256.99,10256.99
2025-09-15 21:38:00,10256.99,10256.99
2025-09-15 22:38:00,10256.99,10256.99
2025-09-15 23:38:00,10256.99,10256.99
2025-09-16 01:39:00,10304.269999999999,10391.529999999997
2025-09-16 02:39:00,10304.269999999999,10386.259999999998
2025-09-16 03:39:00,10365.22,10466.45
2025-09-16 04:39:00,10391.359999999999,10448.509999999995
2025-09-16 05:39:00,10391.359999999999,10446.509999999998
2025-09-16 06:39:00,10390.859999999999,10440.759999999998
2025-09-16 07:39:00,10390.859999999999,10429.159999999998
2025-09-16 08:39:00,10390.859999999999,10441.06
2025-09-16 09:39:00,10390.859999999999,10465.21
2025-09-16 10:39:00,10390.859999999999,10468.46
2025-09-16 11:39:00,10390.859999999999,10495.21
2025-09-16 12:39:00,10512.76,10512.76
2025-09-16 13:39:00,10512.76,10512.76
2025-09-16 14:39:00,10512.76,10512.76
2025-09-16 15:39:00,10512.76,10512.76
2025-09-16 16:39:00,10512.76,10512.76
2025-09-16 17:39:00,10512.76,10512.76
2025-09-16 18:39:00,10512.76,10512.76
2025-09-16 19:39:00,10512.76,10512.76
2025-09-16 20:39:00,10512.76,10512.76
2025-09-16 21:39:00,10512.76,10512.76
2025-09-16 22:39:00,10512.76,10512.76
2025-09-16 23:39:00,10512.76,10512.76
2025-09-17 01:40:00,10512.76,10512.76
2025-09-17 02:40:00,10512.76,10512.76
2025-09-17 03:40:00,10512.76,10512.76
2025-09-17 04:40:00,10512.76,10512.76
2025-09-17 05:40:00,10512.76,10512.76
2025-09-17 06:40:00,10522.989999999989,10522.989999999989
2025-09-17 07:40:00,10522.989999999989,10522.989999999989
2025-09-17 08:40:00,10522.989999999989,10522.989999999989
2025-09-17 09:40:00,10522.989999999989,10522.989999999989
2025-09-17 10:40:00,10522.989999999989,10522.989999999989
2025-09-17 11:40:00,10522.989999999989,10522.989999999989
2025-09-17 12:40:00,10522.989999999989,10522.989999999989
2025-09-17 13:40:00,10522.989999999989,10522.989999999989
2025-09-17 14:40:00,10522.989999999989,10522.989999999989
2025-09-17 15:40:00,10522.989999999989,10522.989999999989
2025-09-17 16:40:00,10522.989999999989,10522.989999999989
2025-09-17 17:40:00,10522.989999999989,10522.989999999989
2025-09-17 18:40:00,10522.989999999989,10522.989999999989
2025-09-17 19:40:00,10522.989999999989,10522.989999999989
2025-09-17 20:40:00,10522.989999999989,10522.989999999989
2025-09-17 21:40:00,10522.989999999989,10522.989999999989
2025-09-17 22:40:00,10522.989999999989,10522.989999999989
2025-09-17 23:40:00,10522.989999999989,10522.989999999989
2025-09-18 01:41:00,10522.989999999989,10522.989999999989
2025-09-18 02:41:00,10522.989999999989,10522.989999999989
2025-09-18 03:41:00,10522.989999999989,10522.989999999989
2025-09-18 04:41:00,10522.989999999989,10522.989999999989
2025-09-18 05:41:00,10522.989999999989,10522.989999999989
2025-09-18 06:41:00,10522.989999999989,10522.989999999989
2025-09-18 07:41:00,10522.989999999989,10522.989999999989
2025-09-18 08:41:00,10522.989999999989,10522.989999999989
2025-09-18 09:41:00,10522.989999999989,10522.989999999989
2025-09-18 10:41:00,10415.749999999987,10415.749999999987
2025-09-18 11:41:00,10415.749999999987,10415.749999999987
2025-09-18 12:41:00,10415.749999999987,10415.749999999987
2025-09-18 13:41:00,10415.749999999987,10415.749999999987
2025-09-18 14:41:00,10415.749999999987,10415.749999999987
2025-09-18 15:41:00,10415.749999999987,10415.749999999987
2025-09-18 16:41:00,10415.749999999987,10415.749999999987
2025-09-18 17:41:00,10415.749999999987,10415.749999999987
2025-09-18 18:41:00,10415.749999999987,10415.749999999987
2025-09-18 19:41:00,10415.749999999987,10415.749999999987
2025-09-18 20:41:00,10415.749999999987,10415.749999999987
2025-09-18 21:41:00,10415.749999999987,10415.749999999987
2025-09-18 22:41:00,10415.749999999987,10415.749999999987
2025-09-18 23:41:00,10415.749999999987,10415.749999999987
2025-09-19 01:42:00,10415.749999999987,10415.749999999987
2025-09-19 02:42:00,10415.749999999987,10415.749999999987
2025-09-19 03:42:00,10415.749999999987,10415.749999999987
2025-09-19 04:42:00,10415.749999999987,10415.749999999987
2025-09-19 05:42:00,10415.749999999987,10415.749999999987
2025-09-19 06:42:00,10415.749999999987,10415.749999999987
2025-09-19 07:42:00,10415.749999999987,10415.749999999987
2025-09-19 08:42:00,10415.749999999987,10415.749999999987
2025-09-19 09:42:00,10415.749999999987,10415.749999999987
2025-09-19 10:42:00,10415.749999999987,10415.749999999987
2025-09-19 11:42:00,10415.749999999987,10415.749999999987
2025-09-19 12:42:00,10415.749999999987,10415.749999999987
2025-09-19 13:42:00,10415.749999999987,10415.749999999987
2025-09-19 14:42:00,10415.749999999987,10415.749999999987
2025-09-19 15:42:00,10415.749999999987,10415.749999999987
2025-09-19 16:42:00,10415.749999999987,10415.749999999987
2025-09-19 17:42:00,10415.749999999987,10415.749999999987
2025-09-19 18:42:00,10415.749999999987,10415.749999999987
2025-09-19 19:42:00,10415.749999999987,10415.749999999987
2025-09-19 20:42:00,10415.749999999987,10415.749999999987
2025-09-19 21:42:00,10415.749999999987,10415.749999999987
2025-09-19 22:42:00,10415.749999999987,10415.749999999987
2025-09-19 23:42:00,10415.749999999987,10415.749999999987
2025-09-22 01:43:00,10415.749999999987,10415.749999999987
2025-09-22 02:43:00,10415.749999999987,10415.749999999987
2025-09-22 03:43:00,10415.749999999987,10415.749999999987
2025-09-22 04:43:00,10415.749999999987,10415.749999999987
2025-09-22 05:43:00,10415.749999999987,10415.749999999987
2025-09-22 06:43:00,10415.749999999987,10415.749999999987
2025-09-22 07:43:00,10415.749999999987,10415.749999999987
2025-09-22 08:43:00,10415.749999999987,10415.749999999987
2025-09-22 09:43:00,10415.749999999987,10415.749999999987
2025-09-22 10:43:00,10415.749999999987,10415.749999999987
2025-09-22 11:43:00,10415.749999999987,10415.749999999987
2025-09-22 12:43:00,10415.749999999987,10415.749999999987
2025-09-22 13:43:00,10415.749999999987,10415.749999999987
2025-09-22 14:43:00,10415.749999999987,10415.749999999987
2025-09-22 15:43:00,10415.749999999987,10415.749999999987
2025-09-22 16:43:00,10415.749999999987,10415.749999999987
2025-09-22 17:43:00,10415.749999999987,10415.749999999987
2025-09-22 18:43:00,10415.749999999987,10415.749999999987
2025-09-22 19:43:00,10415.749999999987,10415.749999999987
2025-09-22 20:43:00,10415.749999999987,10415.749999999987
2025-09-22 21:43:00,10415.749999999987,10415.749999999987
2025-09-22 22:43:00,10441.849999999986,10514.209999999968
2025-09-22 23:43:00,10504.309999999981,10622.74999999998
2025-09-23 01:44:00,10397.38999999997,10397.38999999997
2025-09-23 02:44:00,10397.38999999997,10397.38999999997
2025-09-23 03:44:00,10397.38999999997,10397.38999999997
2025-09-23 04:44:00,10397.38999999997,10397.38999999997
2025-09-23 05:44:00,10397.38999999997,10397.38999999997
2025-09-23 06:44:00,10397.38999999997,10397.38999999997
2025-09-23 07:44:00,10397.38999999997,10397.38999999997
2025-09-23 08:44:00,10397.38999999997,10397.38999999997
2025-09-23 09:44:00,10397.38999999997,10397.38999999997
2025-09-23 10:44:00,10397.38999999997,10397.38999999997
2025-09-23 11:44:00,10397.38999999997,10397.38999999997
2025-09-23 12:44:00,10397.38999999997,10397.38999999997
2025-09-23 13:44:00,10397.38999999997,10397.38999999997
2025-09-23 14:44:00,10397.38999999997,10397.38999999997
2025-09-23 15:44:00,10397.38999999997,10397.38999999997
2025-09-23 16:44:00,10397.38999999997,10397.38999999997
2025-09-23 17:44:00,10397.38999999997,10397.38999999997
2025-09-23 18:44:00,10397.38999999997,10397.38999999997
2025-09-23 19:44:00,10409.21999999997,10487.09999999997
2025-09-23 20:44:00,10485.98999999997,10542.789999999972
2025-09-23 21:44:00,10485.98999999997,10554.63999999997
2025-09-23 22:44:00,10379.289999999968,10379.289999999968
2025-09-23 23:44:00,10379.289999999968,10379.289999999968
2025-09-24 01:45:00,10379.289999999968,10379.289999999968
2025-09-24 02:45:00,10379.289999999968,10379.289999999968
2025-09-24 03:45:00,10379.289999999968,10379.289999999968
2025-09-24 04:45:00,10379.289999999968,10379.289999999968
2025-09-24 05:45:00,10379.289999999968,10379.289999999968
2025-09-24 06:45:00,10379.289999999968,10379.289999999968
2025-09-24 07:45:00,10379.289999999968,10379.289999999968
2025-09-24 08:45:00,10379.289999999968,10379.289999999968
2025-09-24 09:45:00,10379.289999999968,10379.289999999968
2025-09-24 10:45:00,10379.289999999968,10379.289999999968
2025-09-24 11:45:00,10379.289999999968,10379.289999999968
2025-09-24 12:45:00,10379.289999999968,10379.289999999968
2025-09-24 13:45:00,10379.289999999968,10379.289999999968
2025-09-24 14:45:00,10379.289999999968,10379.289999999968
2025-09-24 15:45:00,10379.289999999968,10379.289999999968
2025-09-24 16:45:00,10379.289999999968,10379.289999999968
2025-09-24 17:45:00,10379.289999999968,10379.289999999968
2025-09-24 18:45:00,10379.289999999968,10379.289999999968
2025-09-24 19:45:00,10379.289999999968,10379.289999999968
2025-09-24 20:45:00,10379.289999999968,10379.289999999968
2025-09-24 21:45:00,10379.289999999968,10379.289999999968
2025-09-24 22:45:00,10379.289999999968,10379.289999999968
2025-09-24 23:45:00,10379.289999999968,10379.289999999968
2025-09-25 01:46:00,10379.289999999968,10379.289999999968
2025-09-25 02:46:00,10379.289999999968,10379.289999999968
2025-09-25 03:46:00,10379.289999999968,10379.289999999968
2025-09-25 04:46:00,10379.289999999968,10379.289999999968
2025-09-25 05:46:00,10379.289999999968,10379.289999999968
2025-09-25 06:46:00,10379.289999999968,10379.289999999968
2025-09-25 07:46:00,10379.289999999968,10379.289999999968
2025-09-25 08:46:00,10379.289999999968,10379.289999999968
2025-09-25 09:46:00,10379.289999999968,10379.289999999968
2025-09-25 10:46:00,10379.289999999968,10379.289999999968
2025-09-25 11:46:00,10379.289999999968,10379.289999999968
2025-09-25 12:46:00,10379.289999999968,10379.289999999968
2025-09-25 13:46:00,10379.289999999968,10379.289999999968
2025-09-25 14:46:00,10379.289999999968,10379.289999999968
2025-09-25 15:46:00,10379.289999999968,10379.289999999968
2025-09-25 16:46:00,10379.289999999968,10379.289999999968
2025-09-25 17:46:00,10417.459999999966,10473.059999999965
2025-09-25 18:46:00,10416.659999999967,10416.659999999967
2025-09-25 19:46:00,10416.659999999967,10416.659999999967
2025-09-25 20:46:00,10416.659999999967,10416.659999999967
2025-09-25 21:46:00,10312.729999999974,10312.729999999974
2025-09-25 22:46:00,10312.729999999974,10312.729999999974
2025-09-25 23:46:00,10312.729999999974,10312.729999999974
2025-09-26 01:47:00,10312.729999999974,10312.729999999974
2025-09-26 02:47:00,10312.729999999974,10312.729999999974
2025-09-26 03:47:00,10312.729999999974,10312.729999999974
2025-09-26 04:47:00,10312.729999999974,10312.729999999974
2025-09-26 05:47:00,10312.729999999974,10312.729999999974
2025-09-26 06:47:00,10312.729999999974,10312.729999999974
2025-09-26 07:47:00,10312.729999999974,10312.729999999974
2025-09-26 08:47:00,10325.009999999973,10370.209999999977
2025-09-26 09:47:00,10351.809999999976,10351.809999999976
2025-09-26 10:47:00,10351.809999999976,10351.809999999976
2025-09-26 11:47:00,10351.809999999976,10351.809999999976
2025-09-26 12:47:00,10351.809999999976,10351.809999999976
2025-09-26 13:47:00,10351.809999999976,10351.809999999976
2025-09-26 14:47:00,10351.809999999976,10351.809999999976
2025-09-26 15:47:00,10351.809999999976,10351.809999999976
2025-09-26 16:47:00,10351.809999999976,10351.809999999976
2025-09-26 17:47:00,10351.809999999976,10351.809999999976
2025-09-26 18:47:00,10351.809999999976,10351.809999999976
2025-09-26 19:47:00,10351.809999999976,10351.809999999976
2025-09-26 20:47:00,10351.809999999976,10351.809999999976
2025-09-26 21:47:00,10351.809999999976,10351.809999999976
2025-09-26 22:47:00,10351.809999999976,10351.809999999976
2025-09-26 23:47:00,10351.809999999976,10351.809999999976
2025-09-29 01:48:00,10351.809999999976,10351.809999999976
2025-09-29 02:48:00,10351.809999999976,10351.809999999976
2025-09-29 03:48:00,10351.809999999976,10351.809999999976
2025-09-29 04:48:00,10351.809999999976,10351.809999999976
2025-09-29 05:48:00,10351.809999999976,10351.809999999976
2025-09-29 06:48:00,10351.809999999976,10351.809999999976
2025-09-29 07:48:00,10351.809999999976,10351.809999999976
2025-09-29 08:48:00,10351.809999999976,10351.809999999976
2025-09-29 09:48:00,10351.809999999976,10351.809999999976
2025-09-29 10:48:00,10351.809999999976,10351.809999999976
2025-09-29 11:48:00,10351.809999999976,10351.809999999976
2025-09-29 12:48:00,10351.809999999976,10351.809999999976
2025-09-29 13:48:00,10351.809999999976,10351.809999999976
2025-09-29 14:48:00,10351.809999999976,10351.809999999976
2025-09-29 15:48:00,10351.809999999976,10351.809999999976
2025-09-29 16:48:00,10351.809999999976,10351.809999999976
2025-09-29 17:48:00,10351.809999999976,10351.809999999976
2025-09-29 18:48:00,10351.809999999976,10351.809999999976
2025-09-29 19:48:00,10351.809999999976,10351.809999999976
2025-09-29 20:48:00,10351.809999999976,10351.809999999976
2025-09-29 21:48:00,10351.809999999976,10351.809999999976
2025-09-29 22:48:00,10351.809999999976,10351.809999999976
2025-09-29 23:48:00,10351.809999999976,10351.809999999976
2025-09-30 01:49:00,10351.809999999976,10351.809999999976
2025-09-30 02:49:00,10351.809999999976,10351.809999999976
2025-09-30 03:49:00,10351.809999999976,10351.809999999976
2025-09-30 04:49:00,10351.809999999976,10351.809999999976
2025-09-30 05:49:00,10351.809999999976,10351.809999999976
2025-09-30 06:49:00,10351.809999999976,10351.809999999976
2025-09-30 07:49:00,10351.809999999976,10351.809999999976
2025-09-30 08:49:00,10351.809999999976,10351.809999999976
2025-09-30 09:49:00,10351.809999999976,10351.809999999976
2025-09-30 10:49:00,10351.809999999976,10351.809999999976
2025-09-30 11:49:00,10351.809999999976,10351.809999999976
2025-09-30 12:49:00,10351.809999999976,10351.809999999976
2025-09-30 13:49:00,10351.809999999976,10351.809999999976
2025-09-30 14:49:00,10351.809999999976,10351.809999999976
2025-09-30 15:49:00,10351.809999999976,10351.809999999976
2025-09-30 16:49:00,10351.389999999976,10317.729999999978
2025-09-30 17:49:00,10257.549999999977,10257.549999999977
2025-09-30 18:49:00,10269.099999999979,10285.899999999978
2025-09-30 19:49:00,10280.639999999978,10359.359999999975
2025-09-30 20:49:00,10280.639999999978,10321.359999999975
2025-09-30 21:49:00,10280.639999999978,10359.359999999975
2025-09-30 22:49:00,10303.699999999977,10407.739999999976
2025-09-30 23:49:00,10303.699999999977,10426.939999999977
2025-10-01 01:50:00,10340.819999999978,10432.739999999978
2025-10-01 02:50:00,10340.819999999978,10438.899999999978
2025-10-01 03:50:00,10340.819999999978,10443.979999999978
2025-10-01 04:50:00,10340.819999999978,10463.379999999977
2025-10-01 05:50:00,10340.819999999978,10455.579999999978
2025-10-01 06:50:00,10340.819999999978,10440.139999999978
2025-10-01 07:50:00,10340.819999999978,10435.779999999977
2025-10-01 08:50:00,10340.819999999978,10443.579999999978
2025-10-01 09:50:00,10340.819999999978,10441.139999999978
2025-10-01 10:50:00,10340.819999999978,10488.139999999978
2025-10-01 11:50:00,10525.339999999978,10525.339999999978
2025-10-01 12:50:00,10525.339999999978,10525.339999999978
2025-10-01 13:50:00,10525.339999999978,10525.339999999978
2025-10-01 14:50:00,10525.339999999978,10525.339999999978
2025-10-01 15:50:00,10525.339999999978,10525.339999999978
2025-10-01 16:50:00,10525.339999999978,10525.339999999978
2025-10-01 17:50:00,10525.339999999978,10525.339999999978
2025-10-01 18:50:00,10525.339999999978,10525.339999999978
2025-10-01 19:50:00,10525.339999999978,10525.339999999978
2025-10-01 20:50:00,10525.339999999978,10525.339999999978
2025-10-01 21:50:00,10525.339999999978,10525.339999999978
2025-10-01 22:50:00,10525.339999999978,10525.339999999978
2025-10-01 23:50:00,10525.339999999978,10525.339999999978
2025-10-02 01:51:00,10525.339999999978,10525.339999999978
2025-10-02 02:51:00,10525.339999999978,10525.339999999978
2025-10-02 03:51:00,10525.339999999978,10525.339999999978
2025-10-02 04:51:00,10525.339999999978,10525.339999999978
2025-10-02 05:51:00,10525.339999999978,10525.339999999978
2025-10-02 06:51:00,10525.339999999978,10525.339999999978
2025-10-02 07:51:00,10525.339999999978,10525.339999999978
2025-10-02 08:51:00,10525.339999999978,10525.339999999978
2025-10-02 09:51:00,10525.339999999978,10525.339999999978
2025-10-02 10:51:00,10525.339999999978,10525.339999999978
2025-10-02 11:51:00,10525.339999999978,10525.339999999978
2025-10-02 12:51:00,10525.339999999978,10525.339999999978
2025-10-02 13:51:00,10538.23999999998,10538.23999999998
2025-10-02 14:51:00,10538.23999999998,10538.23999999998
2025-10-02 15:51:00,10538.23999999998,10538.23999999998
2025-10-02 16:51:00,10538.23999999998,10538.23999999998
2025-10-02 17:51:00,10538.23999999998,10538.23999999998
2025-10-02 18:51:00,10538.23999999998,10538.23999999998
2025-10-02 19:51:00,10538.23999999998,10538.23999999998
2025-10-02 20:51:00,10538.23999999998,10538.23999999998
2025-10-02 21:51:00,10538.23999999998,10538.23999999998
2025-10-02 22:51:00,10538.23999999998,10538.23999999998
2025-10-02 23:51:00,10538.23999999998,10538.23999999998
2025-10-03 01:52:00,10538.23999999998,10538.23999999998
2025-10-03 02:52:00,10538.23999999998,10538.23999999998
2025-10-03 03:52:00,10538.23999999998,10538.23999999998
2025-10-03 04:52:00,10538.23999999998,10538.23999999998
2025-10-03 05:52:00,10538.23999999998,10538.23999999998
2025-10-03 06:52:00,10538.23999999998,10538.23999999998
2025-10-03 07:52:00,10538.23999999998,10538.23999999998
2025-10-03 08:52:00,10538.23999999998,10538.23999999998
2025-10-03 09:52:00,10538.23999999998,10538.23999999998
2025-10-03 10:52:00,10538.23999999998,10538.23999999998
2025-10-03 11:52:00,10538.23999999998,10538.23999999998
2025-10-03 12:52:00,10538.23999999998,10538.23999999998
2025-10-03 13:52:00,10538.23999999998,10538.23999999998
2025-10-03 14:52:00,10538.23999999998,10538.23999999998
2025-10-03 15:52:00,10538.23999999998,10538.23999999998
2025-10-03 16:52:00,10538.23999999998,10538.23999999998
2025-10-03 17:52:00,10538.23999999998,10538.23999999998
2025-10-03 18:52:00,10538.23999999998,10538.23999999998
2025-10-03 19:52:00,10538.23999999998,10538.23999999998
2025-10-03 20:52:00,10538.23999999998,10538.23999999998
2025-10-03 21:52:00,10538.23999999998,10538.23999999998
2025-10-03 22:52:00,10538.23999999998,10538.23999999998
2025-10-03 23:52:00,10538.23999999998,10538.23999999998
2025-10-06 01:53:00,10538.23999999998,10538.23999999998
2025-10-06 02:53:00,10538.23999999998,10538.23999999998
2025-10-06 03:53:00,10538.23999999998,10538.23999999998
2025-10-06 04:53:00,10538.23999999998,10538.23999999998
2025-10-06 05:53:00,10538.23999999998,10538.23999999998
2025-10-06 06:53:00,10538.23999999998,10538.23999999998
2025-10-06 07:53:00,10538.23999999998,10538.23999999998
2025-10-06 08:53:00,10538.23999999998,10538.23999999998
2025-10-06 09:53:00,10538.23999999998,10538.23999999998
2025-10-06 10:53:00,10538.23999999998,10538.23999999998
2025-10-06 11:53:00,10538.23999999998,10538.23999999998
2025-10-06 12:53:00,10538.23999999998,10538.23999999998
2025-10-06 13:53:00,10538.23999999998,10538.23999999998
2025-10-06 14:53:00,10538.23999999998,10538.23999999998
2025-10-06 15:53:00,10538.23999999998,10538.23999999998
2025-10-06 16:53:00,10538.23999999998,10538.23999999998
2025-10-06 17:53:00,10538.23999999998,10538.23999999998
2025-10-06 18:53:00,10538.23999999998,10538.23999999998
2025-10-06 19:53:00,10538.23999999998,10538.23999999998
2025-10-06 20:53:00,10538.23999999998,10538.23999999998
2025-10-06 21:53:00,10538.23999999998,10538.23999999998
2025-10-06 22:53:00,10538.23999999998,10538.23999999998
2025-10-06 23:53:00,10538.23999999998,10538.23999999998
2025-10-07 01:54:00,10538.23999999998,10538.23999999998
2025-10-07 02:54:00,10538.23999999998,10538.23999999998
2025-10-07 03:54:00,10538.23999999998,10538.23999999998
2025-10-07 04:54:00,10538.23999999998,10538.23999999998
2025-10-07 05:54:00,10538.23999999998,10538.23999999998
2025-10-07 06:54:00,10538.23999999998,10538.23999999998
2025-10-07 07:54:00,10538.23999999998,10538.23999999998
2025-10-07 08:54:00,10538.23999999998,10538.23999999998
2025-10-07 09:54:00,10538.23999999998,10538.23999999998
2025-10-07 10:54:00,10538.23999999998,10538.23999999998
2025-10-07 11:54:00,10538.23999999998,10538.23999999998
2025-10-07 12:54:00,10538.23999999998,10538.23999999998
2025-10-07 13:54:00,10538.23999999998,10538.23999999998
2025-10-07 14:54:00,10538.23999999998,10538.23999999998
2025-10-07 15:54:00,10538.23999999998,10538.23999999998
2025-10-07 16:54:00,10538.23999999998,10538.23999999998
2025-10-07 17:54:00,10538.23999999998,10538.23999999998
2025-10-07 18:54:00,10538.23999999998,10538.23999999998
2025-10-07 19:54:00,10538.23999999998,10538.23999999998
2025-10-07 20:54:00,10538.23999999998,10538.23999999998
2025-10-07 21:54:00,10538.23999999998,10538.23999999998
2025-10-07 22:54:00,10538.23999999998,10538.23999999998
2025-10-07 23:54:00,10538.23999999998,10538.23999999998
2025-10-08 01:55:00,10538.23999999998,10538.23999999998
2025-10-08 02:55:00,10538.23999999998,10538.23999999998
2025-10-08 03:55:00,10538.23999999998,10538.23999999998
2025-10-08 04:55:00,10538.23999999998,10538.23999999998
2025-10-08 05:55:00,10538.23999999998,10538.23999999998
2025-10-08 06:55:00,10538.23999999998,10538.23999999998
2025-10-08 07:55:00,10538.23999999998,10538.23999999998
2025-10-08 08:55:00,10538.23999999998,10538.23999999998
2025-10-08 09:55:00,10538.23999999998,10538.23999999998
2025-10-08 10:55:00,10538.23999999998,10538.23999999998
2025-10-08 11:55:00,10538.23999999998,10538.23999999998
2025-10-08 12:55:00,10538.23999999998,10538.23999999998
2025-10-08 13:55:00,10538.23999999998,10538.23999999998
2025-10-08 14:55:00,10538.23999999998,10538.23999999998
2025-10-08 15:55:00,10538.23999999998,10538.23999999998
2025-10-08 16:55:00,10538.23999999998,10538.23999999998
2025-10-08 17:55:00,10538.23999999998,10538.23999999998
2025-10-08 18:55:00,10538.23999999998,10538.23999999998
2025-10-08 19:55:00,10538.23999999998,10538.23999999998
2025-10-08 20:55:00,10538.23999999998,10538.23999999998
2025-10-08 21:55:00,10538.23999999998,10538.23999999998
2025-10-08 22:55:00,10538.23999999998,10538.23999999998
2025-10-08 23:55:00,10538.23999999998,10538.23999999998
2025-10-09 01:56:00,10538.23999999998,10538.23999999998
2025-10-09 02:56:00,10538.23999999998,10538.23999999998
2025-10-09 03:56:00,10538.23999999998,10538.23999999998
2025-10-09 04:56:00,10570.729999999978,10596.419999999975
2025-10-09 05:56:00,10570.029999999975,10570.029999999975
2025-10-09 06:56:00,10570.029999999975,10570.029999999975
2025-10-09 07:56:00,10570.029999999975,10570.029999999975
2025-10-09 08:56:00,10570.029999999975,10570.029999999975
2025-10-09 09:56:00,10570.029999999975,10570.029999999975
2025-10-09 10:56:00,10570.029999999975,10570.029999999975
2025-10-09 11:56:00,10570.029999999975,10570.029999999975
2025-10-09 12:56:00,10570.029999999975,10570.029999999975
2025-10-09 13:56:00,10570.029999999975,10570.029999999975
2025-10-09 14:56:00,10570.029999999975,10570.029999999975
2025-10-09 15:56:00,10568.699999999975,10538.109999999982
2025-10-09 16:56:00,10466.289999999977,10466.289999999977
2025-10-09 17:56:00,10466.289999999977,10466.289999999977
2025-10-09 18:56:00,10466.289999999977,10466.289999999977
2025-10-09 19:56:00,10466.289999999977,10466.289999999977
2025-10-09 20:56:00,10466.289999999977,10466.289999999977
2025-10-09 21:56:00,10466.289999999977,10466.289999999977
2025-10-09 22:56:00,10466.149999999978,10462.829999999976
2025-10-09 23:56:00,10466.149999999978,10462.949999999979
2025-10-10 01:57:00,10478.55999999998,10523.859999999982
2025-10-10 02:57:00,10503.199999999979,10588.72999999998
2025-10-10 03:57:00,10554.179999999978,10572.639999999983
2025-10-10 04:57:00,10598.909999999978,10677.16999999998
2025-10-10 05:57:00,10598.909999999978,10690.469999999981
2025-10-10 06:57:00,10658.21999999998,10745.00999999998
2025-10-10 07:57:00,10777.43999999998,10795.23999999998
2025-10-10 08:57:00,10777.43999999998,10780.61999999998
2025-10-10 09:57:00,10777.43999999998,10788.159999999982
2025-10-10 10:57:00,10777.43999999998,10773.479999999981
2025-10-10 11:57:00,10777.43999999998,10740.17999999998
2025-10-10 12:57:00,10777.43999999998,10731.59999999998
2025-10-10 13:57:00,10777.43999999998,10735.73999999998
2025-10-10 14:57:00,10777.43999999998,10748.11999999998
2025-10-10 15:57:00,10777.43999999998,10754.659999999982
2025-10-10 16:57:00,10777.43999999998,10772.159999999982
2025-10-10 17:57:00,10788.529999999982,10766.309999999983
2025-10-10 18:57:00,10717.269999999982,10717.269999999982
2025-10-10 19:57:00,10717.269999999982,10717.269999999982
2025-10-10 20:57:00,10717.269999999982,10717.269999999982
2025-10-10 21:57:00,10717.269999999982,10717.269999999982
2025-10-10 22:57:00,10717.269999999982,10717.269999999982
2025-10-10 23:57:00,10717.269999999982,10717.269999999982
2025-10-13 01:58:00,10727.719999999981,10724.919999999984
2025-10-13 02:58:00,10622.01999999998,10622.01999999998
2025-10-13 03:58:00,10622.01999999998,10622.01999999998
2025-10-13 04:58:00,10622.01999999998,10622.01999999998
2025-10-13 05:58:00,10622.01999999998,10622.01999999998
2025-10-13 06:58:00,10622.01999999998,10622.01999999998
2025-10-13 07:58:00,10622.01999999998,10622.01999999998
2025-10-13 08:58:00,10622.01999999998,10622.01999999998
2025-10-13 09:58:00,10622.01999999998,10622.01999999998
2025-10-13 10:58:00,10622.01999999998,10622.01999999998
2025-10-13 11:58:00,10622.01999999998,10622.01999999998
2025-10-13 12:58:00,10622.01999999998,10622.01999999998
2025-10-13 13:58:00,10622.01999999998,10622.01999999998
2025-10-13 14:58:00,10622.01999999998,10622.01999999998
2025-10-13 15:58:00,10622.01999999998,10622.01999999998
2025-10-13 16:58:00,10622.01999999998,10622.01999999998
2025-10-13 17:58:00,10622.01999999998,10622.01999999998
2025-10-13 18:58:00,10622.01999999998,10622.01999999998
2025-10-13 19:58:00,10622.01999999998,10622.01999999998
2025-10-13 20:58:00,10622.01999999998,10622.01999999998
2025-10-13 21:58:00,10622.01999999998,10622.01999999998
2025-10-13 22:58:00,10622.01999999998,10622.01999999998
2025-10-13 23:58:00,10622.01999999998,10622.01999999998
2025-10-14 01:59:00,10622.01999999998,10622.01999999998
2025-10-14 02:59:00,10622.01999999998,10622.01999999998
2025-10-14 03:59:00,10622.01999999998,10622.01999999998
2025-10-14 04:59:00,10513.86999999999,10513.86999999999
2025-10-14 05:59:00,10513.86999999999,10513.86999999999
2025-10-14 06:59:00,10513.86999999999,10513.86999999999
2025-10-14 07:59:00,10513.86999999999,10513.86999999999
2025-10-14 08:59:00,10513.86999999999,10513.86999999999
2025-10-14 09:59:00,10513.86999999999,10513.86999999999
2025-10-14 10:59:00,10513.86999999999,10513.86999999999
2025-10-14 11:59:00,10513.589999999991,10485.189999999991
2025-10-14 12:59:00,10513.589999999991,10552.189999999991
2025-10-14 13:59:00,10513.589999999991,10534.82999999999
2025-10-14 14:59:00,10513.589999999991,10539.62999999999
2025-10-14 15:59:00,10513.589999999991,10635.389999999989
2025-10-14 16:59:00,10614.499999999985,10767.939999999982
2025-10-14 17:59:00,10769.619999999984,10800.619999999983
2025-10-14 18:59:00,10769.619999999984,10765.579999999982
2025-10-14 19:59:00,10769.619999999984,10756.379999999985
2025-10-14 20:59:00,10769.619999999984,10724.859999999984
2025-10-14 21:59:00,10769.619999999984,10724.699999999984
2025-10-14 22:59:00,10769.619999999984,10751.739999999985
2025-10-15 01:00:00,10771.419999999984,10744.139999999983
2025-10-15 02:00:00,10771.069999999983,10698.009999999987
2025-10-15 03:00:00,10771.069999999983,10681.359999999986
2025-10-15 04:00:00,10771.069999999983,10612.689999999984
2025-10-15 05:00:00,10511.429999999984,10511.429999999984
2025-10-15 06:00:00,10510.799999999985,10545.80999999998
2025-10-15 07:00:00,10550.279999999984,10613.479999999981
2025-10-15 08:00:00,10549.779999999982,10549.779999999982
2025-10-15 09:00:00,10549.779999999982,10549.779999999982
2025-10-15 10:00:00,10549.779999999982,10549.779999999982
2025-10-15 11:00:00,10549.779999999982,10549.779999999982
2025-10-15 12:00:00,10549.779999999982,10549.779999999982
2025-10-15 13:00:00,10549.779999999982,10549.779999999982
2025-10-15 14:00:00,10549.779999999982,10549.779999999982
2025-10-15 15:00:00,10549.779999999982,10549.779999999982
2025-10-15 16:00:00,10549.779999999982,10549.779999999982
2025-10-15 17:00:00,10549.779999999982,10549.779999999982
2025-10-15 18:00:00,10549.779999999982,10549.779999999982
2025-10-15 19:00:00,10648.839999999982,10718.699999999986
2025-10-15 20:00:00,10648.839999999982,10756.289999999985
2025-10-15 21:00:00,10648.839999999982,10773.159999999983
2025-10-15 22:00:00,10809.769999999988,10809.769999999988
2025-10-15 23:00:00,10809.769999999988,10809.769999999988
2025-10-16 01:01:00,10809.769999999988,10809.769999999988
2025-10-16 02:01:00,10809.769999999988,10809.769999999988
2025-10-16 03:01:00,10809.769999999988,10809.769999999988
2025-10-16 04:01:00,10809.769999999988,10809.769999999988
2025-10-16 05:01:00,10809.769999999988,10809.769999999988
2025-10-16 06:01:00,10809.769999999988,10809.769999999988
2025-10-16 07:01:00,10809.769999999988,10809.769999999988
2025-10-16 08:01:00,10809.769999999988,10809.769999999988
2025-10-16 09:01:00,10809.769999999988,10809.769999999988
2025-10-16 10:01:00,10809.769999999988,10809.769999999988
2025-10-16 11:01:00,10809.769999999988,10809.769999999988
2025-10-16 12:01:00,10809.769999999988,10809.769999999988
2025-10-16 13:01:00,10809.769999999988,10809.769999999988
2025-10-16 14:01:00,10809.769999999988,10809.769999999988
2025-10-16 15:01:00,10809.769999999988,10809.769999999988
2025-10-16 16:01:00,10820.719999999987,10920.079999999987
2025-10-16 17:01:00,10890.979999999987,11004.129999999986
2025-10-16 18:01:00,10905.679999999986,11116.11999999999
2025-10-16 19:01:00,10936.759999999984,11262.01999999998
2025-10-16 20:01:00,11233.139999999981,11318.999999999982
2025-10-16 21:01:00,11357.399999999981,11357.399999999981
2025-10-16 22:01:00,11357.399999999981,11357.399999999981
2025-10-16 23:01:00,11357.399999999981,11357.399999999981
2025-10-17 01:02:00,11357.399999999981,11357.399999999981
2025-10-17 02:02:00,11357.399999999981,11357.399999999981
2025-10-17 03:02:00,11357.399999999981,11357.399999999981
2025-10-17 04:02:00,11357.399999999981,11357.399999999981
2025-10-17 05:02:00,11357.399999999981,11357.399999999981
2025-10-17 06:02:00,11357.399999999981,11357.399999999981
2025-10-17 07:02:00,11357.399999999981,11357.399999999981
2025-10-17 08:02:00,11357.399999999981,11357.399999999981
2025-10-17 09:02:00,11357.399999999981,11357.399999999981
2025-10-17 10:02:00,11357.399999999981,11357.399999999981
2025-10-17 11:02:00,11357.399999999981,11357.399999999981
2025-10-17 12:02:00,11357.399999999981,11357.399999999981
2025-10-17 13:02:00,11357.399999999981,11357.399999999981
2025-10-17 14:02:00,11357.399999999981,11357.399999999981
2025-10-17 15:02:00,11357.399999999981,11357.399999999981
2025-10-17 16:02:00,11357.399999999981,11357.399999999981
2025-10-17 17:02:00,11357.399999999981,11357.399999999981
2025-10-17 18:02:00,11357.399999999981,11357.399999999981
2025-10-17 19:02:00,11357.399999999981,11357.399999999981
2025-10-17 20:02:00,11357.399999999981,11357.399999999981
2025-10-17 21:02:00,11357.399999999981,11357.399999999981
2025-10-17 22:02:00,11357.399999999981,11357.399999999981
2025-10-17 23:02:00,11357.399999999981,11357.399999999981
2025-10-20 01:03:00,11357.399999999981,11357.399999999981
2025-10-20 02:03:00,11357.399999999981,11357.399999999981
2025-10-20 03:03:00,11357.399999999981,11357.399999999981
2025-10-20 04:03:00,11357.399999999981,11357.399999999981
2025-10-20 05:03:00,11357.399999999981,11357.399999999981
2025-10-20 06:03:00,11357.399999999981,11357.399999999981
2025-10-20 07:03:00,11357.399999999981,11357.399999999981
2025-10-20 08:03:00,11357.399999999981,11357.399999999981
2025-10-20 09:03:00,11357.399999999981,11357.399999999981
2025-10-20 10:03:00,11357.399999999981,11357.399999999981
2025-10-20 11:03:00,11357.399999999981,11357.399999999981
2025-10-20 12:03:00,11357.399999999981,11357.399999999981
2025-10-20 13:03:00,11357.399999999981,11357.399999999981
2025-10-20 14:03:00,11435.419999999978,11539.069999999976
2025-10-20 15:03:00,11541.799999999976,11845.899999999974
2025-10-20 16:03:00,11977.149999999969,11977.149999999969
2025-10-20 17:03:00,11977.149999999969,11977.149999999969
2025-10-20 18:03:00,11977.149999999969,11977.149999999969
2025-10-20 19:03:00,11977.149999999969,11977.149999999969
2025-10-20 20:03:00,11977.149999999969,11977.149999999969
2025-10-20 21:03:00,11977.149999999969,11977.149999999969
2025-10-20 22:03:00,11977.149999999969,11977.149999999969
2025-10-20 23:03:00,11977.149999999969,11977.149999999969
2025-10-21 01:04:00,11976.449999999968,11974.84999999997
2025-10-21 02:04:00,11989.709999999965,11989.709999999965
2025-10-21 03:04:00,11989.709999999965,11989.709999999965
2025-10-21 04:04:00,11989.709999999965,11989.709999999965
2025-10-21 05:04:00,11989.709999999965,11989.709999999965
2025-10-21 06:04:00,11989.709999999965,11989.709999999965
2025-10-21 07:04:00,11989.709999999965,11989.709999999965
2025-10-21 08:04:00,11989.709999999965,11989.709999999965
2025-10-21 09:04:00,11989.709999999965,11989.709999999965
2025-10-21 10:04:00,11989.709999999965,11989.709999999965
2025-10-21 11:04:00,11869.769999999964,11869.769999999964
2025-10-21 12:04:00,11869.769999999964,11869.769999999964
2025-10-21 13:04:00,11869.769999999964,11869.769999999964
2025-10-21 14:04:00,11869.769999999964,11869.769999999964
2025-10-21 15:04:00,11869.769999999964,11869.769999999964
2025-10-21 16:04:00,11869.769999999964,11869.769999999964
2025-10-21 17:04:00,11869.769999999964,11869.769999999964
2025-10-21 18:04:00,11869.769999999964,11869.769999999964
2025-10-21 19:04:00,11869.769999999964,11869.769999999964
2025-10-21 20:04:00,11869.769999999964,11869.769999999964
2025-10-21 21:04:00,11869.769999999964,11869.769999999964
2025-10-21 22:04:00,11869.769999999964,11869.769999999964
2025-10-21 23:04:00,11869.769999999964,11869.769999999964
2025-10-22 01:05:00,11869.769999999964,11869.769999999964
2025-10-22 02:05:00,11869.769999999964,11869.769999999964
2025-10-22 03:05:00,11869.769999999964,11869.769999999964
2025-10-22 04:05:00,11869.769999999964,11869.769999999964
2025-10-22 05:05:00,11869.769999999964,11869.769999999964
2025-10-22 06:05:00,11869.769999999964,11869.769999999964
2025-10-22 07:05:00,11869.769999999964,11869.769999999964
2025-10-22 08:05:00,11869.769999999964,11869.769999999964
2025-10-22 09:05:00,11869.769999999964,11869.769999999964
2025-10-22 10:05:00,11869.769999999964,11869.769999999964
2025-10-22 11:05:00,11869.769999999964,11869.769999999964
2025-10-22 12:05:00,11869.769999999964,11869.769999999964
2025-10-22 13:05:00,11869.769999999964,11869.769999999964
2025-10-22 14:05:00,11869.769999999964,11869.769999999964
2025-10-22 15:05:00,11869.769999999964,11869.769999999964
2025-10-22 16:05:00,11869.769999999964,11869.769999999964
2025-10-22 17:05:00,11878.369999999964,11878.369999999964
2025-10-22 18:05:00,11878.369999999964,11878.369999999964
2025-10-22 19:05:00,11878.369999999964,11878.369999999964
2025-10-22 20:05:00,11878.369999999964,11878.369999999964
2025-10-22 21:05:00,11878.369999999964,11878.369999999964
2025-10-22 22:05:00,11878.369999999964,11878.369999999964
2025-10-22 23:05:00,11878.369999999964,11878.369999999964
2025-10-23 01:06:00,11878.369999999964,11878.369999999964
2025-10-23 02:06:00,11878.369999999964,11878.369999999964
2025-10-23 03:06:00,11878.369999999964,11878.369999999964
2025-10-23 04:06:00,11878.369999999964,11878.369999999964
2025-10-23 05:06:00,11783.56999999996,11783.56999999996
2025-10-23 06:06:00,11783.56999999996,11783.56999999996
2025-10-23 07:06:00,11783.56999999996,11783.56999999996
2025-10-23 08:06:00,11783.56999999996,11783.56999999996
2025-10-23 09:06:00,11782.869999999959,11729.769999999955
2025-10-23 10:06:00,11679.50999999996,11746.829999999956
2025-10-23 11:06:00,11704.88999999996,11770.499999999956
2025-10-23 12:06:00,11704.88999999996,11762.909999999956
2025-10-23 13:06:00,11704.88999999996,11745.38999999996
2025-10-23 14:06:00,11749.879999999965,11803.099999999962
2025-10-23 15:06:00,11749.879999999965,11812.849999999962
2025-10-23 16:06:00,11749.579999999964,11749.579999999964
2025-10-23 17:06:00,11749.579999999964,11749.579999999964
2025-10-23 18:06:00,11749.579999999964,11749.579999999964
2025-10-23 19:06:00,11749.579999999964,11749.579999999964
2025-10-23 20:06:00,11749.579999999964,11749.579999999964
2025-10-23 21:06:00,11749.579999999964,11749.579999999964
2025-10-23 22:06:00,11749.579999999964,11749.579999999964
2025-10-23 23:06:00,11749.579999999964,11749.579999999964
2025-10-24 01:07:00,11749.579999999964,11749.579999999964
2025-10-24 02:07:00,11749.579999999964,11749.579999999964
2025-10-24 03:07:00,11749.579999999964,11749.579999999964
2025-10-24 04:07:00,11749.579999999964,11749.579999999964
2025-10-24 05:07:00,11749.579999999964,11749.579999999964
2025-10-24 06:07:00,11749.579999999964,11749.579999999964
2025-10-24 07:07:00,11749.579999999964,11749.579999999964
2025-10-24 08:07:00,11749.579999999964,11749.579999999964
2025-10-24 09:07:00,11749.579999999964,11749.579999999964
2025-10-24 10:07:00,11749.579999999964,11749.579999999964
2025-10-24 11:07:00,11749.579999999964,11749.579999999964
2025-10-24 12:07:00,11749.579999999964,11749.579999999964
2025-10-24 13:07:00,11749.579999999964,11749.579999999964
2025-10-24 14:07:00,11749.579999999964,11749.579999999964
2025-10-24 15:07:00,11749.579999999964,11749.579999999964
2025-10-24 16:07:00,11749.579999999964,11749.579999999964
2025-10-24 17:07:00,11766.499999999964,11814.199999999963
2025-10-24 18:07:00,11801.459999999963,11857.899999999961
2025-10-24 19:07:00,11801.459999999963,11910.819999999963
2025-10-24 20:07:00,11801.459999999963,11895.859999999964
2025-10-24 21:07:00,11801.059999999961,11801.059999999961
2025-10-24 22:07:00,11801.059999999961,11801.059999999961
2025-10-24 23:07:00,11801.059999999961,11801.059999999961
2025-10-27 00:08:00,11801.059999999961,11801.059999999961
2025-10-27 01:08:00,11682.259999999955,11682.259999999955
2025-10-27 02:08:00,11682.259999999955,11682.259999999955
2025-10-27 03:08:00,11682.259999999955,11682.259999999955
2025-10-27 04:08:00,11682.259999999955,11682.259999999955
2025-10-27 05:08:00,11682.259999999955,11682.259999999955
2025-10-27 06:08:00,11682.259999999955,11682.259999999955
2025-10-27 07:08:00,11682.259999999955,11682.259999999955
2025-10-27 08:08:00,11682.259999999955,11682.259999999955
2025-10-27 09:08:00,11682.259999999955,11682.259999999955
2025-10-27 10:08:00,11682.259999999955,11682.259999999955
2025-10-27 11:08:00,11682.259999999955,11682.259999999955
2025-10-27 12:08:00,11682.259999999955,11682.259999999955
2025-10-27 13:08:00,11682.259999999955,11682.259999999955
2025-10-27 14:08:00,11682.259999999955,11682.259999999955
2025-10-27 15:08:00,11682.259999999955,11682.259999999955
2025-10-27 16:08:00,11682.259999999955,11682.259999999955
2025-10-27 17:08:00,11682.259999999955,11682.259999999955
2025-10-27 18:08:00,11682.259999999955,11682.259999999955
2025-10-27 19:08:00,11682.259999999955,11682.259999999955
2025-10-27 20:08:00,11682.259999999955,11682.259999999955
2025-10-27 21:08:00,11682.259999999955,11682.259999999955
2025-10-27 22:08:00,11682.259999999955,11682.259999999955
2025-10-28 00:09:00,11682.259999999955,11682.259999999955
2025-10-28 01:09:00,11682.259999999955,11682.259999999955
2025-10-28 02:09:00,11682.259999999955,11682.259999999955
2025-10-28 03:09:00,11682.259999999955,11682.259999999955
2025-10-28 04:09:00,11682.259999999955,11682.259999999955
2025-10-28 05:09:00,11682.259999999955,11682.259999999955
2025-10-28 06:09:00,11682.259999999955,11682.259999999955
2025-10-28 07:09:00,11682.259999999955,11682.259999999955
2025-10-28 08:09:00,11682.259999999955,11682.259999999955
2025-10-28 09:09:00,11682.259999999955,11682.259999999955
2025-10-28 10:09:00,11682.259999999955,11682.259999999955
2025-10-28 11:09:00,11682.259999999955,11682.259999999955
2025-10-28 12:09:00,11682.259999999955,11682.259999999955
2025-10-28 13:09:00,11682.259999999955,11682.259999999955
2025-10-28 14:09:00,11682.259999999955,11682.259999999955
2025-10-28 15:09:00,11682.259999999955,11682.259999999955
2025-10-28 16:09:00,11682.259999999955,11682.259999999955
2025-10-28 17:09:00,11682.259999999955,11682.259999999955
2025-10-28 18:09:00,11682.259999999955,11682.259999999955
2025-10-28 19:09:00,11682.259999999955,11682.259999999955
2025-10-28 20:09:00,11682.259999999955,11682.259999999955
2025-10-28 21:09:00,11682.259999999955,11682.259999999955
2025-10-28 22:09:00,11682.259999999955,11682.259999999955
2025-10-29 00:10:00,11681.839999999955,11736.979999999956
2025-10-29 01:10:00,11692.219999999954,11692.219999999954
2025-10-29 02:10:00,11692.219999999954,11692.219999999954
2025-10-29 03:10:00,11692.219999999954,11692.219999999954
2025-10-29 04:10:00,11692.219999999954,11692.219999999954
2025-10-29 05:10:00,11692.219999999954,11692.219999999954
2025-10-29 06:10:00,11692.219999999954,11692.219999999954
2025-10-29 07:10:00,11692.219999999954,11692.219999999954
2025-10-29 08:10:00,11692.219999999954,11692.219999999954
2025-10-29 09:10:00,11692.219999999954,11692.219999999954
2025-10-29 10:10:00,11692.219999999954,11692.219999999954
2025-10-29 11:10:00,11692.219999999954,11692.219999999954
2025-10-29 12:10:00,11692.219999999954,11692.219999999954
2025-10-29 13:10:00,11692.219999999954,11692.219999999954
2025-10-29 14:10:00,11692.219999999954,11692.219999999954
2025-10-29 15:10:00,11692.219999999954,11692.219999999954
2025-10-29 16:10:00,11692.219999999954,11692.219999999954
2025-10-29 17:10:00,11692.219999999954,11692.219999999954
2025-10-29 18:10:00,11576.419999999947,11576.419999999947
2025-10-29 19:10:00,11576.419999999947,11576.419999999947
2025-10-29 20:10:00,11576.419999999947,11576.419999999947
2025-10-29 21:10:00,11576.419999999947,11576.419999999947
2025-10-29 22:10:00,11576.419999999947,11576.419999999947
2025-10-30 00:11:00,11576.419999999947,11576.419999999947
2025-10-30 01:11:00,11576.419999999947,11576.419999999947
2025-10-30 02:11:00,11576.419999999947,11576.419999999947
2025-10-30 03:11:00,11576.419999999947,11576.419999999947
2025-10-30 04:11:00,11576.419999999947,11576.419999999947
2025-10-30 05:11:00,11576.419999999947,11576.419999999947
2025-10-30 06:11:00,11576.419999999947,11576.419999999947
2025-10-30 07:11:00,11576.419999999947,11576.419999999947
2025-10-30 08:11:00,11576.419999999947,11576.419999999947
2025-10-30 09:11:00,11576.419999999947,11576.419999999947
2025-10-30 10:11:00,11576.419999999947,11576.419999999947
2025-10-30 11:11:00,11576.419999999947,11576.419999999947
2025-10-30 12:11:00,11576.419999999947,11576.419999999947
2025-10-30 13:11:00,11465.17999999995,11465.17999999995
2025-10-30 14:11:00,11465.17999999995,11465.17999999995
2025-10-30 15:11:00,11465.17999999995,11465.17999999995
2025-10-30 16:11:00,11465.17999999995,11465.17999999995
2025-10-30 17:11:00,11465.17999999995,11465.17999999995
2025-10-30 18:11:00,11465.17999999995,11465.17999999995
2025-10-30 19:11:00,11465.17999999995,11465.17999999995
2025-10-30 20:11:00,11465.17999999995,11465.17999999995
2025-10-30 21:11:00,11465.17999999995,11465.17999999995
2025-10-30 22:11:00,11465.17999999995,11465.17999999995
2025-10-31 00:12:00,11465.17999999995,11465.17999999995
2025-10-31 01:12:00,11465.17999999995,11465.17999999995
2025-10-31 02:12:00,11505.59999999995,11567.999999999947
2025-10-31 03:12:00,11560.329999999949,11560.329999999949
2025-10-31 04:12:00,11560.329999999949,11560.329999999949
2025-10-31 05:12:00,11560.329999999949,11560.329999999949
2025-10-31 06:12:00,11560.329999999949,11560.329999999949
2025-10-31 07:12:00,11560.329999999949,11560.329999999949
2025-10-31 08:12:00,11560.329999999949,11560.329999999949
2025-10-31 09:12:00,11560.329999999949,11560.329999999949
2025-10-31 10:12:00,11560.329999999949,11560.329999999949
2025-10-31 11:12:00,11560.329999999949,11560.329999999949
2025-10-31 12:12:00,11560.329999999949,11560.329999999949
2025-10-31 13:12:00,11560.329999999949,11560.329999999949
2025-10-31 14:12:00,11560.329999999949,11560.329999999949
2025-10-31 15:12:00,11560.329999999949,11560.329999999949
2025-10-31 16:12:00,11560.329999999949,11560.329999999949
2025-10-31 17:12:00,11560.329999999949,11560.329999999949
2025-10-31 18:12:00,11560.329999999949,11560.329999999949
2025-10-31 19:12:00,11560.329999999949,11560.329999999949
2025-10-31 20:12:00,11440.949999999953,11387.579999999954
2025-10-31 21:12:00,11440.949999999953,11400.269999999953
2025-10-31 22:12:00,11455.349999999953,11455.349999999953
2025-11-03 01:13:00,11455.349999999953,11455.349999999953
2025-11-03 02:13:00,11455.349999999953,11455.349999999953
2025-11-03 03:13:00,11455.349999999953,11455.349999999953
2025-11-03 04:13:00,11455.349999999953,11455.349999999953
2025-11-03 05:13:00,11455.349999999953,11455.349999999953
2025-11-03 06:13:00,11455.349999999953,11455.349999999953
2025-11-03 07:13:00,11455.349999999953,11455.349999999953
2025-11-03 08:13:00,11455.349999999953,11455.349999999953
2025-11-03 09:13:00,11455.349999999953,11455.349999999953
2025-11-03 10:13:00,11455.349999999953,11455.349999999953
2025-11-03 11:13:00,11455.349999999953,11455.349999999953
2025-11-03 12:13:00,11455.349999999953,11455.349999999953
2025-11-03 13:13:00,11455.349999999953,11455.349999999953
2025-11-03 14:13:00,11454.159999999953,11450.419999999947
2025-11-03 15:13:00,11468.299999999947,11468.299999999947
2025-11-03 16:13:00,11468.299999999947,11468.299999999947
2025-11-03 17:13:00,11468.299999999947,11468.299999999947
2025-11-03 18:13:00,11468.299999999947,11468.299999999947
2025-11-03 19:13:00,11468.299999999947,11468.299999999947
2025-11-03 20:13:00,11468.299999999947,11468.299999999947
2025-11-03 21:13:00,11468.299999999947,11468.299999999947
2025-11-03 22:13:00,11468.299999999947,11468.299999999947
2025-11-03 23:13:00,11468.299999999947,11468.299999999947
2025-11-04 01:14:00,11468.299999999947,11468.299999999947
2025-11-04 02:14:00,11468.299999999947,11468.299999999947
2025-11-04 03:14:00,11511.999999999947,11566.529999999948
2025-11-04 04:14:00,11511.299999999948,11511.299999999948
2025-11-04 05:14:00,11511.299999999948,11511.299999999948
2025-11-04 06:14:00,11511.299999999948,11511.299999999948
2025-11-04 07:14:00,11511.299999999948,11511.299999999948
2025-11-04 08:14:00,11511.299999999948,11511.299999999948
2025-11-04 09:14:00,11511.299999999948,11511.299999999948
2025-11-04 10:14:00,11511.299999999948,11511.299999999948
2025-11-04 11:14:00,11511.299999999948,11511.299999999948
2025-11-04 12:14:00,11511.299999999948,11511.299999999948
2025-11-04 13:14:00,11511.299999999948,11511.299999999948
2025-11-04 14:14:00,11511.299999999948,11511.299999999948
2025-11-04 15:14:00,11511.299999999948,11511.299999999948
2025-11-04 16:14:00,11511.299999999948,11511.299999999948
2025-11-04 17:14:00,11511.299999999948,11511.299999999948
2025-11-04 18:14:00,11511.299999999948,11511.299999999948
2025-11-04 19:14:00,11511.299999999948,11511.299999999948
2025-11-04 20:14:00,11511.299999999948,11511.299999999948
2025-11-04 21:14:00,11511.299999999948,11511.299999999948
2025-11-04 22:14:00,11511.299999999948,11511.299999999948
2025-11-04 23:14:00,11511.299999999948,11511.299999999948
2025-11-05 01:15:00,11511.299999999948,11511.299999999948
2025-11-05 02:15:00,11511.299999999948,11511.299999999948
2025-11-05 03:15:00,11511.299999999948,11511.299999999948
2025-11-05 04:15:00,11511.299999999948,11511.299999999948
2025-11-05 05:15:00,11511.299999999948,11511.299999999948
2025-11-05 06:15:00,11511.299999999948,11511.299999999948
2025-11-05 07:15:00,11511.299999999948,11511.299999999948
2025-11-05 08:15:00,11511.299999999948,11511.299999999948
2025-11-05 09:15:00,11511.299999999948,11511.299999999948
2025-11-05 10:15:00,11511.299999999948,11511.299999999948
2025-11-05 11:15:00,11511.299999999948,11511.299999999948
2025-11-05 12:15:00,11511.299999999948,11511.299999999948
2025-11-05 13:15:00,11511.299999999948,11511.299999999948
2025-11-05 14:15:00,11511.299999999948,11511.299999999948
2025-11-05 15:15:00,11511.299999999948,11511.299999999948
2025-11-05 16:15:00,11511.299999999948,11511.299999999948
2025-11-05 17:15:00,11511.299999999948,11511.299999999948
2025-11-05 18:15:00,11511.299999999948,11511.299999999948
2025-11-05 19:15:00,11511.299999999948,11511.299999999948
2025-11-05 20:15:00,11511.299999999948,11511.299999999948
2025-11-05 21:15:00,11511.299999999948,11511.299999999948
2025-11-05 22:15:00,11511.299999999948,11511.299999999948
2025-11-05 23:15:00,11511.299999999948,11511.299999999948
2025-11-06 01:16:00,11511.299999999948,11511.299999999948
2025-11-06 02:16:00,11396.699999999952,11396.699999999952
2025-11-06 03:16:00,11396.699999999952,11396.699999999952
2025-11-06 04:16:00,11396.699999999952,11396.699999999952
2025-11-06 05:16:00,11396.699999999952,11396.699999999952
2025-11-06 06:16:00,11396.699999999952,11396.699999999952
2025-11-06 07:16:00,11396.699999999952,11396.699999999952
2025-11-06 08:16:00,11396.699999999952,11396.699999999952
2025-11-06 09:16:00,11396.699999999952,11396.699999999952
2025-11-06 10:16:00,11396.699999999952,11396.699999999952
2025-11-06 11:16:00,11396.699999999952,11396.699999999952
2025-11-06 12:16:00,11396.699999999952,11396.699999999952
2025-11-06 13:16:00,11396.699999999952,11396.699999999952
2025-11-06 14:16:00,11396.699999999952,11396.699999999952
2025-11-06 15:16:00,11409.15999999995,11465.559999999949
2025-11-06 16:16:00,11409.15999999995,11420.75999999995
2025-11-06 17:16:00,11408.359999999948,11408.359999999948
2025-11-06 18:16:00,11408.359999999948,11408.359999999948
2025-11-06 19:16:00,11408.359999999948,11408.359999999948
2025-11-06 20:16:00,11408.359999999948,11408.359999999948
2025-11-06 21:16:00,11408.359999999948,11408.359999999948
2025-11-06 22:16:00,11408.359999999948,11408.359999999948
2025-11-06 23:16:00,11408.359999999948,11408.359999999948
2025-11-07 01:17:00,11408.359999999948,11408.359999999948
2025-11-07 02:17:00,11408.359999999948,11408.359999999948
2025-11-07 03:17:00,11408.359999999948,11408.359999999948
2025-11-07 04:17:00,11408.359999999948,11408.359999999948
2025-11-07 05:17:00,11408.359999999948,11408.359999999948
2025-11-07 06:17:00,11408.359999999948,11408.359999999948
2025-11-07 07:17:00,11408.359999999948,11408.359999999948
2025-11-07 08:17:00,11408.359999999948,11408.359999999948
2025-11-07 09:17:00,11408.359999999948,11408.359999999948
2025-11-07 10:17:00,11408.359999999948,11408.359999999948
2025-11-07 11:17:00,11408.359999999948,11408.359999999948
2025-11-07 12:17:00,11408.359999999948,11408.359999999948
2025-11-07 13:17:00,11408.359999999948,11408.359999999948
2025-11-07 14:17:00,11408.359999999948,11408.359999999948
2025-11-07 15:17:00,11408.359999999948,11408.359999999948
2025-11-07 16:17:00,11408.359999999948,11408.359999999948
2025-11-07 17:17:00,11408.359999999948,11408.359999999948
2025-11-07 18:17:00,11408.359999999948,11408.359999999948
2025-11-07 19:17:00,11408.359999999948,11408.359999999948
2025-11-07 20:17:00,11408.359999999948,11408.359999999948
2025-11-07 21:17:00,11408.359999999948,11408.359999999948
2025-11-07 22:17:00,11408.359999999948,11408.359999999948
2025-11-07 23:17:00,11408.359999999948,11408.359999999948
2025-11-10 01:18:00,11408.359999999948,11408.359999999948
2025-11-10 02:18:00,11408.359999999948,11408.359999999948
2025-11-10 03:18:00,11408.359999999948,11408.359999999948
2025-11-10 04:18:00,11407.449999999948,11460.87999999995
2025-11-10 05:18:00,11407.449999999948,11442.41999999995
2025-11-10 06:18:00,11454.63999999995,11528.349999999951
2025-11-10 07:18:00,11454.63999999995,11520.71999999995
2025-11-10 08:18:00,11517.57999999995,11625.179999999951
2025-11-10 09:18:00,11517.57999999995,11648.13999999995
2025-11-10 10:18:00,11517.57999999995,11651.89999999995
2025-11-10 11:18:00,11517.57999999995,11649.49999999995
2025-11-10 12:18:00,11685.379999999952,11685.379999999952
2025-11-10 13:18:00,11685.379999999952,11685.379999999952
2025-11-10 14:18:00,11685.379999999952,11685.379999999952
2025-11-10 15:18:00,11685.379999999952,11685.379999999952
2025-11-10 16:18:00,11685.379999999952,11685.379999999952
2025-11-10 17:18:00,11685.379999999952,11685.379999999952
2025-11-10 18:18:00,11685.379999999952,11685.379999999952
2025-11-10 19:18:00,11685.379999999952,11685.379999999952
2025-11-10 20:18:00,11685.379999999952,11685.379999999952
2025-11-10 21:18:00,11685.379999999952,11685.379999999952
2025-11-10 22:18:00,11685.379999999952,11685.379999999952
2025-11-10 23:18:00,11685.379999999952,11685.379999999952
2025-11-11 01:19:00,11685.379999999952,11685.379999999952
2025-11-11 02:19:00,11685.379999999952,11685.379999999952
2025-11-11 03:19:00,11685.379999999952,11685.379999999952
2025-11-11 04:19:00,11685.379999999952,11685.379999999952
2025-11-11 05:19:00,11685.379999999952,11685.379999999952
2025-11-11 06:19:00,11685.379999999952,11685.379999999952
2025-11-11 07:19:00,11685.379999999952,11685.379999999952
2025-11-11 08:19:00,11685.379999999952,11685.379999999952
2025-11-11 09:19:00,11685.379999999952,11685.379999999952
2025-11-11 10:19:00,11685.379999999952,11685.379999999952
2025-11-11 11:19:00,11685.379999999952,11685.379999999952
2025-11-11 12:19:00,11685.379999999952,11685.379999999952
2025-11-11 13:19:00,11685.379999999952,11685.379999999952
2025-11-11 14:19:00,11685.379999999952,11685.379999999952
2025-11-11 15:19:00,11685.379999999952,11685.379999999952
2025-11-11 16:19:00,11685.379999999952,11685.379999999952
2025-11-11 17:19:00,11685.379999999952,11685.379999999952
2025-11-11 18:19:00,11685.379999999952,11685.379999999952
2025-11-11 19:19:00,11685.379999999952,11685.379999999952
2025-11-11 20:19:00,11685.379999999952,11685.379999999952
2025-11-11 21:19:00,11685.379999999952,11685.379999999952
2025-11-11 22:19:00,11685.379999999952,11685.379999999952
2025-11-11 23:19:00,11685.379999999952,11685.379999999952
2025-11-12 01:20:00,11685.379999999952,11685.379999999952
2025-11-12 02:20:00,11685.379999999952,11685.379999999952
2025-11-12 03:20:00,11685.379999999952,11685.379999999952
2025-11-12 04:20:00,11685.379999999952,11685.379999999952
2025-11-12 05:20:00,11685.379999999952,11685.379999999952
2025-11-12 06:20:00,11685.379999999952,11685.379999999952
2025-11-12 07:20:00,11685.379999999952,11685.379999999952
2025-11-12 08:20:00,11685.379999999952,11685.379999999952
2025-11-12 09:20:00,11685.379999999952,11685.379999999952
2025-11-12 10:20:00,11685.379999999952,11685.379999999952
2025-11-12 11:20:00,11685.379999999952,11685.379999999952
2025-11-12 12:20:00,11685.379999999952,11685.379999999952
2025-11-12 13:20:00,11685.379999999952,11685.379999999952
2025-11-12 14:20:00,11685.379999999952,11685.379999999952
2025-11-12 15:20:00,11685.379999999952,11685.379999999952
2025-11-12 16:20:00,11685.379999999952,11685.379999999952
2025-11-12 17:20:00,11685.379999999952,11685.379999999952
2025-11-12 18:20:00,11685.379999999952,11685.379999999952
2025-11-12 19:20:00,11685.379999999952,11685.379999999952
2025-11-12 20:20:00,11685.379999999952,11685.379999999952
2025-11-12 21:20:00,11685.379999999952,11685.379999999952
2025-11-12 22:20:00,11685.379999999952,11685.379999999952
2025-11-12 23:20:00,11685.379999999952,11685.379999999952
2025-11-13 01:21:00,11685.379999999952,11685.379999999952
2025-11-13 02:21:00,11685.379999999952,11685.379999999952
2025-11-13 03:21:00,11685.379999999952,11685.379999999952
2025-11-13 04:21:00,11685.379999999952,11685.379999999952
2025-11-13 05:21:00,11685.379999999952,11685.379999999952
2025-11-13 06:21:00,11685.379999999952,11685.379999999952
2025-11-13 07:21:00,11685.379999999952,11685.379999999952
2025-11-13 08:21:00,11685.379999999952,11685.379999999952
2025-11-13 09:21:00,11685.379999999952,11685.379999999952
2025-11-13 10:21:00,11685.379999999952,11685.379999999952
2025-11-13 11:21:00,11685.379999999952,11685.379999999952
2025-11-13 12:21:00,11685.379999999952,11685.379999999952
2025-11-13 13:21:00,11685.379999999952,11685.379999999952
2025-11-13 14:21:00,11685.379999999952,11685.379999999952
2025-11-13 15:21:00,11699.499999999949,11699.499999999949
2025-11-13 16:21:00,11699.499999999949,11699.499999999949
2025-11-13 17:21:00,11699.499999999949,11699.499999999949
2025-11-13 18:21:00,11699.499999999949,11699.499999999949
2025-11-13 19:21:00,11699.499999999949,11699.499999999949
2025-11-13 20:21:00,11699.499999999949,11699.499999999949
2025-11-13 21:21:00,11698.309999999949,11616.979999999945
2025-11-13 22:21:00,11707.719999999948,11729.759999999953
2025-11-13 23:21:00,11738.159999999949,11942.839999999956
2025-11-14 01:22:00,11746.85999999995,11996.97999999995
2025-11-14 02:22:00,11770.08999999995,12093.749999999953
2025-11-14 03:22:00,11770.08999999995,12001.349999999944
2025-11-14 04:22:00,11770.08999999995,12182.669999999951
2025-11-14 05:22:00,11885.569999999949,12296.389999999945
2025-11-14 06:22:00,11885.569999999949,12234.469999999954
2025-11-14 07:22:00,11885.569999999949,12117.829999999953
2025-11-14 08:22:00,11885.569999999949,12073.009999999947
2025-11-14 09:22:00,11885.369999999952,11906.569999999952
2025-11-14 10:22:00,11884.669999999951,11884.669999999951
2025-11-14 11:22:00,11884.669999999951,11884.669999999951
2025-11-14 12:22:00,11884.669999999951,11884.669999999951
2025-11-14 13:22:00,11884.669999999951,11884.669999999951
2025-11-14 14:22:00,11884.669999999951,11884.669999999951
2025-11-14 15:22:00,11884.669999999951,11884.669999999951
2025-11-14 16:22:00,11884.669999999951,11884.669999999951
2025-11-14 17:22:00,11884.669999999951,11884.669999999951
2025-11-14 18:22:00,11899.749999999949,11899.749999999949
2025-11-14 19:22:00,11899.749999999949,11899.749999999949
2025-11-14 20:22:00,11899.749999999949,11899.749999999949
2025-11-14 21:22:00,11899.749999999949,11899.749999999949
2025-11-14 22:22:00,11899.749999999949,11899.749999999949
2025-11-14 23:22:00,11899.749999999949,11899.749999999949
2025-11-17 01:23:00,11899.749999999949,11899.749999999949
2025-11-17 02:23:00,11899.749999999949,11899.749999999949
2025-11-17 03:23:00,11899.749999999949,11899.749999999949
2025-11-17 04:23:00,11899.749999999949,11899.749999999949
2025-11-17 05:23:00,11899.749999999949,11899.749999999949
2025-11-17 06:23:00,11899.749999999949,11899.749999999949
2025-11-17 07:23:00,11899.749999999949,11899.749999999949
2025-11-17 08:23:00,11899.469999999948,11915.469999999948
2025-11-17 09:23:00,11913.799999999948,11974.639999999948
2025-11-17 10:23:00,11942.459999999948,11998.719999999947
2025-11-17 11:23:00,11942.459999999948,11999.479999999949
2025-11-17 12:23:00,11942.459999999948,12004.599999999948
2025-11-17 13:23:00,11942.459999999948,11970.599999999948
2025-11-17 14:23:00,11942.459999999948,11988.759999999947
2025-11-17 15:23:00,11942.459999999948,11994.119999999948
2025-11-17 16:23:00,11942.459999999948,11964.019999999948
2025-11-17 17:23:00,11942.459999999948,11973.479999999949
2025-11-17 18:23:00,11942.259999999947,11942.259999999947
2025-11-17 19:23:00,11942.259999999947,11942.259999999947
2025-11-17 20:23:00,11942.259999999947,11942.259999999947
2025-11-17 21:23:00,11942.259999999947,11942.259999999947
2025-11-17 22:23:00,11942.259999999947,11942.259999999947
2025-11-17 23:23:00,11942.259999999947,11942.259999999947
2025-11-18 01:24:00,11942.259999999947,11942.259999999947
2025-11-18 02:24:00,11942.259999999947,11942.259999999947
2025-11-18 03:24:00,11942.259999999947,11942.259999999947
2025-11-18 04:24:00,11942.259999999947,11942.259999999947
2025-11-18 05:24:00,11942.259999999947,11942.259999999947
2025-11-18 06:24:00,11942.259999999947,11942.259999999947
2025-11-18 07:24:00,11942.259999999947,11942.259999999947
2025-11-18 08:24:00,11942.259999999947,11942.259999999947
2025-11-18 09:24:00,11942.259999999947,11942.259999999947
2025-11-18 10:24:00,11942.259999999947,11942.259999999947
2025-11-18 11:24:00,11823.279999999948,11823.279999999948
2025-11-18 12:24:00,11823.279999999948,11823.279999999948
2025-11-18 13:24:00,11823.279999999948,11823.279999999948
2025-11-18 14:24:00,11823.279999999948,11823.279999999948
2025-11-18 15:24:00,11823.279999999948,11823.279999999948
2025-11-18 16:24:00,11823.279999999948,11823.279999999948
2025-11-18 17:24:00,11823.279999999948,11823.279999999948
2025-11-18 18:24:00,11823.279999999948,11823.279999999948
2025-11-18 19:24:00,11823.279999999948,11823.279999999948
2025-11-18 20:24:00,11823.279999999948,11823.279999999948
2025-11-18 21:24:00,11823.279999999948,11823.279999999948
2025-11-18 22:24:00,11823.279999999948,11823.279999999948
2025-11-18 23:24:00,11823.279999999948,11823.279999999948
2025-11-19 01:25:00,11823.279999999948,11823.279999999948
2025-11-19 02:25:00,11823.279999999948,11823.279999999948
2025-11-19 03:25:00,11823.279999999948,11823.279999999948
2025-11-19 04:25:00,11823.279999999948,11823.279999999948
2025-11-19 05:25:00,11823.279999999948,11823.279999999948
2025-11-19 06:25:00,11823.279999999948,11823.279999999948
2025-11-19 07:25:00,11823.279999999948,11823.279999999948
2025-11-19 08:25:00,11823.279999999948,11823.279999999948
2025-11-19 09:25:00,11839.399999999947,11882.239999999949
2025-11-19 10:25:00,11873.079999999949,11873.079999999949
2025-11-19 11:25:00,11873.079999999949,11873.079999999949
2025-11-19 12:25:00,11873.079999999949,11873.079999999949
2025-11-19 13:25:00,11873.079999999949,11873.079999999949
2025-11-19 14:25:00,11873.079999999949,11873.079999999949
2025-11-19 15:25:00,11884.94999999995,11915.819999999952
2025-11-19 16:25:00,11910.22999999995,11955.519999999953
2025-11-19 17:25:00,11909.529999999953,11909.529999999953
2025-11-19 18:25:00,11793.58999999996,11793.58999999996
2025-11-19 19:25:00,11793.58999999996,11793.58999999996
2025-11-19 20:25:00,11793.58999999996,11793.58999999996
2025-11-19 21:25:00,11793.58999999996,11793.58999999996
2025-11-19 22:25:00,11793.58999999996,11793.58999999996
2025-11-19 23:25:00,11793.58999999996,11793.58999999996
2025-11-20 01:26:00,11793.58999999996,11793.58999999996
2025-11-20 02:26:00,11793.23999999996,11788.83999999996
2025-11-20 03:26:00,11805.78999999996,11844.909999999963
2025-11-20 04:26:00,11881.09999999996,11984.53999999996
2025-11-20 05:26:00,11881.09999999996,11945.57999999996
2025-11-20 06:26:00,11881.09999999996,11936.73999999996
2025-11-20 07:26:00,11881.09999999996,11952.059999999961
2025-11-20 08:26:00,11881.09999999996,11970.85999999996
2025-11-20 09:26:00,11881.09999999996,11970.15999999996
2025-11-20 10:26:00,11760.64999999996,11889.56999999996
2025-11-20 11:26:00,11760.64999999996,11847.30999999996
2025-11-20 12:26:00,11760.64999999996,11847.24999999996
2025-11-20 13:26:00,11760.64999999996,11867.62999999996
2025-11-20 14:26:00,11760.64999999996,11827.44999999996
2025-11-20 15:26:00,11760.64999999996,11794.16999999996
2025-11-20 16:26:00,11760.64999999996,11806.629999999961
2025-11-20 17:26:00,11760.449999999959,11760.449999999959
2025-11-20 18:26:00,11760.449999999959,11760.449999999959
2025-11-20 19:26:00,11799.989999999958,11875.589999999955
2025-11-20 20:26:00,11799.089999999955,11799.089999999955
2025-11-20 21:26:00,11799.089999999955,11799.089999999955
2025-11-20 22:26:00,11799.089999999955,11799.089999999955
2025-11-20 23:26:00,11799.089999999955,11799.089999999955
2025-11-21 01:27:00,11799.089999999955,11799.089999999955
2025-11-21 02:27:00,11798.179999999955,11839.649999999956
2025-11-21 03:27:00,11812.359999999951,11812.359999999951
2025-11-21 04:27:00,11812.359999999951,11812.359999999951
2025-11-21 05:27:00,11812.359999999951,11812.359999999951
2025-11-21 06:27:00,11812.359999999951,11812.359999999951
2025-11-21 07:27:00,11812.359999999951,11812.359999999951
2025-11-21 08:27:00,11812.359999999951,11812.359999999951
2025-11-21 09:27:00,11812.359999999951,11812.359999999951
2025-11-21 10:27:00,11812.359999999951,11812.359999999951
2025-11-21 11:27:00,11812.359999999951,11812.359999999951
2025-11-21 12:27:00,11812.359999999951,11812.359999999951
2025-11-21 13:27:00,11812.359999999951,11812.359999999951
2025-11-21 14:27:00,11812.359999999951,11812.359999999951
2025-11-21 15:27:00,11812.359999999951,11812.359999999951
2025-11-21 16:27:00,11812.359999999951,11812.359999999951
2025-11-21 17:27:00,11812.359999999951,11812.359999999951
2025-11-21 18:27:00,11825.839999999946,11825.839999999946
2025-11-21 19:27:00,11825.839999999946,11825.839999999946
2025-11-21 20:27:00,11825.839999999946,11825.839999999946
2025-11-21 21:27:00,11825.839999999946,11825.839999999946
2025-11-21 22:27:00,11825.839999999946,11825.839999999946
2025-11-21 23:27:00,11837.609999999948,11837.609999999948
2025-11-24 01:28:00,11837.609999999948,11837.609999999948
2025-11-24 02:28:00,11837.609999999948,11837.609999999948
2025-11-24 03:28:00,11837.609999999948,11837.609999999948
2025-11-24 04:28:00,11837.609999999948,11837.609999999948
2025-11-24 05:28:00,11837.609999999948,11837.609999999948
2025-11-24 06:28:00,11837.609999999948,11837.609999999948
2025-11-24 07:28:00,11837.609999999948,11837.609999999948
2025-11-24 08:28:00,11837.609999999948,11837.609999999948
2025-11-24 09:28:00,11837.609999999948,11837.609999999948
2025-11-24 10:28:00,11837.609999999948,11837.609999999948
2025-11-24 11:28:00,11837.609999999948,11837.609999999948
2025-11-24 12:28:00,11837.609999999948,11837.609999999948
2025-11-24 13:28:00,11837.609999999948,11837.609999999948
2025-11-24 14:28:00,11837.609999999948,11837.609999999948
2025-11-24 15:28:00,11837.609999999948,11837.609999999948
2025-11-24 16:28:00,11837.609999999948,11837.609999999948
2025-11-24 17:28:00,11837.609999999948,11837.609999999948
2025-11-24 18:28:00,11837.609999999948,11837.609999999948
2025-11-24 19:28:00,11837.609999999948,11837.609999999948
2025-11-24 20:28:00,11837.609999999948,11837.609999999948
2025-11-24 21:28:00,11837.609999999948,11837.609999999948
2025-11-24 22:28:00,11837.609999999948,11837.609999999948
2025-11-24 23:28:00,11837.609999999948,11837.609999999948
2025-11-25 01:29:00,11837.609999999948,11837.609999999948
2025-11-25 02:29:00,11837.609999999948,11837.609999999948
2025-11-25 03:29:00,11837.609999999948,11837.609999999948
2025-11-25 04:29:00,11837.609999999948,11837.609999999948
2025-11-25 05:29:00,11837.609999999948,11837.609999999948
2025-11-25 06:29:00,11837.609999999948,11837.609999999948
2025-11-25 07:29:00,11837.609999999948,11837.609999999948
2025-11-25 08:29:00,11837.609999999948,11837.609999999948
2025-11-25 09:29:00,11837.609999999948,11837.609999999948
2025-11-25 10:29:00,11837.609999999948,11837.609999999948
2025-11-25 11:29:00,11941.129999999952,12056.969999999956
2025-11-25 12:29:00,11941.129999999952,12107.369999999957
2025-11-25 13:29:00,11941.129999999952,12119.369999999957
2025-11-25 14:29:00,11941.129999999952,12121.369999999957
2025-11-25 15:29:00,12126.669999999953,12302.349999999953
2025-11-25 16:29:00,12125.469999999958,12222.149999999958
2025-11-25 17:29:00,12125.469999999958,12195.869999999959
2025-11-25 18:29:00,12125.469999999958,12246.269999999957
2025-11-25 19:29:00,12125.469999999958,12283.74999999996
2025-11-25 20:29:00,12125.469999999958,12255.54999999996
2025-11-25 21:29:00,12125.469999999958,12204.789999999957
2025-11-25 22:29:00,12125.469999999958,12213.509999999958
2025-11-25 23:29:00,12125.469999999958,12205.109999999957
2025-11-26 01:30:00,12119.469999999958,12206.189999999959
2025-11-26 02:30:00,12119.469999999958,12245.06999999996
2025-11-26 03:30:00,12119.469999999958,12262.869999999959
2025-11-26 04:30:00,12119.469999999958,12334.38999999996
2025-11-26 05:30:00,12119.469999999958,12333.38999999996
2025-11-26 06:30:00,12119.469999999958,12307.509999999958
2025-11-26 07:30:00,12119.469999999958,12341.989999999958
2025-11-26 08:30:00,12119.469999999958,12303.669999999958
2025-11-26 09:30:00,12119.469999999958,12287.829999999958
2025-11-26 10:30:00,12119.469999999958,12342.989999999958
2025-11-26 11:30:00,12119.469999999958,12326.469999999958
2025-11-26 12:30:00,12119.469999999958,12317.149999999958
2025-11-26 13:30:00,12119.469999999958,12344.70999999996
2025-11-26 14:30:00,12119.469999999958,12329.669999999958
2025-11-26 15:30:00,12119.469999999958,12320.149999999958
2025-11-26 16:30:00,12119.469999999958,12256.869999999959
2025-11-26 17:30:00,12119.469999999958,12319.54999999996
2025-11-26 18:30:00,12119.469999999958,12330.629999999957
2025-11-26 19:30:00,12119.469999999958,12349.669999999958
2025-11-26 20:30:00,12119.469999999958,12340.429999999957
2025-11-26 21:30:00,12119.469999999958,12347.829999999958
2025-11-26 22:30:00,12119.469999999958,12343.029999999959
2025-11-26 23:30:00,12119.469999999958,12332.22999999996
2025-11-27 01:31:00,12117.469999999958,12332.54999999996
2025-11-27 02:31:00,12117.469999999958,12342.669999999958
2025-11-27 03:31:00,12117.469999999958,12298.309999999958
2025-11-27 04:31:00,12117.469999999958,12275.149999999958
2025-11-27 05:31:00,12117.469999999958,12271.029999999959
2025-11-27 06:31:00,12117.469999999958,12283.22999999996
2025-11-27 07:31:00,12117.469999999958,12284.789999999957
2025-11-27 08:31:00,12117.469999999958,12297.309999999958
2025-11-27 09:31:00,12117.469999999958,12310.309999999958
2025-11-27 10:31:00,12117.469999999958,12331.54999999996
2025-11-27 11:31:00,12117.469999999958,12291.029999999959
2025-11-27 12:31:00,12117.469999999958,12294.309999999958
2025-11-27 13:31:00,12117.469999999958,12312.109999999957
2025-11-27 14:31:00,12117.469999999958,12305.109999999957
2025-11-27 15:31:00,12117.469999999958,12296.22999999996
2025-11-27 16:31:00,12117.469999999958,12306.029999999959
2025-11-27 17:31:00,12117.469999999958,12317.829999999958
2025-11-27 18:31:00,12117.469999999958,12299.029999999959
2025-11-27 19:31:00,12117.469999999958,12304.949999999957
2025-11-27 20:31:00,12117.469999999958,12301.70999999996
2025-11-28 01:00:00,12115.469999999958,12316.189999999959
2025-11-28 02:00:00,12115.469999999958,12328.669999999958
2025-11-28 03:00:00,12394.429999999957,12394.429999999957
2025-11-28 04:00:00,12394.429999999957,12394.429999999957
2025-11-28 05:00:00,12394.429999999957,12394.429999999957
2025-11-28 06:00:00,12394.429999999957,12394.429999999957
2025-11-28 07:00:00,12394.429999999957,12394.429999999957
2025-11-28 08:00:00,12511.509999999947,12511.509999999947
2025-11-28 09:00:00,12511.509999999947,12511.509999999947
2025-11-28 10:00:00,12511.509999999947,12511.509999999947
2025-11-28 11:00:00,12511.509999999947,12511.509999999947
2025-11-28 12:00:00,12511.509999999947,12511.509999999947
2025-11-28 13:00:00,12511.509999999947,12511.509999999947
2025-11-28 14:00:00,12509.899999999947,12525.769999999939
2025-11-28 15:00:00,12556.849999999946,12660.069999999942
2025-11-28 16:00:00,12555.549999999941,12555.549999999941
2025-11-28 17:00:00,12555.549999999941,12555.549999999941
2025-11-28 18:00:00,12554.079999999942,12529.299999999936
2025-11-28 19:00:00,12570.179999999935,12570.179999999935
2025-11-28 20:00:00,12570.179999999935,12570.179999999935
2025-11-28 21:00:00,12570.179999999935,12570.179999999935
2025-12-01 01:14:00,12570.179999999935,12570.179999999935
2025-12-01 02:14:00,12570.179999999935,12570.179999999935
2025-12-01 03:14:00,12570.179999999935,12570.179999999935
2025-12-01 04:14:00,12570.179999999935,12570.179999999935
2025-12-01 05:14:00,12570.179999999935,12570.179999999935
2025-12-01 06:14:00,12570.179999999935,12570.179999999935
2025-12-01 07:14:00,12570.179999999935,12570.179999999935
2025-12-01 08:14:00,12568.779999999935,12575.379999999934
2025-12-01 09:14:00,12585.22999999993,12585.22999999993
2025-12-01 10:14:00,12585.22999999993,12585.22999999993
2025-12-01 11:14:00,12585.22999999993,12585.22999999993
2025-12-01 12:14:00,12585.22999999993,12585.22999999993
2025-12-01 13:14:00,12585.22999999993,12585.22999999993
2025-12-01 14:14:00,12585.22999999993,12585.22999999993
2025-12-01 15:14:00,12585.22999999993,12585.22999999993
2025-12-01 16:14:00,12585.22999999993,12585.22999999993
2025-12-01 17:14:00,12585.22999999993,12585.22999999993
2025-12-01 18:14:00,12585.22999999993,12585.22999999993
2025-12-01 19:14:00,12585.22999999993,12585.22999999993
2025-12-01 20:14:00,12585.22999999993,12585.22999999993
2025-12-01 21:14:00,12585.22999999993,12585.22999999993
2025-12-01 22:14:00,12585.22999999993,12585.22999999993
2025-12-01 23:14:00,12601.059999999932,12652.899999999929
2025-12-02 01:15:00,12599.459999999926,12599.459999999926
2025-12-02 02:15:00,12599.459999999926,12599.459999999926
2025-12-02 03:15:00,12599.459999999926,12599.459999999926
2025-12-02 04:15:00,12599.459999999926,12599.459999999926
2025-12-02 05:15:00,12599.459999999926,12599.459999999926
2025-12-02 06:15:00,12599.459999999926,12599.459999999926
2025-12-02 07:15:00,12599.459999999926,12599.459999999926
2025-12-02 08:15:00,12599.459999999926,12599.459999999926
2025-12-02 09:15:00,12599.459999999926,12599.459999999926
2025-12-02 10:15:00,12599.459999999926,12599.459999999926
2025-12-02 11:15:00,12599.459999999926,12599.459999999926
2025-12-02 12:15:00,12723.229999999932,12746.259999999933
2025-12-02 13:15:00,12723.229999999932,12765.929999999935
2025-12-02 14:15:00,12888.219999999937,12888.219999999937
2025-12-02 15:15:00,12888.219999999937,12888.219999999937
2025-12-02 16:15:00,12888.219999999937,12888.219999999937
2025-12-02 17:15:00,12888.219999999937,12888.219999999937
2025-12-02 18:15:00,12888.219999999937,12888.219999999937
2025-12-02 19:15:00,12888.219999999937,12888.219999999937
2025-12-02 20:15:00,12888.219999999937,12888.219999999937
2025-12-02 21:15:00,12888.219999999937,12888.219999999937
2025-12-02 22:15:00,12888.219999999937,12888.219999999937
2025-12-02 23:15:00,12888.219999999937,12888.219999999937
2025-12-03 01:16:00,12888.219999999937,12888.219999999937
2025-12-03 02:16:00,12888.219999999937,12888.219999999937
2025-12-03 03:16:00,12888.219999999937,12888.219999999937
2025-12-03 04:16:00,12888.219999999937,12888.219999999937
2025-12-03 05:16:00,12888.219999999937,12888.219999999937
2025-12-03 06:16:00,12888.219999999937,12888.219999999937
2025-12-03 07:16:00,12888.219999999937,12888.219999999937
2025-12-03 08:16:00,12888.219999999937,12888.219999999937
2025-12-03 09:16:00,12888.219999999937,12888.219999999937
2025-12-03 10:16:00,12888.219999999937,12888.219999999937
2025-12-03 11:16:00,12888.219999999937,12888.219999999937
2025-12-03 12:16:00,12888.219999999937,12888.219999999937
2025-12-03 13:16:00,12888.219999999937,12888.219999999937
2025-12-03 14:16:00,12888.219999999937,12888.219999999937
2025-12-03 15:16:00,12888.219999999937,12888.219999999937
2025-12-03 16:16:00,12888.219999999937,12888.219999999937
2025-12-03 17:16:00,12888.219999999937,12888.219999999937
2025-12-03 18:16:00,12888.219999999937,12888.219999999937
2025-12-03 19:16:00,12756.759999999927,12756.759999999927
2025-12-03 20:16:00,12756.759999999927,12756.759999999927
2025-12-03 21:16:00,12756.759999999927,12756.759999999927
2025-12-03 22:16:00,12756.759999999927,12756.759999999927
2025-12-03 23:16:00,12756.759999999927,12756.759999999927
2025-12-04 01:17:00,12756.759999999927,12756.759999999927
2025-12-04 02:17:00,12756.759999999927,12756.759999999927
2025-12-04 03:17:00,12756.759999999927,12756.759999999927
2025-12-04 04:17:00,12756.759999999927,12756.759999999927
2025-12-04 05:17:00,12756.759999999927,12756.759999999927
2025-12-04 06:17:00,12756.759999999927,12756.759999999927
2025-12-04 07:17:00,12756.759999999927,12756.759999999927
2025-12-04 08:17:00,12756.759999999927,12756.759999999927
2025-12-04 09:17:00,12756.759999999927,12756.759999999927
2025-12-04 10:17:00,12756.759999999927,12756.759999999927
2025-12-04 11:17:00,12756.759999999927,12756.759999999927
2025-12-04 12:17:00,12756.759999999927,12756.759999999927
2025-12-04 13:17:00,12756.759999999927,12756.759999999927
2025-12-04 14:17:00,12756.759999999927,12756.759999999927
2025-12-04 15:17:00,12756.759999999927,12756.759999999927
2025-12-04 16:17:00,12756.759999999927,12756.759999999927
2025-12-04 17:17:00,12756.759999999927,12756.759999999927
2025-12-04 18:17:00,12756.759999999927,12756.759999999927
2025-12-04 19:17:00,12756.759999999927,12756.759999999927
2025-12-04 20:17:00,12756.759999999927,12756.759999999927
2025-12-04 21:17:00,12756.759999999927,12756.759999999927
2025-12-04 22:17:00,12756.759999999927,12756.759999999927
2025-12-04 23:17:00,12756.759999999927,12756.759999999927
2025-12-05 01:18:00,12756.759999999927,12756.759999999927
2025-12-05 02:18:00,12756.759999999927,12756.759999999927
2025-12-05 03:18:00,12756.759999999927,12756.759999999927
2025-12-05 04:18:00,12756.759999999927,12756.759999999927
2025-12-05 05:18:00,12756.759999999927,12756.759999999927
2025-12-05 06:18:00,12756.759999999927,12756.759999999927
2025-12-05 07:18:00,12756.759999999927,12756.759999999927
2025-12-05 08:18:00,12756.759999999927,12756.759999999927
2025-12-05 09:18:00,12756.759999999927,12756.759999999927
2025-12-05 10:18:00,12756.759999999927,12756.759999999927
2025-12-05 11:18:00,12756.759999999927,12756.759999999927
2025-12-05 12:18:00,12756.759999999927,12756.759999999927
2025-12-05 13:18:00,12756.759999999927,12756.759999999927
2025-12-05 14:18:00,12756.759999999927,12756.759999999927
2025-12-05 15:18:00,12756.759999999927,12756.759999999927
2025-12-05 16:18:00,12756.759999999927,12756.759999999927
2025-12-05 17:18:00,12756.759999999927,12756.759999999927
2025-12-05 18:18:00,13087.379999999928,13087.379999999928
2025-12-05 19:18:00,13087.379999999928,13087.379999999928
2025-12-05 20:18:00,13087.379999999928,13087.379999999928
2025-12-05 21:18:00,13087.379999999928,13087.379999999928
2025-12-05 22:18:00,13087.379999999928,13087.379999999928
2025-12-05 23:18:00,13087.379999999928,13087.379999999928
2025-12-08 01:19:00,13087.379999999928,13087.379999999928
2025-12-08 02:19:00,13087.379999999928,13087.379999999928
2025-12-08 03:19:00,13087.379999999928,13087.379999999928
2025-12-08 04:19:00,13087.379999999928,13087.379999999928
2025-12-08 05:19:00,13087.379999999928,13087.379999999928
2025-12-08 06:19:00,13087.379999999928,13087.379999999928
2025-12-08 07:19:00,13087.379999999928,13087.379999999928
2025-12-08 08:19:00,13087.379999999928,13087.379999999928
2025-12-08 09:19:00,13087.379999999928,13087.379999999928
2025-12-08 10:19:00,13087.379999999928,13087.379999999928
2025-12-08 11:19:00,13087.379999999928,13087.379999999928
2025-12-08 12:19:00,13087.379999999928,13087.379999999928
2025-12-08 13:19:00,13087.379999999928,13087.379999999928
2025-12-08 14:19:00,13087.379999999928,13087.379999999928
2025-12-08 15:19:00,13087.379999999928,13087.379999999928
2025-12-08 16:19:00,13087.379999999928,13087.379999999928
2025-12-08 17:19:00,13087.379999999928,13087.379999999928
2025-12-08 18:19:00,13087.379999999928,13087.379999999928
2025-12-08 19:19:00,13087.379999999928,13087.379999999928
2025-12-08 20:19:00,13087.379999999928,13087.379999999928
2025-12-08 21:19:00,13087.379999999928,13087.379999999928
2025-12-08 22:19:00,13087.379999999928,13087.379999999928
2025-12-08 23:19:00,13087.379999999928,13087.379999999928
2025-12-09 01:20:00,13087.379999999928,13087.379999999928
2025-12-09 02:20:00,13087.379999999928,13087.379999999928
2025-12-09 03:20:00,13087.379999999928,13087.379999999928
2025-12-09 04:20:00,13087.379999999928,13087.379999999928
2025-12-09 05:20:00,13087.379999999928,13087.379999999928
2025-12-09 06:20:00,13087.379999999928,13087.379999999928
2025-12-09 07:20:00,13087.379999999928,13087.379999999928
2025-12-09 08:20:00,13087.379999999928,13087.379999999928
2025-12-09 09:20:00,13087.379999999928,13087.379999999928
2025-12-09 10:20:00,13087.379999999928,13087.379999999928
2025-12-09 11:20:00,12833.69999999992,12833.69999999992
2025-12-09 12:20:00,12833.69999999992,12833.69999999992
2025-12-09 13:20:00,12833.69999999992,12833.69999999992
2025-12-09 14:20:00,12832.719999999921,12812.699999999917
2025-12-09 15:20:00,12848.58999999992,12869.489999999916
2025-12-09 16:20:00,12847.489999999916,12847.489999999916
2025-12-09 17:20:00,12847.489999999916,12847.489999999916
2025-12-09 18:20:00,12847.489999999916,12847.489999999916
2025-12-09 19:20:00,12847.489999999916,12847.489999999916
2025-12-09 20:20:00,12847.489999999916,12847.489999999916
2025-12-09 21:20:00,12847.489999999916,12847.489999999916
2025-12-09 22:20:00,12847.489999999916,12847.489999999916
2025-12-09 23:20:00,12847.489999999916,12847.489999999916
2025-12-10 01:21:00,12847.489999999916,12847.489999999916
2025-12-10 02:21:00,12847.489999999916,12847.489999999916
2025-12-10 03:21:00,12847.489999999916,12847.489999999916
2025-12-10 04:21:00,12847.489999999916,12847.489999999916
2025-12-10 05:21:00,12847.489999999916,12847.489999999916
2025-12-10 06:21:00,12847.489999999916,12847.489999999916
2025-12-10 07:21:00,12847.489999999916,12847.489999999916
2025-12-10 08:21:00,12847.489999999916,12847.489999999916
2025-12-10 09:21:00,12847.489999999916,12847.489999999916
2025-12-10 10:21:00,12847.489999999916,12847.489999999916
2025-12-10 11:21:00,12847.489999999916,12847.489999999916
2025-12-10 12:21:00,12847.489999999916,12847.489999999916
2025-12-10 13:21:00,12847.489999999916,12847.489999999916
2025-12-10 14:21:00,12847.489999999916,12847.489999999916
2025-12-10 15:21:00,12847.489999999916,12847.489999999916
2025-12-10 16:21:00,12847.489999999916,12847.489999999916
2025-12-10 17:21:00,12847.489999999916,12847.489999999916
2025-12-10 18:21:00,12847.489999999916,12847.489999999916
2025-12-10 19:21:00,12847.489999999916,12847.489999999916
2025-12-10 20:21:00,12847.489999999916,12847.489999999916
2025-12-10 21:21:00,12847.489999999916,12847.489999999916
2025-12-10 22:21:00,12846.999999999916,12816.619999999915
2025-12-10 23:21:00,12856.969999999916,12897.169999999915
2025-12-11 01:22:00,12857.869999999915,12889.249999999913
2025-12-11 02:22:00,12856.639999999914,12823.429999999917
2025-12-11 03:22:00,12856.639999999914,12864.469999999914
2025-12-11 04:22:00,12856.639999999914,12907.039999999917
2025-12-11 05:22:00,12907.129999999914,13044.579999999918
2025-12-11 06:22:00,12907.129999999914,13044.579999999918
2025-12-11 07:22:00,12907.129999999914,13044.579999999918
2025-12-11 08:22:00,12974.469999999914,13054.129999999914
2025-12-11 09:22:00,12974.469999999914,13057.969999999914
2025-12-11 10:22:00,12974.469999999914,13064.329999999914
2025-12-11 11:22:00,12974.469999999914,13062.109999999915
2025-12-11 12:22:00,12974.469999999914,13066.429999999915
2025-12-11 13:22:00,12974.469999999914,13063.499999999916
2025-12-11 14:22:00,12974.469999999914,13066.329999999914
2025-12-11 15:22:00,12974.469999999914,13053.849999999915
2025-12-11 16:22:00,12989.309999999914,13088.969999999914
2025-12-11 17:22:00,13019.119999999913,13110.109999999913
2025-12-11 18:22:00,13019.119999999913,13165.429999999915
2025-12-11 19:22:00,13078.499999999913,13207.679999999913
2025-12-11 20:22:00,13078.499999999913,13218.019999999913
2025-12-11 21:22:00,13076.609999999913,13241.969999999927
2025-12-11 22:22:00,13093.489999999918,13146.249999999922
2025-12-11 23:22:00,13093.489999999918,13294.889999999921
2025-12-12 01:23:00,13138.109999999917,13327.969999999916
2025-12-12 02:23:00,13138.109999999917,13326.46999999992
2025-12-12 03:23:00,13137.309999999914,13248.469999999914
2025-12-12 04:23:00,13137.309999999914,13262.329999999914
2025-12-12 05:23:00,13137.309999999914,13254.689999999915
2025-12-12 06:23:00,13137.309999999914,13249.169999999915
2025-12-12 07:23:00,13137.309999999914,13256.169999999915
2025-12-12 08:23:00,13137.309999999914,13272.129999999916
2025-12-12 09:23:00,13137.309999999914,13282.689999999915
2025-12-12 10:23:00,13137.309999999914,13298.749999999915
2025-12-12 11:23:00,13137.309999999914,13343.989999999914
2025-12-12 12:23:00,13137.309999999914,13355.549999999916
2025-12-12 13:23:00,13374.809999999914,13374.809999999914
2025-12-12 14:23:00,13374.809999999914,13374.809999999914
2025-12-12 15:23:00,13374.809999999914,13374.809999999914
2025-12-12 16:23:00,13374.809999999914,13374.809999999914
2025-12-12 17:23:00,13374.809999999914,13374.809999999914
2025-12-12 18:23:00,13374.809999999914,13374.809999999914
2025-12-12 19:23:00,13374.809999999914,13374.809999999914
2025-12-12 20:23:00,13374.809999999914,13374.809999999914
2025-12-12 21:23:00,13374.809999999914,13374.809999999914
2025-12-12 22:23:00,13374.809999999914,13374.809999999914
2025-12-12 23:23:00,13374.809999999914,13374.809999999914
2025-12-15 01:24:00,13374.809999999914,13374.809999999914
2025-12-15 02:24:00,13374.809999999914,13374.809999999914
2025-12-15 03:24:00,13374.809999999914,13374.809999999914
2025-12-15 04:24:00,13374.809999999914,13374.809999999914
2025-12-15 05:24:00,13389.129999999914,13460.329999999896
2025-12-15 06:24:00,13388.32999999991,13379.049999999912
2025-12-15 07:24:00,13388.32999999991,13383.849999999908
2025-12-15 08:24:00,13265.129999999906,13265.129999999906
2025-12-15 09:24:00,13265.129999999906,13265.129999999906
2025-12-15 10:24:00,13374.969999999907,13562.009999999915
2025-12-15 11:24:00,13526.509999999907,13665.3799999999
2025-12-15 12:24:00,13526.509999999907,13680.3799999999
2025-12-15 13:24:00,13525.009999999907,13525.009999999907
2025-12-15 14:24:00,13525.009999999907,13525.009999999907
2025-12-15 15:24:00,13525.009999999907,13525.009999999907
2025-12-15 16:24:00,13525.009999999907,13525.009999999907
2025-12-15 17:24:00,13525.009999999907,13525.009999999907
2025-12-15 18:24:00,13525.009999999907,13525.009999999907
2025-12-15 19:24:00,13525.009999999907,13525.009999999907
2025-12-15 20:24:00,13525.009999999907,13525.009999999907
2025-12-15 21:24:00,13525.009999999907,13525.009999999907
2025-12-15 22:24:00,13525.009999999907,13525.009999999907
2025-12-15 23:24:00,13525.009999999907,13525.009999999907
2025-12-16 01:25:00,13525.009999999907,13525.009999999907
2025-12-16 02:25:00,13525.009999999907,13525.009999999907
2025-12-16 03:25:00,13525.009999999907,13525.009999999907
2025-12-16 04:25:00,13525.009999999907,13525.009999999907
2025-12-16 05:25:00,13525.009999999907,13525.009999999907
2025-12-16 06:25:00,13525.009999999907,13525.009999999907
2025-12-16 07:25:00,13525.009999999907,13525.009999999907
2025-12-16 08:25:00,13525.009999999907,13525.009999999907
2025-12-16 09:25:00,13525.009999999907,13525.009999999907
2025-12-16 10:25:00,13525.009999999907,13525.009999999907
2025-12-16 11:25:00,13525.009999999907,13525.009999999907
2025-12-16 12:25:00,13525.009999999907,13525.009999999907
2025-12-16 13:25:00,13525.009999999907,13525.009999999907
2025-12-16 14:25:00,13525.009999999907,13525.009999999907
2025-12-16 15:25:00,13525.009999999907,13525.009999999907
2025-12-16 16:25:00,13389.349999999913,13389.349999999913
2025-12-16 17:25:00,13389.349999999913,13389.349999999913
2025-12-16 18:25:00,13389.349999999913,13389.349999999913
2025-12-16 19:25:00,13389.349999999913,13389.349999999913
2025-12-16 20:25:00,13389.349999999913,13389.349999999913
2025-12-16 21:25:00,13389.349999999913,13389.349999999913
2025-12-16 22:25:00,13389.349999999913,13389.349999999913
2025-12-16 23:25:00,13389.349999999913,13389.349999999913
2025-12-17 01:26:00,13389.349999999913,13389.349999999913
2025-12-17 02:26:00,13389.349999999913,13389.349999999913
2025-12-17 03:26:00,13389.349999999913,13389.349999999913
2025-12-17 04:26:00,13389.349999999913,13389.349999999913
2025-12-17 05:26:00,13389.349999999913,13389.349999999913
2025-12-17 06:26:00,13389.349999999913,13389.349999999913
2025-12-17 07:26:00,13389.349999999913,13389.349999999913
2025-12-17 08:26:00,13389.349999999913,13389.349999999913
2025-12-17 09:26:00,13389.349999999913,13389.349999999913
2025-12-17 10:26:00,13389.349999999913,13389.349999999913
2025-12-17 11:26:00,13389.349999999913,13389.349999999913
2025-12-17 12:26:00,13389.349999999913,13389.349999999913
2025-12-17 13:26:00,13389.349999999913,13389.349999999913
2025-12-17 14:26:00,13389.349999999913,13389.349999999913
2025-12-17 15:26:00,13389.349999999913,13389.349999999913
2025-12-17 16:26:00,13389.349999999913,13389.349999999913
2025-12-17 17:26:00,13389.349999999913,13389.349999999913
2025-12-17 18:26:00,13389.349999999913,13389.349999999913
2025-12-17 19:26:00,13389.349999999913,13389.349999999913
2025-12-17 20:26:00,13389.349999999913,13389.349999999913
2025-12-17 21:26:00,13389.349999999913,13389.349999999913
2025-12-17 22:26:00,13389.349999999913,13389.349999999913
2025-12-17 23:26:00,13389.349999999913,13389.349999999913
2025-12-18 01:27:00,13389.349999999913,13389.349999999913
2025-12-18 02:27:00,13389.349999999913,13389.349999999913
2025-12-18 03:27:00,13389.349999999913,13389.349999999913
2025-12-18 04:27:00,13389.349999999913,13389.349999999913
2025-12-18 05:27:00,13389.349999999913,13389.349999999913
2025-12-18 06:27:00,13389.349999999913,13389.349999999913
2025-12-18 07:27:00,13389.349999999913,13389.349999999913
2025-12-18 08:27:00,13389.349999999913,13389.349999999913
2025-12-18 09:27:00,13389.349999999913,13389.349999999913
2025-12-18 10:27:00,13389.349999999913,13389.349999999913
2025-12-18 11:27:00,13389.349999999913,13389.349999999913
2025-12-18 12:27:00,13389.349999999913,13389.349999999913
2025-12-18 13:27:00,13389.349999999913,13389.349999999913
2025-12-18 14:27:00,13389.349999999913,13389.349999999913
2025-12-18 15:27:00,13389.349999999913,13389.349999999913
2025-12-18 16:27:00,13389.349999999913,13389.349999999913
2025-12-18 17:27:00,13403.769999999919,13403.769999999919
2025-12-18 18:27:00,13403.769999999919,13403.769999999919
2025-12-18 19:27:00,13403.769999999919,13403.769999999919
2025-12-18 20:27:00,13403.769999999919,13403.769999999919
2025-12-18 21:27:00,13403.769999999919,13403.769999999919
2025-12-18 22:27:00,13403.769999999919,13403.769999999919
2025-12-18 23:27:00,13403.769999999919,13403.769999999919
2025-12-19 01:28:00,13403.769999999919,13403.769999999919
2025-12-19 02:28:00,13403.769999999919,13403.769999999919
2025-12-19 03:28:00,13403.769999999919,13403.769999999919
2025-12-19 04:28:00,13403.769999999919,13403.769999999919
2025-12-19 05:28:00,13403.769999999919,13403.769999999919
2025-12-19 06:28:00,13403.769999999919,13403.769999999919
2025-12-19 07:28:00,13403.769999999919,13403.769999999919
2025-12-19 08:28:00,13403.769999999919,13403.769999999919
2025-12-19 09:28:00,13403.769999999919,13403.769999999919
2025-12-19 10:28:00,13403.769999999919,13403.769999999919
2025-12-19 11:28:00,13403.769999999919,13403.769999999919
2025-12-19 12:28:00,13403.769999999919,13403.769999999919
2025-12-19 13:28:00,13403.769999999919,13403.769999999919
2025-12-19 14:28:00,13403.769999999919,13403.769999999919
2025-12-19 15:28:00,13403.769999999919,13403.769999999919
2025-12-19 16:28:00,13403.769999999919,13403.769999999919
2025-12-19 17:28:00,13403.13999999992,13435.269999999917
2025-12-19 18:28:00,13403.13999999992,13360.38999999992
2025-12-19 19:28:00,13403.13999999992,13310.979999999921
2025-12-19 20:28:00,13272.459999999915,13272.459999999915
2025-12-19 21:28:00,13272.459999999915,13272.459999999915
2025-12-19 22:28:00,13272.459999999915,13272.459999999915
2025-12-19 23:28:00,13272.459999999915,13272.459999999915
2025-12-22 01:29:00,13272.459999999915,13272.459999999915
2025-12-22 02:29:00,13272.459999999915,13272.459999999915
2025-12-22 03:29:00,13272.459999999915,13272.459999999915
2025-12-22 04:29:00,13272.459999999915,13272.459999999915
2025-12-22 05:29:00,13272.459999999915,13272.459999999915
2025-12-22 06:29:00,13272.459999999915,13272.459999999915
2025-12-22 07:29:00,13272.459999999915,13272.459999999915
2025-12-22 08:29:00,13272.459999999915,13272.459999999915
2025-12-22 09:29:00,13272.459999999915,13272.459999999915
2025-12-22 10:29:00,13272.459999999915,13272.459999999915
2025-12-22 11:29:00,13272.459999999915,13272.459999999915
2025-12-22 12:29:00,13272.459999999915,13272.459999999915
2025-12-22 13:29:00,13272.459999999915,13272.459999999915
2025-12-22 14:29:00,13272.459999999915,13272.459999999915
2025-12-22 15:29:00,13272.459999999915,13272.459999999915
2025-12-22 16:29:00,13272.459999999915,13272.459999999915
2025-12-22 17:29:00,13272.459999999915,13272.459999999915
2025-12-22 18:29:00,13272.459999999915,13272.459999999915
2025-12-22 19:29:00,13272.459999999915,13272.459999999915
2025-12-22 20:29:00,13272.459999999915,13272.459999999915
2025-12-22 21:29:00,13272.459999999915,13272.459999999915
2025-12-22 22:29:00,13272.459999999915,13272.459999999915
2025-12-22 23:29:00,13272.459999999915,13272.459999999915
2025-12-23 01:30:00,13272.459999999915,13272.459999999915
2025-12-23 02:30:00,13272.459999999915,13272.459999999915
2025-12-23 03:30:00,13272.459999999915,13272.459999999915
2025-12-23 04:30:00,13272.459999999915,13272.459999999915
2025-12-23 05:30:00,13272.459999999915,13272.459999999915
2025-12-23 06:30:00,13272.459999999915,13272.459999999915
2025-12-23 07:30:00,13272.459999999915,13272.459999999915
2025-12-23 08:30:00,13272.459999999915,13272.459999999915
2025-12-23 09:30:00,13272.459999999915,13272.459999999915
2025-12-23 10:30:00,13272.459999999915,13272.459999999915
2025-12-23 11:30:00,13272.459999999915,13272.459999999915
2025-12-23 12:30:00,13272.459999999915,13272.459999999915
2025-12-23 13:30:00,13272.459999999915,13272.459999999915
2025-12-23 14:30:00,13272.459999999915,13272.459999999915
2025-12-23 15:30:00,13272.459999999915,13272.459999999915
2025-12-23 16:30:00,13272.459999999915,13272.459999999915
2025-12-23 17:30:00,13272.459999999915,13272.459999999915
2025-12-23 18:30:00,13272.459999999915,13272.459999999915
2025-12-23 19:30:00,13272.459999999915,13272.459999999915
2025-12-23 20:30:00,13272.459999999915,13272.459999999915
2025-12-23 21:30:00,13272.459999999915,13272.459999999915
2025-12-23 22:30:00,13272.459999999915,13272.459999999915
2025-12-23 23:30:00,13272.459999999915,13272.459999999915
2025-12-24 01:31:00,13297.969999999916,13417.729999999921
2025-12-24 02:31:00,13564.279999999922,13564.279999999922
2025-12-24 03:31:00,13564.279999999922,13564.279999999922
2025-12-24 04:31:00,13564.279999999922,13564.279999999922
2025-12-24 05:31:00,13564.279999999922,13564.279999999922
2025-12-24 06:31:00,13564.279999999922,13564.279999999922
2025-12-24 07:31:00,13564.279999999922,13564.279999999922
2025-12-24 08:31:00,13564.279999999922,13564.279999999922
2025-12-24 09:31:00,13564.279999999922,13564.279999999922
2025-12-24 10:31:00,13564.279999999922,13564.279999999922
2025-12-24 11:31:00,13564.279999999922,13564.279999999922
2025-12-24 12:31:00,13564.279999999922,13564.279999999922
2025-12-24 13:31:00,13564.279999999922,13564.279999999922
2025-12-24 14:31:00,13564.279999999922,13564.279999999922
2025-12-24 15:31:00,13564.279999999922,13564.279999999922
2025-12-24 16:31:00,13564.279999999922,13564.279999999922
2025-12-24 17:31:00,13564.279999999922,13564.279999999922
2025-12-24 18:31:00,13564.279999999922,13564.279999999922
2025-12-24 19:31:00,13564.279999999922,13564.279999999922
2025-12-24 20:31:00,13564.279999999922,13564.279999999922
2025-12-26 01:45:00,13564.279999999922,13564.279999999922
2025-12-26 02:45:00,13564.279999999922,13564.279999999922
2025-12-26 03:45:00,13564.279999999922,13564.279999999922
2025-12-26 04:45:00,13564.279999999922,13564.279999999922
2025-12-26 05:45:00,13564.279999999922,13564.279999999922
2025-12-26 06:45:00,13564.279999999922,13564.279999999922
2025-12-26 07:45:00,13564.279999999922,13564.279999999922
2025-12-26 08:45:00,13564.279999999922,13564.279999999922
2025-12-26 09:45:00,13564.279999999922,13564.279999999922
2025-12-26 10:45:00,13564.279999999922,13564.279999999922
2025-12-26 11:45:00,13564.279999999922,13564.279999999922
2025-12-26 12:45:00,13564.279999999922,13564.279999999922
2025-12-26 13:45:00,13564.279999999922,13564.279999999922
2025-12-26 14:45:00,13564.279999999922,13564.279999999922
2025-12-26 15:45:00,13564.279999999922,13564.279999999922
2025-12-26 16:45:00,13564.279999999922,13564.279999999922
2025-12-26 17:45:00,13564.279999999922,13564.279999999922
2025-12-26 18:45:00,13564.279999999922,13564.279999999922
2025-12-26 19:45:00,13564.279999999922,13564.279999999922
2025-12-26 20:45:00,13564.279999999922,13564.279999999922
2025-12-26 21:45:00,13564.279999999922,13564.279999999922
2025-12-26 22:45:00,13564.279999999922,13564.279999999922
2025-12-26 23:45:00,13564.279999999922,13564.279999999922
2025-12-29 01:46:00,13564.279999999922,13564.279999999922
2025-12-29 02:46:00,13564.279999999922,13564.279999999922
2025-12-29 03:46:00,13564.279999999922,13564.279999999922
2025-12-29 04:46:00,13564.279999999922,13564.279999999922
2025-12-29 05:46:00,13564.279999999922,13564.279999999922
2025-12-29 06:46:00,13564.279999999922,13564.279999999922
2025-12-29 07:46:00,13564.279999999922,13564.279999999922
2025-12-29 08:46:00,13564.279999999922,13564.279999999922
2025-12-29 09:46:00,13564.279999999922,13564.279999999922
2025-12-29 10:46:00,13564.279999999922,13564.279999999922
2025-12-29 11:46:00,13564.279999999922,13564.279999999922
2025-12-29 12:46:00,13564.279999999922,13564.279999999922
2025-12-29 13:46:00,13564.279999999922,13564.279999999922
2025-12-29 14:46:00,13564.279999999922,13564.279999999922
2025-12-29 15:46:00,13564.279999999922,13564.279999999922
2025-12-29 16:46:00,13564.279999999922,13564.279999999922
2025-12-29 17:46:00,13564.279999999922,13564.279999999922
2025-12-29 18:46:00,13564.279999999922,13564.279999999922
2025-12-29 19:46:00,13668.07999999992,13874.479999999916
2025-12-29 20:46:00,13668.07999999992,13794.879999999925
2025-12-29 21:46:00,13668.07999999992,13775.579999999922
2025-12-29 22:46:00,13667.679999999918,13740.639999999918
2025-12-29 23:46:00,13667.679999999918,13753.119999999917
2025-12-30 01:47:00,13667.979999999916,13667.979999999916
2025-12-30 02:47:00,13667.979999999916,13667.979999999916
2025-12-30 03:47:00,13667.979999999916,13667.979999999916
2025-12-30 04:47:00,13667.979999999916,13667.979999999916
2025-12-30 05:47:00,13667.979999999916,13667.979999999916
2025-12-30 06:47:00,13667.979999999916,13667.979999999916
2025-12-30 07:47:00,13667.979999999916,13667.979999999916
2025-12-30 08:47:00,13667.979999999916,13667.979999999916
2025-12-30 09:47:00,13667.979999999916,13667.979999999916
2025-12-30 10:47:00,13667.979999999916,13667.979999999916
2025-12-30 11:47:00,13667.979999999916,13667.979999999916
2025-12-30 12:47:00,13667.979999999916,13667.979999999916
2025-12-30 13:47:00,13667.979999999916,13667.979999999916
2025-12-30 14:47:00,13667.979999999916,13667.979999999916
2025-12-30 15:47:00,13667.979999999916,13667.979999999916
2025-12-30 16:47:00,13667.979999999916,13667.979999999916
2025-12-30 17:47:00,13667.979999999916,13667.979999999916
2025-12-30 18:47:00,13667.979999999916,13667.979999999916
2025-12-30 19:47:00,13667.979999999916,13667.979999999916
2025-12-30 20:47:00,13667.979999999916,13667.979999999916
2025-12-30 21:47:00,13667.979999999916,13667.979999999916
2025-12-30 22:47:00,13667.979999999916,13667.979999999916
2025-12-30 23:47:00,13667.979999999916,13667.979999999916
2025-12-31 01:48:00,13667.979999999916,13667.979999999916
2025-12-31 02:48:00,13667.979999999916,13667.979999999916
2025-12-31 03:48:00,13667.979999999916,13667.979999999916
2025-12-31 04:48:00,13667.979999999916,13667.979999999916
2025-12-31 05:48:00,13667.979999999916,13667.979999999916
2025-12-31 06:48:00,13667.979999999916,13667.979999999916
2025-12-31 07:48:00,13667.979999999916,13667.979999999916
2025-12-31 08:48:00,13667.979999999916,13667.979999999916
2025-12-31 09:48:00,13667.979999999916,13667.979999999916
2025-12-31 10:48:00,13667.979999999916,13667.979999999916
2025-12-31 11:48:00,13667.979999999916,13667.979999999916
2025-12-31 12:48:00,13667.979999999916,13667.979999999916
2025-12-31 13:48:00,13666.719999999916,13655.739999999922
2025-12-31 14:48:00,13718.399999999909,13718.399999999909
2025-12-31 15:48:00,13718.399999999909,13718.399999999909
2025-12-31 16:48:00,13718.399999999909,13718.399999999909
2025-12-31 17:48:00,13718.399999999909,13718.399999999909
2025-12-31 18:48:00,13718.399999999909,13718.399999999909
2025-12-31 19:48:00,13718.399999999909,13718.399999999909
2025-12-31 20:48:00,13718.399999999909,13718.399999999909
2025-12-31 21:48:00,13718.399999999909,13718.399999999909
2025-12-31 22:48:00,13718.399999999909,13718.399999999909
2025-12-31 23:48:00,13718.399999999909,13718.399999999909
2026-01-02 01:49:00,13718.399999999909,13718.399999999909
2026-01-02 02:49:00,13718.399999999909,13718.399999999909
2026-01-02 03:49:00,13718.399999999909,13718.399999999909
2026-01-02 04:49:00,13718.399999999909,13718.399999999909
2026-01-02 05:49:00,13718.399999999909,13718.399999999909
2026-01-02 06:49:00,13718.399999999909,13718.399999999909
2026-01-02 07:49:00,13718.399999999909,13718.399999999909
2026-01-02 08:49:00,13718.399999999909,13718.399999999909
2026-01-02 09:49:00,13718.399999999909,13718.399999999909
2026-01-02 10:49:00,13718.399999999909,13718.399999999909
2026-01-02 11:49:00,13718.399999999909,13718.399999999909
2026-01-02 12:49:00,13718.399999999909,13718.399999999909
2026-01-02 13:49:00,13718.399999999909,13718.399999999909
2026-01-02 14:49:00,13718.399999999909,13718.399999999909
2026-01-02 15:49:00,13718.399999999909,13718.399999999909
2026-01-02 16:49:00,13718.399999999909,13718.399999999909
2026-01-02 17:49:00,13718.399999999909,13718.399999999909
2026-01-02 18:49:00,13583.35999999991,13583.35999999991
2026-01-02 19:49:00,13583.35999999991,13583.35999999991
2026-01-02 20:49:00,13583.35999999991,13583.35999999991
2026-01-02 21:49:00,13583.35999999991,13583.35999999991
2026-01-02 22:49:00,13583.35999999991,13583.35999999991
2026-01-02 23:49:00,13583.35999999991,13583.35999999991
2026-01-05 01:50:00,13583.35999999991,13583.35999999991
2026-01-05 02:50:00,13583.35999999991,13583.35999999991
2026-01-05 03:50:00,13583.35999999991,13583.35999999991
2026-01-05 04:50:00,13583.35999999991,13583.35999999991
2026-01-05 05:50:00,13583.35999999991,13583.35999999991
2026-01-05 06:50:00,13583.35999999991,13583.35999999991
2026-01-05 07:50:00,13583.35999999991,13583.35999999991
2026-01-05 08:50:00,13582.659999999909,13605.259999999911
2026-01-05 09:50:00,13582.659999999909,13588.759999999915
2026-01-05 10:50:00,13582.09999999991,13444.539999999919
2026-01-05 11:50:00,13582.09999999991,13399.719999999907
2026-01-05 12:50:00,13582.09999999991,13368.039999999919
2026-01-05 13:50:00,13601.01999999991,13585.039999999912
2026-01-05 14:50:00,13667.61999999991,13877.539999999908
2026-01-05 15:50:00,13667.61999999991,13780.6999999999
2026-01-05 16:50:00,13666.41999999991,13666.41999999991
2026-01-05 17:50:00,13666.41999999991,13666.41999999991
2026-01-05 18:50:00,13666.41999999991,13666.41999999991
2026-01-05 19:50:00,13666.41999999991,13666.41999999991
2026-01-05 20:50:00,13666.41999999991,13666.41999999991
2026-01-05 21:50:00,13666.41999999991,13666.41999999991
2026-01-05 22:50:00,13666.41999999991,13666.41999999991
2026-01-05 23:50:00,13666.41999999991,13666.41999999991
2026-01-06 01:51:00,13666.41999999991,13666.41999999991
2026-01-06 02:51:00,13666.41999999991,13666.41999999991
2026-01-06 03:51:00,13666.41999999991,13666.41999999991
2026-01-06 04:51:00,13666.41999999991,13666.41999999991
2026-01-06 05:51:00,13666.41999999991,13666.41999999991
2026-01-06 06:51:00,13666.41999999991,13666.41999999991
2026-01-06 07:51:00,13666.41999999991,13666.41999999991
2026-01-06 08:51:00,13666.41999999991,13666.41999999991
2026-01-06 09:51:00,13666.41999999991,13666.41999999991
2026-01-06 10:51:00,13666.41999999991,13666.41999999991
2026-01-06 11:51:00,13666.41999999991,13666.41999999991
2026-01-06 12:51:00,13666.41999999991,13666.41999999991
2026-01-06 13:51:00,13666.41999999991,13666.41999999991
2026-01-06 14:51:00,13666.41999999991,13666.41999999991
2026-01-06 15:51:00,13666.41999999991,13666.41999999991
2026-01-06 16:51:00,13666.41999999991,13666.41999999991
2026-01-06 17:51:00,13525.669999999922,13525.669999999922
2026-01-06 18:51:00,13525.669999999922,13525.669999999922
2026-01-06 19:51:00,13525.669999999922,13525.669999999922
2026-01-06 20:51:00,13525.669999999922,13525.669999999922
2026-01-06 21:51:00,13525.669999999922,13525.669999999922
2026-01-06 22:51:00,13525.669999999922,13525.669999999922
2026-01-06 23:51:00,13525.669999999922,13525.669999999922
2026-01-07 01:52:00,13525.669999999922,13525.669999999922
2026-01-07 02:52:00,13525.669999999922,13525.669999999922
2026-01-07 03:52:00,13525.669999999922,13525.669999999922
2026-01-07 04:52:00,13525.669999999922,13525.669999999922
2026-01-07 05:52:00,13525.669999999922,13525.669999999922
2026-01-07 06:52:00,13525.669999999922,13525.669999999922
2026-01-07 07:52:00,13525.669999999922,13525.669999999922
2026-01-07 08:52:00,13525.669999999922,13525.669999999922
2026-01-07 09:52:00,13525.669999999922,13525.669999999922
2026-01-07 10:52:00,13525.669999999922,13525.669999999922
2026-01-07 11:52:00,13525.669999999922,13525.669999999922
2026-01-07 12:52:00,13525.669999999922,13525.669999999922
2026-01-07 13:52:00,13525.669999999922,13525.669999999922
2026-01-07 14:52:00,13525.669999999922,13525.669999999922
2026-01-07 15:52:00,13525.669999999922,13525.669999999922
2026-01-07 16:52:00,13525.669999999922,13525.669999999922
2026-01-07 17:52:00,13525.669999999922,13525.669999999922
2026-01-07 18:52:00,13525.669999999922,13525.669999999922
2026-01-07 19:52:00,13525.669999999922,13525.669999999922
2026-01-07 20:52:00,13525.669999999922,13525.669999999922
2026-01-07 21:52:00,13525.669999999922,13525.669999999922
2026-01-07 22:52:00,13525.669999999922,13525.669999999922
2026-01-07 23:52:00,13525.669999999922,13525.669999999922
2026-01-08 01:53:00,13525.669999999922,13525.669999999922
2026-01-08 02:53:00,13525.669999999922,13525.669999999922
2026-01-08 03:53:00,13525.669999999922,13525.669999999922
2026-01-08 04:53:00,13525.669999999922,13525.669999999922
2026-01-08 05:53:00,13525.669999999922,13525.669999999922
2026-01-08 06:53:00,13525.669999999922,13525.669999999922
2026-01-08 07:53:00,13525.669999999922,13525.669999999922
2026-01-08 08:53:00,13525.669999999922,13525.669999999922
2026-01-08 09:53:00,13525.669999999922,13525.669999999922
2026-01-08 10:53:00,13525.669999999922,13525.669999999922
2026-01-08 11:53:00,13525.669999999922,13525.669999999922
2026-01-08 12:53:00,13525.669999999922,13525.669999999922
2026-01-08 13:53:00,13525.669999999922,13525.669999999922
2026-01-08 14:53:00,13525.669999999922,13525.669999999922
2026-01-08 15:53:00,13525.669999999922,13525.669999999922
2026-01-08 16:53:00,13525.669999999922,13525.669999999922
2026-01-08 17:53:00,13525.669999999922,13525.669999999922
2026-01-08 18:53:00,13525.669999999922,13525.669999999922
2026-01-08 19:53:00,13525.669999999922,13525.669999999922
2026-01-08 20:53:00,13525.669999999922,13525.669999999922
2026-01-08 21:53:00,13525.669999999922,13525.669999999922
2026-01-08 22:53:00,13525.669999999922,13525.669999999922
2026-01-08 23:53:00,13525.669999999922,13525.669999999922
2026-01-09 01:54:00,13525.669999999922,13525.669999999922
2026-01-09 02:54:00,13525.669999999922,13525.669999999922
2026-01-09 03:54:00,13525.669999999922,13525.669999999922
2026-01-09 04:54:00,13525.669999999922,13525.669999999922
2026-01-09 05:54:00,13525.669999999922,13525.669999999922
2026-01-09 06:54:00,13525.669999999922,13525.669999999922
2026-01-09 07:54:00,13525.669999999922,13525.669999999922
2026-01-09 08:54:00,13525.669999999922,13525.669999999922
2026-01-09 09:54:00,13525.669999999922,13525.669999999922
2026-01-09 10:54:00,13525.669999999922,13525.669999999922
2026-01-09 11:54:00,13525.669999999922,13525.669999999922
2026-01-09 12:54:00,13525.669999999922,13525.669999999922
2026-01-09 13:54:00,13525.669999999922,13525.669999999922
2026-01-09 14:54:00,13525.669999999922,13525.669999999922
2026-01-09 15:54:00,13542.619999999917,13542.619999999917
2026-01-09 16:54:00,13542.619999999917,13542.619999999917
2026-01-09 17:54:00,13542.619999999917,13542.619999999917
2026-01-09 18:54:00,13542.619999999917,13542.619999999917
2026-01-09 19:54:00,13541.499999999916,13530.939999999919
2026-01-09 20:54:00,13600.459999999915,13670.379999999914
2026-01-09 21:54:00,13600.459999999915,13702.219999999917
2026-01-09 22:54:00,13679.099999999915,13752.699999999913
2026-01-09 23:54:00,13679.099999999915,13767.499999999916
2026-01-12 01:55:00,13834.339999999916,13834.339999999916
2026-01-12 02:55:00,13834.339999999916,13834.339999999916
2026-01-12 03:55:00,13834.339999999916,13834.339999999916
2026-01-12 04:55:00,13834.339999999916,13834.339999999916
2026-01-12 05:55:00,13834.339999999916,13834.339999999916
2026-01-12 06:55:00,13834.339999999916,13834.339999999916
2026-01-12 07:55:00,13834.339999999916,13834.339999999916
2026-01-12 08:55:00,13834.339999999916,13834.339999999916
2026-01-12 09:55:00,13834.339999999916,13834.339999999916
2026-01-12 10:55:00,13834.339999999916,13834.339999999916
2026-01-12 11:55:00,13834.339999999916,13834.339999999916
2026-01-12 12:55:00,13834.339999999916,13834.339999999916
2026-01-12 13:55:00,13834.339999999916,13834.339999999916
2026-01-12 14:55:00,13834.339999999916,13834.339999999916
2026-01-12 15:55:00,13834.339999999916,13834.339999999916
2026-01-12 16:55:00,13848.529999999933,13848.529999999933
2026-01-12 17:55:00,13848.529999999933,13848.529999999933
2026-01-12 18:55:00,13848.529999999933,13848.529999999933
2026-01-12 19:55:00,13848.529999999933,13848.529999999933
2026-01-12 20:55:00,13848.529999999933,13848.529999999933
2026-01-12 21:55:00,13848.529999999933,13848.529999999933
2026-01-12 22:55:00,13848.529999999933,13848.529999999933
2026-01-12 23:55:00,13848.529999999933,13848.529999999933
2026-01-13 01:56:00,13848.529999999933,13848.529999999933
2026-01-13 02:56:00,13867.06999999993,13925.20999999993
2026-01-13 03:56:00,13905.79999999993,14000.659999999927
2026-01-13 04:56:00,13905.79999999993,13927.339999999931
2026-01-13 05:56:00,13905.199999999928,13905.199999999928
2026-01-13 06:56:00,13905.199999999928,13905.199999999928
2026-01-13 07:56:00,13905.199999999928,13905.199999999928
2026-01-13 08:56:00,13905.199999999928,13905.199999999928
2026-01-13 09:56:00,13905.199999999928,13905.199999999928
2026-01-13 10:56:00,13905.199999999928,13905.199999999928
2026-01-13 11:56:00,13905.199999999928,13905.199999999928
2026-01-13 12:56:00,13905.199999999928,13905.199999999928
2026-01-13 13:56:00,13905.199999999928,13905.199999999928
2026-01-13 14:56:00,13905.199999999928,13905.199999999928
2026-01-13 15:56:00,13905.199999999928,13905.199999999928
2026-01-13 16:56:00,13905.199999999928,13905.199999999928
2026-01-13 17:56:00,13905.199999999928,13905.199999999928
2026-01-13 18:56:00,13905.199999999928,13905.199999999928
2026-01-13 19:56:00,13905.199999999928,13905.199999999928
2026-01-13 20:56:00,13905.199999999928,13905.199999999928
2026-01-13 21:56:00,13905.199999999928,13905.199999999928
2026-01-13 22:56:00,13905.199999999928,13905.199999999928
2026-01-13 23:56:00,13905.199999999928,13905.199999999928
2026-01-14 01:57:00,13905.199999999928,13905.199999999928
2026-01-14 02:57:00,13905.199999999928,13905.199999999928
2026-01-14 03:57:00,13905.199999999928,13905.199999999928
2026-01-14 04:57:00,13905.199999999928,13905.199999999928
2026-01-14 05:57:00,13905.199999999928,13905.199999999928
2026-01-14 06:57:00,13905.199999999928,13905.199999999928
2026-01-14 07:57:00,13903.519999999928,13852.63999999993
2026-01-14 08:57:00,13922.299999999923,13922.299999999923
2026-01-14 09:57:00,13922.299999999923,13922.299999999923
2026-01-14 10:57:00,13922.299999999923,13922.299999999923
2026-01-14 11:57:00,13922.299999999923,13922.299999999923
2026-01-14 12:57:00,13920.199999999923,13983.49999999994
2026-01-14 13:57:00,13937.289999999939,13937.289999999939
2026-01-14 14:57:00,13937.289999999939,13937.289999999939
2026-01-14 15:57:00,13937.289999999939,13937.289999999939
2026-01-14 16:57:00,13937.289999999939,13937.289999999939
2026-01-14 17:57:00,13937.289999999939,13937.289999999939
2026-01-14 18:57:00,13937.289999999939,13937.289999999939
2026-01-14 19:57:00,13937.289999999939,13937.289999999939
2026-01-14 20:57:00,13937.289999999939,13937.289999999939
2026-01-14 21:57:00,13937.289999999939,13937.289999999939
2026-01-14 22:57:00,13937.289999999939,13937.289999999939
2026-01-14 23:57:00,13937.289999999939,13937.289999999939
2026-01-15 01:58:00,13937.289999999939,13937.289999999939
2026-01-15 02:58:00,13937.289999999939,13937.289999999939
2026-01-15 03:58:00,13937.289999999939,13937.289999999939
2026-01-15 04:58:00,13937.289999999939,13937.289999999939
2026-01-15 05:58:00,13937.289999999939,13937.289999999939
2026-01-15 06:58:00,13937.289999999939,13937.289999999939
2026-01-15 07:58:00,13937.289999999939,13937.289999999939
2026-01-15 08:58:00,13937.289999999939,13937.289999999939
2026-01-15 09:58:00,13937.289999999939,13937.289999999939
2026-01-15 10:58:00,13937.289999999939,13937.289999999939
2026-01-15 11:58:00,13937.289999999939,13937.289999999939
2026-01-15 12:58:00,13937.289999999939,13937.289999999939
2026-01-15 13:58:00,13937.289999999939,13937.289999999939
2026-01-15 14:58:00,13937.289999999939,13937.289999999939
2026-01-15 15:58:00,13937.289999999939,13937.289999999939
2026-01-15 16:58:00,13937.289999999939,13937.289999999939
2026-01-15 17:58:00,13937.289999999939,13937.289999999939
2026-01-15 18:58:00,13937.289999999939,13937.289999999939
2026-01-15 19:58:00,13937.289999999939,13937.289999999939
2026-01-15 20:58:00,13937.289999999939,13937.289999999939
2026-01-15 21:58:00,13937.289999999939,13937.289999999939
2026-01-15 22:58:00,13937.289999999939,13937.289999999939
2026-01-15 23:58:00,13937.289999999939,13937.289999999939
2026-01-16 01:59:00,13937.289999999939,13937.289999999939
2026-01-16 02:59:00,13937.289999999939,13937.289999999939
2026-01-16 03:59:00,13937.289999999939,13937.289999999939
2026-01-16 04:59:00,13937.289999999939,13937.289999999939
2026-01-16 05:59:00,13937.289999999939,13937.289999999939
2026-01-16 06:59:00,13937.289999999939,13937.289999999939
2026-01-16 07:59:00,13937.289999999939,13937.289999999939
2026-01-16 08:59:00,13937.289999999939,13937.289999999939
2026-01-16 09:59:00,13937.289999999939,13937.289999999939
2026-01-16 10:59:00,13937.289999999939,13937.289999999939
2026-01-16 11:59:00,13937.289999999939,13937.289999999939
2026-01-16 12:59:00,13937.289999999939,13937.289999999939
2026-01-16 13:59:00,13937.289999999939,13937.289999999939
2026-01-16 14:59:00,13937.289999999939,13937.289999999939
2026-01-16 15:59:00,13937.289999999939,13937.289999999939
2026-01-16 16:59:00,13937.289999999939,13937.289999999939
2026-01-16 17:59:00,13937.289999999939,13937.289999999939
2026-01-16 18:59:00,13937.289999999939,13937.289999999939
2026-01-16 19:59:00,13937.289999999939,13937.289999999939
2026-01-16 20:59:00,13937.289999999939,13937.289999999939
2026-01-16 21:59:00,13937.289999999939,13937.289999999939
2026-01-16 22:59:00,13937.289999999939,13937.289999999939
2026-01-19 01:00:00,13937.289999999939,13937.289999999939
2026-01-19 02:00:00,13937.289999999939,13937.289999999939
2026-01-19 03:00:00,13937.289999999939,13937.289999999939
2026-01-19 04:00:00,13937.289999999939,13937.289999999939
2026-01-19 05:00:00,13937.00999999994,13984.00999999994
2026-01-19 06:00:00,13937.00999999994,13956.48999999994
2026-01-19 07:00:00,13937.00999999994,13980.52999999994
2026-01-19 08:00:00,13937.00999999994,14002.089999999938
2026-01-19 09:00:00,13937.00999999994,14023.52999999994
2026-01-19 10:00:00,13937.00999999994,13990.569999999938
2026-01-19 11:00:00,13937.00999999994,13974.96999999994
2026-01-19 12:00:00,13937.00999999994,13996.12999999994
2026-01-19 13:00:00,13937.00999999994,13978.409999999938
2026-01-19 14:00:00,13937.00999999994,13971.16999999994
2026-01-19 15:00:00,13937.00999999994,14013.48999999994
2026-01-19 16:00:00,13937.00999999994,13991.049999999941
2026-01-19 17:00:00,13937.00999999994,13993.96999999994
2026-01-19 18:00:00,13937.00999999994,14023.68999999994
2026-01-19 19:00:00,13937.00999999994,14013.409999999938
2026-01-19 20:00:00,13937.00999999994,14024.609999999939
2026-01-19 21:00:00,13937.00999999994,14025.52999999994
2026-01-20 01:06:00,13935.00999999994,13996.12999999994
2026-01-20 02:06:00,13935.00999999994,13984.52999999994
2026-01-20 03:06:00,13935.00999999994,14000.64999999994
2026-01-20 04:06:00,13935.00999999994,14004.16999999994
2026-01-20 05:06:00,13935.00999999994,13989.68999999994
2026-01-20 06:06:00,13935.00999999994,14047.609999999939
2026-01-20 07:06:00,13935.00999999994,14123.249999999938
2026-01-20 08:06:00,13935.00999999994,14187.68999999994
2026-01-20 09:06:00,13935.00999999994,14175.089999999938
2026-01-20 10:06:00,14070.889999999938,14202.849999999937
2026-01-20 11:06:00,14070.889999999938,14225.989999999938
2026-01-20 12:06:00,14070.889999999938,14227.649999999938
2026-01-20 13:06:00,14069.419999999938,14084.459999999937
2026-01-20 14:06:00,13927.459999999954,14085.379999999954
2026-01-20 15:06:00,13927.459999999954,14070.519999999953
2026-01-20 16:06:00,13927.459999999954,14090.539999999954
2026-01-20 17:06:00,13927.459999999954,14108.959999999954
2026-01-20 18:06:00,13927.459999999954,14085.359999999953
2026-01-20 19:06:00,13927.459999999954,14118.579999999953
2026-01-20 20:06:00,13927.459999999954,14144.079999999953
2026-01-20 21:06:00,13927.459999999954,14139.099999999953
2026-01-20 22:06:00,13927.459999999954,14133.659999999953
2026-01-20 23:06:00,13927.459999999954,14139.719999999954
2026-01-21 01:07:00,13924.459999999954,14140.579999999953
2026-01-21 02:07:00,13924.459999999954,14166.699999999953
2026-01-21 03:07:00,13924.459999999954,14212.139999999954
2026-01-21 04:07:00,13924.459999999954,14290.399999999954
2026-01-21 05:07:00,13924.459999999954,14308.439999999953
2026-01-21 06:07:00,13924.459999999954,14300.259999999953
2026-01-21 07:07:00,13924.459999999954,14338.719999999954
2026-01-21 08:07:00,13924.459999999954,14353.459999999954
2026-01-21 09:07:00,13776.619999999952,14150.199999999952
2026-01-21 10:07:00,13776.619999999952,14194.279999999952
2026-01-21 11:07:00,13776.619999999952,14186.259999999951
2026-01-21 12:07:00,13776.619999999952,14201.65999999995
2026-01-21 13:07:00,13776.619999999952,14196.279999999952
2026-01-21 14:07:00,13776.619999999952,14197.81999999995
2026-01-21 15:07:00,13776.619999999952,14200.23999999995
2026-01-21 16:07:00,13776.619999999952,14198.99999999995
2026-01-21 17:07:00,13776.619999999952,14201.259999999951
2026-01-21 18:07:00,13879.09999999995,14473.799999999952
2026-01-21 19:07:00,13879.09999999995,14297.119999999946
2026-01-21 20:07:00,13941.07999999995,14371.03999999995
2026-01-21 21:07:00,14025.119999999952,14504.639999999952
2026-01-21 22:07:00,14024.919999999951,14281.47999999995
2026-01-21 23:07:00,14024.919999999951,14350.27999999995
2026-01-22 01:08:00,14023.919999999951,14334.839999999951
2026-01-22 02:08:00,14023.919999999951,14296.61999999995
2026-01-22 03:08:00,14023.919999999951,14285.69999999995
2026-01-22 04:08:00,14023.919999999951,14297.57999999995
2026-01-22 05:08:00,14023.919999999951,14287.859999999951
2026-01-22 06:08:00,14023.919999999951,14314.95999999995
2026-01-22 07:08:00,14023.919999999951,14314.23999999995
2026-01-22 08:08:00,14023.919999999951,14361.15999999995
2026-01-22 09:08:00,14023.919999999951,14381.65999999995
2026-01-22 10:08:00,14023.919999999951,14381.99999999995
2026-01-22 11:08:00,14023.919999999951,14383.179999999951
2026-01-22 12:08:00,14093.459999999948,14529.599999999948
2026-01-22 13:08:00,14093.459999999948,14686.999999999945
2026-01-22 14:08:00,14199.739999999947,14655.599999999946
2026-01-22 15:08:00,14199.13999999995,14582.999999999947
2026-01-22 16:08:00,14198.539999999948,14539.839999999947
2026-01-22 17:08:00,14198.539999999948,14558.779999999948
2026-01-22 18:08:00,14198.539999999948,14635.459999999948
2026-01-22 19:08:00,14198.539999999948,14635.319999999947
2026-01-22 20:08:00,14198.539999999948,14718.539999999948
2026-01-22 21:08:00,14198.539999999948,14737.399999999947
2026-01-22 22:08:00,14198.539999999948,14737.239999999947
2026-01-22 23:08:00,14759.759999999946,14835.499999999944
2026-01-23 01:09:00,15097.159999999943,15097.159999999943
2026-01-23 02:09:00,15097.159999999943,15097.159999999943
2026-01-23 03:09:00,15096.109999999944,15114.259999999944
2026-01-23 04:09:00,15112.339999999951,15112.339999999951
2026-01-23 05:09:00,15112.339999999951,15112.339999999951
2026-01-23 06:09:00,15112.339999999951,15112.339999999951
2026-01-23 07:09:00,15112.339999999951,15112.339999999951
2026-01-23 08:09:00,15112.339999999951,15112.339999999951
2026-01-23 09:09:00,15112.339999999951,15112.339999999951
2026-01-23 10:09:00,15112.339999999951,15112.339999999951
2026-01-23 11:09:00,15112.339999999951,15112.339999999951
2026-01-23 12:09:00,15112.339999999951,15112.339999999951
2026-01-23 13:09:00,15112.339999999951,15112.339999999951
2026-01-23 14:09:00,15112.339999999951,15112.339999999951
2026-01-23 15:09:00,15112.339999999951,15112.339999999951
2026-01-23 16:09:00,15112.339999999951,15112.339999999951
2026-01-23 17:09:00,15112.339999999951,15112.339999999951
2026-01-23 18:09:00,15112.339999999951,15112.339999999951
2026-01-23 19:09:00,15112.339999999951,15112.339999999951
2026-01-23 20:09:00,15132.979999999949,15205.57999999995
2026-01-23 21:09:00,15175.699999999946,15175.699999999946
2026-01-23 22:09:00,15175.699999999946,15175.699999999946
2026-01-23 23:09:00,15175.699999999946,15175.699999999946
2026-01-26 01:10:00,15175.699999999946,15175.699999999946
2026-01-26 02:10:00,15175.699999999946,15175.699999999946
2026-01-26 03:10:00,15175.699999999946,15175.699999999946
2026-01-26 04:10:00,15175.699999999946,15175.699999999946
2026-01-26 05:10:00,15175.699999999946,15175.699999999946
2026-01-26 06:10:00,15175.699999999946,15175.699999999946
2026-01-26 07:10:00,15175.699999999946,15175.699999999946
2026-01-26 08:10:00,15175.699999999946,15175.699999999946
2026-01-26 09:10:00,15175.699999999946,15175.699999999946
2026-01-26 10:10:00,15175.699999999946,15175.699999999946
2026-01-26 11:10:00,15175.699999999946,15175.699999999946
2026-01-26 12:10:00,15175.699999999946,15175.699999999946
2026-01-26 13:10:00,15174.369999999946,15175.129999999946
2026-01-26 14:10:00,15228.709999999941,15228.709999999941
2026-01-26 15:10:00,15228.709999999941,15228.709999999941
2026-01-26 16:10:00,15228.709999999941,15228.709999999941
2026-01-26 17:10:00,15228.709999999941,15228.709999999941
2026-01-26 18:10:00,15228.709999999941,15228.709999999941
2026-01-26 19:10:00,15228.709999999941,15228.709999999941
2026-01-26 20:10:00,15228.709999999941,15228.709999999941
2026-01-26 21:10:00,15363.46999999994,15556.429999999938
2026-01-26 22:10:00,15362.269999999935,15362.269999999935
2026-01-26 23:10:00,15362.269999999935,15362.269999999935
2026-01-27 01:11:00,15362.269999999935,15362.269999999935
2026-01-27 02:11:00,15362.269999999935,15362.269999999935
2026-01-27 03:11:00,15362.269999999935,15362.269999999935
2026-01-27 04:11:00,15361.919999999935,15436.069999999934
2026-01-27 05:11:00,15378.549999999934,15442.549999999934
2026-01-27 06:11:00,15378.549999999934,15464.189999999933
2026-01-27 07:11:00,15378.549999999934,15409.509999999933
2026-01-27 08:11:00,15411.809999999934,15494.099999999935
2026-01-27 09:11:00,15411.809999999934,15531.539999999934
2026-01-27 10:11:00,15411.809999999934,15504.899999999932
2026-01-27 11:11:00,15411.809999999934,15509.999999999933
2026-01-27 12:11:00,15411.809999999934,15532.889999999934
2026-01-27 13:11:00,15411.809999999934,15516.329999999934
2026-01-27 14:11:00,15411.809999999934,15497.129999999932
2026-01-27 15:11:00,15411.809999999934,15512.489999999932
2026-01-27 16:11:00,15411.809999999934,15449.489999999932
2026-01-27 17:11:00,15411.509999999933,15411.509999999933
2026-01-27 18:11:00,15411.509999999933,15411.509999999933
2026-01-27 19:11:00,15411.509999999933,15411.509999999933
2026-01-27 20:11:00,15411.509999999933,15411.509999999933
2026-01-27 21:11:00,15411.509999999933,15411.509999999933
2026-01-27 22:11:00,15411.509999999933,15411.509999999933
2026-01-27 23:11:00,15411.509999999933,15411.509999999933
2026-01-28 01:12:00,15411.509999999933,15411.509999999933
2026-01-28 02:12:00,15411.509999999933,15411.509999999933
2026-01-28 03:12:00,15411.509999999933,15411.509999999933
2026-01-28 04:12:00,15411.509999999933,15411.509999999933
2026-01-28 05:12:00,15411.509999999933,15411.509999999933
2026-01-28 06:12:00,15411.509999999933,15411.509999999933
2026-01-28 07:12:00,15411.509999999933,15411.509999999933
2026-01-28 08:12:00,15411.509999999933,15411.509999999933
2026-01-28 09:12:00,15411.509999999933,15411.509999999933
2026-01-28 10:12:00,15411.509999999933,15411.509999999933
2026-01-28 11:12:00,15411.509999999933,15411.509999999933
2026-01-28 12:12:00,15411.509999999933,15411.509999999933
2026-01-28 13:12:00,15411.509999999933,15411.509999999933
2026-01-28 14:12:00,15411.509999999933,15411.509999999933
2026-01-28 15:12:00,15411.509999999933,15411.509999999933
2026-01-28 16:12:00,15411.509999999933,15411.509999999933
2026-01-28 17:12:00,15262.869999999928,15262.869999999928
2026-01-28 18:12:00,15262.869999999928,15262.869999999928
2026-01-28 19:12:00,15262.869999999928,15262.869999999928
2026-01-28 20:12:00,15262.869999999928,15262.869999999928
2026-01-28 21:12:00,15262.869999999928,15262.869999999928
2026-01-28 22:12:00,15262.869999999928,15262.869999999928
2026-01-28 23:12:00,15262.869999999928,15262.869999999928
2026-01-29 01:13:00,15262.869999999928,15262.869999999928
2026-01-29 02:13:00,15262.869999999928,15262.869999999928
2026-01-29 03:13:00,15262.869999999928,15262.869999999928
2026-01-29 04:13:00,15262.869999999928,15262.869999999928
2026-01-29 05:13:00,15262.869999999928,15262.869999999928
2026-01-29 06:13:00,15262.869999999928,15262.869999999928
2026-01-29 07:13:00,15262.869999999928,15262.869999999928
2026-01-29 08:13:00,15262.869999999928,15262.869999999928
2026-01-29 09:13:00,15262.869999999928,15262.869999999928
2026-01-29 10:13:00,15262.869999999928,15262.869999999928
2026-01-29 11:13:00,15116.239999999925,15116.239999999925
2026-01-29 12:13:00,15116.239999999925,15116.239999999925
2026-01-29 13:13:00,15116.239999999925,15116.239999999925
2026-01-29 14:13:00,15116.239999999925,15116.239999999925
2026-01-29 15:13:00,15116.239999999925,15116.239999999925
2026-01-29 16:13:00,15116.239999999925,15116.239999999925
2026-01-29 17:13:00,15116.239999999925,15116.239999999925
2026-01-29 18:13:00,15116.239999999925,15116.239999999925
2026-01-29 19:13:00,15116.239999999925,15116.239999999925
2026-01-29 20:13:00,14997.679999999926,14997.679999999926
2026-01-29 21:13:00,14997.679999999926,14997.679999999926
2026-01-29 22:13:00,14997.679999999926,14997.679999999926
2026-01-29 23:13:00,14997.679999999926,14997.679999999926
2026-01-30 01:14:00,14997.539999999926,15010.399999999927
2026-01-30 02:14:00,14997.539999999926,14963.599999999928
2026-01-30 03:14:00,15076.919999999925,15195.219999999925
2026-01-30 04:14:00,15076.919999999925,15291.729999999925
2026-01-30 05:14:00,15076.779999999926,15386.939999999926
2026-01-30 06:14:00,15076.779999999926,15288.749999999924
2026-01-30 07:14:00,15076.779999999926,15258.419999999925
2026-01-30 08:14:00,15076.779999999926,15357.929999999924
2026-01-30 09:14:00,15145.079999999925,15440.049999999923
2026-01-30 10:14:00,15145.079999999925,15494.589999999924
2026-01-30 11:14:00,15462.599999999926,15647.109999999924
2026-01-30 12:14:00,15462.599999999926,15637.149999999925
2026-01-30 13:14:00,15462.599999999926,15555.689999999926
2026-01-30 14:14:00,15462.599999999926,15547.009999999926
2026-01-30 15:14:00,15462.599999999926,15599.939999999926
2026-01-30 16:14:00,15462.599999999926,15622.649999999925
2026-01-30 17:14:00,15462.599999999926,15647.989999999925
2026-01-30 18:14:00,15462.599999999926,15645.329999999925
2026-01-30 19:14:00,15735.819999999925,15735.819999999925
2026-01-30 20:14:00,15735.819999999925,15735.819999999925
2026-01-30 21:14:00,15735.819999999925,15735.819999999925
2026-01-30 22:14:00,15735.819999999925,15735.819999999925
2026-01-30 23:14:00,15735.819999999925,15735.819999999925
2026-02-02 01:15:00,15735.679999999926,15701.599999999926
2026-02-02 02:15:00,15803.359999999926,15861.529999999926
2026-02-02 03:15:00,15803.259999999926,15943.189999999926
2026-02-02 04:15:00,15803.259999999926,15879.109999999924
2026-02-02 05:15:00,15803.259999999926,15939.579999999925
2026-02-02 06:15:00,15803.259999999926,15941.439999999926
2026-02-02 07:15:00,15803.259999999926,15955.099999999926
2026-02-02 08:15:00,15803.259999999926,16069.509999999926
2026-02-02 09:15:00,16196.089999999926,16196.089999999926
2026-02-02 10:15:00,16196.089999999926,16196.089999999926
2026-02-02 11:15:00,16196.089999999926,16196.089999999926
2026-02-02 12:15:00,16196.089999999926,16196.089999999926
2026-02-02 13:15:00,16196.089999999926,16196.089999999926
2026-02-02 14:15:00,16196.089999999926,16196.089999999926
2026-02-02 15:15:00,16196.089999999926,16196.089999999926
2026-02-02 16:15:00,16196.089999999926,16196.089999999926
2026-02-02 17:15:00,16196.089999999926,16196.089999999926
2026-02-02 18:15:00,16196.089999999926,16196.089999999926
2026-02-02 19:15:00,16196.089999999926,16196.089999999926
2026-02-02 20:15:00,16196.089999999926,16196.089999999926
2026-02-02 21:15:00,16196.089999999926,16196.089999999926
2026-02-02 22:15:00,16196.089999999926,16196.089999999926
2026-02-02 23:15:00,16196.089999999926,16196.089999999926
2026-02-03 01:16:00,16196.089999999926,16196.089999999926
2026-02-03 02:16:00,16196.089999999926,16196.089999999926
2026-02-03 03:16:00,16196.089999999926,16196.089999999926
2026-02-03 04:16:00,16196.089999999926,16196.089999999926
2026-02-03 05:16:00,16196.089999999926,16196.089999999926
2026-02-03 06:16:00,16196.089999999926,16196.089999999926
2026-02-03 07:16:00,16196.089999999926,16196.089999999926
2026-02-03 08:16:00,16196.089999999926,16196.089999999926
2026-02-03 09:16:00,16196.089999999926,16196.089999999926
2026-02-03 10:16:00,16196.089999999926,16196.089999999926
2026-02-03 11:16:00,16196.089999999926,16196.089999999926
2026-02-03 12:16:00,16196.089999999926,16196.089999999926
2026-02-03 13:16:00,16196.089999999926,16196.089999999926
2026-02-03 14:16:00,16196.089999999926,16196.089999999926
2026-02-03 15:16:00,16196.089999999926,16196.089999999926
2026-02-03 16:16:00,16196.089999999926,16196.089999999926
2026-02-03 17:16:00,16196.089999999926,16196.089999999926
2026-02-03 18:16:00,16196.089999999926,16196.089999999926
2026-02-03 19:16:00,16196.089999999926,16196.089999999926
2026-02-03 20:16:00,16196.089999999926,16196.089999999926
2026-02-03 21:16:00,16196.089999999926,16196.089999999926
2026-02-03 22:16:00,16196.089999999926,16196.089999999926
2026-02-03 23:16:00,16196.089999999926,16196.089999999926
2026-02-04 01:17:00,16196.089999999926,16196.089999999926
2026-02-04 02:17:00,16196.089999999926,16196.089999999926
2026-02-04 03:17:00,16196.089999999926,16196.089999999926
2026-02-04 04:17:00,16196.089999999926,16196.089999999926
2026-02-04 05:17:00,16196.089999999926,16196.089999999926
2026-02-04 06:17:00,16196.089999999926,16196.089999999926
2026-02-04 07:17:00,16196.089999999926,16196.089999999926
2026-02-04 08:17:00,16196.089999999926,16196.089999999926
2026-02-04 09:17:00,16196.089999999926,16196.089999999926
2026-02-04 10:17:00,16196.089999999926,16196.089999999926
2026-02-04 11:17:00,16196.089999999926,16196.089999999926
2026-02-04 12:17:00,16196.089999999926,16196.089999999926
2026-02-04 13:17:00,16196.089999999926,16196.089999999926
2026-02-04 14:17:00,16196.089999999926,16196.089999999926
2026-02-04 15:17:00,16196.089999999926,16196.089999999926
2026-02-04 16:17:00,16196.089999999926,16196.089999999926
2026-02-04 17:17:00,16196.089999999926,16196.089999999926
2026-02-04 18:17:00,16196.089999999926,16196.089999999926
2026-02-04 19:17:00,16196.089999999926,16196.089999999926
2026-02-04 20:17:00,16196.089999999926,16196.089999999926
2026-02-04 21:17:00,16196.089999999926,16196.089999999926
2026-02-04 22:17:00,16196.089999999926,16196.089999999926
2026-02-04 23:17:00,16196.089999999926,16196.089999999926
2026-02-05 01:18:00,16196.089999999926,16196.089999999926
2026-02-05 02:18:00,16196.089999999926,16196.089999999926
2026-02-05 03:18:00,16196.089999999926,16196.089999999926
2026-02-05 04:18:00,16196.089999999926,16196.089999999926
2026-02-05 05:18:00,16196.089999999926,16196.089999999926
2026-02-05 06:18:00,16196.089999999926,16196.089999999926
2026-02-05 07:18:00,16196.089999999926,16196.089999999926
2026-02-05 08:18:00,16196.089999999926,16196.089999999926
2026-02-05 09:18:00,16196.089999999926,16196.089999999926
2026-02-05 10:18:00,16196.089999999926,16196.089999999926
2026-02-05 11:18:00,16196.089999999926,16196.089999999926
2026-02-05 12:18:00,16196.089999999926,16196.089999999926
2026-02-05 13:18:00,16196.089999999926,16196.089999999926
2026-02-05 14:18:00,16196.089999999926,16196.089999999926
2026-02-05 15:18:00,16196.089999999926,16196.089999999926
2026-02-05 16:18:00,16196.089999999926,16196.089999999926
2026-02-05 17:18:00,16196.089999999926,16196.089999999926
2026-02-05 18:18:00,16196.089999999926,16196.089999999926
2026-02-05 19:18:00,16196.089999999926,16196.089999999926
2026-02-05 20:18:00,16196.089999999926,16196.089999999926
2026-02-05 21:18:00,16196.089999999926,16196.089999999926
2026-02-05 22:18:00,16196.089999999926,16196.089999999926
2026-02-05 23:18:00,16196.089999999926,16196.089999999926
2026-02-06 01:19:00,16196.089999999926,16196.089999999926
2026-02-06 02:19:00,16196.089999999926,16196.089999999926
2026-02-06 03:19:00,16196.089999999926,16196.089999999926
2026-02-06 04:19:00,16196.089999999926,16196.089999999926
2026-02-06 05:19:00,16196.089999999926,16196.089999999926
2026-02-06 06:19:00,16196.089999999926,16196.089999999926
2026-02-06 07:19:00,16196.089999999926,16196.089999999926
2026-02-06 08:19:00,16196.089999999926,16196.089999999926
2026-02-06 09:19:00,16196.089999999926,16196.089999999926
2026-02-06 10:19:00,16196.089999999926,16196.089999999926
2026-02-06 11:19:00,16196.089999999926,16196.089999999926
2026-02-06 12:19:00,16196.089999999926,16196.089999999926
2026-02-06 13:19:00,16196.089999999926,16196.089999999926
2026-02-06 14:19:00,16196.089999999926,16196.089999999926
2026-02-06 15:19:00,16196.089999999926,16196.089999999926
2026-02-06 16:19:00,16196.089999999926,16196.089999999926
2026-02-06 17:19:00,16195.809999999925,16189.329999999922
2026-02-06 18:19:00,16195.809999999925,16203.769999999924
2026-02-06 19:19:00,16217.059999999923,16217.059999999923
2026-02-06 20:19:00,16217.059999999923,16217.059999999923
2026-02-06 21:19:00,16217.059999999923,16217.059999999923
2026-02-06 22:19:00,16217.059999999923,16217.059999999923
2026-02-06 23:19:00,16217.059999999923,16217.059999999923
2026-02-09 01:20:00,16217.059999999923,16217.059999999923
2026-02-09 02:20:00,16217.059999999923,16217.059999999923
2026-02-09 03:20:00,16246.869999999919,16246.869999999919
2026-02-09 04:20:00,16246.869999999919,16246.869999999919
2026-02-09 05:20:00,16246.869999999919,16246.869999999919
2026-02-09 06:20:00,16246.869999999919,16246.869999999919
2026-02-09 07:20:00,16246.869999999919,16246.869999999919
2026-02-09 08:20:00,16246.869999999919,16246.869999999919
2026-02-09 09:20:00,16246.869999999919,16246.869999999919
2026-02-09 10:20:00,16246.869999999919,16246.869999999919
2026-02-09 11:20:00,16246.869999999919,16246.869999999919
2026-02-09 12:20:00,16246.869999999919,16246.869999999919
2026-02-09 13:20:00,16246.869999999919,16246.869999999919
2026-02-09 14:20:00,16246.869999999919,16246.869999999919
2026-02-09 15:20:00,16246.869999999919,16246.869999999919
2026-02-09 16:20:00,16246.869999999919,16246.869999999919
2026-02-09 17:20:00,16246.869999999919,16246.869999999919
2026-02-09 18:20:00,16246.869999999919,16246.869999999919
2026-02-09 19:20:00,16246.869999999919,16246.869999999919
2026-02-09 20:20:00,16246.23999999992,16242.729999999925
2026-02-09 21:20:00,16266.33999999992,16371.54999999992
2026-02-09 22:20:00,16306.53999999992,16448.989999999918
2026-02-09 23:20:00,16306.53999999992,16365.23999999992
2026-02-10 01:21:00,16306.039999999924,16306.039999999924
2026-02-10 02:21:00,16305.409999999925,16339.33999999993
2026-02-10 03:21:00,16369.129999999925,16453.479999999923
2026-02-10 04:21:00,16368.629999999923,16368.629999999923
2026-02-10 05:21:00,16368.629999999923,16368.629999999923
2026-02-10 06:21:00,16368.629999999923,16368.629999999923
2026-02-10 07:21:00,16368.629999999923,16368.629999999923
2026-02-10 08:21:00,16368.629999999923,16368.629999999923
2026-02-10 09:21:00,16368.629999999923,16368.629999999923
2026-02-10 10:21:00,16368.629999999923,16368.629999999923
2026-02-10 11:21:00,16368.629999999923,16368.629999999923
2026-02-10 12:21:00,16368.629999999923,16368.629999999923
2026-02-10 13:21:00,16368.629999999923,16368.629999999923
2026-02-10 14:21:00,16368.629999999923,16368.629999999923
2026-02-10 15:21:00,16368.629999999923,16368.629999999923
2026-02-10 16:21:00,16368.629999999923,16368.629999999923
2026-02-10 17:21:00,16368.629999999923,16368.629999999923
2026-02-10 18:21:00,16368.629999999923,16368.629999999923
2026-02-10 19:21:00,16368.629999999923,16368.629999999923
2026-02-10 20:21:00,16368.629999999923,16368.629999999923
2026-02-10 21:21:00,16368.629999999923,16368.629999999923
2026-02-10 22:21:00,16368.629999999923,16368.629999999923
2026-02-10 23:21:00,16368.629999999923,16368.629999999923
2026-02-11 01:22:00,16368.629999999923,16368.629999999923
2026-02-11 02:22:00,16368.629999999923,16368.629999999923
2026-02-11 03:22:00,16368.629999999923,16368.629999999923
2026-02-11 04:22:00,16368.629999999923,16368.629999999923
2026-02-11 05:22:00,16368.629999999923,16368.629999999923
2026-02-11 06:22:00,16368.629999999923,16368.629999999923
2026-02-11 07:22:00,16368.629999999923,16368.629999999923
2026-02-11 08:22:00,16368.629999999923,16368.629999999923
2026-02-11 09:22:00,16368.629999999923,16368.629999999923
2026-02-11 10:22:00,16368.629999999923,16368.629999999923
2026-02-11 11:22:00,16368.629999999923,16368.629999999923
2026-02-11 12:22:00,16368.629999999923,16368.629999999923
2026-02-11 13:22:00,16368.629999999923,16368.629999999923
2026-02-11 14:22:00,16368.629999999923,16368.629999999923
2026-02-11 15:22:00,16368.629999999923,16368.629999999923
2026-02-11 16:22:00,16368.629999999923,16368.629999999923
2026-02-11 17:22:00,16368.629999999923,16368.629999999923
2026-02-11 18:22:00,16368.629999999923,16368.629999999923
2026-02-11 19:22:00,16368.629999999923,16368.629999999923
2026-02-11 20:22:00,16368.629999999923,16368.629999999923
2026-02-11 21:22:00,16368.629999999923,16368.629999999923
2026-02-11 22:22:00,16368.629999999923,16368.629999999923
2026-02-11 23:22:00,16368.629999999923,16368.629999999923
2026-02-12 01:23:00,16368.629999999923,16368.629999999923
2026-02-12 02:23:00,16368.629999999923,16368.629999999923
2026-02-12 03:23:00,16368.629999999923,16368.629999999923
2026-02-12 04:23:00,16368.629999999923,16368.629999999923
2026-02-12 05:23:00,16368.629999999923,16368.629999999923
2026-02-12 06:23:00,16368.629999999923,16368.629999999923
2026-02-12 07:23:00,16368.629999999923,16368.629999999923
2026-02-12 08:23:00,16368.629999999923,16368.629999999923
2026-02-12 09:23:00,16368.629999999923,16368.629999999923
2026-02-12 10:23:00,16368.629999999923,16368.629999999923
2026-02-12 11:23:00,16368.629999999923,16368.629999999923
2026-02-12 12:23:00,16387.759999999922,16478.689999999922
2026-02-12 13:23:00,16427.279999999922,16509.879999999925
2026-02-12 14:23:00,16427.279999999922,16510.52999999992
2026-02-12 15:23:00,16427.279999999922,16457.42999999992
2026-02-12 16:23:00,16426.779999999922,16426.779999999922
2026-02-12 17:23:00,16426.779999999922,16426.779999999922
2026-02-12 18:23:00,16426.779999999922,16426.779999999922
2026-02-12 19:23:00,16426.779999999922,16426.779999999922
2026-02-12 20:23:00,16426.779999999922,16426.779999999922
2026-02-12 21:23:00,16426.779999999922,16426.779999999922
2026-02-12 22:23:00,16426.779999999922,16426.779999999922
2026-02-12 23:23:00,16426.779999999922,16426.779999999922
2026-02-13 01:24:00,16426.779999999922,16426.779999999922
2026-02-13 02:24:00,16426.779999999922,16426.779999999922
2026-02-13 03:24:00,16426.779999999922,16426.779999999922
2026-02-13 04:24:00,16426.639999999923,16424.67999999992
2026-02-13 05:24:00,16426.639999999923,16439.73999999992
2026-02-13 06:24:00,16426.639999999923,16413.17999999992
2026-02-13 07:24:00,16426.639999999923,16426.659999999923
2026-02-13 08:24:00,16426.639999999923,16480.67999999992
2026-02-13 09:24:00,16426.639999999923,16458.71999999992
2026-02-13 10:24:00,16426.639999999923,16434.71999999992
2026-02-13 11:24:00,16426.639999999923,16435.119999999923
2026-02-13 12:24:00,16426.639999999923,16450.379999999925
2026-02-13 13:24:00,16426.639999999923,16512.599999999922
2026-02-13 14:24:00,16426.639999999923,16448.81999999992
2026-02-13 15:24:00,16426.639999999923,16452.159999999923
2026-02-13 16:24:00,16426.639999999923,16388.459999999923
2026-02-13 17:24:00,16426.639999999923,16386.81999999992
2026-02-13 18:24:00,16440.169999999922,16516.009999999922
2026-02-13 19:24:00,16468.209999999923,16532.429999999924
2026-02-13 20:24:00,16468.209999999923,16575.859999999924
2026-02-13 21:24:00,16408.53999999992,16633.97999999992
2026-02-13 22:24:00,16408.53999999992,16582.459999999923
2026-02-13 23:24:00,16408.53999999992,16584.459999999923
2026-02-16 01:25:00,16593.07999999992,16748.959999999923
2026-02-16 02:25:00,16593.07999999992,16678.07999999992
2026-02-16 03:25:00,16593.07999999992,16759.87999999992
2026-02-16 04:25:00,16593.07999999992,16728.35999999992
2026-02-16 05:25:00,16593.07999999992,16630.159999999923
2026-02-16 06:25:00,16592.67999999992,16592.67999999992
2026-02-16 07:25:00,16592.67999999992,16592.67999999992
2026-02-16 08:25:00,16592.67999999992,16592.67999999992
2026-02-16 09:25:00,16592.67999999992,16592.67999999992
2026-02-16 10:25:00,16654.33999999992,16700.23999999992
2026-02-16 11:25:00,16653.339999999916,16653.339999999916
2026-02-16 12:25:00,16653.339999999916,16653.339999999916
2026-02-16 13:25:00,16653.339999999916,16653.339999999916
2026-02-16 14:25:00,16653.339999999916,16653.339999999916
2026-02-16 15:25:00,16653.339999999916,16653.339999999916
2026-02-16 16:25:00,16653.339999999916,16653.339999999916
2026-02-16 17:25:00,16652.359999999917,16693.239999999903
2026-02-16 18:25:00,16652.359999999917,16733.27999999991
2026-02-16 19:25:00,16714.189999999915,16842.34999999991
2026-02-16 20:25:00,16714.189999999915,16858.90999999991
2026-02-16 21:25:00,16714.189999999915,16824.66999999991
2026-02-17 01:54:00,16710.189999999915,16842.98999999991
2026-02-17 02:54:00,16709.389999999912,16709.389999999912
2026-02-17 03:54:00,16709.389999999912,16709.389999999912
2026-02-17 04:54:00,16709.389999999912,16709.389999999912
2026-02-17 05:54:00,16709.389999999912,16709.389999999912
2026-02-17 06:54:00,16709.389999999912,16709.389999999912
2026-02-17 07:54:00,16709.389999999912,16709.389999999912
2026-02-17 08:54:00,16709.389999999912,16709.389999999912
2026-02-17 09:54:00,16709.389999999912,16709.389999999912
2026-02-17 10:54:00,16709.389999999912,16709.389999999912
2026-02-17 11:54:00,16709.389999999912,16709.389999999912
2026-02-17 12:54:00,16709.389999999912,16709.389999999912
2026-02-17 13:54:00,16709.389999999912,16709.389999999912
2026-02-17 14:54:00,16709.389999999912,16709.389999999912
2026-02-17 15:54:00,16709.389999999912,16709.389999999912
2026-02-17 16:54:00,16709.389999999912,16709.389999999912
2026-02-17 17:54:00,16709.389999999912,16709.389999999912
2026-02-17 18:54:00,16709.389999999912,16709.389999999912
2026-02-17 19:54:00,16709.389999999912,16709.389999999912
2026-02-17 20:54:00,16709.389999999912,16709.389999999912
2026-02-17 21:54:00,16709.389999999912,16709.389999999912
2026-02-17 22:54:00,16709.389999999912,16709.389999999912
2026-02-17 23:54:00,16709.389999999912,16709.389999999912
2026-02-18 01:55:00,16709.389999999912,16709.389999999912
2026-02-18 02:55:00,16709.389999999912,16709.389999999912
2026-02-18 03:55:00,16709.389999999912,16709.389999999912
2026-02-18 04:55:00,16709.389999999912,16709.389999999912
2026-02-18 05:55:00,16709.389999999912,16709.389999999912
2026-02-18 06:55:00,16709.389999999912,16709.389999999912
2026-02-18 07:55:00,16709.389999999912,16709.389999999912
2026-02-18 08:55:00,16709.389999999912,16709.389999999912
2026-02-18 09:55:00,16709.389999999912,16709.389999999912
2026-02-18 10:55:00,16709.389999999912,16709.389999999912
2026-02-18 11:55:00,16709.389999999912,16709.389999999912
2026-02-18 12:55:00,16709.389999999912,16709.389999999912
2026-02-18 13:55:00,16709.389999999912,16709.389999999912
2026-02-18 14:55:00,16709.389999999912,16709.389999999912
2026-02-18 15:55:00,16709.389999999912,16709.389999999912
2026-02-18 16:55:00,16709.389999999912,16709.389999999912
2026-02-18 17:55:00,16709.389999999912,16709.389999999912
2026-02-18 18:55:00,16709.389999999912,16709.389999999912
2026-02-18 19:55:00,16709.389999999912,16709.389999999912
2026-02-18 20:55:00,16709.389999999912,16709.389999999912
2026-02-18 21:55:00,16708.68999999991,16728.089999999916
2026-02-18 22:55:00,16708.68999999991,16731.98999999991
2026-02-18 23:55:00,16708.68999999991,16690.489999999914
2026-02-19 01:56:00,16550.489999999914,16550.489999999914
2026-02-19 02:56:00,16550.489999999914,16550.489999999914
2026-02-19 03:56:00,16550.489999999914,16550.489999999914
2026-02-19 04:56:00,16550.489999999914,16550.489999999914
2026-02-19 05:56:00,16550.489999999914,16550.489999999914
2026-02-19 06:56:00,16550.489999999914,16550.489999999914
2026-02-19 07:56:00,16550.489999999914,16550.489999999914
2026-02-19 08:56:00,16550.489999999914,16550.489999999914
2026-02-19 09:56:00,16550.489999999914,16550.489999999914
2026-02-19 10:56:00,16550.489999999914,16550.489999999914
2026-02-19 11:56:00,16550.489999999914,16550.489999999914
2026-02-19 12:56:00,16550.489999999914,16550.489999999914
2026-02-19 13:56:00,16550.489999999914,16550.489999999914
2026-02-19 14:56:00,16550.489999999914,16550.489999999914
2026-02-19 15:56:00,16550.489999999914,16550.489999999914
2026-02-19 16:56:00,16550.489999999914,16550.489999999914
2026-02-19 17:56:00,16550.489999999914,16550.489999999914
2026-02-19 18:56:00,16721.989999999914,16750.129999999917
2026-02-19 19:56:00,16721.289999999917,16721.289999999917
2026-02-19 20:56:00,16721.289999999917,16721.289999999917
2026-02-19 21:56:00,16721.289999999917,16721.289999999917
2026-02-19 22:56:00,16721.289999999917,16721.289999999917
2026-02-19 23:56:00,16721.289999999917,16721.289999999917
2026-02-20 01:57:00,16721.289999999917,16721.289999999917
2026-02-20 02:57:00,16721.289999999917,16721.289999999917
2026-02-20 03:57:00,16721.289999999917,16721.289999999917
2026-02-20 04:57:00,16721.289999999917,16721.289999999917
2026-02-20 05:57:00,16721.289999999917,16721.289999999917
2026-02-20 06:57:00,16721.289999999917,16721.289999999917
2026-02-20 07:57:00,16721.289999999917,16721.289999999917
2026-02-20 08:57:00,16721.289999999917,16721.289999999917
2026-02-20 09:57:00,16721.289999999917,16721.289999999917
2026-02-20 10:57:00,16721.289999999917,16721.289999999917
2026-02-20 11:57:00,16721.289999999917,16721.289999999917
2026-02-20 12:57:00,16721.289999999917,16721.289999999917
2026-02-20 13:57:00,16721.289999999917,16721.289999999917
2026-02-20 14:57:00,16721.289999999917,16721.289999999917
2026-02-20 15:57:00,16721.289999999917,16721.289999999917
2026-02-20 16:57:00,16721.289999999917,16721.289999999917
2026-02-20 17:57:00,16552.989999999914,16552.989999999914
2026-02-20 18:57:00,16552.989999999914,16552.989999999914
2026-02-20 19:57:00,16552.989999999914,16552.989999999914
2026-02-20 20:57:00,16552.989999999914,16552.989999999914
2026-02-20 21:57:00,16552.989999999914,16552.989999999914
2026-02-20 22:57:00,16552.989999999914,16552.989999999914
2026-02-20 23:57:00,16552.989999999914,16552.989999999914
2026-02-23 01:58:00,16552.989999999914,16552.989999999914
2026-02-23 02:58:00,16552.989999999914,16552.989999999914
2026-02-23 03:58:00,16552.989999999914,16552.989999999914
2026-02-23 04:58:00,16552.989999999914,16552.989999999914
2026-02-23 05:58:00,16552.989999999914,16552.989999999914
2026-02-23 06:58:00,16552.989999999914,16552.989999999914
2026-02-23 07:58:00,16552.989999999914,16552.989999999914
2026-02-23 08:58:00,16552.989999999914,16552.989999999914
2026-02-23 09:58:00,16552.989999999914,16552.989999999914
2026-02-23 10:58:00,16552.989999999914,16552.989999999914
2026-02-23 11:58:00,16552.989999999914,16552.989999999914
2026-02-23 12:58:00,16552.989999999914,16552.989999999914
2026-02-23 13:58:00,16552.989999999914,16552.989999999914
2026-02-23 14:58:00,16552.989999999914,16552.989999999914
2026-02-23 15:58:00,16552.989999999914,16552.989999999914
2026-02-23 16:58:00,16552.989999999914,16552.989999999914
2026-02-23 17:58:00,16552.989999999914,16552.989999999914
2026-02-23 18:58:00,16552.989999999914,16552.989999999914
2026-02-23 19:58:00,16551.86999999991,16730.269999999906
2026-02-23 20:58:00,16600.34999999991,16760.069999999916
2026-02-23 21:58:00,16600.34999999991,16835.909999999913
2026-02-23 22:58:00,16697.149999999914,17024.34999999991
2026-02-23 23:58:00,16715.73999999989,16968.699999999888
2026-02-24 01:59:00,16905.37999999989,17064.859999999888
2026-02-24 02:59:00,16905.37999999989,17017.41999999989
2026-02-24 03:59:00,16751.349999999886,16751.349999999886
2026-02-24 04:59:00,16751.349999999886,16751.349999999886
2026-02-24 05:59:00,16751.349999999886,16751.349999999886
2026-02-24 06:59:00,16751.349999999886,16751.349999999886
2026-02-24 07:59:00,16751.349999999886,16751.349999999886
2026-02-24 08:59:00,16751.349999999886,16751.349999999886
2026-02-24 09:59:00,16772.82999999988,16772.82999999988
2026-02-24 10:59:00,16772.82999999988,16772.82999999988
2026-02-24 11:59:00,16772.82999999988,16772.82999999988
2026-02-24 12:59:00,16772.82999999988,16772.82999999988
2026-02-24 13:59:00,16772.82999999988,16772.82999999988
2026-02-24 14:59:00,16772.82999999988,16772.82999999988
2026-02-24 15:59:00,16772.82999999988,16772.82999999988
2026-02-24 16:59:00,16772.82999999988,16772.82999999988
2026-02-24 17:59:00,16772.82999999988,16772.82999999988
2026-02-24 18:59:00,16772.82999999988,16772.82999999988
2026-02-24 19:59:00,16772.82999999988,16772.82999999988
2026-02-24 20:59:00,16772.82999999988,16772.82999999988
2026-02-24 21:59:00,16772.82999999988,16772.82999999988
2026-02-24 22:59:00,16772.82999999988,16772.82999999988
2026-02-25 01:00:00,16772.82999999988,16772.82999999988
2026-02-25 02:00:00,16600.029999999882,16600.029999999882
2026-02-25 03:00:00,16600.029999999882,16600.029999999882
2026-02-25 04:00:00,16600.029999999882,16600.029999999882
2026-02-25 05:00:00,16620.359999999884,16726.199999999884
2026-02-25 06:00:00,16620.359999999884,16686.159999999887
2026-02-25 07:00:00,16619.65999999989,16619.65999999989
2026-02-25 08:00:00,16619.65999999989,16619.65999999989
2026-02-25 09:00:00,16619.65999999989,16619.65999999989
2026-02-25 10:00:00,16619.65999999989,16619.65999999989
2026-02-25 11:00:00,16619.65999999989,16619.65999999989
2026-02-25 12:00:00,16619.65999999989,16619.65999999989
2026-02-25 13:00:00,16619.65999999989,16619.65999999989
2026-02-25 14:00:00,16619.65999999989,16619.65999999989
2026-02-25 15:00:00,16619.65999999989,16619.65999999989
2026-02-25 16:00:00,16619.65999999989,16619.65999999989
2026-02-25 17:00:00,16619.65999999989,16619.65999999989
2026-02-25 18:00:00,16619.65999999989,16619.65999999989
2026-02-25 19:00:00,16619.65999999989,16619.65999999989
2026-02-25 20:00:00,16682.999999999898,16764.249999999898
2026-02-25 21:00:00,16682.999999999898,16826.909999999894
2026-02-25 22:00:00,16769.649999999903,16850.529999999908
2026-02-25 23:00:00,17046.92999999991,17046.92999999991
2026-02-26 01:01:00,17046.92999999991,17046.92999999991
2026-02-26 02:01:00,17046.92999999991,17046.92999999991
2026-02-26 03:01:00,17046.92999999991,17046.92999999991
2026-02-26 04:01:00,17066.66999999991,17183.469999999914
2026-02-26 05:01:00,17065.86999999992,17065.86999999992
2026-02-26 06:01:00,17065.86999999992,17065.86999999992
2026-02-26 07:01:00,17065.86999999992,17065.86999999992
2026-02-26 08:01:00,17065.86999999992,17065.86999999992
2026-02-26 09:01:00,17065.86999999992,17065.86999999992
2026-02-26 10:01:00,17065.86999999992,17065.86999999992
2026-02-26 11:01:00,17065.86999999992,17065.86999999992
2026-02-26 12:01:00,17065.86999999992,17065.86999999992
2026-02-26 13:01:00,17065.86999999992,17065.86999999992
2026-02-26 14:01:00,17065.86999999992,17065.86999999992
2026-02-26 15:01:00,17065.86999999992,17065.86999999992
2026-02-26 16:01:00,17065.86999999992,17065.86999999992
2026-02-26 17:01:00,17065.86999999992,17065.86999999992
2026-02-26 18:01:00,17065.86999999992,17065.86999999992
2026-02-26 19:01:00,17065.86999999992,17065.86999999992
2026-02-26 20:01:00,17065.51999999992,17048.16999999992
2026-02-26 21:01:00,17065.51999999992,17121.21999999992
2026-02-26 22:01:00,17084.14999999992,17150.98999999992
2026-02-26 23:01:00,17084.14999999992,17183.509999999922
2026-02-27 01:02:00,17082.14999999992,17107.709999999923
2026-02-27 02:02:00,17082.14999999992,17119.14999999992
2026-02-27 03:02:00,17081.749999999927,17081.749999999927
2026-02-27 04:02:00,16920.159999999934,16920.159999999934
2026-02-27 05:02:00,16920.159999999934,16920.159999999934
2026-02-27 06:02:00,16920.159999999934,16920.159999999934
2026-02-27 07:02:00,16920.159999999934,16920.159999999934
2026-02-27 08:02:00,16920.159999999934,16920.159999999934
2026-02-27 09:02:00,16920.159999999934,16920.159999999934
2026-02-27 10:02:00,16920.159999999934,16920.159999999934
2026-02-27 11:02:00,16920.159999999934,16920.159999999934
2026-02-27 12:02:00,16920.159999999934,16920.159999999934
2026-02-27 13:02:00,16920.159999999934,16920.159999999934
2026-02-27 14:02:00,16920.159999999934,16920.159999999934
2026-02-27 15:02:00,16920.159999999934,16920.159999999934
2026-02-27 16:02:00,16920.159999999934,16920.159999999934
2026-02-27 17:02:00,16920.159999999934,16920.159999999934
2026-02-27 18:02:00,16920.159999999934,16920.159999999934
2026-02-27 19:02:00,16920.159999999934,16920.159999999934
2026-02-27 20:02:00,16920.159999999934,16920.159999999934
2026-02-27 21:02:00,16920.159999999934,16920.159999999934
2026-02-27 22:02:00,16920.159999999934,16920.159999999934
2026-02-27 23:02:00,16920.159999999934,16920.159999999934
2026-03-02 01:03:00,16920.159999999934,16920.159999999934
2026-03-02 02:03:00,16920.159999999934,16920.159999999934
2026-03-02 03:03:00,16919.879999999936,16819.139999999938
2026-03-02 04:03:00,16919.879999999936,16848.619999999937
2026-03-02 05:03:00,16919.879999999936,16964.659999999934
2026-03-02 06:03:00,16919.879999999936,17005.459999999937
2026-03-02 07:03:00,16919.879999999936,16959.019999999935
2026-03-02 08:03:00,16919.879999999936,17008.579999999936
2026-03-02 09:03:00,16919.879999999936,17105.219999999936
2026-03-02 10:03:00,17067.369999999933,17189.439999999933
2026-03-02 11:03:00,17067.369999999933,17175.159999999934
2026-03-02 12:03:00,17067.369999999933,17151.51999999993
2026-03-02 13:03:00,17067.369999999933,17160.899999999936
2026-03-02 14:03:00,17067.369999999933,17152.999999999935
2026-03-02 15:03:00,17067.369999999933,17181.239999999932
2026-03-02 16:03:00,17067.369999999933,17152.779999999933
2026-03-02 17:03:00,17067.169999999933,17067.169999999933
2026-03-02 18:03:00,17067.169999999933,17067.169999999933
2026-03-02 19:03:00,17067.169999999933,17067.169999999933
2026-03-02 20:03:00,17067.169999999933,17067.169999999933
2026-03-02 21:03:00,17067.169999999933,17067.169999999933
2026-03-02 22:03:00,17067.169999999933,17067.169999999933
2026-03-02 23:03:00,17067.169999999933,17067.169999999933
2026-03-03 01:04:00,17067.169999999933,17067.169999999933
2026-03-03 02:04:00,17067.169999999933,17067.169999999933
2026-03-03 03:04:00,17066.819999999934,17028.969999999936
2026-03-03 04:04:00,17086.969999999936,17117.609999999935
2026-03-03 05:04:00,17086.569999999938,17086.569999999938
2026-03-03 06:04:00,17086.569999999938,17086.569999999938
2026-03-03 07:04:00,17086.569999999938,17086.569999999938
2026-03-03 08:04:00,17086.569999999938,17086.569999999938
2026-03-03 09:04:00,17086.569999999938,17086.569999999938
2026-03-03 10:04:00,17086.569999999938,17086.569999999938
2026-03-03 11:04:00,17086.569999999938,17086.569999999938
2026-03-03 12:04:00,17086.569999999938,17086.569999999938
2026-03-03 13:04:00,17086.569999999938,17086.569999999938
2026-03-03 14:04:00,17086.569999999938,17086.569999999938
2026-03-03 15:04:00,17086.079999999936,17067.17999999994
2026-03-03 16:04:00,16924.309999999936,16924.309999999936
2026-03-03 17:04:00,16924.309999999936,16924.309999999936
2026-03-03 18:04:00,16766.869999999937,16766.869999999937
2026-03-03 19:04:00,16766.869999999937,16766.869999999937
2026-03-03 20:04:00,16766.869999999937,16766.869999999937
2026-03-03 21:04:00,16766.869999999937,16766.869999999937
2026-03-03 22:04:00,16766.869999999937,16766.869999999937
2026-03-03 23:04:00,16766.869999999937,16766.869999999937
2026-03-04 01:05:00,16766.869999999937,16766.869999999937
2026-03-04 02:05:00,16766.869999999937,16766.869999999937
2026-03-04 03:05:00,16766.869999999937,16766.869999999937
2026-03-04 04:05:00,16766.869999999937,16766.869999999937
2026-03-04 05:05:00,16766.869999999937,16766.869999999937
2026-03-04 06:05:00,16766.869999999937,16766.869999999937
2026-03-04 07:05:00,16766.869999999937,16766.869999999937
2026-03-04 08:05:00,16766.869999999937,16766.869999999937
2026-03-04 09:05:00,16766.869999999937,16766.869999999937
2026-03-04 10:05:00,16766.869999999937,16766.869999999937
2026-03-04 11:05:00,16766.869999999937,16766.869999999937
2026-03-04 12:05:00,16766.869999999937,16766.869999999937
2026-03-04 13:05:00,16766.869999999937,16766.869999999937
2026-03-04 14:05:00,16766.869999999937,16766.869999999937
2026-03-04 15:05:00,16766.869999999937,16766.869999999937
2026-03-04 16:05:00,16828.819999999934,16939.149999999932
2026-03-04 17:05:00,16827.71999999993,16827.71999999993
2026-03-04 18:05:00,16884.55999999993,16939.819999999927
2026-03-04 19:05:00,16884.55999999993,16971.439999999926
2026-03-04 20:05:00,16961.25999999993,17080.499999999927
2026-03-04 21:05:00,16961.25999999993,17092.45999999993
2026-03-04 22:05:00,16961.25999999993,17075.65999999993
2026-03-04 23:05:00,16961.25999999993,17055.45999999993
2026-03-05 01:06:00,16961.859999999928,17005.09999999993
2026-03-05 02:06:00,16961.45999999993,16961.45999999993
2026-03-05 03:06:00,16961.45999999993,16961.45999999993
2026-03-05 04:06:00,16961.45999999993,16961.45999999993
2026-03-05 05:06:00,16961.45999999993,16961.45999999993
2026-03-05 06:06:00,16961.45999999993,16961.45999999993
2026-03-05 07:06:00,16961.45999999993,16961.45999999993
2026-03-05 08:06:00,16961.45999999993,16961.45999999993
2026-03-05 09:06:00,16961.45999999993,16961.45999999993
2026-03-05 10:06:00,16961.45999999993,16961.45999999993
2026-03-05 11:06:00,16961.45999999993,16961.45999999993
2026-03-05 12:06:00,16961.45999999993,16961.45999999993
2026-03-05 13:06:00,16961.45999999993,16961.45999999993
2026-03-05 14:06:00,16961.45999999993,16961.45999999993
2026-03-05 15:06:00,16981.72999999992,16981.72999999992
2026-03-05 16:06:00,16981.72999999992,16981.72999999992
2026-03-05 17:06:00,16981.72999999992,16981.72999999992
2026-03-05 18:06:00,16981.72999999992,16981.72999999992
2026-03-05 19:06:00,16981.72999999992,16981.72999999992
2026-03-05 20:06:00,16981.72999999992,16981.72999999992
2026-03-05 21:06:00,16981.72999999992,16981.72999999992
2026-03-05 22:06:00,16981.72999999992,16981.72999999992
2026-03-05 23:06:00,16981.72999999992,16981.72999999992
2026-03-06 01:07:00,16981.72999999992,16981.72999999992
2026-03-06 02:07:00,16981.72999999992,16981.72999999992
2026-03-06 03:07:00,16981.72999999992,16981.72999999992
2026-03-06 04:07:00,16981.72999999992,16981.72999999992
2026-03-06 05:07:00,16981.72999999992,16981.72999999992
2026-03-06 06:07:00,16981.72999999992,16981.72999999992
2026-03-06 07:07:00,16981.72999999992,16981.72999999992
2026-03-06 08:07:00,16819.889999999916,16819.889999999916
2026-03-06 09:07:00,16819.889999999916,16819.889999999916
2026-03-06 10:07:00,16882.189999999922,16882.189999999922
2026-03-06 11:07:00,16882.189999999922,16882.189999999922
2026-03-06 12:07:00,16882.189999999922,16882.189999999922
2026-03-06 13:07:00,16882.189999999922,16882.189999999922
2026-03-06 14:07:00,16882.189999999922,16882.189999999922
2026-03-06 15:07:00,16882.189999999922,16882.189999999922
2026-03-06 16:07:00,16882.189999999922,16882.189999999922
2026-03-06 17:07:00,16882.189999999922,16882.189999999922
2026-03-06 18:07:00,16882.189999999922,16882.189999999922
2026-03-06 19:07:00,16882.189999999922,16882.189999999922
2026-03-06 20:07:00,16882.189999999922,16882.189999999922
2026-03-06 21:07:00,16882.189999999922,16882.189999999922
2026-03-06 22:07:00,16882.189999999922,16882.189999999922
2026-03-06 23:07:00,16882.189999999922,16882.189999999922
2026-03-09 00:08:00,16882.189999999922,16882.189999999922
2026-03-09 01:08:00,16882.189999999922,16882.189999999922
2026-03-09 02:08:00,16882.189999999922,16882.189999999922
2026-03-09 03:08:00,16882.189999999922,16882.189999999922
2026-03-09 04:08:00,16882.189999999922,16882.189999999922
2026-03-09 05:08:00,16882.189999999922,16882.189999999922
2026-03-09 06:08:00,16882.189999999922,16882.189999999922
2026-03-09 07:08:00,16882.189999999922,16882.189999999922
2026-03-09 08:08:00,16882.189999999922,16882.189999999922
2026-03-09 09:08:00,16882.189999999922,16882.189999999922
2026-03-09 10:08:00,16882.189999999922,16882.189999999922
2026-03-09 11:08:00,16882.189999999922,16882.189999999922
2026-03-09 12:08:00,16882.189999999922,16882.189999999922
2026-03-09 13:08:00,16882.189999999922,16882.189999999922
2026-03-09 14:08:00,16882.189999999922,16882.189999999922
2026-03-09 15:08:00,16882.189999999922,16882.189999999922
2026-03-09 16:08:00,16882.189999999922,16882.189999999922
2026-03-09 17:08:00,16882.189999999922,16882.189999999922
2026-03-09 18:08:00,16882.189999999922,16882.189999999922
2026-03-09 19:08:00,16882.189999999922,16882.189999999922
2026-03-09 20:08:00,16882.189999999922,16882.189999999922
2026-03-09 21:08:00,16882.189999999922,16882.189999999922
2026-03-09 22:08:00,16882.189999999922,16882.189999999922
2026-03-10 00:09:00,16882.189999999922,16882.189999999922
2026-03-10 01:09:00,16882.189999999922,16882.189999999922
2026-03-10 02:09:00,16882.189999999922,16882.189999999922
2026-03-10 03:09:00,16882.189999999922,16882.189999999922
2026-03-10 04:09:00,16882.189999999922,16882.189999999922
2026-03-10 05:09:00,16882.189999999922,16882.189999999922
2026-03-10 06:09:00,16879.80999999992,16865.18999999991
2026-03-10 07:09:00,17044.129999999914,17138.62999999991
2026-03-10 08:09:00,17044.129999999914,17220.22999999991
2026-03-10 09:09:00,17044.129999999914,17191.129999999914
2026-03-10 10:09:00,17278.829999999907,17278.829999999907
2026-03-10 11:09:00,17278.829999999907,17278.829999999907
2026-03-10 12:09:00,17278.829999999907,17278.829999999907
2026-03-10 13:09:00,17278.829999999907,17278.829999999907
2026-03-10 14:09:00,17278.829999999907,17278.829999999907
2026-03-10 15:09:00,17278.829999999907,17278.829999999907
2026-03-10 16:09:00,17278.829999999907,17278.829999999907
2026-03-10 17:09:00,17278.829999999907,17278.829999999907
2026-03-10 18:09:00,17278.829999999907,17278.829999999907
2026-03-10 19:09:00,17278.829999999907,17278.829999999907
2026-03-10 20:09:00,17278.829999999907,17278.829999999907
2026-03-10 21:09:00,17278.829999999907,17278.829999999907
2026-03-10 22:09:00,17278.829999999907,17278.829999999907
2026-03-11 00:10:00,17278.829999999907,17278.829999999907
2026-03-11 01:10:00,17278.829999999907,17278.829999999907
2026-03-11 02:10:00,17278.829999999907,17278.829999999907
2026-03-11 03:10:00,17278.829999999907,17278.829999999907
2026-03-11 04:10:00,17277.56999999991,17204.309999999914
2026-03-11 05:10:00,17344.249999999913,17453.649999999918
2026-03-11 06:10:00,17343.24999999992,17343.24999999992
2026-03-11 07:10:00,17343.24999999992,17343.24999999992
2026-03-11 08:10:00,17343.24999999992,17343.24999999992
2026-03-11 09:10:00,17343.24999999992,17343.24999999992
2026-03-11 10:10:00,17343.24999999992,17343.24999999992
2026-03-11 11:10:00,17343.24999999992,17343.24999999992
2026-03-11 12:10:00,17343.24999999992,17343.24999999992
2026-03-11 13:10:00,17343.24999999992,17343.24999999992
2026-03-11 14:10:00,17343.24999999992,17343.24999999992
2026-03-11 15:10:00,17343.24999999992,17343.24999999992
2026-03-11 16:10:00,17343.24999999992,17343.24999999992
2026-03-11 17:10:00,17343.24999999992,17343.24999999992
2026-03-11 18:10:00,17343.24999999992,17343.24999999992
2026-03-11 19:10:00,17343.24999999992,17343.24999999992
2026-03-11 20:10:00,17416.289999999917,17518.609999999917
2026-03-11 21:10:00,17416.289999999917,17527.649999999918
2026-03-11 22:10:00,17416.289999999917,17563.969999999917
2026-03-12 00:11:00,17412.289999999917,17513.889999999916
2026-03-12 01:11:00,17411.489999999914,17411.489999999914
2026-03-12 02:11:00,17411.489999999914,17411.489999999914
2026-03-12 03:11:00,17411.489999999914,17411.489999999914
2026-03-12 04:11:00,17411.489999999914,17411.489999999914
2026-03-12 05:11:00,17411.489999999914,17411.489999999914
2026-03-12 06:11:00,17411.489999999914,17411.489999999914
2026-03-12 07:11:00,17411.489999999914,17411.489999999914
2026-03-12 08:11:00,17411.489999999914,17411.489999999914
2026-03-12 09:11:00,17411.489999999914,17411.489999999914
2026-03-12 10:11:00,17411.489999999914,17411.489999999914
2026-03-12 11:11:00,17411.489999999914,17411.489999999914
2026-03-12 12:11:00,17411.489999999914,17411.489999999914
2026-03-12 13:11:00,17411.489999999914,17411.489999999914
2026-03-12 14:11:00,17411.489999999914,17411.489999999914
2026-03-12 15:11:00,17411.489999999914,17411.489999999914
2026-03-12 16:11:00,17411.489999999914,17411.489999999914
2026-03-12 17:11:00,17411.489999999914,17411.489999999914
2026-03-12 18:11:00,17411.489999999914,17411.489999999914
2026-03-12 19:11:00,17411.489999999914,17411.489999999914
2026-03-12 20:11:00,17411.489999999914,17411.489999999914
2026-03-12 21:11:00,17411.489999999914,17411.489999999914
2026-03-12 22:11:00,17411.489999999914,17411.489999999914
2026-03-13 00:12:00,17411.489999999914,17411.489999999914
2026-03-13 01:12:00,17411.489999999914,17411.489999999914
2026-03-13 02:12:00,17411.489999999914,17411.489999999914
2026-03-13 03:12:00,17411.489999999914,17411.489999999914
2026-03-13 04:12:00,17411.489999999914,17411.489999999914
2026-03-13 05:12:00,17234.979999999923,17234.979999999923
2026-03-13 06:12:00,17234.979999999923,17234.979999999923
2026-03-13 07:12:00,17234.979999999923,17234.979999999923
2026-03-13 08:12:00,17234.979999999923,17234.979999999923
2026-03-13 09:12:00,17234.979999999923,17234.979999999923
2026-03-13 10:12:00,17234.979999999923,17234.979999999923
2026-03-13 11:12:00,17234.979999999923,17234.979999999923
2026-03-13 12:12:00,17234.979999999923,17234.979999999923
2026-03-13 13:12:00,17234.979999999923,17234.979999999923
2026-03-13 14:12:00,17234.979999999923,17234.979999999923
2026-03-13 15:12:00,17234.979999999923,17234.979999999923
2026-03-13 16:12:00,17234.979999999923,17234.979999999923
2026-03-13 17:12:00,17234.419999999925,17399.299999999923
2026-03-13 18:12:00,17275.419999999933,17275.419999999933
2026-03-13 19:12:00,17275.419999999933,17275.419999999933
2026-03-13 20:12:00,17275.419999999933,17275.419999999933
2026-03-13 21:12:00,17275.419999999933,17275.419999999933
2026-03-13 22:12:00,17275.419999999933,17275.419999999933
2026-03-16 00:13:00,17275.419999999933,17275.419999999933
2026-03-16 01:13:00,17275.419999999933,17275.419999999933
2026-03-16 02:13:00,17275.419999999933,17275.419999999933
2026-03-16 03:13:00,17275.419999999933,17275.419999999933
2026-03-16 04:13:00,17275.419999999933,17275.419999999933
2026-03-16 05:13:00,17275.419999999933,17275.419999999933
2026-03-16 06:13:00,17275.419999999933,17275.419999999933
2026-03-16 07:13:00,17275.419999999933,17275.419999999933
2026-03-16 08:13:00,17275.419999999933,17275.419999999933
2026-03-16 09:13:00,17274.01999999993,17271.41999999993
2026-03-16 10:13:00,17105.819999999934,17105.819999999934
2026-03-16 11:13:00,17105.819999999934,17105.819999999934
2026-03-16 12:13:00,17105.819999999934,17105.819999999934
2026-03-16 13:13:00,17105.819999999934,17105.819999999934
2026-03-16 14:13:00,17105.819999999934,17105.819999999934
2026-03-16 15:13:00,17105.819999999934,17105.819999999934
2026-03-16 16:13:00,17105.819999999934,17105.819999999934
2026-03-16 17:13:00,17105.819999999934,17105.819999999934
2026-03-16 18:13:00,17105.819999999934,17105.819999999934
2026-03-16 19:13:00,17105.819999999934,17105.819999999934
2026-03-16 20:13:00,17105.819999999934,17105.819999999934
2026-03-16 21:13:00,17105.819999999934,17105.819999999934
2026-03-16 22:13:00,17105.819999999934,17105.819999999934
2026-03-17 00:14:00,17105.819999999934,17105.819999999934
2026-03-17 01:14:00,17105.819999999934,17105.819999999934
2026-03-17 02:14:00,17105.819999999934,17105.819999999934
2026-03-17 03:14:00,17105.819999999934,17105.819999999934
2026-03-17 04:14:00,17105.819999999934,17105.819999999934
2026-03-17 05:14:00,17105.819999999934,17105.819999999934
2026-03-17 06:14:00,17105.819999999934,17105.819999999934
2026-03-17 07:14:00,17105.819999999934,17105.819999999934
2026-03-17 08:14:00,17520.829999999944,17520.829999999944
2026-03-17 09:14:00,17520.829999999944,17520.829999999944
2026-03-17 10:14:00,17520.829999999944,17520.829999999944
2026-03-17 11:14:00,17520.829999999944,17520.829999999944
2026-03-17 12:14:00,17520.829999999944,17520.829999999944
2026-03-17 13:14:00,17520.829999999944,17520.829999999944
2026-03-17 14:14:00,17520.829999999944,17520.829999999944
2026-03-17 15:14:00,17520.829999999944,17520.829999999944
2026-03-17 16:14:00,17520.829999999944,17520.829999999944
2026-03-17 17:14:00,17520.829999999944,17520.829999999944
2026-03-17 18:14:00,17520.829999999944,17520.829999999944
2026-03-17 19:14:00,17520.829999999944,17520.829999999944
2026-03-17 20:14:00,17520.829999999944,17520.829999999944
2026-03-17 21:14:00,17520.829999999944,17520.829999999944
2026-03-17 22:14:00,17520.829999999944,17520.829999999944
2026-03-18 00:15:00,17520.829999999944,17520.829999999944
2026-03-18 01:15:00,17520.829999999944,17520.829999999944
2026-03-18 02:15:00,17520.829999999944,17520.829999999944
2026-03-18 03:15:00,17520.829999999944,17520.829999999944
2026-03-18 04:15:00,17520.829999999944,17520.829999999944
2026-03-18 05:15:00,17520.829999999944,17520.829999999944
2026-03-18 06:15:00,17520.829999999944,17520.829999999944
2026-03-18 07:15:00,17520.829999999944,17520.829999999944
2026-03-18 08:15:00,17520.829999999944,17520.829999999944
2026-03-18 09:15:00,17520.829999999944,17520.829999999944
2026-03-18 10:15:00,17520.829999999944,17520.829999999944
2026-03-18 11:15:00,17520.829999999944,17520.829999999944
2026-03-18 12:15:00,17592.609999999946,17618.129999999954
2026-03-18 13:15:00,17591.50999999995,17591.50999999995
2026-03-18 14:15:00,17591.50999999995,17591.50999999995
2026-03-18 15:15:00,17591.50999999995,17591.50999999995
2026-03-18 16:15:00,17591.50999999995,17591.50999999995
2026-03-18 17:15:00,17591.50999999995,17591.50999999995
2026-03-18 18:15:00,17591.50999999995,17591.50999999995
2026-03-18 19:15:00,17591.50999999995,17591.50999999995
2026-03-18 20:15:00,17591.50999999995,17591.50999999995
2026-03-18 21:15:00,17591.50999999995,17591.50999999995
2026-03-18 22:15:00,17591.50999999995,17591.50999999995
2026-03-19 00:16:00,17591.50999999995,17591.50999999995
2026-03-19 01:16:00,17591.50999999995,17591.50999999995
2026-03-19 02:16:00,17591.50999999995,17591.50999999995
2026-03-19 03:16:00,17591.50999999995,17591.50999999995
2026-03-19 04:16:00,17591.50999999995,17591.50999999995
2026-03-19 05:16:00,17591.50999999995,17591.50999999995
2026-03-19 06:16:00,17591.50999999995,17591.50999999995
2026-03-19 07:16:00,17591.50999999995,17591.50999999995
2026-03-19 08:16:00,17591.50999999995,17591.50999999995
2026-03-19 09:16:00,17591.50999999995,17591.50999999995
2026-03-19 10:16:00,17591.50999999995,17591.50999999995
2026-03-19 11:16:00,17591.50999999995,17591.50999999995
2026-03-19 12:16:00,17591.50999999995,17591.50999999995
2026-03-19 13:16:00,17591.50999999995,17591.50999999995
2026-03-19 14:16:00,17591.50999999995,17591.50999999995
2026-03-19 15:16:00,17591.50999999995,17591.50999999995
2026-03-19 16:16:00,17591.50999999995,17591.50999999995
2026-03-19 17:16:00,17591.50999999995,17591.50999999995
2026-03-19 18:16:00,17591.50999999995,17591.50999999995
2026-03-19 19:16:00,17591.50999999995,17591.50999999995
2026-03-19 20:16:00,17591.50999999995,17591.50999999995
2026-03-19 21:16:00,17591.50999999995,17591.50999999995
2026-03-19 22:16:00,17591.50999999995,17591.50999999995
2026-03-20 00:17:00,17591.50999999995,17591.50999999995
2026-03-20 01:17:00,17591.50999999995,17591.50999999995
2026-03-20 02:17:00,17590.80999999995,17485.50999999995
2026-03-20 03:17:00,17610.909999999945,17610.909999999945
2026-03-20 04:17:00,17610.909999999945,17610.909999999945
2026-03-20 05:17:00,17610.909999999945,17610.909999999945
2026-03-20 06:17:00,17610.909999999945,17610.909999999945
2026-03-20 07:17:00,17634.849999999948,17721.429999999957
2026-03-20 08:17:00,17684.88999999995,17684.88999999995
2026-03-20 09:17:00,17684.88999999995,17684.88999999995
2026-03-20 10:17:00,17684.88999999995,17684.88999999995
2026-03-20 11:17:00,17684.88999999995,17684.88999999995
2026-03-20 12:17:00,17684.88999999995,17684.88999999995
2026-03-20 13:17:00,17684.88999999995,17684.88999999995
2026-03-20 14:17:00,17684.88999999995,17684.88999999995
2026-03-20 15:17:00,17684.88999999995,17684.88999999995
2026-03-20 16:17:00,17684.88999999995,17684.88999999995
2026-03-20 17:17:00,17684.88999999995,17684.88999999995
2026-03-20 18:17:00,17684.88999999995,17684.88999999995
2026-03-20 19:17:00,17684.88999999995,17684.88999999995
2026-03-20 20:17:00,17684.88999999995,17684.88999999995
2026-03-20 21:17:00,17684.88999999995,17684.88999999995
2026-03-20 22:17:00,17684.88999999995,17684.88999999995
2026-03-23 00:18:00,17684.88999999995,17684.88999999995
2026-03-23 01:18:00,17684.88999999995,17684.88999999995
2026-03-23 02:18:00,17684.88999999995,17684.88999999995
2026-03-23 03:18:00,17684.88999999995,17684.88999999995
2026-03-23 04:18:00,17684.88999999995,17684.88999999995
2026-03-23 05:18:00,17684.88999999995,17684.88999999995
2026-03-23 06:18:00,17684.88999999995,17684.88999999995
2026-03-23 07:18:00,17684.88999999995,17684.88999999995
2026-03-23 08:18:00,17684.88999999995,17684.88999999995
2026-03-23 09:18:00,17684.88999999995,17684.88999999995
2026-03-23 10:18:00,17684.88999999995,17684.88999999995
2026-03-23 11:18:00,17684.88999999995,17684.88999999995
2026-03-23 12:18:00,17684.88999999995,17684.88999999995
2026-03-23 13:18:00,17684.88999999995,17684.88999999995
2026-03-23 14:18:00,17684.88999999995,17684.88999999995
2026-03-23 15:18:00,17684.88999999995,17684.88999999995
2026-03-23 16:18:00,17684.88999999995,17684.88999999995
2026-03-23 17:18:00,17684.88999999995,17684.88999999995
2026-03-23 18:18:00,17684.88999999995,17684.88999999995
2026-03-23 19:18:00,17684.88999999995,17684.88999999995
2026-03-23 20:18:00,17684.88999999995,17684.88999999995
2026-03-23 21:18:00,17684.88999999995,17684.88999999995
2026-03-23 22:18:00,17684.88999999995,17684.88999999995
2026-03-24 00:19:00,17684.88999999995,17684.88999999995
2026-03-24 01:19:00,17684.88999999995,17684.88999999995
2026-03-24 02:19:00,17684.88999999995,17684.88999999995
2026-03-24 03:19:00,17684.88999999995,17684.88999999995
2026-03-24 04:19:00,17684.88999999995,17684.88999999995
2026-03-24 05:19:00,17684.88999999995,17684.88999999995
2026-03-24 06:19:00,17684.329999999947,17661.76999999995
2026-03-24 07:19:00,17708.169999999955,17708.169999999955
2026-03-24 08:19:00,17708.169999999955,17708.169999999955
2026-03-24 09:19:00,17708.169999999955,17708.169999999955
2026-03-24 10:19:00,17708.169999999955,17708.169999999955
2026-03-24 11:19:00,17708.169999999955,17708.169999999955
2026-03-24 12:19:00,17708.169999999955,17708.169999999955
2026-03-24 13:19:00,17708.169999999955,17708.169999999955
2026-03-24 14:19:00,17708.169999999955,17708.169999999955
2026-03-24 15:19:00,17708.169999999955,17708.169999999955
2026-03-24 16:19:00,17708.169999999955,17708.169999999955
2026-03-24 17:19:00,17708.169999999955,17708.169999999955
2026-03-24 18:19:00,17708.169999999955,17708.169999999955
2026-03-24 19:19:00,17708.169999999955,17708.169999999955
2026-03-24 20:19:00,17721.289999999954,17833.36999999995
2026-03-24 21:19:00,17748.519999999953,17890.86999999995
2026-03-24 22:19:00,17748.519999999953,17899.719999999954
2026-03-25 00:20:00,17796.979999999952,18217.17999999995
2026-03-25 01:20:00,18232.61999999995,18232.61999999995
2026-03-25 02:20:00,18232.61999999995,18232.61999999995
2026-03-25 03:20:00,18409.549999999956,18580.139999999956
2026-03-25 04:20:00,18647.759999999962,18647.759999999962
2026-03-25 05:20:00,18647.759999999962,18647.759999999962
2026-03-25 06:20:00,18647.759999999962,18647.759999999962
2026-03-25 07:20:00,18647.759999999962,18647.759999999962
2026-03-25 08:20:00,18647.759999999962,18647.759999999962
2026-03-25 09:20:00,18647.759999999962,18647.759999999962
2026-03-25 10:20:00,18647.759999999962,18647.759999999962
2026-03-25 11:20:00,18647.759999999962,18647.759999999962
2026-03-25 12:20:00,18647.759999999962,18647.759999999962
2026-03-25 13:20:00,18647.759999999962,18647.759999999962
2026-03-25 14:20:00,18647.759999999962,18647.759999999962
2026-03-25 15:20:00,18463.919999999962,18463.919999999962
2026-03-25 16:20:00,18463.919999999962,18463.919999999962
2026-03-25 17:20:00,18463.919999999962,18463.919999999962
2026-03-25 18:20:00,18463.919999999962,18463.919999999962
2026-03-25 19:20:00,18463.919999999962,18463.919999999962
2026-03-25 20:20:00,18463.919999999962,18463.919999999962
2026-03-25 21:20:00,18463.919999999962,18463.919999999962
2026-03-25 22:20:00,18463.919999999962,18463.919999999962
2026-03-26 00:21:00,18463.919999999962,18463.919999999962
2026-03-26 01:21:00,18463.919999999962,18463.919999999962
2026-03-26 02:21:00,18463.919999999962,18463.919999999962
2026-03-26 03:21:00,18463.919999999962,18463.919999999962
2026-03-26 04:21:00,18463.919999999962,18463.919999999962
2026-03-26 05:21:00,18463.919999999962,18463.919999999962
2026-03-26 06:21:00,18463.919999999962,18463.919999999962
2026-03-26 07:21:00,18463.919999999962,18463.919999999962
2026-03-26 08:21:00,18463.919999999962,18463.919999999962
2026-03-26 09:21:00,18463.919999999962,18463.919999999962
2026-03-26 10:21:00,18463.919999999962,18463.919999999962
2026-03-26 11:21:00,18463.919999999962,18463.919999999962
2026-03-26 12:21:00,18463.919999999962,18463.919999999962
2026-03-26 13:21:00,18463.919999999962,18463.919999999962
2026-03-26 14:21:00,18463.919999999962,18463.919999999962
2026-03-26 15:21:00,18463.919999999962,18463.919999999962
2026-03-26 16:21:00,18463.919999999962,18463.919999999962
2026-03-26 17:21:00,18463.919999999962,18463.919999999962
2026-03-26 18:21:00,18463.919999999962,18463.919999999962
2026-03-26 19:21:00,18463.919999999962,18463.919999999962
2026-03-26 20:21:00,18463.919999999962,18463.919999999962
2026-03-26 21:21:00,18463.919999999962,18463.919999999962
2026-03-26 22:21:00,18463.919999999962,18463.919999999962
2026-03-27 00:22:00,18463.919999999962,18463.919999999962
2026-03-27 01:22:00,18463.919999999962,18463.919999999962
2026-03-27 02:22:00,18463.919999999962,18463.919999999962
2026-03-27 03:22:00,18463.919999999962,18463.919999999962
2026-03-27 04:22:00,18463.919999999962,18463.919999999962
2026-03-27 05:22:00,18463.919999999962,18463.919999999962
2026-03-27 06:22:00,18463.919999999962,18463.919999999962
2026-03-27 07:22:00,18463.919999999962,18463.919999999962
2026-03-27 08:22:00,18463.919999999962,18463.919999999962
2026-03-27 09:22:00,18463.919999999962,18463.919999999962
2026-03-27 10:22:00,18463.919999999962,18463.919999999962
2026-03-27 11:22:00,18463.919999999962,18463.919999999962
2026-03-27 12:22:00,18463.919999999962,18463.919999999962
2026-03-27 13:22:00,18463.919999999962,18463.919999999962
2026-03-27 14:22:00,18463.919999999962,18463.919999999962
2026-03-27 15:22:00,18463.919999999962,18463.919999999962
2026-03-27 16:22:00,18463.919999999962,18463.919999999962
2026-03-27 17:22:00,18463.919999999962,18463.919999999962
2026-03-27 18:22:00,18463.919999999962,18463.919999999962
2026-03-27 19:22:00,18463.14999999996,18412.98999999997
2026-03-27 20:22:00,18463.14999999996,18523.539999999957
2026-03-27 21:22:00,18501.189999999962,18683.349999999962
2026-03-27 22:22:00,18500.28999999997,18500.28999999997
2026-03-30 01:23:00,18500.28999999997,18500.28999999997
2026-03-30 02:23:00,18500.28999999997,18500.28999999997
2026-03-30 03:23:00,18499.239999999972,18521.139999999974
2026-03-30 04:23:00,18650.229999999974,18650.229999999974
2026-03-30 05:23:00,18650.229999999974,18650.229999999974
2026-03-30 06:23:00,18650.229999999974,18650.229999999974
2026-03-30 07:23:00,18650.229999999974,18650.229999999974
2026-03-30 08:23:00,18650.229999999974,18650.229999999974
2026-03-30 09:23:00,18650.229999999974,18650.229999999974
2026-03-30 10:23:00,18650.229999999974,18650.229999999974
2026-03-30 11:23:00,18650.229999999974,18650.229999999974
2026-03-30 12:23:00,18650.229999999974,18650.229999999974
2026-03-30 13:23:00,18650.229999999974,18650.229999999974
2026-03-30 14:23:00,18650.229999999974,18650.229999999974
2026-03-30 15:23:00,18650.229999999974,18650.229999999974
2026-03-30 16:23:00,18650.229999999974,18650.229999999974
2026-03-30 17:23:00,18650.229999999974,18650.229999999974
2026-03-30 18:23:00,18650.229999999974,18650.229999999974
2026-03-30 19:23:00,18650.229999999974,18650.229999999974
2026-03-30 20:23:00,18650.229999999974,18650.229999999974
2026-03-30 21:23:00,18650.229999999974,18650.229999999974
2026-03-30 22:23:00,18650.229999999974,18650.229999999974
2026-03-30 23:23:00,18650.229999999974,18650.229999999974
2026-03-31 01:24:00,18650.229999999974,18650.229999999974
2026-03-31 02:24:00,18650.229999999974,18650.229999999974
2026-03-31 03:24:00,18650.229999999974,18650.229999999974
2026-03-31 04:24:00,18650.229999999974,18650.229999999974
2026-03-31 05:24:00,18650.229999999974,18650.229999999974
2026-03-31 06:24:00,18649.179999999975,18458.529999999977
2026-03-31 07:24:00,18485.379999999976,18433.989999999976
2026-03-31 08:24:00,18485.379999999976,18471.429999999982
2026-03-31 09:24:00,18508.19999999998,18508.19999999998
2026-03-31 10:24:00,18531.659999999978,18589.459999999974
2026-03-31 11:24:00,18681.60999999998,18828.189999999977
2026-03-31 12:24:00,18681.60999999998,18820.979999999978
2026-03-31 13:24:00,18681.60999999998,18759.099999999977
2026-03-31 14:24:00,18680.909999999974,18680.909999999974
2026-03-31 15:24:00,18680.909999999974,18680.909999999974
2026-03-31 16:24:00,18680.909999999974,18680.909999999974
2026-03-31 17:24:00,18680.909999999974,18680.909999999974
2026-03-31 18:24:00,18680.909999999974,18680.909999999974
2026-03-31 19:24:00,18680.909999999974,18680.909999999974
2026-03-31 20:24:00,18680.909999999974,18680.909999999974
2026-03-31 21:24:00,18680.909999999974,18680.909999999974
2026-03-31 22:24:00,18680.909999999974,18680.909999999974
2026-03-31 23:24:00,18680.909999999974,18680.909999999974
2026-04-01 01:25:00,18680.909999999974,18680.909999999974
2026-04-01 02:25:00,18680.909999999974,18680.909999999974
2026-04-01 03:25:00,18680.909999999974,18680.909999999974
2026-04-01 04:25:00,18680.909999999974,18680.909999999974
2026-04-01 05:25:00,18680.909999999974,18680.909999999974
2026-04-01 06:25:00,18680.909999999974,18680.909999999974
2026-04-01 07:25:00,18680.909999999974,18680.909999999974
2026-04-01 08:25:00,18680.909999999974,18680.909999999974
2026-04-01 09:25:00,18680.909999999974,18680.909999999974
2026-04-01 10:25:00,18702.49999999997,18702.49999999997
2026-04-01 11:25:00,18702.49999999997,18702.49999999997
2026-04-01 12:25:00,18702.49999999997,18702.49999999997
2026-04-01 13:25:00,18702.49999999997,18702.49999999997
2026-04-01 14:25:00,18702.49999999997,18702.49999999997
2026-04-01 15:25:00,18702.49999999997,18702.49999999997
2026-04-01 16:25:00,18702.49999999997,18702.49999999997
2026-04-01 17:25:00,18702.49999999997,18702.49999999997
2026-04-01 18:25:00,18702.49999999997,18702.49999999997
2026-04-01 19:25:00,18702.49999999997,18702.49999999997
2026-04-01 20:25:00,18702.49999999997,18702.49999999997
2026-04-01 21:25:00,18702.49999999997,18702.49999999997
2026-04-01 22:25:00,18702.49999999997,18702.49999999997
2026-04-01 23:25:00,18702.49999999997,18702.49999999997
2026-04-02 01:26:00,18702.49999999997,18702.49999999997
2026-04-02 02:26:00,18702.49999999997,18702.49999999997
2026-04-02 03:26:00,18518.749999999964,18518.749999999964
2026-04-02 04:26:00,18518.749999999964,18518.749999999964
2026-04-02 05:26:00,18518.749999999964,18518.749999999964
2026-04-02 06:26:00,18518.749999999964,18518.749999999964
2026-04-02 07:26:00,18518.749999999964,18518.749999999964
2026-04-02 08:26:00,18518.749999999964,18518.749999999964
2026-04-02 09:26:00,18518.749999999964,18518.749999999964
2026-04-02 10:26:00,18518.749999999964,18518.749999999964
2026-04-02 11:26:00,18518.749999999964,18518.749999999964
2026-04-02 12:26:00,18518.749999999964,18518.749999999964
2026-04-02 13:26:00,18518.749999999964,18518.749999999964
2026-04-02 14:26:00,18518.749999999964,18518.749999999964
2026-04-02 15:26:00,18518.749999999964,18518.749999999964
2026-04-02 16:26:00,18518.749999999964,18518.749999999964
2026-04-02 17:26:00,18518.749999999964,18518.749999999964
2026-04-02 18:26:00,18518.749999999964,18518.749999999964
2026-04-02 19:26:00,18518.749999999964,18518.749999999964
2026-04-02 20:26:00,18518.749999999964,18518.749999999964
2026-04-02 21:26:00,18518.749999999964,18518.749999999964
2026-04-02 22:26:00,18518.749999999964,18518.749999999964
2026-04-02 23:26:00,18518.749999999964,18518.749999999964
2026-04-06 01:27:00,18518.469999999965,18556.709999999963
2026-04-06 02:27:00,18541.019999999968,18541.019999999968
2026-04-06 03:27:00,18541.019999999968,18541.019999999968
2026-04-06 04:27:00,18541.019999999968,18541.019999999968
2026-04-06 05:27:00,18541.019999999968,18541.019999999968
2026-04-06 06:27:00,18541.019999999968,18541.019999999968
2026-04-06 07:27:00,18541.019999999968,18541.019999999968
2026-04-06 08:27:00,18541.019999999968,18541.019999999968
2026-04-06 09:27:00,18541.019999999968,18541.019999999968
2026-04-06 10:27:00,18622.01999999996,18622.01999999996
2026-04-06 11:27:00,18622.01999999996,18622.01999999996
2026-04-06 12:27:00,18622.01999999996,18622.01999999996
2026-04-06 13:27:00,18621.87999999996,18654.35999999996
2026-04-06 14:27:00,18621.87999999996,18651.099999999962
2026-04-06 15:27:00,18621.87999999996,18697.65999999996
2026-04-06 16:27:00,18621.87999999996,18685.29999999996
2026-04-06 17:27:00,18621.87999999996,18658.719999999958
2026-04-06 18:27:00,18621.87999999996,18695.95999999996
2026-04-06 19:27:00,18621.87999999996,18695.219999999958
2026-04-06 20:27:00,18621.87999999996,18711.31999999996
2026-04-06 21:27:00,18621.87999999996,18702.359999999957
2026-04-06 22:27:00,18621.87999999996,18731.319999999963
2026-04-06 23:27:00,18621.87999999996,18715.459999999963
2026-04-07 01:28:00,18622.17999999996,18708.239999999958
2026-04-07 02:28:00,18622.17999999996,18718.81999999996
2026-04-07 03:28:00,18622.17999999996,18712.97999999996
2026-04-07 04:28:00,18622.17999999996,18724.43999999996
2026-04-07 05:28:00,18707.81999999996,18778.309999999958
2026-04-07 06:28:00,18707.81999999996,18768.18999999996
2026-04-07 07:28:00,18707.81999999996,18761.74999999996
2026-04-07 08:28:00,18707.81999999996,18779.329999999958
2026-04-07 09:28:00,18707.81999999996,18769.99999999996
2026-04-07 10:28:00,18707.81999999996,18770.36999999996
2026-04-07 11:28:00,18707.81999999996,18732.40999999996
2026-04-07 12:28:00,18707.81999999996,18722.41999999996
2026-04-07 13:28:00,18707.81999999996,18744.51999999996
2026-04-07 14:28:00,18707.81999999996,18760.70999999996
2026-04-07 15:28:00,18707.81999999996,18745.87999999996
2026-04-07 16:28:00,18707.81999999996,18752.56999999996
2026-04-07 17:28:00,18707.81999999996,18770.75999999996
2026-04-07 18:28:00,18707.81999999996,18761.77999999996
2026-04-07 19:28:00,18707.81999999996,18750.399999999958
2026-04-07 20:28:00,18707.81999999996,18753.969999999958
2026-04-07 21:28:00,18707.81999999996,18732.16999999996
2026-04-07 22:28:00,18707.81999999996,18721.059999999958
2026-04-07 23:28:00,18707.579999999958,18707.179999999957
2026-04-08 01:29:00,18708.47999999996,18660.97999999996
2026-04-08 02:29:00,18564.099999999962,18564.099999999962
2026-04-08 03:29:00,18564.099999999962,18564.099999999962
2026-04-08 04:29:00,18564.099999999962,18564.099999999962
2026-04-08 05:29:00,18564.099999999962,18564.099999999962
2026-04-08 06:29:00,18564.099999999962,18564.099999999962
2026-04-08 07:29:00,18564.099999999962,18564.099999999962
2026-04-08 08:29:00,18564.099999999962,18564.099999999962
2026-04-08 09:29:00,18564.099999999962,18564.099999999962
2026-04-08 10:29:00,18564.099999999962,18564.099999999962
2026-04-08 11:29:00,18564.099999999962,18564.099999999962
2026-04-08 12:29:00,18564.099999999962,18564.099999999962
2026-04-08 13:29:00,18564.099999999962,18564.099999999962
2026-04-08 14:29:00,18564.099999999962,18564.099999999962
2026-04-08 15:29:00,18564.099999999962,18564.099999999962
2026-04-08 16:29:00,18564.099999999962,18564.099999999962
2026-04-08 17:29:00,18564.099999999962,18564.099999999962
2026-04-08 18:29:00,18581.499999999964,18581.499999999964
2026-04-08 19:29:00,18581.499999999964,18581.499999999964
2026-04-08 20:29:00,18581.499999999964,18581.499999999964
2026-04-08 21:29:00,18581.499999999964,18581.499999999964
2026-04-08 22:29:00,18581.499999999964,18581.499999999964
2026-04-08 23:29:00,18581.499999999964,18581.499999999964
2026-04-09 01:30:00,18581.499999999964,18581.499999999964
2026-04-09 02:30:00,18581.499999999964,18581.499999999964
2026-04-09 03:30:00,18581.499999999964,18581.499999999964
2026-04-09 04:30:00,18581.499999999964,18581.499999999964
2026-04-09 05:30:00,18581.499999999964,18581.499999999964
2026-04-09 06:30:00,18581.499999999964,18581.499999999964
2026-04-09 07:30:00,18581.499999999964,18581.499999999964
2026-04-09 08:30:00,18581.499999999964,18581.499999999964
2026-04-09 09:30:00,18581.499999999964,18581.499999999964
2026-04-09 10:30:00,18581.499999999964,18581.499999999964
2026-04-09 11:30:00,18581.499999999964,18581.499999999964
2026-04-09 12:30:00,18581.499999999964,18581.499999999964
2026-04-09 13:30:00,18580.099999999962,18444.09999999996
2026-04-09 14:30:00,18396.099999999962,18396.099999999962
2026-04-09 15:30:00,18396.099999999962,18396.099999999962
2026-04-09 16:30:00,18396.099999999962,18396.099999999962
2026-04-09 17:30:00,18396.099999999962,18396.099999999962
2026-04-09 18:30:00,18396.099999999962,18396.099999999962
2026-04-09 19:30:00,18396.099999999962,18396.099999999962
2026-04-09 20:30:00,18396.099999999962,18396.099999999962
2026-04-09 21:30:00,18396.099999999962,18396.099999999962
2026-04-09 22:30:00,18396.099999999962,18396.099999999962
2026-04-09 23:30:00,18396.099999999962,18396.099999999962
2026-04-10 01:31:00,18396.099999999962,18396.099999999962
2026-04-10 02:31:00,18396.099999999962,18396.099999999962
2026-04-10 03:31:00,18396.099999999962,18396.099999999962
2026-04-10 04:31:00,18396.099999999962,18396.099999999962
2026-04-10 05:31:00,18396.099999999962,18396.099999999962
2026-04-10 06:31:00,18396.099999999962,18396.099999999962
2026-04-10 07:31:00,18396.099999999962,18396.099999999962
2026-04-10 08:31:00,18396.099999999962,18396.099999999962
2026-04-10 09:31:00,18415.299999999952,18415.299999999952
2026-04-10 10:31:00,18415.299999999952,18415.299999999952
2026-04-10 11:31:00,18415.299999999952,18415.299999999952
2026-04-10 12:31:00,18415.299999999952,18415.299999999952
2026-04-10 13:31:00,18415.299999999952,18415.299999999952
2026-04-10 14:31:00,18415.299999999952,18415.299999999952
2026-04-10 15:31:00,18415.299999999952,18415.299999999952
2026-04-10 16:31:00,18415.299999999952,18415.299999999952
2026-04-10 17:31:00,18415.299999999952,18415.299999999952
2026-04-10 18:31:00,18415.299999999952,18415.299999999952
2026-04-10 19:31:00,18486.979999999963,18660.71999999997
2026-04-10 20:31:00,18585.399999999965,18694.29999999997
2026-04-10 21:31:00,18584.39999999997,18584.39999999997
2026-04-10 22:31:00,18584.39999999997,18584.39999999997
2026-04-10 23:31:00,18584.39999999997,18584.39999999997
2026-04-13 01:32:00,18584.39999999997,18584.39999999997
2026-04-13 02:32:00,18584.39999999997,18584.39999999997
2026-04-13 03:32:00,18584.39999999997,18584.39999999997
2026-04-13 04:32:00,18584.39999999997,18584.39999999997
2026-04-13 05:32:00,18584.39999999997,18584.39999999997
2026-04-13 06:32:00,18584.39999999997,18584.39999999997
2026-04-13 07:32:00,18584.39999999997,18584.39999999997
2026-04-13 08:32:00,18584.39999999997,18584.39999999997
2026-04-13 09:32:00,18584.39999999997,18584.39999999997
2026-04-13 10:32:00,18584.39999999997,18584.39999999997
2026-04-13 11:32:00,18584.39999999997,18584.39999999997
2026-04-13 12:32:00,18584.39999999997,18584.39999999997
2026-04-13 13:32:00,18584.39999999997,18584.39999999997
2026-04-13 14:32:00,18584.39999999997,18584.39999999997
2026-04-13 15:32:00,18584.39999999997,18584.39999999997
2026-04-13 16:32:00,18584.39999999997,18584.39999999997
2026-04-13 17:32:00,18584.39999999997,18584.39999999997
2026-04-13 18:32:00,18584.39999999997,18584.39999999997
2026-04-13 19:32:00,18583.27999999997,18562.479999999967
2026-04-13 20:32:00,18405.99999999997,18405.99999999997
2026-04-13 21:32:00,18405.99999999997,18405.99999999997
2026-04-13 22:32:00,18405.99999999997,18405.99999999997
2026-04-13 23:32:00,18405.99999999997,18405.99999999997
2026-04-14 01:33:00,18405.99999999997,18405.99999999997
2026-04-14 02:33:00,18405.99999999997,18405.99999999997
2026-04-14 03:33:00,18405.99999999997,18405.99999999997
2026-04-14 04:33:00,18405.99999999997,18405.99999999997
2026-04-14 05:33:00,18405.99999999997,18405.99999999997
2026-04-14 06:33:00,18405.99999999997,18405.99999999997
2026-04-14 07:33:00,18405.99999999997,18405.99999999997
2026-04-14 08:33:00,18405.99999999997,18405.99999999997
2026-04-14 09:33:00,18405.99999999997,18405.99999999997
2026-04-14 10:33:00,18405.99999999997,18405.99999999997
2026-04-14 11:33:00,18405.99999999997,18405.99999999997
2026-04-14 12:33:00,18405.99999999997,18405.99999999997
2026-04-14 13:33:00,18405.99999999997,18405.99999999997
2026-04-14 14:33:00,18405.99999999997,18405.99999999997
2026-04-14 15:33:00,18405.99999999997,18405.99999999997
2026-04-14 16:33:00,18405.99999999997,18405.99999999997
2026-04-14 17:33:00,18405.99999999997,18405.99999999997
2026-04-14 18:33:00,18405.99999999997,18405.99999999997
2026-04-14 19:33:00,18405.99999999997,18405.99999999997
2026-04-14 20:33:00,18405.99999999997,18405.99999999997
2026-04-14 21:33:00,18405.99999999997,18405.99999999997
2026-04-14 22:33:00,18405.99999999997,18405.99999999997
2026-04-14 23:33:00,18405.99999999997,18405.99999999997
2026-04-15 01:34:00,18405.99999999997,18405.99999999997
2026-04-15 02:34:00,18405.99999999997,18405.99999999997
2026-04-15 03:34:00,18405.99999999997,18405.99999999997
2026-04-15 04:34:00,18405.99999999997,18405.99999999997
2026-04-15 05:34:00,18405.99999999997,18405.99999999997
2026-04-15 06:34:00,18405.99999999997,18405.99999999997
2026-04-15 07:34:00,18405.99999999997,18405.99999999997
2026-04-15 08:34:00,18405.99999999997,18405.99999999997
2026-04-15 09:34:00,18427.599999999984,18427.599999999984
2026-04-15 10:34:00,18427.599999999984,18427.599999999984
2026-04-15 11:34:00,18427.599999999984,18427.599999999984
2026-04-15 12:34:00,18427.599999999984,18427.599999999984
2026-04-15 13:34:00,18427.599999999984,18427.599999999984
2026-04-15 14:34:00,18427.599999999984,18427.599999999984
2026-04-15 15:34:00,18426.129999999983,18342.759999999977
2026-04-15 16:34:00,18239.859999999986,18239.859999999986
2026-04-15 17:34:00,18239.859999999986,18239.859999999986
2026-04-15 18:34:00,18239.859999999986,18239.859999999986
2026-04-15 19:34:00,18239.859999999986,18239.859999999986
2026-04-15 20:34:00,18239.859999999986,18239.859999999986
2026-04-15 21:34:00,18239.859999999986,18239.859999999986
2026-04-15 22:34:00,18239.859999999986,18239.859999999986
2026-04-15 23:34:00,18239.859999999986,18239.859999999986
2026-04-16 01:35:00,18239.859999999986,18239.859999999986
2026-04-16 02:35:00,18239.859999999986,18239.859999999986
2026-04-16 03:35:00,18239.859999999986,18239.859999999986
2026-04-16 04:35:00,18239.859999999986,18239.859999999986
2026-04-16 05:35:00,18239.859999999986,18239.859999999986
2026-04-16 06:35:00,18239.859999999986,18239.859999999986
2026-04-16 07:35:00,18239.859999999986,18239.859999999986
2026-04-16 08:35:00,18239.859999999986,18239.859999999986
2026-04-16 09:35:00,18239.859999999986,18239.859999999986
2026-04-16 10:35:00,18239.859999999986,18239.859999999986
2026-04-16 11:35:00,18239.859999999986,18239.859999999986
2026-04-16 12:35:00,18239.859999999986,18239.859999999986
2026-04-16 13:35:00,18239.859999999986,18239.859999999986
2026-04-16 14:35:00,18239.859999999986,18239.859999999986
2026-04-16 15:35:00,18260.04999999998,18260.04999999998
2026-04-16 16:35:00,18260.04999999998,18260.04999999998
2026-04-16 17:35:00,18260.04999999998,18260.04999999998
2026-04-16 18:35:00,18260.04999999998,18260.04999999998
2026-04-16 19:35:00,18260.04999999998,18260.04999999998
2026-04-16 20:35:00,18260.04999999998,18260.04999999998
2026-04-16 21:35:00,18260.04999999998,18260.04999999998
2026-04-16 22:35:00,18260.04999999998,18260.04999999998
2026-04-16 23:35:00,18260.04999999998,18260.04999999998
2026-04-17 01:36:00,18260.04999999998,18260.04999999998
2026-04-17 02:36:00,18260.04999999998,18260.04999999998
2026-04-17 03:36:00,18260.04999999998,18260.04999999998
2026-04-17 04:36:00,18260.04999999998,18260.04999999998
2026-04-17 05:36:00,18260.04999999998,18260.04999999998
2026-04-17 06:36:00,18333.94999999998,18424.249999999978
2026-04-17 07:36:00,18333.94999999998,18496.90999999998
2026-04-17 08:36:00,18434.86999999998,18537.989999999983
2026-04-17 09:36:00,18434.069999999985,18434.069999999985
2026-04-17 10:36:00,18434.069999999985,18434.069999999985
2026-04-17 11:36:00,18434.069999999985,18434.069999999985
2026-04-17 12:36:00,18434.069999999985,18434.069999999985
2026-04-17 13:36:00,18434.069999999985,18434.069999999985
2026-04-17 14:36:00,18434.069999999985,18434.069999999985
2026-04-17 15:36:00,18434.069999999985,18434.069999999985
2026-04-17 16:36:00,18434.069999999985,18434.069999999985
2026-04-17 17:36:00,18434.069999999985,18434.069999999985
2026-04-17 18:36:00,18434.069999999985,18434.069999999985
2026-04-17 19:36:00,18434.069999999985,18434.069999999985
2026-04-17 20:36:00,18434.069999999985,18434.069999999985
2026-04-17 21:36:00,18434.069999999985,18434.069999999985
2026-04-17 22:36:00,18434.069999999985,18434.069999999985
2026-04-17 23:36:00,18434.069999999985,18434.069999999985
2026-04-20 01:37:00,18434.069999999985,18434.069999999985
2026-04-20 02:37:00,18434.069999999985,18434.069999999985
2026-04-20 03:37:00,18434.069999999985,18434.069999999985
2026-04-20 04:37:00,18434.069999999985,18434.069999999985
2026-04-20 05:37:00,18434.069999999985,18434.069999999985
2026-04-20 06:37:00,18434.069999999985,18434.069999999985
2026-04-20 07:37:00,18433.229999999985,18436.709999999985
2026-04-20 08:37:00,18433.229999999985,18513.02999999998
2026-04-20 09:37:00,18508.879999999983,18582.64999999998
2026-04-20 10:37:00,18638.179999999986,18760.569999999985
2026-04-20 11:37:00,18637.279999999988,18695.37999999999
2026-04-20 12:37:00,18637.279999999988,18668.84999999999
2026-04-20 13:37:00,18637.279999999988,18742.419999999984
2026-04-20 14:37:00,18637.279999999988,18703.429999999986
2026-04-20 15:37:00,18688.269999999975,18688.269999999975
2026-04-20 16:37:00,18712.139999999963,18712.139999999963
2026-04-20 17:37:00,18712.139999999963,18712.139999999963
2026-04-20 18:37:00,18712.139999999963,18712.139999999963
2026-04-20 19:37:00,18712.139999999963,18712.139999999963
2026-04-20 20:37:00,18712.139999999963,18712.139999999963
2026-04-20 21:37:00,18710.949999999964,18719.109999999957
2026-04-20 22:37:00,18710.949999999964,18727.779999999962
2026-04-20 23:37:00,18710.949999999964,18666.23999999996
2026-04-21 01:38:00,18528.369999999966,18528.369999999966
2026-04-21 02:38:00,18528.369999999966,18528.369999999966
2026-04-21 03:38:00,18528.369999999966,18528.369999999966
2026-04-21 04:38:00,18528.369999999966,18528.369999999966
2026-04-21 05:38:00,18528.369999999966,18528.369999999966
2026-04-21 06:38:00,18528.369999999966,18528.369999999966
2026-04-21 07:38:00,18528.369999999966,18528.369999999966
2026-04-21 08:38:00,18528.369999999966,18528.369999999966
2026-04-21 09:38:00,18528.369999999966,18528.369999999966
2026-04-21 10:38:00,18528.369999999966,18528.369999999966
2026-04-21 11:38:00,18528.369999999966,18528.369999999966
2026-04-21 12:38:00,18528.369999999966,18528.369999999966
2026-04-21 13:38:00,18528.369999999966,18528.369999999966
2026-04-21 14:38:00,18528.369999999966,18528.369999999966
2026-04-21 15:38:00,18718.41999999997,18802.34999999997
2026-04-21 16:38:00,18717.719999999972,18717.719999999972
2026-04-21 17:38:00,18717.719999999972,18717.719999999972
2026-04-21 18:38:00,18716.879999999972,18763.79999999997
2026-04-21 19:38:00,18799.169999999973,18943.649999999972
2026-04-21 20:38:00,18908.90999999997,19021.52999999997
2026-04-21 21:38:00,18908.90999999997,19040.15999999997
2026-04-21 22:38:00,18908.90999999997,19043.339999999967
2026-04-21 23:38:00,19128.35999999997,19128.35999999997
2026-04-22 01:39:00,19128.35999999997,19128.35999999997
2026-04-22 02:39:00,19128.35999999997,19128.35999999997
2026-04-22 03:39:00,19128.35999999997,19128.35999999997
2026-04-22 04:39:00,19128.35999999997,19128.35999999997
2026-04-22 05:39:00,19128.35999999997,19128.35999999997
2026-04-22 06:39:00,19128.35999999997,19128.35999999997
2026-04-22 07:39:00,19128.35999999997,19128.35999999997
2026-04-22 08:39:00,19128.35999999997,19128.35999999997
2026-04-22 09:39:00,19128.35999999997,19128.35999999997
2026-04-22 10:39:00,19128.35999999997,19128.35999999997
2026-04-22 11:39:00,19128.35999999997,19128.35999999997
2026-04-22 12:39:00,19128.35999999997,19128.35999999997
2026-04-22 13:39:00,19128.35999999997,19128.35999999997
2026-04-22 14:39:00,19128.35999999997,19128.35999999997
2026-04-22 15:39:00,19128.35999999997,19128.35999999997
2026-04-22 16:39:00,19128.35999999997,19128.35999999997
2026-04-22 17:39:00,19128.35999999997,19128.35999999997
2026-04-22 18:39:00,19128.35999999997,19128.35999999997
2026-04-22 19:39:00,19128.35999999997,19128.35999999997
2026-04-22 20:39:00,19128.35999999997,19128.35999999997
2026-04-22 21:39:00,19128.35999999997,19128.35999999997
2026-04-22 22:39:00,19128.35999999997,19128.35999999997
2026-04-22 23:39:00,19128.35999999997,19128.35999999997
2026-04-23 01:40:00,19128.35999999997,19128.35999999997
2026-04-23 02:40:00,19128.35999999997,19128.35999999997
2026-04-23 03:40:00,19148.78999999997,19276.629999999972
2026-04-23 04:40:00,19148.78999999997,19226.26999999997
2026-04-23 05:40:00,19148.389999999974,19148.389999999974
2026-04-23 06:40:00,19148.389999999974,19148.389999999974
2026-04-23 07:40:00,19148.389999999974,19148.389999999974
2026-04-23 08:40:00,19148.389999999974,19148.389999999974
2026-04-23 09:40:00,19148.389999999974,19148.389999999974
2026-04-23 10:40:00,19148.389999999974,19148.389999999974
2026-04-23 11:40:00,19148.389999999974,19148.389999999974
2026-04-23 12:40:00,19148.389999999974,19148.389999999974
2026-04-23 13:40:00,19148.389999999974,19148.389999999974
2026-04-23 14:40:00,19148.389999999974,19148.389999999974
2026-04-23 15:40:00,18955.07,18955.07
2026-04-23 16:40:00,18955.07,18955.07
2026-04-23 17:40:00,18977.79,18977.79
2026-04-23 18:40:00,18977.79,18977.79
2026-04-23 19:40:00,18977.79,18977.79
2026-04-23 20:40:00,18977.79,18977.79
2026-04-23 21:40:00,18977.79,18977.79
2026-04-23 22:40:00,18977.79,18977.79
2026-04-23 23:40:00,18977.79,18977.79
2026-04-24 01:41:00,18977.79,18977.79
2026-04-24 02:41:00,18977.79,18977.79
2026-04-24 03:41:00,18977.79,18977.79
2026-04-24 04:41:00,18977.79,18977.79
2026-04-24 05:41:00,18977.79,18977.79
2026-04-24 06:41:00,18977.79,18977.79
2026-04-24 07:41:00,18977.79,18977.79
2026-04-24 08:41:00,18977.79,18977.79
2026-04-24 09:41:00,18977.79,18977.79
2026-04-24 10:41:00,18977.79,18977.79
2026-04-24 11:41:00,18977.79,18977.79
2026-04-24 12:41:00,18977.79,18977.79
2026-04-24 13:41:00,18977.79,18977.79
2026-04-24 14:41:00,18977.79,18977.79
2026-04-24 15:41:00,18977.79,18977.79
2026-04-24 16:41:00,18997.02,18997.02
2026-04-24 17:41:00,18997.02,18997.02
2026-04-24 18:41:00,18997.02,18997.02
2026-04-24 19:41:00,18997.02,18997.02
2026-04-24 20:41:00,18997.02,18997.02
2026-04-24 21:41:00,18997.02,18997.02
2026-04-24 22:41:00,18997.02,18997.02
2026-04-24 23:41:00,18997.02,18997.02
2026-04-27 01:42:00,18792.77000000001,18792.77000000001
2026-04-27 02:42:00,18792.77000000001,18792.77000000001
2026-04-27 03:42:00,18792.77000000001,18792.77000000001
2026-04-27 04:42:00,18608.970000000016,18608.970000000016
2026-04-27 05:42:00,18608.970000000016,18608.970000000016
2026-04-27 06:42:00,18608.970000000016,18608.970000000016
2026-04-27 07:42:00,18608.970000000016,18608.970000000016
2026-04-27 08:42:00,18608.970000000016,18608.970000000016
2026-04-27 09:42:00,18608.970000000016,18608.970000000016
2026-04-27 10:42:00,18608.970000000016,18608.970000000016
2026-04-27 11:42:00,18608.970000000016,18608.970000000016
2026-04-27 12:42:00,18608.970000000016,18608.970000000016
2026-04-27 13:42:00,18608.970000000016,18608.970000000016
2026-04-27 14:42:00,18608.970000000016,18608.970000000016
2026-04-27 15:42:00,18608.970000000016,18608.970000000016
2026-04-27 16:42:00,18608.970000000016,18608.970000000016
2026-04-27 17:42:00,18608.970000000016,18608.970000000016
2026-04-27 18:42:00,18608.970000000016,18608.970000000016
2026-04-27 19:42:00,18608.970000000016,18608.970000000016
2026-04-27 20:42:00,18608.970000000016,18608.970000000016
2026-04-27 21:42:00,18608.970000000016,18608.970000000016
2026-04-27 22:42:00,18608.970000000016,18608.970000000016
2026-04-27 23:42:00,18608.970000000016,18608.970000000016
2026-04-28 01:43:00,18608.970000000016,18608.970000000016
2026-04-28 02:43:00,18608.970000000016,18608.970000000016
2026-04-28 03:43:00,18608.970000000016,18608.970000000016
2026-04-28 04:43:00,18608.970000000016,18608.970000000016
2026-04-28 05:43:00,18608.970000000016,18608.970000000016
2026-04-28 06:43:00,18608.970000000016,18608.970000000016
2026-04-28 07:43:00,18608.970000000016,18608.970000000016
2026-04-28 08:43:00,18608.970000000016,18608.970000000016
2026-04-28 09:43:00,18608.970000000016,18608.970000000016
2026-04-28 10:43:00,18608.970000000016,18608.970000000016
2026-04-28 11:43:00,18608.970000000016,18608.970000000016
2026-04-28 12:43:00,18608.970000000016,18608.970000000016
2026-04-28 13:43:00,18608.970000000016,18608.970000000016
2026-04-28 14:43:00,18608.970000000016,18608.970000000016
2026-04-28 15:43:00,18608.970000000016,18608.970000000016
2026-04-28 16:43:00,18608.970000000016,18608.970000000016
2026-04-28 17:43:00,18785.15000000002,18870.71000000002
2026-04-28 18:43:00,18784.550000000025,18784.550000000025
2026-04-28 19:43:00,18784.550000000025,18784.550000000025
2026-04-28 20:43:00,18784.550000000025,18784.550000000025
2026-04-28 21:43:00,18784.550000000025,18784.550000000025
2026-04-28 22:43:00,18784.550000000025,18784.550000000025
2026-04-28 23:43:00,18784.550000000025,18784.550000000025
2026-04-29 01:44:00,18784.550000000025,18784.550000000025
2026-04-29 02:44:00,18784.550000000025,18784.550000000025
2026-04-29 03:44:00,18784.550000000025,18784.550000000025
2026-04-29 04:44:00,18784.550000000025,18784.550000000025
2026-04-29 05:44:00,18784.550000000025,18784.550000000025
2026-04-29 06:44:00,18784.550000000025,18784.550000000025
2026-04-29 07:44:00,18784.550000000025,18784.550000000025
2026-04-29 08:44:00,18784.550000000025,18784.550000000025
2026-04-29 09:44:00,18808.07000000001,18808.07000000001
2026-04-29 10:44:00,18808.07000000001,18808.07000000001
2026-04-29 11:44:00,18808.07000000001,18808.07000000001
2026-04-29 12:44:00,18617.310000000016,18617.310000000016
2026-04-29 13:44:00,18642.080000000016,18747.91000000003
2026-04-29 14:44:00,18640.180000000022,18640.180000000022
2026-04-29 15:44:00,18640.180000000022,18640.180000000022
2026-04-29 16:44:00,18640.180000000022,18640.180000000022
2026-04-29 17:44:00,18640.180000000022,18640.180000000022
2026-04-29 18:44:00,18640.180000000022,18640.180000000022
2026-04-29 19:44:00,18640.180000000022,18640.180000000022
2026-04-29 20:44:00,18640.180000000022,18640.180000000022
2026-04-29 21:44:00,18640.180000000022,18640.180000000022
2026-04-29 22:44:00,18640.180000000022,18640.180000000022
2026-04-29 23:44:00,18640.180000000022,18640.180000000022
2026-04-30 01:45:00,18640.180000000022,18640.180000000022
2026-04-30 02:45:00,18640.180000000022,18640.180000000022
2026-04-30 03:45:00,18640.180000000022,18640.180000000022
2026-04-30 04:45:00,18640.180000000022,18640.180000000022
2026-04-30 05:45:00,18640.180000000022,18640.180000000022
2026-04-30 06:45:00,18640.180000000022,18640.180000000022
2026-04-30 07:45:00,18640.180000000022,18640.180000000022
2026-04-30 08:45:00,18640.180000000022,18640.180000000022
2026-04-30 09:45:00,18640.180000000022,18640.180000000022
2026-04-30 10:45:00,18640.180000000022,18640.180000000022
2026-04-30 11:45:00,18640.180000000022,18640.180000000022
2026-04-30 12:45:00,18640.180000000022,18640.180000000022
2026-04-30 13:45:00,18640.180000000022,18640.180000000022
2026-04-30 14:45:00,18640.180000000022,18640.180000000022
2026-04-30 15:45:00,18640.180000000022,18640.180000000022
2026-04-30 16:45:00,18640.180000000022,18640.180000000022
2026-04-30 17:45:00,18640.180000000022,18640.180000000022
2026-04-30 18:45:00,18640.180000000022,18640.180000000022
2026-04-30 19:45:00,18640.180000000022,18640.180000000022
2026-04-30 20:45:00,18640.180000000022,18640.180000000022
2026-04-30 21:45:00,18640.180000000022,18640.180000000022
2026-04-30 22:45:00,18640.180000000022,18640.180000000022
2026-04-30 23:45:00,18640.180000000022,18640.180000000022
2026-05-01 01:46:00,18640.180000000022,18640.180000000022
2026-05-01 02:46:00,18640.180000000022,18640.180000000022
2026-05-01 03:46:00,18640.180000000022,18640.180000000022
2026-05-01 04:46:00,18640.180000000022,18640.180000000022
2026-05-01 05:46:00,18640.180000000022,18640.180000000022
2026-05-01 06:46:00,18640.180000000022,18640.180000000022
2026-05-01 07:46:00,18640.180000000022,18640.180000000022
2026-05-01 08:46:00,18640.180000000022,18640.180000000022
2026-05-01 09:46:00,18640.180000000022,18640.180000000022
2026-05-01 10:46:00,18640.180000000022,18640.180000000022
2026-05-01 11:46:00,18640.180000000022,18640.180000000022
2026-05-01 12:46:00,18640.180000000022,18640.180000000022
2026-05-01 13:46:00,18640.180000000022,18640.180000000022
2026-05-01 14:46:00,18640.180000000022,18640.180000000022
2026-05-01 15:46:00,18640.180000000022,18640.180000000022
2026-05-01 16:46:00,18640.180000000022,18640.180000000022
2026-05-01 17:46:00,18640.180000000022,18640.180000000022
2026-05-01 18:46:00,18640.180000000022,18640.180000000022
2026-05-01 19:46:00,18640.180000000022,18640.180000000022
2026-05-01 20:46:00,18640.180000000022,18640.180000000022
2026-05-01 21:46:00,18662.040000000015,18662.040000000015
2026-05-01 22:46:00,18662.040000000015,18662.040000000015
2026-05-01 23:46:00,18662.040000000015,18662.040000000015
2026-05-04 01:47:00,18662.040000000015,18662.040000000015
2026-05-04 02:47:00,18662.040000000015,18662.040000000015
2026-05-04 03:47:00,18662.040000000015,18662.040000000015
2026-05-04 04:47:00,18662.040000000015,18662.040000000015
2026-05-04 05:47:00,18662.040000000015,18662.040000000015
2026-05-04 06:47:00,18662.040000000015,18662.040000000015
2026-05-04 07:47:00,18662.040000000015,18662.040000000015
2026-05-04 08:47:00,18662.040000000015,18662.040000000015
2026-05-04 09:47:00,18662.040000000015,18662.040000000015
2026-05-04 10:47:00,18662.040000000015,18662.040000000015
2026-05-04 11:47:00,18662.040000000015,18662.040000000015
2026-05-04 12:47:00,18662.040000000015,18662.040000000015
2026-05-04 13:47:00,18662.040000000015,18662.040000000015
2026-05-04 14:47:00,18662.040000000015,18662.040000000015
2026-05-04 15:47:00,18662.040000000015,18662.040000000015
2026-05-04 16:47:00,18662.040000000015,18662.040000000015
2026-05-04 17:47:00,18662.040000000015,18662.040000000015
2026-05-04 18:47:00,18662.040000000015,18662.040000000015
2026-05-04 19:47:00,18662.040000000015,18662.040000000015
2026-05-04 20:47:00,18662.040000000015,18662.040000000015
2026-05-04 21:47:00,18662.040000000015,18662.040000000015
2026-05-04 22:47:00,18662.040000000015,18662.040000000015
2026-05-04 23:47:00,18662.040000000015,18662.040000000015
2026-05-05 01:48:00,18662.040000000015,18662.040000000015
2026-05-05 02:48:00,18662.040000000015,18662.040000000015
2026-05-05 03:48:00,18662.040000000015,18662.040000000015
2026-05-05 04:48:00,18662.040000000015,18662.040000000015
2026-05-05 05:48:00,18662.040000000015,18662.040000000015
2026-05-05 06:48:00,18662.040000000015,18662.040000000015
2026-05-05 07:48:00,18662.040000000015,18662.040000000015
2026-05-05 08:48:00,18662.040000000015,18662.040000000015
2026-05-05 09:48:00,18662.040000000015,18662.040000000015
2026-05-05 10:48:00,18662.040000000015,18662.040000000015
2026-05-05 11:48:00,18662.040000000015,18662.040000000015
2026-05-05 12:48:00,18662.040000000015,18662.040000000015
2026-05-05 13:48:00,18662.040000000015,18662.040000000015
2026-05-05 14:48:00,18840.030000000013,19097.070000000014
2026-05-05 15:48:00,19115.31000000001,19115.31000000001
2026-05-05 16:48:00,19113.700000000008,19135.550000000003
2026-05-05 17:48:00,19185.000000000007,19185.000000000007
2026-05-05 18:48:00,19185.000000000007,19185.000000000007
2026-05-05 19:48:00,19185.000000000007,19185.000000000007
2026-05-05 20:48:00,19185.000000000007,19185.000000000007
2026-05-05 21:48:00,19185.000000000007,19185.000000000007
2026-05-05 22:48:00,19185.000000000007,19185.000000000007
2026-05-05 23:48:00,19185.000000000007,19185.000000000007
2026-05-06 01:49:00,19183.180000000008,19098.680000000008
2026-05-06 02:49:00,19637.28,19637.28
2026-05-06 03:49:00,19637.28,19637.28
2026-05-06 04:49:00,19637.28,19637.28
2026-05-06 05:49:00,19637.28,19637.28
2026-05-06 06:49:00,19637.28,19637.28
2026-05-06 07:49:00,19637.28,19637.28
2026-05-06 08:49:00,19637.28,19637.28
2026-05-06 09:49:00,19637.28,19637.28
2026-05-06 10:49:00,19637.28,19637.28
2026-05-06 11:49:00,19637.28,19637.28
2026-05-06 12:49:00,19637.28,19637.28
2026-05-06 13:49:00,19637.28,19637.28
2026-05-06 14:49:00,19637.28,19637.28
2026-05-06 15:49:00,19637.28,19637.28
2026-05-06 16:49:00,19637.28,19637.28
2026-05-06 17:49:00,19637.28,19637.28
2026-05-06 18:49:00,19637.28,19637.28
2026-05-06 19:49:00,19637.28,19637.28
2026-05-06 20:49:00,19637.28,19637.28
2026-05-06 21:49:00,19637.28,19637.28
2026-05-06 22:49:00,19637.28,19637.28
2026-05-06 23:49:00,19637.28,19637.28
2026-05-07 01:50:00,19637.28,19637.28
2026-05-07 02:50:00,19637.28,19637.28
2026-05-07 03:50:00,19637.28,19637.28
2026-05-07 04:50:00,19637.28,19637.28
2026-05-07 05:50:00,19637.28,19637.28
2026-05-07 06:50:00,19637.28,19637.28
2026-05-07 07:50:00,19637.28,19637.28
2026-05-07 08:50:00,19637.28,19637.28
2026-05-07 09:50:00,19637.28,19637.28
2026-05-07 10:50:00,19637.28,19637.28
2026-05-07 11:50:00,19637.28,19637.28
2026-05-07 12:50:00,19637.28,19637.28
2026-05-07 13:50:00,19637.28,19637.28
2026-05-07 14:50:00,19637.28,19637.28
2026-05-07 15:50:00,19637.28,19637.28
2026-05-07 16:50:00,19637.28,19637.28
2026-05-07 17:50:00,19637.28,19637.28
2026-05-07 18:50:00,19637.28,19637.28
2026-05-07 19:50:00,19637.28,19637.28
2026-05-07 20:50:00,19637.28,19637.28
2026-05-07 21:50:00,19637.28,19637.28
2026-05-07 22:50:00,19637.28,19637.28
2026-05-07 23:50:00,19637.28,19637.28
2026-05-08 01:51:00,19637.28,19637.28
2026-05-08 02:51:00,19637.28,19637.28
2026-05-08 03:51:00,19637.28,19637.28
2026-05-08 04:51:00,19637.28,19637.28
2026-05-08 05:51:00,19438.329999999994,19438.329999999994
2026-05-08 06:51:00,19438.329999999994,19438.329999999994
2026-05-08 07:51:00,19438.329999999994,19438.329999999994
2026-05-08 08:51:00,19438.329999999994,19438.329999999994
2026-05-08 09:51:00,19438.329999999994,19438.329999999994
2026-05-08 10:51:00,19438.329999999994,19438.329999999994
2026-05-08 11:51:00,19438.329999999994,19438.329999999994
2026-05-08 12:51:00,19438.329999999994,19438.329999999994
2026-05-08 13:51:00,19438.329999999994,19438.329999999994
2026-05-08 14:51:00,19438.329999999994,19438.329999999994
2026-05-08 15:51:00,19459.149999999987,19459.149999999987
2026-05-08 16:51:00,19459.149999999987,19459.149999999987
2026-05-08 17:51:00,19522.849999999984,19684.069999999985
2026-05-08 18:51:00,19522.849999999984,19726.66999999998
2026-05-08 19:51:00,19522.849999999984,19714.489999999983
2026-05-08 20:51:00,19522.849999999984,19670.74999999998
2026-05-08 21:51:00,19522.849999999984,19649.629999999983
2026-05-08 22:51:00,19522.849999999984,19639.489999999983
2026-05-08 23:51:00,19522.849999999984,19700.449999999983
2026-05-11 01:52:00,19647.329999999984,19861.169999999984
2026-05-11 02:52:00,19647.329999999984,19841.609999999982
2026-05-11 03:52:00,19647.329999999984,19920.529999999984
2026-05-11 04:52:00,19671.189999999984,20015.999999999978
2026-05-11 05:52:00,19720.869999999984,20101.469999999987
2026-05-11 06:52:00,19720.869999999984,20128.70999999998
2026-05-11 07:52:00,19720.869999999984,20207.789999999983
2026-05-11 08:52:00,20163.709999999985,20396.009999999984
2026-05-11 09:52:00,20163.709999999985,20274.909999999985
2026-05-11 10:52:00,20163.709999999985,20337.459999999985
2026-05-11 11:52:00,20163.709999999985,20316.559999999983
2026-05-11 12:52:00,20163.709999999985,20365.109999999986
2026-05-11 13:52:00,20163.709999999985,20331.15999999998
2026-05-11 14:52:00,20163.709999999985,20307.959999999985
2026-05-11 15:52:00,20163.709999999985,20205.209999999985
2026-05-11 16:52:00,20163.20999999999,20163.20999999999
2026-05-11 17:52:00,20163.20999999999,20163.20999999999
2026-05-11 18:52:00,20163.20999999999,20163.20999999999
2026-05-11 19:52:00,20161.94999999999,20221.71
2026-05-11 20:52:00,20188.549999999992,20344.230000000003
2026-05-11 21:52:00,20241.749999999993,20388.649999999998
2026-05-11 22:52:00,20241.749999999993,20443.649999999998
2026-05-11 23:52:00,20241.749999999993,20458.649999999998
2026-05-12 01:53:00,20345.109999999993,20588.109999999993
2026-05-12 02:53:00,20664.189999999995,20664.189999999995
2026-05-12 03:53:00,20664.189999999995,20664.189999999995
2026-05-12 04:53:00,20664.189999999995,20664.189999999995
2026-05-12 05:53:00,20664.189999999995,20664.189999999995
2026-05-12 06:53:00,20664.189999999995,20664.189999999995
2026-05-12 07:53:00,20664.189999999995,20664.189999999995
2026-05-12 08:53:00,20664.189999999995,20664.189999999995
2026-05-12 09:53:00,20664.189999999995,20664.189999999995
2026-05-12 10:53:00,20664.189999999995,20664.189999999995
2026-05-12 11:53:00,20664.189999999995,20664.189999999995
2026-05-12 12:53:00,20664.189999999995,20664.189999999995
2026-05-12 13:53:00,20664.189999999995,20664.189999999995
2026-05-12 14:53:00,20664.189999999995,20664.189999999995
2026-05-12 15:53:00,20664.189999999995,20664.189999999995
2026-05-12 16:53:00,20664.189999999995,20664.189999999995
2026-05-12 17:53:00,20752.99000000001,20752.99000000001
2026-05-12 18:53:00,20752.99000000001,20752.99000000001
2026-05-12 19:53:00,20752.99000000001,20752.99000000001
2026-05-12 20:53:00,20752.99000000001,20752.99000000001
2026-05-12 21:53:00,20752.99000000001,20752.99000000001
2026-05-12 22:53:00,20752.99000000001,20752.99000000001
2026-05-12 23:53:00,20752.99000000001,20752.99000000001
2026-05-13 01:54:00,20752.99000000001,20752.99000000001
2026-05-13 02:54:00,20752.99000000001,20752.99000000001
2026-05-13 03:54:00,20752.99000000001,20752.99000000001
2026-05-13 04:54:00,20752.99000000001,20752.99000000001
2026-05-13 05:54:00,20752.99000000001,20752.99000000001
2026-05-13 06:54:00,20752.99000000001,20752.99000000001
2026-05-13 07:54:00,20752.99000000001,20752.99000000001
2026-05-13 08:54:00,20752.99000000001,20752.99000000001
2026-05-13 09:54:00,20752.99000000001,20752.99000000001
2026-05-13 10:54:00,20752.99000000001,20752.99000000001
2026-05-13 11:54:00,20752.99000000001,20752.99000000001
2026-05-13 12:54:00,20752.99000000001,20752.99000000001
2026-05-13 13:54:00,20752.99000000001,20752.99000000001
2026-05-13 14:54:00,20752.99000000001,20752.99000000001
2026-05-13 15:54:00,20752.99000000001,20752.99000000001
2026-05-13 16:54:00,20752.99000000001,20752.99000000001
2026-05-13 17:54:00,20752.99000000001,20752.99000000001
2026-05-13 18:54:00,20752.99000000001,20752.99000000001
2026-05-13 19:54:00,20752.99000000001,20752.99000000001
2026-05-13 20:54:00,20752.99000000001,20752.99000000001
2026-05-13 21:54:00,20752.99000000001,20752.99000000001
2026-05-13 22:54:00,20752.99000000001,20752.99000000001
2026-05-13 23:54:00,20752.99000000001,20752.99000000001
2026-05-14 01:55:00,20752.99000000001,20752.99000000001
2026-05-14 02:55:00,20752.99000000001,20752.99000000001
2026-05-14 03:55:00,20752.99000000001,20752.99000000001
2026-05-14 04:55:00,20752.99000000001,20752.99000000001
2026-05-14 05:55:00,20752.99000000001,20752.99000000001
2026-05-14 06:55:00,20752.99000000001,20752.99000000001
2026-05-14 07:55:00,20752.99000000001,20752.99000000001
2026-05-14 08:55:00,20752.99000000001,20752.99000000001
2026-05-14 09:55:00,20886.560000000012,21147.80999999999
2026-05-14 10:55:00,21107.54,21316.650000000005
2026-05-14 11:55:00,21106.64,21172.299999999996
2026-05-14 12:55:00,21105.239999999998,21105.239999999998
2026-05-14 13:55:00,21105.239999999998,21105.239999999998
2026-05-14 14:55:00,21105.239999999998,21105.239999999998
2026-05-14 15:55:00,21105.239999999998,21105.239999999998
2026-05-14 16:55:00,21105.239999999998,21105.239999999998
2026-05-14 17:55:00,21105.239999999998,21105.239999999998
2026-05-14 18:55:00,21105.239999999998,21105.239999999998
2026-05-14 19:55:00,21105.239999999998,21105.239999999998
2026-05-14 20:55:00,21105.239999999998,21105.239999999998
2026-05-14 21:55:00,21105.239999999998,21105.239999999998
2026-05-14 22:55:00,21105.239999999998,21105.239999999998
2026-05-14 23:55:00,21105.239999999998,21105.239999999998
2026-05-15 01:56:00,21105.239999999998,21105.239999999998
2026-05-15 02:56:00,21105.239999999998,21105.239999999998
2026-05-15 03:56:00,21105.239999999998,21105.239999999998
2026-05-15 04:56:00,21128.93,21128.93
2026-05-15 05:56:00,21128.93,21128.93
2026-05-15 06:56:00,21128.93,21128.93
2026-05-15 07:56:00,21128.93,21128.93
2026-05-15 08:56:00,21128.93,21128.93
2026-05-15 09:56:00,21128.93,21128.93
2026-05-15 10:56:00,21128.93,21128.93
2026-05-15 11:56:00,21128.93,21128.93
2026-05-15 12:56:00,21128.93,21128.93
2026-05-15 13:56:00,21128.93,21128.93
2026-05-15 14:56:00,21128.93,21128.93
2026-05-15 15:56:00,21128.93,21128.93
2026-05-15 16:56:00,21128.93,21128.93
2026-05-15 17:56:00,21128.93,21128.93
2026-05-15 18:56:00,21128.93,21128.93
2026-05-15 19:56:00,21128.93,21128.93
2026-05-15 20:56:00,21128.93,21128.93
2026-05-15 21:56:00,21128.93,21128.93
2026-05-15 22:56:00,21128.93,21128.93
2026-05-15 23:56:00,21128.93,21128.93
2026-05-18 01:57:00,21128.93,21128.93
2026-05-18 02:57:00,21128.93,21128.93
2026-05-18 03:57:00,21128.93,21128.93
2026-05-18 04:57:00,21128.93,21128.93
2026-05-18 05:57:00,21128.93,21128.93
2026-05-18 06:57:00,21128.93,21128.93
2026-05-18 07:57:00,21128.93,21128.93
2026-05-18 08:57:00,21128.93,21128.93
2026-05-18 09:57:00,21128.93,21128.93
2026-05-18 10:57:00,21128.93,21128.93
2026-05-18 11:57:00,21128.93,21128.93
2026-05-18 12:57:00,21128.93,21128.93
2026-05-18 13:57:00,21128.93,21128.93
2026-05-18 14:57:00,21128.93,21128.93
2026-05-18 15:57:00,21128.93,21128.93
2026-05-18 16:57:00,21128.93,21128.93
2026-05-18 17:57:00,21154.73999999999,21154.73999999999
2026-05-18 18:57:00,21154.73999999999,21154.73999999999
2026-05-18 19:57:00,21154.73999999999,21154.73999999999
2026-05-18 20:57:00,21154.73999999999,21154.73999999999
2026-05-18 21:57:00,21154.73999999999,21154.73999999999
2026-05-18 22:57:00,21241.109999999993,21271.889999999992
2026-05-18 23:57:00,21240.209999999992,21240.209999999992
2026-05-19 01:58:00,21240.209999999992,21240.209999999992
2026-05-19 02:58:00,21240.209999999992,21240.209999999992
2026-05-19 03:58:00,21240.209999999992,21240.209999999992
2026-05-19 04:58:00,21240.209999999992,21240.209999999992
2026-05-19 05:58:00,21240.209999999992,21240.209999999992
2026-05-19 06:58:00,21240.209999999992,21240.209999999992
2026-05-19 07:58:00,21240.209999999992,21240.209999999992
2026-05-19 08:58:00,21240.209999999992,21240.209999999992
2026-05-19 09:58:00,21240.209999999992,21240.209999999992
2026-05-19 10:58:00,21240.209999999992,21240.209999999992
2026-05-19 11:58:00,21240.209999999992,21240.209999999992
2026-05-19 12:58:00,21240.209999999992,21240.209999999992
2026-05-19 13:58:00,21240.209999999992,21240.209999999992
2026-05-19 14:58:00,21240.209999999992,21240.209999999992
2026-05-19 15:58:00,21240.209999999992,21240.209999999992
2026-05-19 16:58:00,21240.209999999992,21240.209999999992
2026-05-19 17:58:00,21240.209999999992,21240.209999999992
2026-05-19 18:58:00,21240.209999999992,21240.209999999992
2026-05-19 19:58:00,21240.209999999992,21240.209999999992
2026-05-19 20:58:00,21240.209999999992,21240.209999999992
2026-05-19 21:58:00,21240.209999999992,21240.209999999992
2026-05-19 22:58:00,21240.209999999992,21240.209999999992
2026-05-19 23:58:00,21240.209999999992,21240.209999999992
2026-05-20 01:59:00,21240.209999999992,21240.209999999992
2026-05-20 02:59:00,21240.209999999992,21240.209999999992
2026-05-20 03:59:00,21240.209999999992,21240.209999999992
2026-05-20 04:59:00,21240.209999999992,21240.209999999992
2026-05-20 05:59:00,21240.209999999992,21240.209999999992
2026-05-20 06:59:00,21240.209999999992,21240.209999999992
2026-05-20 07:59:00,21240.209999999992,21240.209999999992
2026-05-20 08:59:00,21240.209999999992,21240.209999999992
2026-05-20 09:59:00,21240.209999999992,21240.209999999992
2026-05-20 10:59:00,21240.209999999992,21240.209999999992
2026-05-20 11:59:00,21240.209999999992,21240.209999999992
2026-05-20 12:59:00,21240.209999999992,21240.209999999992
2026-05-20 13:59:00,21240.209999999992,21240.209999999992
2026-05-20 14:59:00,21240.209999999992,21240.209999999992
2026-05-20 15:59:00,21240.209999999992,21240.209999999992
2026-05-20 16:59:00,21240.209999999992,21240.209999999992
2026-05-20 17:59:00,21263.999999999985,21263.999999999985
2026-05-20 18:59:00,21263.999999999985,21263.999999999985
2026-05-20 19:59:00,21263.999999999985,21263.999999999985
2026-05-20 20:59:00,21263.999999999985,21263.999999999985
2026-05-20 21:59:00,21263.999999999985,21263.999999999985
2026-05-20 22:59:00,21263.999999999985,21263.999999999985
2026-05-21 01:00:00,21263.999999999985,21263.999999999985
2026-05-21 02:00:00,21263.999999999985,21263.999999999985
2026-05-21 03:00:00,21263.999999999985,21263.999999999985
2026-05-21 04:00:00,21263.999999999985,21263.999999999985
2026-05-21 05:00:00,21263.999999999985,21263.999999999985
2026-05-21 06:00:00,21263.999999999985,21263.999999999985
2026-05-21 07:00:00,21263.999999999985,21263.999999999985
2026-05-21 08:00:00,21263.999999999985,21263.999999999985
2026-05-21 09:00:00,21263.999999999985,21263.999999999985
2026-05-21 10:00:00,21263.999999999985,21263.999999999985
2026-05-21 11:00:00,21291.219999999987,21399.219999999998
2026-05-21 12:00:00,21465.279999999988,21602.559999999987
2026-05-21 13:00:00,21465.279999999988,21590.39999999999
2026-05-21 14:00:00,21464.479999999992,21464.479999999992
2026-05-21 15:00:00,21487.84999999999,21532.36999999999
2026-05-21 16:00:00,21486.64999999999,21486.64999999999
2026-05-21 17:00:00,21486.64999999999,21486.64999999999
2026-05-21 18:00:00,21486.64999999999,21486.64999999999
2026-05-21 19:00:00,21486.64999999999,21486.64999999999
2026-05-21 20:00:00,21486.64999999999,21486.64999999999
2026-05-21 21:00:00,21486.64999999999,21486.64999999999
2026-05-21 22:00:00,21486.64999999999,21486.64999999999
2026-05-21 23:00:00,21486.64999999999,21486.64999999999
2026-05-22 01:01:00,21486.64999999999,21486.64999999999
2026-05-22 02:01:00,21486.64999999999,21486.64999999999
2026-05-22 03:01:00,21486.64999999999,21486.64999999999
2026-05-22 04:01:00,21568.579999999994,21667.27999999999
2026-05-22 05:01:00,21567.08,21567.08
2026-05-22 06:01:00,21567.08,21567.08
2026-05-22 07:01:00,21567.08,21567.08
2026-05-22 08:01:00,21567.08,21567.08
2026-05-22 09:01:00,21567.08,21567.08
2026-05-22 10:01:00,21567.08,21567.08
2026-05-22 11:01:00,21567.08,21567.08
2026-05-22 12:01:00,21567.08,21567.08
2026-05-22 13:01:00,21567.08,21567.08
2026-05-22 14:01:00,21567.08,21567.08
2026-05-22 15:01:00,21567.08,21567.08
2026-05-22 16:01:00,21567.08,21567.08
2026-05-22 17:01:00,21567.08,21567.08
2026-05-22 18:01:00,21567.08,21567.08
2026-05-22 19:01:00,21567.08,21567.08
2026-05-22 20:01:00,21567.08,21567.08
2026-05-22 21:01:00,21567.08,21567.08
2026-05-22 22:01:00,21567.08,21567.08
2026-05-22 23:01:00,21567.08,21567.08
2026-05-25 01:02:00,21567.08,21567.08
2026-05-25 02:02:00,21567.08,21567.08
2026-05-25 03:02:00,21567.08,21567.08
2026-05-25 04:02:00,21567.08,21567.08
2026-05-25 05:02:00,21567.08,21567.08
2026-05-25 06:02:00,21567.08,21567.08
2026-05-25 07:02:00,21567.08,21567.08
2026-05-25 08:02:00,21567.08,21567.08
2026-05-25 09:02:00,21567.08,21567.08
2026-05-25 10:02:00,21567.08,21567.08
2026-05-25 11:02:00,21567.08,21567.08
2026-05-25 12:02:00,21567.08,21567.08
2026-05-25 13:02:00,21567.08,21567.08
2026-05-25 14:02:00,21567.08,21567.08
2026-05-25 15:02:00,21567.08,21567.08
2026-05-25 16:02:00,21567.08,21567.08
2026-05-25 17:02:00,21567.08,21567.08
2026-05-25 18:02:00,21567.08,21567.08
2026-05-25 19:02:00,21567.08,21567.08
2026-05-25 20:02:00,21567.08,21567.08
2026-05-25 21:02:00,21567.08,21567.08
2026-05-25 22:03:00,21567.08,21567.08
2026-05-26 01:54:00,21567.08,21567.08
2026-05-26 02:54:00,21567.08,21567.08
2026-05-26 03:54:00,21566.730000000003,21533.680000000004
2026-05-26 04:54:00,21566.730000000003,21498.030000000002
2026-05-26 05:54:00,21566.730000000003,21484.230000000003
2026-05-26 06:54:00,21566.730000000003,21535.780000000006
2026-05-26 07:54:00,21566.730000000003,21460.880000000005
2026-05-26 08:54:00,21566.730000000003,21457.230000000003
2026-05-26 09:54:00,21566.730000000003,21479.83
2026-05-26 10:54:00,21566.730000000003,21480.730000000003
2026-05-26 11:54:00,21566.730000000003,21443.530000000002
2026-05-26 12:54:00,21566.730000000003,21417.730000000003
2026-05-26 13:54:00,21566.730000000003,21495.980000000003
2026-05-26 14:54:00,21370.680000000008,21370.680000000008
2026-05-26 15:54:00,21370.680000000008,21370.680000000008
2026-05-26 16:54:00,21370.680000000008,21370.680000000008
2026-05-26 17:54:00,21370.680000000008,21370.680000000008
2026-05-26 18:54:00,21370.680000000008,21370.680000000008
2026-05-26 19:54:00,21370.680000000008,21370.680000000008
2026-05-26 20:54:00,21370.680000000008,21370.680000000008
2026-05-26 21:54:00,21370.680000000008,21370.680000000008
2026-05-26 22:54:00,21370.680000000008,21370.680000000008
2026-05-26 23:54:00,21370.680000000008,21370.680000000008
2026-05-27 01:55:00,21370.680000000008,21370.680000000008
2026-05-27 02:55:00,21370.680000000008,21370.680000000008
2026-05-27 03:55:00,21370.680000000008,21370.680000000008
2026-05-27 04:55:00,21370.680000000008,21370.680000000008
2026-05-27 05:55:00,21370.680000000008,21370.680000000008
2026-05-27 06:55:00,21370.680000000008,21370.680000000008
2026-05-27 07:55:00,21370.680000000008,21370.680000000008
2026-05-27 08:55:00,21370.680000000008,21370.680000000008
2026-05-27 09:55:00,21370.680000000008,21370.680000000008
2026-05-27 10:55:00,21370.680000000008,21370.680000000008
2026-05-27 11:55:00,21370.680000000008,21370.680000000008
2026-05-27 12:55:00,21370.680000000008,21370.680000000008
2026-05-27 13:55:00,21370.680000000008,21370.680000000008
2026-05-27 14:55:00,21370.680000000008,21370.680000000008
2026-05-27 15:55:00,21370.680000000008,21370.680000000008
2026-05-27 16:55:00,21370.680000000008,21370.680000000008
2026-05-27 17:55:00,21370.680000000008,21370.680000000008
2026-05-27 18:55:00,21370.680000000008,21370.680000000008
2026-05-27 19:55:00,21370.680000000008,21370.680000000008
2026-05-27 20:55:00,21370.680000000008,21370.680000000008
2026-05-27 21:55:00,21370.680000000008,21370.680000000008
2026-05-27 22:55:00,21370.680000000008,21370.680000000008
2026-05-27 23:55:00,21370.680000000008,21370.680000000008
2026-05-28 01:56:00,21370.680000000008,21370.680000000008
2026-05-28 02:56:00,21370.680000000008,21370.680000000008
2026-05-28 03:56:00,21370.680000000008,21370.680000000008
2026-05-28 04:56:00,21370.680000000008,21370.680000000008
2026-05-28 05:56:00,21370.680000000008,21370.680000000008
2026-05-28 06:56:00,21370.680000000008,21370.680000000008
2026-05-28 07:56:00,21370.680000000008,21370.680000000008
2026-05-28 08:56:00,21370.680000000008,21370.680000000008
2026-05-28 09:56:00,21370.680000000008,21370.680000000008
2026-05-28 10:56:00,21370.680000000008,21370.680000000008
2026-05-28 11:56:00,21370.680000000008,21370.680000000008
2026-05-28 12:56:00,21370.680000000008,21370.680000000008
2026-05-28 13:56:00,21370.680000000008,21370.680000000008
2026-05-28 14:56:00,21370.680000000008,21370.680000000008
2026-05-28 15:56:00,21370.680000000008,21370.680000000008
2026-05-28 16:56:00,21463.430000000004,21531.030000000006
2026-05-28 17:56:00,21839.980000000007,21839.980000000007
2026-05-28 18:56:00,21839.980000000007,21839.980000000007
2026-05-28 19:56:00,21839.980000000007,21839.980000000007
2026-05-28 20:56:00,21839.980000000007,21839.980000000007
2026-05-28 21:56:00,21839.980000000007,21839.980000000007
2026-05-28 22:56:00,21839.980000000007,21839.980000000007
2026-05-28 23:56:00,21838.72000000001,21806.14
2026-05-29 01:57:00,21828.040000000008,21727.899999999983
2026-05-29 02:57:00,21828.040000000008,21785.859999999986
2026-05-29 03:57:00,21857.859999999997,21800.799999999996
2026-05-29 04:57:00,21941.859999999997,22025.65999999999
2026-05-29 05:57:00,21941.859999999997,22007.159999999996
2026-05-29 06:57:00,21940.859999999993,21940.859999999993
2026-05-29 07:57:00,21940.859999999993,21940.859999999993
2026-05-29 08:57:00,21940.859999999993,21940.859999999993
2026-05-29 09:57:00,21940.859999999993,21940.859999999993
2026-05-29 10:57:00,21940.859999999993,21940.859999999993
2026-05-29 11:57:00,21717.849999999995,21717.849999999995
2026-05-29 12:57:00,21717.849999999995,21717.849999999995
2026-05-29 13:57:00,21717.849999999995,21717.849999999995
2026-05-29 14:57:00,21717.849999999995,21717.849999999995
2026-05-29 15:57:00,21717.849999999995,21717.849999999995
2026-05-29 16:57:00,21717.849999999995,21717.849999999995
2026-05-29 17:57:00,21717.849999999995,21717.849999999995
2026-05-29 18:57:00,21717.849999999995,21717.849999999995
2026-05-29 19:57:00,21717.849999999995,21717.849999999995
2026-05-29 20:57:00,21716.869999999995,21676.97
2026-05-29 21:57:00,21716.869999999995,21708.749999999996
2026-05-29 22:57:00,21716.869999999995,21558.809999999998
2026-05-29 23:57:00,21509.949999999997,21509.949999999997
2026-06-01 01:58:00,21509.949999999997,21509.949999999997
2026-06-01 02:58:00,21509.949999999997,21509.949999999997
2026-06-01 03:58:00,21509.949999999997,21509.949999999997
2026-06-01 04:58:00,21509.949999999997,21509.949999999997
2026-06-01 05:58:00,21509.949999999997,21509.949999999997
2026-06-01 06:58:00,21509.949999999997,21509.949999999997
2026-06-01 07:58:00,21509.949999999997,21509.949999999997
2026-06-01 08:58:00,21509.949999999997,21509.949999999997
2026-06-01 09:58:00,21509.949999999997,21509.949999999997
2026-06-01 10:58:00,21509.949999999997,21509.949999999997
2026-06-01 11:58:00,21509.949999999997,21509.949999999997
2026-06-01 12:58:00,21509.949999999997,21509.949999999997
2026-06-01 13:58:00,21509.949999999997,21509.949999999997
2026-06-01 14:58:00,21509.949999999997,21509.949999999997
2026-06-01 15:58:00,21509.949999999997,21509.949999999997
2026-06-01 16:58:00,21509.459999999995,21384.719999999998
2026-06-01 17:58:00,21509.459999999995,21425.59999999999
2026-06-01 18:58:00,21509.459999999995,21543.969999999998
2026-06-01 19:58:00,21509.459999999995,21583.239999999994
2026-06-01 20:58:00,21527.079999999994,21641.019999999993
2026-06-01 21:58:00,21527.079999999994,21637.659999999996
2026-06-01 22:58:00,21527.079999999994,21597.819999999992
2026-06-01 23:58:00,21527.079999999994,21623.139999999996
2026-06-02 01:59:00,21524.079999999994,21625.539999999994
2026-06-02 02:59:00,21524.079999999994,21618.399999999998
2026-06-02 03:59:00,21524.079999999994,21601.299999999992
2026-06-02 04:59:00,21523.479999999996,21523.479999999996
2026-06-02 05:59:00,21523.479999999996,21523.479999999996
2026-06-02 06:59:00,21523.479999999996,21523.479999999996
2026-06-02 07:59:00,21523.479999999996,21523.479999999996
2026-06-02 08:59:00,21523.479999999996,21523.479999999996
2026-06-02 09:59:00,21523.479999999996,21523.479999999996
2026-06-02 10:59:00,21523.479999999996,21523.479999999996
2026-06-02 11:59:00,21523.479999999996,21523.479999999996
2026-06-02 12:59:00,21523.479999999996,21523.479999999996
2026-06-02 13:59:00,21523.479999999996,21523.479999999996
2026-06-02 14:59:00,21523.479999999996,21523.479999999996
2026-06-02 15:59:00,21522.569999999996,21515.419999999995
2026-06-02 16:59:00,21549.889999999996,21549.889999999996
2026-06-02 17:59:00,21549.889999999996,21549.889999999996
2026-06-02 18:59:00,21549.889999999996,21549.889999999996
2026-06-02 19:59:00,21549.889999999996,21549.889999999996
2026-06-02 20:59:00,21549.889999999996,21549.889999999996
2026-06-02 21:59:00,21549.889999999996,21549.889999999996
2026-06-02 22:59:00,21549.889999999996,21549.889999999996
2026-06-03 01:00:00,21549.889999999996,21549.889999999996
2026-06-03 02:00:00,21549.889999999996,21549.889999999996
2026-06-03 03:00:00,21549.889999999996,21549.889999999996
2026-06-03 04:00:00,21549.889999999996,21549.889999999996
2026-06-03 05:00:00,21549.889999999996,21549.889999999996
2026-06-03 06:00:00,21549.889999999996,21549.889999999996
2026-06-03 07:00:00,21549.889999999996,21549.889999999996
2026-06-03 08:00:00,21549.889999999996,21549.889999999996
2026-06-03 09:00:00,21549.889999999996,21549.889999999996
2026-06-03 10:00:00,21549.889999999996,21549.889999999996
2026-06-03 11:00:00,21549.889999999996,21549.889999999996
2026-06-03 12:00:00,21549.889999999996,21549.889999999996
2026-06-03 13:00:00,21549.889999999996,21549.889999999996
2026-06-03 14:00:00,21549.889999999996,21549.889999999996
2026-06-03 15:00:00,21549.889999999996,21549.889999999996
2026-06-03 16:00:00,21549.889999999996,21549.889999999996
2026-06-03 17:00:00,21549.889999999996,21549.889999999996
2026-06-03 18:00:00,21549.889999999996,21549.889999999996
2026-06-03 19:00:00,21549.889999999996,21549.889999999996
2026-06-03 20:00:00,21549.889999999996,21549.889999999996
2026-06-03 21:00:00,21549.889999999996,21549.889999999996
2026-06-03 22:00:00,21549.889999999996,21549.889999999996
2026-06-03 23:00:00,21549.889999999996,21549.889999999996
2026-06-04 01:01:00,21549.889999999996,21549.889999999996
2026-06-04 02:01:00,21549.889999999996,21549.889999999996
2026-06-04 03:01:00,21549.889999999996,21549.889999999996
2026-06-04 04:01:00,21549.889999999996,21549.889999999996
2026-06-04 05:01:00,21549.889999999996,21549.889999999996
2026-06-04 06:01:00,21549.889999999996,21549.889999999996
2026-06-04 07:01:00,21549.889999999996,21549.889999999996
2026-06-04 08:01:00,21549.889999999996,21549.889999999996
2026-06-04 09:01:00,21549.889999999996,21549.889999999996
2026-06-04 10:01:00,21549.889999999996,21549.889999999996
2026-06-04 11:01:00,21549.889999999996,21549.889999999996
2026-06-04 12:01:00,21549.889999999996,21549.889999999996
2026-06-04 13:01:00,21549.889999999996,21549.889999999996
2026-06-04 14:01:00,21549.889999999996,21549.889999999996
2026-06-04 15:01:00,21549.889999999996,21549.889999999996
2026-06-04 16:01:00,21549.889999999996,21549.889999999996
2026-06-04 17:01:00,21549.889999999996,21549.889999999996
2026-06-04 18:01:00,21330.649999999983,21330.649999999983
2026-06-04 19:01:00,21330.649999999983,21330.649999999983
2026-06-04 20:01:00,21330.649999999983,21330.649999999983
2026-06-04 21:01:00,21330.649999999983,21330.649999999983
2026-06-04 22:01:00,21330.649999999983,21330.649999999983
2026-06-04 23:01:00,21330.649999999983,21330.649999999983
2026-06-05 01:02:00,21330.649999999983,21330.649999999983
2026-06-05 02:02:00,21330.649999999983,21330.649999999983
2026-06-05 03:02:00,21330.649999999983,21330.649999999983
2026-06-05 04:02:00,21330.649999999983,21330.649999999983
2026-06-05 05:02:00,21330.649999999983,21330.649999999983
2026-06-05 06:02:00,21330.649999999983,21330.649999999983
2026-06-05 07:02:00,21330.649999999983,21330.649999999983
2026-06-05 08:02:00,21330.649999999983,21330.649999999983
2026-06-05 09:02:00,21330.649999999983,21330.649999999983
2026-06-05 10:02:00,21542.04999999998,21678.529999999977
2026-06-05 11:02:00,21542.04999999998,21755.569999999978
2026-06-05 12:02:00,21542.04999999998,21768.129999999983
2026-06-05 13:02:00,21542.04999999998,21772.849999999984
2026-06-05 14:02:00,21542.04999999998,21776.449999999983
2026-06-05 15:02:00,21820.849999999984,21820.849999999984
2026-06-05 16:02:00,21605.459999999995,21605.459999999995
2026-06-05 17:02:00,21605.459999999995,21605.459999999995
2026-06-05 18:02:00,21605.459999999995,21605.459999999995
2026-06-05 19:02:00,21605.459999999995,21605.459999999995
2026-06-05 20:02:00,21605.459999999995,21605.459999999995
2026-06-05 21:02:00,21605.459999999995,21605.459999999995
2026-06-05 22:02:00,21605.459999999995,21605.459999999995
2026-06-05 23:02:00,21605.459999999995,21605.459999999995
2026-06-08 01:03:00,21605.459999999995,21605.459999999995
2026-06-08 02:03:00,21605.459999999995,21605.459999999995
2026-06-08 03:03:00,21605.459999999995,21605.459999999995
2026-06-08 04:03:00,21605.459999999995,21605.459999999995
2026-06-08 05:03:00,21605.459999999995,21605.459999999995
2026-06-08 06:03:00,21605.459999999995,21605.459999999995
2026-06-08 07:03:00,21605.459999999995,21605.459999999995
2026-06-08 08:03:00,21605.459999999995,21605.459999999995
2026-06-08 09:03:00,21605.459999999995,21605.459999999995
2026-06-08 10:03:00,21605.459999999995,21605.459999999995
2026-06-08 11:03:00,21605.459999999995,21605.459999999995
2026-06-08 12:03:00,21605.459999999995,21605.459999999995
2026-06-08 13:03:00,21605.459999999995,21605.459999999995
2026-06-08 14:03:00,21605.459999999995,21605.459999999995
2026-06-08 15:03:00,21605.459999999995,21605.459999999995
2026-06-08 16:03:00,21605.459999999995,21605.459999999995
2026-06-08 17:03:00,21605.459999999995,21605.459999999995
2026-06-08 18:03:00,21604.549999999996,21502.369999999988
2026-06-08 19:03:00,21387.45,21387.45
2026-06-08 20:03:00,21387.45,21387.45
2026-06-08 21:03:00,21387.45,21387.45
2026-06-08 22:03:00,21387.45,21387.45
2026-06-08 23:03:00,21387.45,21387.45
2026-06-09 01:04:00,21387.45,21387.45
2026-06-09 02:04:00,21387.45,21387.45
2026-06-09 03:04:00,21387.45,21387.45
2026-06-09 04:04:00,21387.45,21387.45
2026-06-09 05:04:00,21387.45,21387.45
2026-06-09 06:04:00,21387.45,21387.45
2026-06-09 07:04:00,21387.45,21387.45
2026-06-09 08:04:00,21387.45,21387.45
2026-06-09 09:04:00,21387.45,21387.45
2026-06-09 10:04:00,21387.45,21387.45
2026-06-09 11:04:00,21387.45,21387.45
2026-06-09 12:04:00,21387.45,21387.45
2026-06-09 13:04:00,21387.45,21387.45
2026-06-09 14:04:00,21387.45,21387.45
2026-06-09 15:04:00,21387.45,21387.45
2026-06-09 16:04:00,21387.45,21387.45
2026-06-09 17:04:00,21387.45,21387.45
2026-06-09 18:04:00,21387.45,21387.45
2026-06-09 19:04:00,21387.45,21387.45
2026-06-09 20:04:00,21387.45,21387.45
2026-06-09 21:04:00,21387.45,21387.45
2026-06-09 22:04:00,21387.45,21387.45
2026-06-09 23:04:00,21387.45,21387.45
2026-06-10 01:05:00,21387.45,21387.45
2026-06-10 02:05:00,21387.45,21387.45
2026-06-10 03:05:00,21387.45,21387.45
2026-06-10 04:05:00,21387.45,21387.45
2026-06-10 05:05:00,21387.45,21387.45
2026-06-10 06:05:00,21387.45,21387.45
2026-06-10 07:05:00,21387.45,21387.45
2026-06-10 08:05:00,21387.45,21387.45
2026-06-10 09:05:00,21387.45,21387.45
2026-06-10 10:05:00,21387.45,21387.45
2026-06-10 11:05:00,21387.45,21387.45
2026-06-10 12:05:00,21387.45,21387.45
2026-06-10 13:05:00,21387.45,21387.45
2026-06-10 14:05:00,21387.45,21387.45
2026-06-10 15:05:00,21387.45,21387.45
2026-06-10 16:05:00,21387.45,21387.45
2026-06-10 17:05:00,21387.45,21387.45
2026-06-10 18:05:00,21387.45,21387.45
2026-06-10 19:05:00,21387.45,21387.45
2026-06-10 20:05:00,21387.45,21387.45
2026-06-10 21:05:00,21387.45,21387.45
2026-06-10 22:05:00,21387.45,21387.45
2026-06-10 23:05:00,21387.45,21387.45
2026-06-11 01:06:00,21387.45,21387.45
2026-06-11 02:06:00,21387.45,21387.45
2026-06-11 03:06:00,21387.45,21387.45
2026-06-11 04:06:00,21387.45,21387.45
2026-06-11 05:06:00,21387.45,21387.45
2026-06-11 06:06:00,21387.45,21387.45
2026-06-11 07:06:00,21387.45,21387.45
2026-06-11 08:06:00,21387.45,21387.45
2026-06-11 09:06:00,21387.45,21387.45
2026-06-11 10:06:00,21387.45,21387.45
2026-06-11 11:06:00,21387.45,21387.45
2026-06-11 12:06:00,21387.45,21387.45
2026-06-11 13:06:00,21387.45,21387.45
2026-06-11 14:06:00,21387.45,21387.45
2026-06-11 15:06:00,21387.45,21387.45
2026-06-11 16:06:00,21387.45,21387.45
2026-06-11 17:06:00,21387.45,21387.45
2026-06-11 18:06:00,21387.45,21387.45
2026-06-11 19:06:00,21387.45,21387.45
2026-06-11 20:06:00,21387.45,21387.45
2026-06-11 21:06:00,21387.45,21387.45
2026-06-11 22:06:00,21387.45,21387.45
2026-06-11 23:06:00,21387.45,21387.45
2026-06-12 01:07:00,21387.45,21387.45
2026-06-12 02:07:00,21387.45,21387.45
2026-06-12 03:07:00,21387.45,21387.45
2026-06-12 04:07:00,21416.18,21472.019999999997
2026-06-12 05:07:00,21414.58000000001,21414.58000000001
2026-06-12 06:07:00,21414.58000000001,21414.58000000001
2026-06-12 07:07:00,21414.58000000001,21414.58000000001
2026-06-12 08:07:00,21414.58000000001,21414.58000000001
2026-06-12 09:07:00,21414.58000000001,21414.58000000001
2026-06-12 10:07:00,21414.58000000001,21414.58000000001
2026-06-12 11:07:00,21414.58000000001,21414.58000000001
2026-06-12 12:07:00,21414.58000000001,21414.58000000001
2026-06-12 13:07:00,21414.58000000001,21414.58000000001
2026-06-12 14:07:00,21414.58000000001,21414.58000000001
2026-06-12 15:07:00,21414.58000000001,21414.58000000001
2026-06-12 16:07:00,21414.58000000001,21414.58000000001
2026-06-12 17:07:00,21414.58000000001,21414.58000000001
2026-06-12 18:07:00,21414.58000000001,21414.58000000001
2026-06-12 19:07:00,21414.58000000001,21414.58000000001
2026-06-12 20:07:00,21414.58000000001,21414.58000000001
2026-06-12 21:07:00,21414.58000000001,21414.58000000001
2026-06-12 22:07:00,21414.58000000001,21414.58000000001
2026-06-12 23:07:00,21414.58000000001,21414.58000000001
2026-06-15 01:08:00,21414.58000000001,21414.58000000001
2026-06-15 02:08:00,21414.58000000001,21414.58000000001
2026-06-15 03:08:00,21414.58000000001,21414.58000000001
2026-06-15 04:08:00,21414.58000000001,21414.58000000001
2026-06-15 05:08:00,21414.58000000001,21414.58000000001
2026-06-15 06:08:00,21414.58000000001,21414.58000000001
2026-06-15 07:08:00,21414.58000000001,21414.58000000001
2026-06-15 08:08:00,21414.58000000001,21414.58000000001
2026-06-15 09:08:00,21414.58000000001,21414.58000000001
2026-06-15 10:08:00,21414.58000000001,21414.58000000001
2026-06-15 11:08:00,21414.58000000001,21414.58000000001
2026-06-15 12:08:00,21414.58000000001,21414.58000000001
2026-06-15 13:08:00,21414.58000000001,21414.58000000001
2026-06-15 14:08:00,21414.58000000001,21414.58000000001
2026-06-15 15:08:00,21414.58000000001,21414.58000000001
2026-06-15 16:08:00,21414.58000000001,21414.58000000001
2026-06-15 17:08:00,21414.58000000001,21414.58000000001
2026-06-15 18:08:00,21414.58000000001,21414.58000000001
2026-06-15 19:08:00,21414.58000000001,21414.58000000001
2026-06-15 20:08:00,21414.58000000001,21414.58000000001
2026-06-15 21:08:00,21414.58000000001,21414.58000000001
2026-06-15 22:08:00,21414.58000000001,21414.58000000001
2026-06-15 23:08:00,21414.58000000001,21414.58000000001
2026-06-16 01:09:00,21414.58000000001,21414.58000000001
2026-06-16 02:09:00,21414.58000000001,21414.58000000001
2026-06-16 03:09:00,21414.58000000001,21414.58000000001
2026-06-16 04:09:00,21414.58000000001,21414.58000000001
2026-06-16 05:09:00,21414.58000000001,21414.58000000001
2026-06-16 06:09:00,21414.58000000001,21414.58000000001
2026-06-16 07:09:00,21414.58000000001,21414.58000000001
2026-06-16 08:09:00,21414.58000000001,21414.58000000001
2026-06-16 09:09:00,21414.58000000001,21414.58000000001
2026-06-16 10:09:00,21414.58000000001,21414.58000000001
2026-06-16 11:09:00,21414.58000000001,21414.58000000001
2026-06-16 12:09:00,21414.58000000001,21414.58000000001
2026-06-16 13:09:00,21414.58000000001,21414.58000000001
2026-06-16 14:09:00,21414.58000000001,21414.58000000001
2026-06-16 15:09:00,21414.58000000001,21414.58000000001
2026-06-16 16:09:00,21414.58000000001,21414.58000000001
2026-06-16 17:09:00,21414.58000000001,21414.58000000001
2026-06-16 18:09:00,21414.58000000001,21414.58000000001
2026-06-16 19:09:00,21413.39000000001,21409.139999999996
2026-06-16 20:09:00,21413.39000000001,21447.559999999998
2026-06-16 21:09:00,21502.97000000001,21502.97000000001
2026-06-16 22:09:00,21502.97000000001,21502.97000000001
2026-06-16 23:09:00,21502.97000000001,21502.97000000001
2026-06-17 01:10:00,21502.97000000001,21502.97000000001
2026-06-17 02:10:00,21502.97000000001,21502.97000000001
2026-06-17 03:10:00,21502.97000000001,21502.97000000001
2026-06-17 04:10:00,21502.97000000001,21502.97000000001
2026-06-17 05:10:00,21502.97000000001,21502.97000000001
2026-06-17 06:10:00,21502.97000000001,21502.97000000001
2026-06-17 07:10:00,21502.97000000001,21502.97000000001
2026-06-17 08:10:00,21502.97000000001,21502.97000000001
2026-06-17 09:10:00,21502.97000000001,21502.97000000001
2026-06-17 10:10:00,21502.97000000001,21502.97000000001
2026-06-17 11:10:00,21502.97000000001,21502.97000000001
2026-06-17 12:10:00,21502.97000000001,21502.97000000001
2026-06-17 13:10:00,21502.97000000001,21502.97000000001
2026-06-17 14:10:00,21502.97000000001,21502.97000000001
2026-06-17 15:10:00,21502.97000000001,21502.97000000001
2026-06-17 16:10:00,21502.97000000001,21502.97000000001
2026-06-17 17:10:00,21502.97000000001,21502.97000000001
2026-06-17 18:10:00,21502.97000000001,21502.97000000001
2026-06-17 19:10:00,21502.97000000001,21502.97000000001
2026-06-17 20:10:00,21502.97000000001,21502.97000000001
2026-06-17 21:10:00,21679.670000000006,22044.990000000005
2026-06-17 22:10:00,22084.770000000008,21981.99000000001
2026-06-17 23:10:00,21715.47000000001,21715.47000000001
2026-06-18 01:11:00,21715.47000000001,21715.47000000001
2026-06-18 02:11:00,21715.47000000001,21715.47000000001
2026-06-18 03:11:00,21715.47000000001,21715.47000000001
2026-06-18 04:11:00,21715.47000000001,21715.47000000001
2026-06-18 05:11:00,21715.47000000001,21715.47000000001
2026-06-18 06:11:00,21715.47000000001,21715.47000000001
2026-06-18 07:11:00,21715.47000000001,21715.47000000001
2026-06-18 08:11:00,21715.47000000001,21715.47000000001
2026-06-18 09:11:00,21715.47000000001,21715.47000000001
2026-06-18 10:11:00,21715.47000000001,21715.47000000001
2026-06-18 11:11:00,21714.49000000001,21650.230000000018
2026-06-18 12:11:00,21495.950000000015,21495.950000000015
2026-06-18 13:11:00,21495.950000000015,21495.950000000015
2026-06-18 14:11:00,21495.950000000015,21495.950000000015
2026-06-18 15:11:00,21495.950000000015,21495.950000000015
2026-06-18 16:11:00,21495.950000000015,21495.950000000015
2026-06-18 17:11:00,21495.950000000015,21495.950000000015
2026-06-18 18:11:00,21495.950000000015,21495.950000000015
2026-06-18 19:11:00,21495.950000000015,21495.950000000015
2026-06-18 20:11:00,21495.950000000015,21495.950000000015
2026-06-18 21:11:00,21495.950000000015,21495.950000000015
2026-06-18 22:11:00,21495.950000000015,21495.950000000015
2026-06-18 23:11:00,21495.950000000015,21495.950000000015
2026-06-19 01:12:00,21495.950000000015,21495.950000000015
2026-06-19 02:12:00,21495.950000000015,21495.950000000015
2026-06-19 03:12:00,21495.950000000015,21495.950000000015
2026-06-19 04:12:00,21495.950000000015,21495.950000000015
2026-06-19 05:12:00,21495.950000000015,21495.950000000015
2026-06-19 06:12:00,21495.950000000015,21495.950000000015
2026-06-19 07:12:00,21495.950000000015,21495.950000000015
2026-06-19 08:12:00,21495.460000000014,21471.66000000001
2026-06-19 09:12:00,21495.460000000014,21590.170000000013
2026-06-19 10:12:00,21513.150000000012,21659.310000000012
2026-06-19 11:12:00,21548.54000000001,21724.740000000013
2026-06-19 12:12:00,21548.54000000001,21724.290000000008
2026-06-19 13:12:00,21548.54000000001,21666.090000000007
2026-06-19 14:12:00,21548.54000000001,21623.740000000013
2026-06-19 15:12:00,21548.54000000001,21680.34000000001
2026-06-19 16:12:00,21548.54000000001,21750.09000000001
2026-06-19 17:12:00,21548.54000000001,21637.99000000001
2026-06-19 18:12:00,21548.54000000001,21638.94000000001
2026-06-19 19:12:00,21548.54000000001,21616.99000000001
2026-06-22 01:11:00,21546.04000000001,21641.74000000001
2026-06-22 02:11:00,21546.04000000001,21690.74000000001
2026-06-22 03:11:00,21546.04000000001,21653.740000000013
2026-06-22 04:11:00,21616.82000000001,21931.46000000001
2026-06-22 05:11:00,21403.700000000004,21631.660000000003
2026-06-22 06:11:00,21403.700000000004,21613.74
2026-06-22 07:11:00,21403.700000000004,21587.100000000002
2026-06-22 08:11:00,21403.700000000004,21608.220000000005
2026-06-22 09:11:00,21403.700000000004,21659.180000000004
2026-06-22 10:11:00,21403.700000000004,21676.460000000003
2026-06-22 11:11:00,21403.700000000004,21638.100000000002
2026-06-22 12:11:00,21403.700000000004,21702.660000000003
2026-06-22 13:11:00,21403.700000000004,21731.940000000002
2026-06-22 14:11:00,21403.700000000004,21709.220000000005
2026-06-22 15:11:00,21403.700000000004,21708.980000000003
2026-06-22 16:11:00,21403.700000000004,21649.860000000004
2026-06-22 17:11:00,21403.700000000004,21685.860000000004
2026-06-22 18:11:00,21403.700000000004,21671.900000000005
2026-06-22 19:11:00,21403.700000000004,21578.980000000003
2026-06-22 20:11:00,21403.700000000004,21630.780000000002
2026-06-22 21:11:00,21403.700000000004,21618.180000000004
2026-06-22 22:11:00,21403.700000000004,21644.300000000003
2026-06-22 23:11:00,21403.700000000004,21643.140000000003
2026-06-23 01:12:00,21401.700000000004,21645.820000000003
2026-06-23 02:12:00,21401.700000000004,21639.74
2026-06-23 03:12:00,21401.700000000004,21593.700000000004
2026-06-23 04:12:00,21401.700000000004,21620.860000000004
2026-06-23 05:12:00,21401.700000000004,21483.140000000003
2026-06-23 06:12:00,21401.700000000004,21440.660000000003
2026-06-23 07:12:00,21401.300000000003,21401.300000000003
2026-06-23 08:12:00,21401.300000000003,21401.300000000003
2026-06-23 09:12:00,21401.300000000003,21401.300000000003
2026-06-23 10:12:00,21401.300000000003,21401.300000000003
2026-06-23 11:12:00,21401.300000000003,21401.300000000003
2026-06-23 12:12:00,21401.300000000003,21401.300000000003
2026-06-23 13:12:00,21401.300000000003,21401.300000000003
2026-06-23 14:12:00,21401.300000000003,21401.300000000003
2026-06-23 15:12:00,21401.300000000003,21401.300000000003
2026-06-23 16:12:00,21401.300000000003,21401.300000000003
2026-06-23 17:12:00,21401.300000000003,21401.300000000003
2026-06-23 18:12:00,21401.300000000003,21401.300000000003
2026-06-23 19:12:00,21401.300000000003,21401.300000000003
2026-06-23 20:12:00,21401.300000000003,21401.300000000003
2026-06-23 21:12:00,21401.300000000003,21401.300000000003
2026-06-23 22:12:00,21401.300000000003,21401.300000000003
2026-06-23 23:12:00,21401.300000000003,21401.300000000003
2026-06-24 01:13:00,21401.300000000003,21401.300000000003
2026-06-24 02:13:00,21401.300000000003,21401.300000000003
2026-06-24 03:13:00,21401.300000000003,21401.300000000003
2026-06-24 04:13:00,21401.300000000003,21401.300000000003
2026-06-24 05:13:00,21401.300000000003,21401.300000000003
2026-06-24 06:13:00,21401.300000000003,21401.300000000003
2026-06-24 07:13:00,21401.300000000003,21401.300000000003
2026-06-24 08:13:00,21401.300000000003,21401.300000000003
2026-06-24 09:13:00,21401.300000000003,21401.300000000003
2026-06-24 10:13:00,21401.300000000003,21401.300000000003
2026-06-24 11:13:00,21401.300000000003,21401.300000000003
2026-06-24 12:13:00,21401.300000000003,21401.300000000003
2026-06-24 13:13:00,21401.300000000003,21401.300000000003
2026-06-24 14:13:00,21401.300000000003,21401.300000000003
2026-06-24 15:13:00,21401.300000000003,21401.300000000003
2026-06-24 16:13:00,21401.300000000003,21401.300000000003
2026-06-24 17:13:00,21401.300000000003,21401.300000000003
2026-06-24 18:13:00,21401.300000000003,21401.300000000003
2026-06-24 19:13:00,21401.300000000003,21401.300000000003
2026-06-24 20:13:00,21401.300000000003,21401.300000000003
2026-06-24 21:13:00,21401.300000000003,21401.300000000003
2026-06-24 22:13:00,21401.300000000003,21401.300000000003
2026-06-24 23:13:00,21401.300000000003,21401.300000000003
2026-06-25 01:14:00,21401.300000000003,21401.300000000003
2026-06-25 02:14:00,21401.300000000003,21401.300000000003
2026-06-25 03:14:00,21399.340000000004,21325.7
2026-06-25 04:14:00,21187.939999999995,21187.939999999995
2026-06-25 05:14:00,21187.939999999995,21187.939999999995
2026-06-25 06:14:00,21187.939999999995,21187.939999999995
2026-06-25 07:14:00,21187.939999999995,21187.939999999995
2026-06-25 08:14:00,21187.939999999995,21187.939999999995
2026-06-25 09:14:00,21187.939999999995,21187.939999999995
2026-06-25 10:14:00,21187.939999999995,21187.939999999995
2026-06-25 11:14:00,21187.939999999995,21187.939999999995
2026-06-25 12:14:00,21187.939999999995,21187.939999999995
2026-06-25 13:14:00,21187.939999999995,21187.939999999995
2026-06-25 14:14:00,21187.939999999995,21187.939999999995
2026-06-25 15:14:00,21187.939999999995,21187.939999999995
2026-06-25 16:14:00,21187.939999999995,21187.939999999995
2026-06-25 17:14:00,21187.939999999995,21187.939999999995
2026-06-25 18:14:00,21187.939999999995,21187.939999999995
2026-06-25 19:14:00,21187.939999999995,21187.939999999995
2026-06-25 20:14:00,21187.939999999995,21187.939999999995
2026-06-25 21:14:00,21187.939999999995,21187.939999999995
2026-06-25 22:14:00,21187.939999999995,21187.939999999995
2026-06-25 23:14:00,21187.939999999995,21187.939999999995
2026-06-26 01:15:00,21187.939999999995,21187.939999999995
2026-06-26 02:15:00,21187.939999999995,21187.939999999995
2026-06-26 03:15:00,21186.259999999995,21283.219999999994
2026-06-26 04:15:00,21216.02,21216.02
2026-06-26 05:15:00,21216.02,21216.02
2026-06-26 06:15:00,21216.02,21216.02
2026-06-26 07:15:00,21216.02,21216.02
2026-06-26 08:15:00,21216.02,21216.02
2026-06-26 09:15:00,21216.02,21216.02
2026-06-26 10:15:00,21216.02,21216.02
2026-06-26 11:15:00,21216.02,21216.02
2026-06-26 12:15:00,21216.02,21216.02
2026-06-26 13:15:00,21216.02,21216.02
2026-06-26 14:15:00,21216.02,21216.02
2026-06-26 15:15:00,21216.02,21216.02
2026-06-26 16:15:00,21216.02,21216.02
2026-06-26 17:15:00,21216.02,21216.02
2026-06-26 18:15:00,21216.02,21216.02
2026-06-26 19:15:00,21216.02,21216.02
2026-06-26 20:15:00,21216.02,21216.02
2026-06-26 21:15:00,21216.02,21216.02
2026-06-26 22:15:00,21216.02,21216.02
2026-06-26 23:15:00,21216.02,21216.02
2026-06-29 01:16:00,21216.02,21216.02
2026-06-29 02:16:00,21297.64,21363.640000000003
2026-06-29 03:16:00,21296.64,21296.64
2026-06-29 04:16:00,21296.64,21296.64
2026-06-29 05:16:00,21296.64,21296.64
2026-06-29 06:16:00,21296.64,21296.64
2026-06-29 07:16:00,21296.64,21296.64
2026-06-29 08:16:00,21296.64,21296.64
2026-06-29 09:16:00,21296.64,21296.64
2026-06-29 10:16:00,21296.64,21296.64
2026-06-29 11:16:00,21296.64,21296.64
2026-06-29 12:16:00,21296.64,21296.64
2026-06-29 13:16:00,21296.64,21296.64
2026-06-29 14:16:00,21296.64,21296.64
2026-06-29 15:16:00,21296.64,21296.64
2026-06-29 16:16:00,21296.64,21296.64
2026-06-29 17:16:00,21296.64,21296.64
2026-06-29 18:16:00,21296.64,21296.64
2026-06-29 19:16:00,21296.64,21296.64
2026-06-29 20:16:00,21296.64,21296.64
2026-06-29 21:16:00,21296.64,21296.64
2026-06-29 22:16:00,21296.64,21296.64
2026-06-29 23:16:00,21296.64,21296.64
2026-06-30 01:17:00,21296.64,21296.64
2026-06-30 02:17:00,21296.64,21296.64
2026-06-30 03:17:00,21296.64,21296.64
2026-06-30 04:17:00,21296.64,21296.64
2026-06-30 05:17:00,21296.64,21296.64
2026-06-30 06:17:00,21296.64,21296.64
2026-06-30 07:17:00,21296.64,21296.64
2026-06-30 08:17:00,21296.64,21296.64
2026-06-30 09:17:00,21296.64,21296.64
2026-06-30 10:17:00,21296.64,21296.64
2026-06-30 11:17:00,21296.64,21296.64
2026-06-30 12:17:00,21296.64,21296.64
2026-06-30 13:17:00,21296.64,21296.64
2026-06-30 14:17:00,21294.61,21221.239999999994
2026-06-30 15:17:00,21081.46,21081.46
2026-06-30 16:17:00,21215.08999999999,21737.529999999984
2026-06-30 17:17:00,21864.589999999986,22336.669999999984
2026-06-30 18:17:00,21968.609999999986,22172.009999999984
2026-06-30 19:17:00,21998.139999999985,22273.219999999976
2026-06-30 20:17:00,21996.539999999986,22183.859999999982
2026-06-30 21:17:00,21996.539999999986,22231.259999999987
2026-06-30 22:17:00,21996.539999999986,22153.139999999985
2026-06-30 23:17:00,21996.539999999986,22086.419999999984
2026-07-01 01:18:00,21995.339999999986,21995.339999999986
2026-07-01 02:18:00,21995.339999999986,21995.339999999986
2026-07-01 03:18:00,21995.339999999986,21995.339999999986
2026-07-01 04:18:00,21771.339999999986,21771.339999999986
2026-07-01 05:18:00,21771.339999999986,21771.339999999986
2026-07-01 06:18:00,21771.339999999986,21771.339999999986
2026-07-01 07:18:00,21796.66999999999,21796.66999999999
2026-07-01 08:18:00,21796.66999999999,21796.66999999999
2026-07-01 09:18:00,21796.66999999999,21796.66999999999
2026-07-01 10:18:00,21796.66999999999,21796.66999999999
2026-07-01 11:18:00,21796.66999999999,21796.66999999999
2026-07-01 12:18:00,21796.66999999999,21796.66999999999
2026-07-01 13:18:00,21796.66999999999,21796.66999999999
2026-07-01 14:18:00,21796.66999999999,21796.66999999999
2026-07-01 15:18:00,21796.66999999999,21796.66999999999
2026-07-01 16:18:00,21825.21999999999,21949.719999999987
2026-07-01 17:18:00,22316.329999999987,22316.329999999987
2026-07-01 18:18:00,22316.329999999987,22316.329999999987
2026-07-01 19:18:00,22316.329999999987,22316.329999999987
2026-07-01 20:18:00,22316.329999999987,22316.329999999987
2026-07-01 21:18:00,22316.329999999987,22316.329999999987
2026-07-01 22:18:00,22316.329999999987,22316.329999999987
2026-07-01 23:18:00,22316.329999999987,22316.329999999987
2026-07-02 01:19:00,22314.999999999985,22382.44999999999
2026-07-02 02:19:00,22346.679999999986,22399.349999999984
2026-07-02 03:19:00,22371.17999999999,22371.17999999999
2026-07-02 04:19:00,22371.17999999999,22371.17999999999
2026-07-02 05:19:00,22398.69999999999,22398.69999999999
2026-07-02 06:19:00,22398.69999999999,22398.69999999999
2026-07-02 07:19:00,22398.69999999999,22398.69999999999
2026-07-02 08:19:00,22398.69999999999,22398.69999999999
2026-07-02 09:19:00,22398.69999999999,22398.69999999999
2026-07-02 10:19:00,22398.69999999999,22398.69999999999
2026-07-02 11:19:00,22398.69999999999,22398.69999999999
2026-07-02 12:19:00,22398.69999999999,22398.69999999999
2026-07-02 13:19:00,22398.69999999999,22398.69999999999
2026-07-02 14:19:00,22398.69999999999,22398.69999999999
2026-07-02 15:19:00,22398.69999999999,22398.69999999999
2026-07-02 16:19:00,22398.69999999999,22398.69999999999
2026-07-02 17:19:00,22424.44999999999,22521.649999999983
2026-07-02 18:19:00,22422.949999999983,22422.949999999983
2026-07-02 19:19:00,22422.949999999983,22422.949999999983
2026-07-02 20:19:00,22422.949999999983,22422.949999999983
2026-07-02 21:19:00,22422.949999999983,22422.949999999983
2026-07-02 22:19:00,22422.949999999983,22422.949999999983
2026-07-02 23:19:00,22422.949999999983,22422.949999999983
2026-07-03 01:20:00,22422.949999999983,22422.949999999983
2026-07-03 02:20:00,22422.949999999983,22422.949999999983
2026-07-03 03:20:00,22422.949999999983,22422.949999999983
2026-07-03 04:20:00,22422.949999999983,22422.949999999983
2026-07-03 05:20:00,22422.949999999983,22422.949999999983
2026-07-03 06:20:00,22422.949999999983,22422.949999999983
2026-07-03 07:20:00,22422.949999999983,22422.949999999983
2026-07-03 08:20:00,22422.949999999983,22422.949999999983
2026-07-03 09:20:00,22448.599999999966,22428.83999999996
2026-07-03 10:23:00,22478.539999999964,22524.13999999996
2026-07-03 11:23:00,22478.539999999964,22638.439999999962
2026-07-03 12:23:00,22478.539999999964,22538.939999999962
2026-07-03 13:23:00,22478.539999999964,22603.239999999958
2026-07-03 14:23:00,22478.539999999964,22656.839999999964
2026-07-03 15:23:00,22478.539999999964,22547.83999999996
2026-07-03 16:23:00,22477.539999999964,22477.539999999964
2026-07-03 17:23:00,22505.589999999964,22605.12999999996
2026-07-03 18:23:00,22565.46999999996,22728.219999999965
2026-07-03 19:23:00,22565.46999999996,22668.069999999963
2026-07-06 01:22:00,22680.789999999964,22881.489999999965
2026-07-06 02:22:00,22680.789999999964,22954.029999999962
2026-07-06 03:22:00,23040.24999999996,23040.24999999996
2026-07-06 04:22:00,23128.469999999958,23128.469999999958
2026-07-06 05:22:00,23128.469999999958,23128.469999999958
2026-07-06 06:22:00,23128.469999999958,23128.469999999958
2026-07-06 07:22:00,23128.469999999958,23128.469999999958
2026-07-06 08:22:00,23128.469999999958,23128.469999999958
2026-07-06 09:22:00,23128.469999999958,23128.469999999958
2026-07-06 10:22:00,23128.469999999958,23128.469999999958
2026-07-06 11:22:00,23128.469999999958,23128.469999999958
2026-07-06 12:22:00,23128.469999999958,23128.469999999958
2026-07-06 13:22:00,23128.469999999958,23128.469999999958
2026-07-06 14:22:00,23128.469999999958,23128.469999999958
2026-07-06 15:22:00,23128.469999999958,23128.469999999958
2026-07-06 16:22:00,23128.469999999958,23128.469999999958
2026-07-06 17:22:00,23128.469999999958,23128.469999999958
2026-07-06 18:22:00,23128.469999999958,23128.469999999958
2026-07-06 19:22:00,23128.469999999958,23128.469999999958
2026-07-06 20:22:00,23128.469999999958,23128.469999999958
2026-07-06 21:22:00,23128.469999999958,23128.469999999958
2026-07-06 22:22:00,23128.469999999958,23128.469999999958
2026-07-06 23:22:00,23128.469999999958,23128.469999999958
2026-07-07 01:23:00,23128.469999999958,23128.469999999958
2026-07-07 02:23:00,23128.469999999958,23128.469999999958
2026-07-07 03:23:00,23128.469999999958,23128.469999999958
2026-07-07 04:23:00,23128.469999999958,23128.469999999958
2026-07-07 05:23:00,23128.469999999958,23128.469999999958
2026-07-07 06:23:00,23128.469999999958,23128.469999999958
2026-07-07 07:23:00,23128.469999999958,23128.469999999958
2026-07-07 08:23:00,23128.469999999958,23128.469999999958
2026-07-07 09:23:00,23128.469999999958,23128.469999999958
2026-07-07 10:23:00,23128.469999999958,23128.469999999958
2026-07-07 11:23:00,23128.469999999958,23128.469999999958
2026-07-07 12:23:00,23128.469999999958,23128.469999999958
2026-07-07 13:23:00,23128.469999999958,23128.469999999958
2026-07-07 14:23:00,23128.469999999958,23128.469999999958
2026-07-07 15:23:00,23128.469999999958,23128.469999999958
2026-07-07 16:23:00,23128.469999999958,23128.469999999958
2026-07-07 17:23:00,23128.469999999958,23128.469999999958
2026-07-07 18:23:00,23128.469999999958,23128.469999999958
2026-07-07 19:23:00,23128.469999999958,23128.469999999958
2026-07-07 20:23:00,23128.469999999958,23128.469999999958
2026-07-07 21:23:00,23128.469999999958,23128.469999999958
2026-07-07 22:23:00,23128.469999999958,23128.469999999958
2026-07-07 23:23:00,23128.469999999958,23128.469999999958
2026-07-08 01:24:00,23128.469999999958,23128.469999999958
2026-07-08 02:24:00,23128.469999999958,23128.469999999958
2026-07-08 03:24:00,23128.469999999958,23128.469999999958
2026-07-08 04:24:00,23128.469999999958,23128.469999999958
2026-07-08 05:24:00,23128.469999999958,23128.469999999958
2026-07-08 06:24:00,23128.469999999958,23128.469999999958
2026-07-08 07:24:00,23128.469999999958,23128.469999999958
2026-07-08 08:24:00,23128.469999999958,23128.469999999958
2026-07-08 09:24:00,23128.469999999958,23128.469999999958
2026-07-08 10:24:00,23128.469999999958,23128.469999999958
2026-07-08 11:24:00,23128.469999999958,23128.469999999958
2026-07-08 12:24:00,23128.469999999958,23128.469999999958
2026-07-08 13:24:00,23128.469999999958,23128.469999999958
2026-07-08 14:24:00,23128.469999999958,23128.469999999958
2026-07-08 15:24:00,23128.469999999958,23128.469999999958
2026-07-08 16:24:00,23128.469999999958,23128.469999999958
2026-07-08 17:24:00,23128.469999999958,23128.469999999958
2026-07-08 18:24:00,23128.469999999958,23128.469999999958
2026-07-08 19:24:00,23128.469999999958,23128.469999999958
2026-07-08 20:24:00,23128.469999999958,23128.469999999958
2026-07-08 21:24:00,23128.469999999958,23128.469999999958
2026-07-08 22:24:00,23128.469999999958,23128.469999999958
2026-07-08 23:24:00,23128.469999999958,23128.469999999958
2026-07-09 01:25:00,23128.469999999958,23128.469999999958
2026-07-09 02:25:00,23128.469999999958,23128.469999999958
2026-07-09 03:25:00,23128.469999999958,23128.469999999958
2026-07-09 04:25:00,23128.469999999958,23128.469999999958
2026-07-09 05:25:00,23128.469999999958,23128.469999999958
2026-07-09 06:25:00,23128.469999999958,23128.469999999958
2026-07-09 07:25:00,23128.469999999958,23128.469999999958
2026-07-09 08:25:00,23128.469999999958,23128.469999999958
2026-07-09 09:25:00,23125.599999999955,22874.719999999947
2026-07-09 10:25:00,23125.599999999955,22636.09999999996
2026-07-09 11:25:00,22450.809999999954,22267.529999999955
2026-07-09 12:25:00,22450.809999999954,22316.96999999995
2026-07-09 13:25:00,22450.809999999954,22346.64999999995
2026-07-09 14:25:00,22477.989999999954,22472.10999999995
2026-07-09 15:25:00,22324.789999999954,22423.589999999953
2026-07-09 16:25:00,22438.549999999952,22610.32999999995
2026-07-09 17:25:00,22438.549999999952,22602.169999999947
2026-07-09 18:25:00,22438.549999999952,22633.669999999947
2026-07-09 19:25:00,22463.339999999935,22660.319999999934
2026-07-09 20:25:00,22463.339999999935,22644.839999999935
2026-07-09 21:25:00,22463.339999999935,22628.339999999935
2026-07-09 22:25:00,22463.339999999935,22612.079999999936
2026-07-09 23:25:00,22463.339999999935,22618.859999999935
2026-07-10 01:26:00,22460.339999999935,22630.379999999936
2026-07-10 02:26:00,22460.339999999935,22619.639999999934
2026-07-10 03:26:00,22460.339999999935,22598.999999999935
2026-07-10 04:26:00,22460.339999999935,22614.959999999934
2026-07-10 05:26:00,22460.339999999935,22631.279999999933
2026-07-10 06:26:00,22460.339999999935,22630.379999999936
2026-07-10 07:26:00,22460.339999999935,22562.939999999937
2026-07-10 08:26:00,22460.339999999935,22568.51999999993
2026-07-10 09:26:00,22460.339999999935,22588.679999999935
2026-07-10 10:26:00,22460.339999999935,22565.039999999935
2026-07-10 11:26:00,22460.339999999935,22514.759999999933
2026-07-10 12:26:00,22459.739999999936,22459.739999999936
2026-07-10 13:26:00,22459.739999999936,22459.739999999936
2026-07-10 14:26:00,22459.739999999936,22459.739999999936
2026-07-10 15:26:00,22459.739999999936,22459.739999999936
2026-07-10 16:26:00,22459.739999999936,22459.739999999936
2026-07-10 17:26:00,22459.739999999936,22459.739999999936
2026-07-10 18:26:00,22459.739999999936,22459.739999999936
2026-07-10 19:26:00,22459.739999999936,22459.739999999936
2026-07-10 20:26:00,22459.739999999936,22459.739999999936
2026-07-10 21:26:00,22459.739999999936,22459.739999999936
2026-07-10 22:26:00,22459.739999999936,22459.739999999936
2026-07-10 23:26:00,22459.739999999936,22459.739999999936
2026-07-13 01:27:00,22459.739999999936,22459.739999999936
2026-07-13 02:27:00,22459.739999999936,22459.739999999936
2026-07-13 03:27:00,22459.739999999936,22459.739999999936
2026-07-13 04:27:00,22459.739999999936,22459.739999999936
2026-07-13 05:27:00,22459.739999999936,22459.739999999936
2026-07-13 06:27:00,22459.739999999936,22459.739999999936
2026-07-13 07:27:00,22459.739999999936,22459.739999999936
2026-07-13 08:27:00,22459.739999999936,22459.739999999936
2026-07-13 09:27:00,22459.739999999936,22459.739999999936
2026-07-13 10:27:00,22459.739999999936,22459.739999999936
2026-07-13 11:27:00,22459.739999999936,22459.739999999936
2026-07-13 12:27:00,22459.739999999936,22459.739999999936
2026-07-13 13:27:00,22459.739999999936,22459.739999999936
2026-07-13 14:27:00,22459.739999999936,22459.739999999936
2026-07-13 15:27:00,22459.739999999936,22459.739999999936
2026-07-13 16:27:00,22459.739999999936,22459.739999999936
2026-07-13 17:27:00,22459.739999999936,22459.739999999936
2026-07-13 18:27:00,22459.739999999936,22459.739999999936
2026-07-13 19:27:00,22459.739999999936,22459.739999999936
2026-07-13 20:27:00,22459.739999999936,22459.739999999936
2026-07-13 21:27:00,22459.739999999936,22459.739999999936
2026-07-13 22:27:00,22459.739999999936,22459.739999999936
2026-07-13 23:27:00,22459.739999999936,22459.739999999936
2026-07-14 01:28:00,22459.739999999936,22459.739999999936
2026-07-14 02:28:00,22459.739999999936,22459.739999999936
2026-07-14 03:28:00,22459.739999999936,22459.739999999936
2026-07-14 04:28:00,22459.739999999936,22459.739999999936
2026-07-14 05:28:00,22459.739999999936,22459.739999999936
2026-07-14 06:28:00,22459.739999999936,22459.739999999936
2026-07-14 07:28:00,22459.739999999936,22459.739999999936
2026-07-14 08:28:00,22459.739999999936,22459.739999999936
2026-07-14 09:28:00,22459.739999999936,22459.739999999936
2026-07-14 10:28:00,22459.739999999936,22459.739999999936
2026-07-14 11:28:00,22459.739999999936,22459.739999999936
2026-07-14 12:28:00,22459.739999999936,22459.739999999936
2026-07-14 13:28:00,22459.739999999936,22459.739999999936
2026-07-14 14:28:00,22459.739999999936,22459.739999999936
2026-07-14 15:28:00,22459.739999999936,22459.739999999936
2026-07-14 16:28:00,22555.079999999936,22656.779999999937
2026-07-14 17:28:00,22555.079999999936,22704.719999999936
2026-07-14 18:28:00,22555.079999999936,22655.819999999938
2026-07-14 19:28:00,22682.94999999994,22762.23999999994
2026-07-14 20:28:00,22682.94999999994,22767.51999999994
2026-07-14 21:28:00,22682.94999999994,22757.76999999994
2026-07-14 22:28:00,22682.94999999994,22745.30999999994
2026-07-14 23:28:00,22682.94999999994,22747.959999999937
2026-07-15 01:29:00,22676.799999999937,22738.649999999936
2026-07-15 02:29:00,22676.799999999937,22743.39999999994
2026-07-15 03:29:00,22676.799999999937,22751.779999999937
2026-07-15 04:29:00,22676.799999999937,22744.33999999994
2026-07-15 05:29:00,22485.64999999994,22690.18999999994
2026-07-15 06:29:00,22485.64999999994,22696.42999999994
2026-07-15 07:29:00,22485.64999999994,22688.53999999994
2026-07-15 08:29:00,22485.64999999994,22714.21999999994
2026-07-15 09:29:00,22485.64999999994,22710.19999999994
2026-07-15 10:29:00,22485.64999999994,22717.12999999994
2026-07-15 11:29:00,22485.64999999994,22710.409999999938
2026-07-15 12:29:00,22485.64999999994,22707.25999999994
2026-07-15 13:29:00,22485.64999999994,22702.909999999938
2026-07-15 14:29:00,22485.64999999994,22697.23999999994
2026-07-15 15:29:00,22485.64999999994,22670.839999999942
2026-07-15 16:29:00,22485.64999999994,22621.66999999994
2026-07-15 17:29:00,22485.64999999994,22614.76999999994
2026-07-15 18:29:00,22516.129999999936,22672.939999999937
2026-07-15 19:29:00,22516.129999999936,22715.689999999937
2026-07-15 20:29:00,22516.129999999936,22677.409999999938
2026-07-15 21:29:00,22516.129999999936,22596.589999999935
2026-07-15 22:29:00,22516.129999999936,22651.879999999936
2026-07-15 23:29:00,22516.129999999936,22636.069999999938
2026-07-16 01:30:00,22519.459999999937,22745.44999999992
2026-07-16 02:30:00,22619.089999999935,22867.399999999925
2026-07-16 03:30:00,22619.089999999935,22819.309999999936
2026-07-16 04:30:00,22792.15999999993,22979.239999999932
2026-07-16 05:30:00,22792.15999999993,22992.19999999993
2026-07-16 06:30:00,22792.15999999993,22994.41999999993
2026-07-16 07:30:00,22792.15999999993,22993.99999999993
2026-07-16 08:30:00,22792.15999999993,23013.649999999932
2026-07-16 09:30:00,22792.15999999993,23007.10999999993
2026-07-16 10:30:00,22792.15999999993,23024.29999999993
2026-07-16 11:30:00,22792.15999999993,22996.399999999932
2026-07-16 12:30:00,22792.15999999993,22997.35999999993
2026-07-16 13:30:00,22792.15999999993,22997.779999999933
2026-07-16 14:30:00,22792.15999999993,23022.739999999932
2026-07-16 15:30:00,23048.629999999932,23048.629999999932
2026-07-16 16:30:00,23048.629999999932,23048.629999999932
2026-07-16 17:30:00,23048.629999999932,23048.629999999932
2026-07-16 18:30:00,23048.629999999932,23048.629999999932
2026-07-16 19:30:00,22819.309999999918,22819.309999999918
2026-07-16 20:30:00,22819.309999999918,22819.309999999918
2026-07-16 21:30:00,22819.309999999918,22819.309999999918
2026-07-16 22:30:00,22819.309999999918,22819.309999999918
2026-07-16 23:30:00,22819.309999999918,22819.309999999918
2026-07-17 01:31:00,22819.309999999918,22819.309999999918
2026-07-17 02:31:00,22819.309999999918,22819.309999999918
2026-07-17 03:31:00,22819.309999999918,22819.309999999918
2026-07-17 04:31:00,22819.309999999918,22819.309999999918
2026-07-17 05:31:00,22819.309999999918,22819.309999999918
2026-07-17 06:31:00,22819.309999999918,22819.309999999918
2026-07-17 07:31:00,22819.309999999918,22819.309999999918
2026-07-17 08:31:00,22819.309999999918,22819.309999999918
2026-07-17 09:31:00,22819.309999999918,22819.309999999918
2026-07-17 10:31:00,22819.309999999918,22819.309999999918
2026-07-17 11:31:00,22819.309999999918,22819.309999999918
2026-07-17 12:31:00,22819.309999999918,22819.309999999918
2026-07-17 13:31:00,22819.309999999918,22819.309999999918
2026-07-17 14:31:00,22819.309999999918,22819.309999999918
2026-07-17 15:31:00,22819.309999999918,22819.309999999918
2026-07-17 16:31:00,22819.309999999918,22819.309999999918
2026-07-17 17:31:00,22819.309999999918,22819.309999999918
2026-07-17 18:31:00,22819.309999999918,22819.309999999918
2026-07-17 19:31:00,22819.309999999918,22819.309999999918
2026-07-17 20:31:00,22819.309999999918,22819.309999999918
2026-07-17 21:31:00,22819.309999999918,22819.309999999918
2026-07-17 22:31:00,22819.309999999918,22819.309999999918
2026-07-17 23:31:00,22819.309999999918,22819.309999999918
2026-07-20 01:32:00,22819.309999999918,22819.309999999918
2026-07-20 02:32:00,22819.309999999918,22819.309999999918
2026-07-20 03:32:00,22816.29999999992,22884.989999999903
2026-07-20 04:32:00,22364.50999999993,22364.50999999993
2026-07-20 05:32:00,22364.50999999993,22364.50999999993
2026-07-20 06:32:00,22363.38999999993,22433.62999999993
2026-07-20 07:32:00,22363.38999999993,22379.70999999993
2026-07-20 08:32:00,22397.18999999993,22539.14999999993
2026-07-20 09:32:00,22464.789999999928,22633.02999999993
2026-07-20 10:32:00,22464.789999999928,22582.86999999993
2026-07-20 11:32:00,22463.989999999925,22463.989999999925
2026-07-20 12:32:00,22463.989999999925,22463.989999999925
2026-07-20 13:32:00,22463.989999999925,22463.989999999925
2026-07-20 14:32:00,22463.989999999925,22463.989999999925
2026-07-20 15:32:00,22463.989999999925,22463.989999999925
2026-07-20 16:32:00,22463.989999999925,22463.989999999925
2026-07-20 17:32:00,22463.989999999925,22463.989999999925
2026-07-20 18:32:00,22493.039999999924,22551.22999999993
2026-07-20 19:32:00,22490.739999999925,22490.739999999925
2026-07-20 20:32:00,22490.739999999925,22490.739999999925
2026-07-20 21:32:00,22490.739999999925,22490.739999999925
2026-07-20 22:32:00,22490.739999999925,22490.739999999925
2026-07-20 23:32:00,22490.739999999925,22490.739999999925
2026-07-21 01:33:00,22490.739999999925,22490.739999999925
2026-07-21 02:33:00,22490.739999999925,22490.739999999925
2026-07-21 03:33:00,22490.739999999925,22490.739999999925
2026-07-21 04:33:00,22490.739999999925,22490.739999999925
2026-07-21 05:33:00,22516.599999999915,22516.599999999915
2026-07-21 06:33:00,22516.599999999915,22516.599999999915
2026-07-21 07:33:00,22516.599999999915,22516.599999999915
2026-07-21 08:33:00,22516.599999999915,22516.599999999915
2026-07-21 09:33:00,22516.599999999915,22516.599999999915
2026-07-21 10:33:00,22516.599999999915,22516.599999999915
2026-07-21 11:33:00,22516.599999999915,22516.599999999915
2026-07-21 12:33:00,22516.599999999915,22516.599999999915
2026-07-21 13:33:00,22516.599999999915,22516.599999999915
2026-07-21 14:33:00,22516.599999999915,22516.599999999915
2026-07-21 15:33:00,22516.599999999915,22516.599999999915
2026-07-21 16:33:00,22516.599999999915,22516.599999999915
2026-07-21 17:33:00,22516.599999999915,22516.599999999915
2026-07-21 18:33:00,22516.599999999915,22516.599999999915
2026-07-21 19:33:00,22516.599999999915,22516.599999999915
2026-07-21 20:33:00,22516.599999999915,22516.599999999915
2026-07-21 21:33:00,22516.599999999915,22516.599999999915
2026-07-21 22:33:00,22516.599999999915,22516.599999999915
2026-07-21 23:33:00,22516.599999999915,22516.599999999915
2026-07-22 01:34:00,22516.599999999915,22516.599999999915
2026-07-22 02:34:00,22516.599999999915,22516.599999999915
2026-07-22 03:34:00,22516.599999999915,22516.599999999915
2026-07-22 04:34:00,22516.599999999915,22516.599999999915
2026-07-22 05:34:00,22516.599999999915,22516.599999999915
2026-07-22 06:34:00,22516.599999999915,22516.599999999915
2026-07-22 07:34:00,22516.599999999915,22516.599999999915
2026-07-22 08:34:00,22516.599999999915,22516.599999999915
2026-07-22 09:34:00,22516.599999999915,22516.599999999915
2026-07-22 10:34:00,22516.599999999915,22516.599999999915
2026-07-22 11:34:00,22544.739999999918,22633.49999999992
2026-07-22 12:34:00,22544.739999999918,22625.939999999922
2026-07-22 13:34:00,22544.739999999918,22646.659999999927
2026-07-22 14:34:00,22544.739999999918,22661.359999999928
2026-07-22 15:34:00,22603.53999999992,22764.939999999922
2026-07-22 16:34:00,22602.539999999928,22602.539999999928
2026-07-22 17:34:00,22602.539999999928,22602.539999999928
2026-07-22 18:34:00,22602.539999999928,22602.539999999928
2026-07-22 19:34:00,22602.539999999928,22602.539999999928
2026-07-22 20:34:00,22602.539999999928,22602.539999999928
2026-07-22 21:34:00,22602.539999999928,22602.539999999928
2026-07-22 22:34:00,22602.539999999928,22602.539999999928
2026-07-22 23:34:00,22602.539999999928,22602.539999999928
2026-07-23 01:35:00,22602.539999999928,22602.539999999928
2026-07-23 02:35:00,22602.539999999928,22602.539999999928
2026-07-23 03:35:00,22602.539999999928,22602.539999999928
2026-07-23 04:35:00,22602.539999999928,22602.539999999928
2026-07-23 05:35:00,22602.539999999928,22602.539999999928
2026-07-23 06:35:00,22602.539999999928,22602.539999999928
2026-07-23 07:35:00,22602.539999999928,22602.539999999928
2026-07-23 08:35:00,22602.539999999928,22602.539999999928
2026-07-23 09:35:00,22602.539999999928,22602.539999999928
2026-07-23 10:35:00,22602.539999999928,22602.539999999928
2026-07-23 11:35:00,22602.539999999928,22602.539999999928
2026-07-23 12:35:00,22602.539999999928,22602.539999999928
2026-07-23 13:35:00,22602.539999999928,22602.539999999928
2026-07-23 14:35:00,22602.539999999928,22602.539999999928
2026-07-23 15:35:00,22602.539999999928,22602.539999999928
2026-07-23 16:35:00,22602.539999999928,22602.539999999928
2026-07-23 17:35:00,22602.539999999928,22602.539999999928
2026-07-23 18:35:00,22602.539999999928,22602.539999999928
2026-07-23 19:35:00,22602.539999999928,22602.539999999928
2026-07-23 20:35:00,22602.539999999928,22602.539999999928
2026-07-23 21:35:00,22602.539999999928,22602.539999999928
2026-07-23 22:35:00,22602.539999999928,22602.539999999928
2026-07-23 23:35:00,22602.539999999928,22602.539999999928
2026-07-24 01:36:00,22602.539999999928,22602.539999999928
2026-07-24 02:36:00,22602.539999999928,22602.539999999928
2026-07-24 03:36:00,22602.539999999928,22602.539999999928
2026-07-24 04:36:00,22602.539999999928,22602.539999999928
2026-07-24 05:36:00,22602.539999999928,22602.539999999928
2026-07-24 06:36:00,22602.539999999928,22602.539999999928
2026-07-24 07:36:00,22602.539999999928,22602.539999999928
2026-07-24 08:36:00,22602.539999999928,22602.539999999928
2026-07-24 09:36:00,22602.539999999928,22602.539999999928
2026-07-24 10:36:00,22602.539999999928,22602.539999999928
2026-07-24 11:36:00,22602.539999999928,22602.539999999928
2026-07-24 12:36:00,22602.539999999928,22602.539999999928
2026-07-24 13:36:00,22602.539999999928,22602.539999999928
2026-07-24 14:36:00,22602.539999999928,22602.539999999928
2026-07-24 15:36:00,22602.539999999928,22602.539999999928
2026-07-24 16:36:00,22602.539999999928,22602.539999999928
2026-07-24 17:36:00,22602.539999999928,22602.539999999928
2026-07-24 18:36:00,22602.539999999928,22602.539999999928
2026-07-24 19:36:00,22628.48999999993,22628.48999999993
2026-07-24 20:36:00,22628.48999999993,22628.48999999993
2026-07-24 21:36:00,22628.48999999993,22628.48999999993
2026-07-24 22:36:00,22628.48999999993,22628.48999999993
2026-07-24 23:36:00,22628.48999999993,22628.48999999993
2026-07-27 01:37:00,22628.48999999993,22628.48999999993
2026-07-27 02:37:00,22628.48999999993,22628.48999999993
2026-07-27 03:37:00,22628.48999999993,22628.48999999993
2026-07-27 04:37:00,22628.48999999993,22628.48999999993
2026-07-27 05:37:00,22628.48999999993,22628.48999999993
2026-07-27 06:37:00,22628.48999999993,22628.48999999993
2026-07-27 07:37:00,22628.48999999993,22628.48999999993
2026-07-27 08:37:00,22628.48999999993,22628.48999999993
2026-07-27 09:37:00,22628.48999999993,22628.48999999993
2026-07-27 10:37:00,22628.48999999993,22628.48999999993
2026-07-27 11:37:00,22628.48999999993,22628.48999999993
2026-07-27 12:37:00,22628.48999999993,22628.48999999993
2026-07-27 13:37:00,22628.48999999993,22628.48999999993
2026-07-27 14:37:00,22628.48999999993,22628.48999999993
2026-07-27 15:37:00,22628.48999999993,22628.48999999993
2026-07-27 16:37:00,22628.48999999993,22628.48999999993
2026-07-27 17:37:00,22628.48999999993,22628.48999999993
2026-07-27 18:37:00,22628.48999999993,22628.48999999993
2026-07-27 19:37:00,22628.48999999993,22628.48999999993
2026-07-27 20:37:00,22628.48999999993,22628.48999999993
2026-07-27 21:37:00,22628.48999999993,22628.48999999993
2026-07-27 22:37:00,22628.48999999993,22628.48999999993
2026-07-27 23:37:00,22628.48999999993,22628.48999999993
2026-07-28 01:38:00,22628.48999999993,22628.48999999993
2026-07-28 02:38:00,22628.48999999993,22628.48999999993
2026-07-28 03:38:00,22628.48999999993,22628.48999999993
2026-07-28 04:38:00,22628.48999999993,22628.48999999993
2026-07-28 05:38:00,22628.48999999993,22628.48999999993
2026-07-28 06:38:00,22628.48999999993,22628.48999999993
2026-07-28 07:38:00,22628.48999999993,22628.48999999993
2026-07-28 08:38:00,22628.48999999993,22628.48999999993
2026-07-28 09:38:00,22628.48999999993,22628.48999999993
2026-07-28 10:38:00,22628.48999999993,22628.48999999993
2026-07-28 11:38:00,22628.48999999993,22628.48999999993
2026-07-28 12:38:00,22628.48999999993,22628.48999999993
2026-07-28 13:38:00,22628.48999999993,22628.48999999993
2026-07-28 14:38:00,22628.48999999993,22628.48999999993
2026-07-28 15:38:00,22628.48999999993,22628.48999999993
2026-07-28 16:38:00,22628.48999999993,22628.48999999993
2026-07-28 17:38:00,22628.48999999993,22628.48999999993
2026-07-28 18:38:00,22628.48999999993,22628.48999999993
2026-07-28 19:38:00,22628.48999999993,22628.48999999993
2026-07-28 20:38:00,22628.48999999993,22628.48999999993
2026-07-28 21:38:00,22628.48999999993,22628.48999999993
2026-07-28 22:38:00,22628.48999999993,22628.48999999993
2026-07-28 23:38:00,22628.48999999993,22628.48999999993
2026-07-29 01:39:00,22628.48999999993,22628.48999999993
2026-07-29 02:39:00,22628.48999999993,22628.48999999993
2026-07-29 03:39:00,22628.48999999993,22628.48999999993
2026-07-29 04:39:00,22628.48999999993,22628.48999999993
2026-07-29 05:39:00,22628.48999999993,22628.48999999993
2026-07-29 06:39:00,22628.48999999993,22628.48999999993
2026-07-29 07:39:00,22628.48999999993,22628.48999999993
2026-07-29 08:39:00,22628.48999999993,22628.48999999993
2026-07-29 09:39:00,22628.48999999993,22628.48999999993
2026-07-29 10:39:00,22628.48999999993,22628.48999999993
2026-07-29 11:39:00,22628.48999999993,22628.48999999993
2026-07-29 12:39:00,22628.48999999993,22628.48999999993
2026-07-29 13:39:00,22628.48999999993,22628.48999999993
2026-07-29 14:39:00,22628.48999999993,22628.48999999993
2026-07-29 15:39:00,22628.48999999993,22628.48999999993
2026-07-29 16:39:00,22628.48999999993,22628.48999999993
2026-07-29 17:39:00,22628.48999999993,22628.48999999993
2026-07-29 18:39:00,22628.48999999993,22628.48999999993
2026-07-29 19:39:00,22628.48999999993,22628.48999999993
2026-07-29 20:39:00,22628.48999999993,22628.48999999993
2026-07-29 21:39:00,22628.48999999993,22628.48999999993
2026-07-29 22:39:00,22628.48999999993,22628.48999999993
2026-07-29 23:39:00,22628.48999999993,22628.48999999993
2026-07-30 01:40:00,22628.48999999993,22628.48999999993
2026-07-30 02:40:00,22628.48999999993,22628.48999999993
2026-07-30 03:40:00,22628.48999999993,22628.48999999993
2026-07-30 04:40:00,22628.48999999993,22628.48999999993
2026-07-30 05:40:00,22628.48999999993,22628.48999999993
2026-07-30 06:40:00,22628.48999999993,22628.48999999993
2026-07-30 07:40:00,22628.48999999993,22628.48999999993
2026-07-30 08:40:00,22628.48999999993,22628.48999999993
2026-07-30 09:40:00,22628.48999999993,22628.48999999993
2026-07-30 10:40:00,22397.239999999932,22397.239999999932
2026-07-30 11:40:00,22397.239999999932,22397.239999999932
2026-07-30 12:40:00,22397.239999999932,22397.239999999932
2026-07-30 13:40:00,22397.239999999932,22397.239999999932
2026-07-30 14:40:00,22397.239999999932,22397.239999999932
2026-07-30 15:40:00,22397.239999999932,22397.239999999932
2026-07-30 16:40:00,22397.239999999932,22397.239999999932
2026-07-30 17:40:00,22397.239999999932,22397.239999999932
2026-07-30 18:40:00,22397.239999999932,22397.239999999932
2026-07-30 19:40:00,22397.239999999932,22397.239999999932
2026-07-30 20:40:00,22397.239999999932,22397.239999999932
2026-07-30 21:40:00,22397.239999999932,22397.239999999932
2026-07-30 22:40:00,22397.239999999932,22397.239999999932
2026-07-30 23:40:00,22397.239999999932,22397.239999999932
2026-07-31 01:41:00,22397.239999999932,22397.239999999932
2026-07-31 02:41:00,22397.239999999932,22397.239999999932
2026-07-31 03:41:00,22397.239999999932,22397.239999999932
2026-07-31 04:41:00,22397.239999999932,22397.239999999932
2026-07-31 05:41:00,22397.239999999932,22397.239999999932
2026-07-31 06:41:00,22397.239999999932,22397.239999999932
2026-07-31 07:41:00,22397.239999999932,22397.239999999932
2026-07-31 08:41:00,22397.239999999932,22397.239999999932
2026-07-31 09:41:00,22397.239999999932,22397.239999999932
2026-07-31 10:41:00,22397.239999999932,22397.239999999932
2026-07-31 11:41:00,22397.239999999932,22397.239999999932
2026-07-31 12:41:00,22397.239999999932,22397.239999999932
2026-07-31 13:41:00,22397.239999999932,22397.239999999932
2026-07-31 14:41:00,22397.239999999932,22397.239999999932
2026-07-31 15:41:00,22397.239999999932,22397.239999999932
2026-07-31 16:41:00,22397.239999999932,22397.239999999932
2026-07-31 17:41:00,22397.239999999932,22397.239999999932
2026-07-31 18:41:00,22397.239999999932,22397.239999999932
2026-07-31 19:41:00,22397.239999999932,22397.239999999932
2026-07-31 20:41:00,22397.239999999932,22397.239999999932
2026-07-31 21:41:00,22397.239999999932,22397.239999999932
2026-07-31 22:41:00,22397.239999999932,22397.239999999932
2026-07-31 23:41:00,22397.239999999932,22397.239999999932
2026-08-03 01:42:00,22397.239999999932,22397.239999999932
2026-08-03 02:42:00,22397.239999999932,22397.239999999932
2026-08-03 03:42:00,22397.239999999932,22397.239999999932
2026-08-03 04:42:00,22397.239999999932,22397.239999999932
2026-08-03 05:42:00,22397.239999999932,22397.239999999932
2026-08-03 06:42:00,22397.239999999932,22397.239999999932
2026-08-03 07:42:00,22397.239999999932,22397.239999999932
2026-08-03 08:42:00,22397.239999999932,22397.239999999932
2026-08-03 09:42:00,22397.239999999932,22397.239999999932
2026-08-03 10:42:00,22397.239999999932,22397.239999999932
2026-08-03 11:42:00,22397.239999999932,22397.239999999932
2026-08-03 12:42:00,22397.239999999932,22397.239999999932
2026-08-03 13:42:00,22397.239999999932,22397.239999999932
2026-08-03 14:42:00,22397.239999999932,22397.239999999932
2026-08-03 15:42:00,22397.239999999932,22397.239999999932
2026-08-03 16:42:00,22397.239999999932,22397.239999999932
2026-08-03 17:42:00,22397.239999999932,22397.239999999932
2026-08-03 18:42:00,22397.239999999932,22397.239999999932
2026-08-03 19:42:00,22397.239999999932,22397.239999999932
2026-08-03 20:42:00,22397.239999999932,22397.239999999932
2026-08-03 21:42:00,22397.239999999932,22397.239999999932
2026-08-03 22:42:00,22397.239999999932,22397.239999999932
2026-08-03 23:42:00,22397.239999999932,22397.239999999932
2026-08-04 01:43:00,22397.239999999932,22397.239999999932
2026-08-04 02:43:00,22397.239999999932,22397.239999999932
2026-08-04 03:43:00,22397.239999999932,22397.239999999932
2026-08-04 04:43:00,22397.239999999932,22397.239999999932
2026-08-04 05:43:00,22397.239999999932,22397.239999999932
2026-08-04 06:43:00,22397.239999999932,22397.239999999932
2026-08-04 07:43:00,22397.239999999932,22397.239999999932
2026-08-04 08:43:00,22397.239999999932,22397.239999999932
2026-08-04 09:43:00,22397.239999999932,22397.239999999932
2026-08-04 10:43:00,22397.239999999932,22397.239999999932
2026-08-04 11:43:00,22397.239999999932,22397.239999999932
2026-08-04 12:43:00,22397.239999999932,22397.239999999932
2026-08-04 13:43:00,22397.239999999932,22397.239999999932
2026-08-04 14:43:00,22397.239999999932,22397.239999999932
2026-08-04 15:43:00,22397.239999999932,22397.239999999932
2026-08-04 16:43:00,22397.239999999932,22397.239999999932
2026-08-04 17:43:00,22397.239999999932,22397.239999999932
2026-08-04 18:43:00,22397.239999999932,22397.239999999932
2026-08-04 19:43:00,22397.239999999932,22397.239999999932
2026-08-04 20:43:00,22397.239999999932,22397.239999999932
2026-08-04 21:43:00,22397.239999999932,22397.239999999932
2026-08-04 22:43:00,22397.239999999932,22397.239999999932
2026-08-04 23:43:00,22397.239999999932,22397.239999999932
2026-08-05 01:44:00,22397.239999999932,22397.239999999932
2026-08-05 02:44:00,22397.239999999932,22397.239999999932
2026-08-05 03:44:00,22397.239999999932,22397.239999999932
2026-08-05 04:44:00,22397.239999999932,22397.239999999932
2026-08-05 05:44:00,22397.239999999932,22397.239999999932
2026-08-05 06:44:00,22397.239999999932,22397.239999999932
2026-08-05 07:44:00,22397.239999999932,22397.239999999932
2026-08-05 08:44:00,22397.239999999932,22397.239999999932
2026-08-05 09:44:00,22397.239999999932,22397.239999999932
2026-08-05 10:44:00,22397.239999999932,22397.239999999932
2026-08-05 11:44:00,22397.239999999932,22397.239999999932
2026-08-05 12:44:00,22396.259999999933,22409.139999999934
2026-08-05 13:44:00,22396.259999999933,22367.559999999932
2026-08-05 14:44:00,22477.70999999993,22699.06999999993
2026-08-05 15:44:00,22586.27999999993,22773.829999999925
2026-08-05 16:44:00,22586.27999999993,22788.62999999993
2026-08-05 17:44:00,22948.179999999928,22948.179999999928
2026-08-05 18:44:00,22948.179999999928,22948.179999999928
2026-08-05 19:44:00,23061.639999999927,23399.67999999992
2026-08-05 20:44:00,23130.339999999924,23467.239999999925
2026-08-05 21:44:00,23238.339999999924,23640.339999999924
2026-08-05 22:44:00,23238.339999999924,23565.57999999993
2026-08-05 23:44:00,23238.339999999924,23472.939999999926
2026-08-06 01:45:00,23314.819999999912,23686.939999999904
2026-08-06 02:45:00,23887.2399999999,24356.769999999902
2026-08-06 03:45:00,23887.2399999999,24474.9399999999
2026-08-06 04:45:00,24319.2399999999,24504.1599999999
2026-08-06 05:45:00,24319.2399999999,24488.2299999999
2026-08-06 06:45:00,24319.2399999999,24425.1699999999
2026-08-06 07:45:00,24319.2399999999,24418.8399999999
2026-08-06 08:45:00,24319.2399999999,24438.249999999898
2026-08-06 09:45:00,24319.2399999999,24413.1999999999
2026-08-06 10:45:00,24319.2399999999,24402.1299999999
2026-08-06 11:45:00,24319.2399999999,24462.4299999999
2026-08-06 12:45:00,24319.2399999999,24466.209999999897
2026-08-06 13:45:00,24319.2399999999,24437.4099999999
2026-08-06 14:45:00,24319.2399999999,24413.8599999999
2026-08-06 15:45:00,24319.2399999999,24441.1599999999
2026-08-06 16:45:00,24075.629999999896,24204.149999999896
2026-08-06 17:45:00,24075.629999999896,24220.889999999898
2026-08-06 18:45:00,23585.139999999912,23658.57999999991
2026-08-06 19:45:00,23584.839999999913,23584.839999999913
2026-08-06 20:45:00,23584.839999999913,23584.839999999913
2026-08-06 21:45:00,23584.839999999913,23584.839999999913
2026-08-06 22:45:00,23584.839999999913,23584.839999999913
2026-08-06 23:45:00,23584.839999999913,23584.839999999913
2026-08-07 01:46:00,23584.839999999913,23584.839999999913
2026-08-07 02:46:00,23584.839999999913,23584.839999999913
2026-08-07 03:46:00,23584.839999999913,23584.839999999913
2026-08-07 04:46:00,23584.839999999913,23584.839999999913
2026-08-07 05:46:00,23584.839999999913,23584.839999999913
2026-08-07 06:46:00,23584.839999999913,23584.839999999913
2026-08-07 07:46:00,23584.839999999913,23584.839999999913
2026-08-07 08:46:00,23584.839999999913,23584.839999999913
2026-08-07 09:46:00,23584.839999999913,23584.839999999913
2026-08-07 10:46:00,23584.839999999913,23584.839999999913
2026-08-07 11:46:00,23584.839999999913,23584.839999999913
2026-08-07 12:46:00,23584.839999999913,23584.839999999913
2026-08-07 13:46:00,23584.839999999913,23584.839999999913
2026-08-07 14:46:00,23584.839999999913,23584.839999999913
2026-08-07 15:46:00,23584.839999999913,23584.839999999913
2026-08-07 16:46:00,23584.839999999913,23584.839999999913
2026-08-07 17:46:00,23584.839999999913,23584.839999999913
2026-08-07 18:46:00,23584.839999999913,23584.839999999913
2026-08-07 19:46:00,23584.839999999913,23584.839999999913
2026-08-07 20:46:00,23584.839999999913,23584.839999999913
2026-08-07 21:46:00,23584.839999999913,23584.839999999913
2026-08-07 22:46:00,23584.839999999913,23584.839999999913
2026-08-07 23:46:00,23584.839999999913,23584.839999999913
2026-08-10 01:47:00,23584.839999999913,23584.839999999913
2026-08-10 02:47:00,23584.839999999913,23584.839999999913
2026-08-10 03:47:00,23584.839999999913,23584.839999999913
2026-08-10 04:47:00,23581.759999999915,23246.79999999994
2026-08-10 05:47:00,23611.259999999915,23718.859999999913
2026-08-10 06:47:00,23673.899999999918,23827.439999999933
2026-08-10 07:47:00,23764.25999999993,24114.21999999992
2026-08-10 08:47:00,23947.81999999993,24432.53999999993
2026-08-10 09:47:00,23947.81999999993,24714.059999999943
2026-08-10 10:47:00,24086.939999999933,24783.899999999932
2026-08-10 11:47:00,24086.939999999933,24554.099999999937
2026-08-10 12:47:00,24086.939999999933,24471.899999999943
2026-08-10 13:47:00,24086.939999999933,24351.29999999993
2026-08-10 14:47:00,24086.939999999933,24312.09999999993
2026-08-10 15:47:00,24085.339999999942,24115.97999999994
2026-08-10 16:47:00,24085.339999999942,24106.859999999942
2026-08-10 17:47:00,24084.939999999944,24084.939999999944
2026-08-10 18:47:00,24084.939999999944,24084.939999999944
2026-08-10 19:47:00,24084.939999999944,24084.939999999944
2026-08-10 20:47:00,24084.939999999944,24084.939999999944
2026-08-10 21:47:00,24084.939999999944,24084.939999999944
2026-08-10 22:47:00,24084.939999999944,24084.939999999944
2026-08-10 23:47:00,24084.939999999944,24084.939999999944
2026-08-11 01:48:00,24084.939999999944,24084.939999999944
2026-08-11 02:48:00,24084.939999999944,24084.939999999944
2026-08-11 03:48:00,24084.939999999944,24084.939999999944
2026-08-11 04:48:00,24084.939999999944,24084.939999999944
2026-08-11 05:48:00,24084.939999999944,24084.939999999944
2026-08-11 06:48:00,24084.939999999944,24084.939999999944
2026-08-11 07:48:00,24084.939999999944,24084.939999999944
2026-08-11 08:48:00,24084.939999999944,24084.939999999944
2026-08-11 09:48:00,24084.939999999944,24084.939999999944
2026-08-11 10:48:00,24084.939999999944,24084.939999999944
2026-08-11 11:48:00,24084.939999999944,24084.939999999944
2026-08-11 12:48:00,24084.939999999944,24084.939999999944
2026-08-11 13:48:00,24084.939999999944,24084.939999999944
2026-08-11 14:48:00,24084.939999999944,24084.939999999944
2026-08-11 15:48:00,24084.939999999944,24084.939999999944
2026-08-11 16:48:00,24084.939999999944,24084.939999999944
2026-08-11 17:48:00,24084.939999999944,24084.939999999944
2026-08-11 18:48:00,24084.939999999944,24084.939999999944
2026-08-11 19:48:00,24084.939999999944,24084.939999999944
2026-08-11 20:48:00,24084.939999999944,24084.939999999944
2026-08-11 21:48:00,24084.939999999944,24084.939999999944
2026-08-11 22:48:00,24084.939999999944,24084.939999999944
2026-08-11 23:48:00,24084.939999999944,24084.939999999944
2026-08-12 01:49:00,24084.939999999944,24084.939999999944
2026-08-12 02:49:00,24084.939999999944,24084.939999999944
2026-08-12 03:49:00,24084.939999999944,24084.939999999944
2026-08-12 04:49:00,24084.939999999944,24084.939999999944
2026-08-12 05:49:00,24084.939999999944,24084.939999999944
2026-08-12 06:49:00,24084.939999999944,24084.939999999944
2026-08-12 07:49:00,24084.939999999944,24084.939999999944
2026-08-12 08:49:00,24181.57999999993,24181.57999999993
2026-08-12 09:49:00,24181.57999999993,24181.57999999993
2026-08-12 10:49:00,24181.57999999993,24181.57999999993
2026-08-12 11:49:00,24181.57999999993,24181.57999999993
2026-08-12 12:49:00,24181.57999999993,24181.57999999993
2026-08-12 13:49:00,24181.57999999993,24181.57999999993
2026-08-12 14:49:00,24181.57999999993,24181.57999999993
2026-08-12 15:49:00,24181.57999999993,24181.57999999993
2026-08-12 16:49:00,24181.57999999993,24181.57999999993
2026-08-12 17:49:00,24181.57999999993,24181.57999999993
2026-08-12 18:49:00,24181.57999999993,24181.57999999993
2026-08-12 19:49:00,24181.57999999993,24181.57999999993
2026-08-12 20:49:00,24181.57999999993,24181.57999999993
2026-08-12 21:49:00,24181.57999999993,24181.57999999993
2026-08-12 22:49:00,24181.57999999993,24181.57999999993
2026-08-12 23:49:00,24181.57999999993,24181.57999999993
2026-08-13 01:50:00,24181.57999999993,24181.57999999993
2026-08-13 02:50:00,24181.57999999993,24181.57999999993
2026-08-13 03:50:00,24181.57999999993,24181.57999999993
2026-08-13 04:50:00,24181.57999999993,24181.57999999993
2026-08-13 05:50:00,24181.57999999993,24181.57999999993
2026-08-13 06:50:00,24181.57999999993,24181.57999999993
2026-08-13 07:50:00,24181.57999999993,24181.57999999993
2026-08-13 08:50:00,24181.57999999993,24181.57999999993
2026-08-13 09:50:00,24181.57999999993,24181.57999999993
2026-08-13 10:50:00,24181.57999999993,24181.57999999993
2026-08-13 11:50:00,24181.57999999993,24181.57999999993
2026-08-13 12:50:00,24181.57999999993,24181.57999999993
2026-08-13 13:50:00,24181.57999999993,24181.57999999993
2026-08-13 14:50:00,24181.57999999993,24181.57999999993
2026-08-13 15:50:00,24282.389999999934,24282.389999999934
2026-08-13 16:50:00,24282.389999999934,24282.389999999934
2026-08-13 17:50:00,24282.389999999934,24282.389999999934
2026-08-13 18:50:00,24282.389999999934,24282.389999999934
2026-08-13 19:50:00,24282.389999999934,24282.389999999934
2026-08-13 20:50:00,24282.389999999934,24282.389999999934
2026-08-13 21:50:00,24282.389999999934,24282.389999999934
2026-08-13 22:50:00,24282.389999999934,24282.389999999934
2026-08-13 23:50:00,24282.389999999934,24282.389999999934
2026-08-14 01:51:00,24282.389999999934,24282.389999999934
2026-08-14 02:51:00,24282.389999999934,24282.389999999934
2026-08-14 03:51:00,24282.389999999934,24282.389999999934
2026-08-14 04:51:00,24282.389999999934,24282.389999999934
2026-08-14 05:51:00,24282.389999999934,24282.389999999934
2026-08-14 06:51:00,24282.389999999934,24282.389999999934
2026-08-14 07:51:00,24282.389999999934,24282.389999999934
2026-08-14 08:51:00,24282.389999999934,24282.389999999934
2026-08-14 09:51:00,24282.389999999934,24282.389999999934
2026-08-14 10:51:00,24282.389999999934,24282.389999999934
2026-08-14 11:51:00,24282.389999999934,24282.389999999934
2026-08-14 12:51:00,24282.389999999934,24282.389999999934
2026-08-14 13:51:00,24282.389999999934,24282.389999999934
2026-08-14 14:51:00,24282.389999999934,24282.389999999934
2026-08-14 15:51:00,24282.389999999934,24282.389999999934
2026-08-14 16:51:00,24280.989999999932,24325.38999999992
2026-08-14 17:51:00,24314.43999999994,24314.43999999994
2026-08-14 18:51:00,24314.43999999994,24314.43999999994
2026-08-14 19:51:00,24314.43999999994,24314.43999999994
2026-08-14 20:51:00,24314.43999999994,24314.43999999994
2026-08-14 21:51:00,24314.43999999994,24314.43999999994
2026-08-14 22:51:00,24314.43999999994,24314.43999999994
2026-08-14 23:51:00,24314.43999999994,24314.43999999994
2026-08-17 01:52:00,24314.43999999994,24314.43999999994
2026-08-17 02:52:00,24314.43999999994,24314.43999999994
2026-08-17 03:52:00,24314.43999999994,24314.43999999994
2026-08-17 04:52:00,24314.43999999994,24314.43999999994
2026-08-17 05:52:00,24314.43999999994,24314.43999999994
2026-08-17 06:52:00,24314.43999999994,24314.43999999994
2026-08-17 07:52:00,24314.43999999994,24314.43999999994
2026-08-17 08:52:00,24314.43999999994,24314.43999999994
2026-08-17 09:52:00,24314.43999999994,24314.43999999994
2026-08-17 10:52:00,24314.43999999994,24314.43999999994
2026-08-17 11:52:00,24314.43999999994,24314.43999999994
2026-08-17 12:52:00,24314.43999999994,24314.43999999994
2026-08-17 13:52:00,24314.43999999994,24314.43999999994
2026-08-17 14:52:00,24314.43999999994,24314.43999999994
2026-08-17 15:52:00,24414.759999999922,24414.759999999922
2026-08-17 16:52:00,24414.759999999922,24414.759999999922
2026-08-17 17:52:00,24414.759999999922,24414.759999999922
2026-08-17 18:52:00,24414.759999999922,24414.759999999922
2026-08-17 19:52:00,24414.759999999922,24414.759999999922
2026-08-17 20:52:00,24414.759999999922,24414.759999999922
2026-08-17 21:52:00,24414.759999999922,24414.759999999922
2026-08-17 22:52:00,24414.759999999922,24414.759999999922
2026-08-17 23:52:00,24414.759999999922,24414.759999999922
2026-08-18 01:53:00,24414.759999999922,24414.759999999922
2026-08-18 02:53:00,24414.759999999922,24414.759999999922
2026-08-18 03:53:00,24414.759999999922,24414.759999999922
2026-08-18 04:53:00,24414.759999999922,24414.759999999922
2026-08-18 05:53:00,24414.759999999922,24414.759999999922
2026-08-18 06:53:00,24414.759999999922,24414.759999999922
2026-08-18 07:53:00,24414.759999999922,24414.759999999922
2026-08-18 08:53:00,24414.759999999922,24414.759999999922
2026-08-18 09:53:00,24414.759999999922,24414.759999999922
2026-08-18 10:53:00,24414.759999999922,24414.759999999922
2026-08-18 11:53:00,24414.759999999922,24414.759999999922
2026-08-18 12:53:00,24414.759999999922,24414.759999999922
2026-08-18 13:53:00,24414.759999999922,24414.759999999922
2026-08-18 14:53:00,24414.759999999922,24414.759999999922
2026-08-18 15:53:00,24414.759999999922,24414.759999999922
2026-08-18 16:53:00,24414.759999999922,24414.759999999922
2026-08-18 17:53:00,23930.259999999944,23930.259999999944
2026-08-18 18:53:00,23930.259999999944,23930.259999999944
2026-08-18 19:53:00,23930.259999999944,23930.259999999944
2026-08-18 20:53:00,23930.259999999944,23930.259999999944
2026-08-18 21:53:00,23930.259999999944,23930.259999999944
2026-08-18 22:53:00,23930.259999999944,23930.259999999944
2026-08-18 23:53:00,23930.259999999944,23930.259999999944
2026-08-19 01:54:00,23930.259999999944,23930.259999999944
2026-08-19 02:54:00,23930.259999999944,23930.259999999944
2026-08-19 03:54:00,23930.259999999944,23930.259999999944
2026-08-19 04:54:00,24143.829999999936,24381.069999999934
2026-08-19 05:54:00,24143.829999999936,24387.27999999993
2026-08-19 06:54:00,24143.829999999936,24402.759999999933
2026-08-19 07:54:00,24143.829999999936,24305.19999999993
2026-08-19 08:54:00,24143.829999999936,24220.329999999936
2026-08-19 09:54:00,24143.829999999936,24330.129999999936
2026-08-19 10:54:00,24143.829999999936,24400.059999999932
2026-08-19 11:54:00,24143.829999999936,24425.709999999934
2026-08-19 12:54:00,24143.829999999936,24438.309999999932
2026-08-19 13:54:00,24513.189999999937,24513.189999999937
2026-08-19 14:54:00,24513.189999999937,24513.189999999937
2026-08-19 15:54:00,24032.759999999933,24032.759999999933
2026-08-19 16:54:00,24032.759999999933,24032.759999999933
2026-08-19 17:54:00,24032.759999999933,24032.759999999933
2026-08-19 18:54:00,24032.759999999933,24032.759999999933
2026-08-19 19:54:00,24032.759999999933,24032.759999999933
2026-08-19 20:54:00,24032.759999999933,24032.759999999933
2026-08-19 21:54:00,24032.759999999933,24032.759999999933
2026-08-19 22:54:00,24032.759999999933,24032.759999999933
2026-08-19 23:54:00,24032.759999999933,24032.759999999933
2026-08-20 01:55:00,24032.759999999933,24032.759999999933
2026-08-20 02:55:00,24060.329999999958,24060.329999999958
2026-08-20 03:55:00,24060.329999999958,24060.329999999958
2026-08-20 04:55:00,24058.999999999956,24036.009999999955
2026-08-20 05:55:00,24089.079999999954,24155.67999999995
2026-08-20 06:55:00,24089.079999999954,24276.579999999954
2026-08-20 07:55:00,24087.579999999947,24087.579999999947
2026-08-20 08:55:00,24087.579999999947,24087.579999999947
2026-08-20 09:55:00,24087.579999999947,24087.579999999947
2026-08-20 10:55:00,24087.579999999947,24087.579999999947
2026-08-20 11:55:00,24087.579999999947,24087.579999999947
2026-08-20 12:55:00,24087.579999999947,24087.579999999947
2026-08-20 13:55:00,24087.579999999947,24087.579999999947
2026-08-20 14:55:00,24087.579999999947,24087.579999999947
2026-08-20 15:55:00,24087.579999999947,24087.579999999947
2026-08-20 16:55:00,24087.579999999947,24087.579999999947
2026-08-20 17:55:00,24087.579999999947,24087.579999999947
2026-08-20 18:55:00,24087.579999999947,24087.579999999947
2026-08-20 19:55:00,24087.579999999947,24087.579999999947
2026-08-20 20:55:00,24087.579999999947,24087.579999999947
2026-08-20 21:55:00,24087.579999999947,24087.579999999947
2026-08-20 22:55:00,24087.579999999947,24087.579999999947
2026-08-20 23:55:00,24087.579999999947,24087.579999999947
2026-08-21 01:56:00,24087.579999999947,24087.579999999947
2026-08-21 02:56:00,24087.579999999947,24087.579999999947
2026-08-21 03:56:00,24087.579999999947,24087.579999999947
2026-08-21 04:56:00,24087.579999999947,24087.579999999947
2026-08-21 05:56:00,24087.579999999947,24087.579999999947
2026-08-21 06:56:00,24085.759999999947,24128.139999999927
2026-08-21 07:56:00,24183.67999999994,24324.37999999993
2026-08-21 08:56:00,24182.279999999933,24182.279999999933
2026-08-21 09:56:00,24182.279999999933,24182.279999999933
2026-08-21 10:56:00,24182.279999999933,24182.279999999933
2026-08-21 11:56:00,24182.279999999933,24182.279999999933
2026-08-21 12:56:00,24182.279999999933,24182.279999999933
2026-08-21 13:56:00,24182.279999999933,24182.279999999933
2026-08-21 14:56:00,24182.279999999933,24182.279999999933
2026-08-21 15:56:00,24182.279999999933,24182.279999999933
2026-08-21 16:56:00,24182.279999999933,24182.279999999933
2026-08-21 17:56:00,24182.279999999933,24182.279999999933
2026-08-21 18:56:00,24182.279999999933,24182.279999999933
2026-08-21 19:56:00,24182.279999999933,24182.279999999933
2026-08-21 20:56:00,24182.279999999933,24182.279999999933
2026-08-21 21:56:00,24182.279999999933,24182.279999999933
2026-08-21 22:56:00,24182.279999999933,24182.279999999933
2026-08-21 23:56:00,24182.279999999933,24182.279999999933
2026-08-24 01:57:00,24182.279999999933,24182.279999999933
2026-08-24 02:57:00,24182.279999999933,24182.279999999933
2026-08-24 03:57:00,24181.229999999934,24112.67999999994
2026-08-24 04:57:00,23943.329999999944,23943.329999999944
2026-08-24 05:57:00,23943.329999999944,23943.329999999944
2026-08-24 06:57:00,23943.329999999944,23943.329999999944
2026-08-24 07:57:00,23943.329999999944,23943.329999999944
2026-08-24 08:57:00,23943.329999999944,23943.329999999944
2026-08-24 09:57:00,23943.329999999944,23943.329999999944
2026-08-24 10:57:00,23943.329999999944,23943.329999999944
2026-08-24 11:57:00,23943.329999999944,23943.329999999944
2026-08-24 12:57:00,23943.329999999944,23943.329999999944
2026-08-24 13:57:00,23943.329999999944,23943.329999999944
2026-08-24 14:57:00,23943.329999999944,23943.329999999944
2026-08-24 15:57:00,23943.329999999944,23943.329999999944
2026-08-24 16:57:00,23943.329999999944,23943.329999999944
2026-08-24 17:57:00,23943.329999999944,23943.329999999944
2026-08-24 18:57:00,23943.329999999944,23943.329999999944
2026-08-24 19:57:00,23943.329999999944,23943.329999999944
2026-08-24 20:57:00,23943.329999999944,23943.329999999944
2026-08-24 21:57:00,24035.639999999952,24035.639999999952
2026-08-24 22:57:00,24035.639999999952,24035.639999999952
2026-08-24 23:57:00,24035.639999999952,24035.639999999952
2026-08-25 01:58:00,24035.639999999952,24035.639999999952
2026-08-25 02:58:00,24035.639999999952,24035.639999999952
2026-08-25 03:58:00,24035.639999999952,24035.639999999952
2026-08-25 04:58:00,24035.639999999952,24035.639999999952
2026-08-25 05:58:00,24035.639999999952,24035.639999999952
2026-08-25 06:58:00,24035.639999999952,24035.639999999952
2026-08-25 07:58:00,24035.639999999952,24035.639999999952
2026-08-25 08:58:00,24035.639999999952,24035.639999999952
2026-08-25 09:58:00,24035.639999999952,24035.639999999952
2026-08-25 10:58:00,24035.639999999952,24035.639999999952
2026-08-25 11:58:00,24035.639999999952,24035.639999999952
2026-08-25 12:58:00,24035.639999999952,24035.639999999952
2026-08-25 13:58:00,24035.639999999952,24035.639999999952
2026-08-25 14:58:00,24035.639999999952,24035.639999999952
2026-08-25 15:58:00,24035.639999999952,24035.639999999952
2026-08-25 16:58:00,24035.639999999952,24035.639999999952
2026-08-25 17:58:00,24035.639999999952,24035.639999999952
2026-08-25 18:58:00,24035.639999999952,24035.639999999952
2026-08-25 19:58:00,24035.639999999952,24035.639999999952
2026-08-25 20:58:00,24035.639999999952,24035.639999999952
2026-08-25 21:58:00,24035.639999999952,24035.639999999952
2026-08-25 22:58:00,24035.639999999952,24035.639999999952
2026-08-25 23:58:00,24035.639999999952,24035.639999999952
2026-08-26 01:59:00,24035.639999999952,24035.639999999952
2026-08-26 02:59:00,24035.639999999952,24035.639999999952
2026-08-26 03:59:00,24035.639999999952,24035.639999999952
2026-08-26 04:59:00,24035.639999999952,24035.639999999952
2026-08-26 05:59:00,24035.639999999952,24035.639999999952
2026-08-26 06:59:00,24035.639999999952,24035.639999999952
2026-08-26 07:59:00,24035.639999999952,24035.639999999952
2026-08-26 08:59:00,24035.639999999952,24035.639999999952
2026-08-26 09:59:00,24035.639999999952,24035.639999999952
2026-08-26 10:59:00,24035.639999999952,24035.639999999952
2026-08-26 11:59:00,24065.89999999995,24146.13999999994
2026-08-26 12:59:00,24064.199999999946,24064.199999999946
2026-08-26 13:59:00,24064.199999999946,24064.199999999946
2026-08-26 14:59:00,24064.199999999946,24064.199999999946
2026-08-26 15:59:00,24064.199999999946,24064.199999999946
2026-08-26 16:59:00,24064.199999999946,24064.199999999946
2026-08-26 17:59:00,24064.199999999946,24064.199999999946
2026-08-26 18:59:00,24064.199999999946,24064.199999999946
2026-08-26 19:59:00,24064.199999999946,24064.199999999946
2026-08-26 20:59:00,24064.199999999946,24064.199999999946
2026-08-26 21:59:00,24064.199999999946,24064.199999999946
2026-08-26 22:59:00,24064.199999999946,24064.199999999946
2026-08-27 01:00:00,24064.199999999946,24064.199999999946
2026-08-27 02:00:00,24063.429999999946,24072.559999999947
2026-08-27 03:00:00,24063.429999999946,23913.059999999947
2026-08-27 04:00:00,24063.429999999946,24123.049999999945
2026-08-27 05:00:00,23839.139999999945,23839.139999999945
2026-08-27 06:00:00,23839.139999999945,23839.139999999945
2026-08-27 07:00:00,23839.139999999945,23839.139999999945
2026-08-27 08:00:00,23839.139999999945,23839.139999999945
2026-08-27 09:00:00,23601.47999999994,23601.47999999994
2026-08-27 10:00:00,23601.47999999994,23601.47999999994
2026-08-27 11:00:00,23601.47999999994,23601.47999999994
2026-08-27 12:00:00,23601.47999999994,23601.47999999994
2026-08-27 13:00:00,23601.47999999994,23601.47999999994
2026-08-27 14:00:00,23601.47999999994,23601.47999999994
2026-08-27 15:00:00,23601.47999999994,23601.47999999994
2026-08-27 16:00:00,23601.47999999994,23601.47999999994
2026-08-27 17:00:00,23601.47999999994,23601.47999999994
2026-08-27 18:00:00,23601.47999999994,23601.47999999994
2026-08-27 19:00:00,23601.47999999994,23601.47999999994
2026-08-27 20:00:00,23601.47999999994,23601.47999999994
2026-08-27 21:00:00,23601.47999999994,23601.47999999994
2026-08-27 22:00:00,23601.47999999994,23601.47999999994
2026-08-27 23:00:00,23601.47999999994,23601.47999999994
2026-08-28 01:01:00,23601.47999999994,23601.47999999994
2026-08-28 02:01:00,23601.47999999994,23601.47999999994
2026-08-28 03:01:00,23599.09999999994,23601.139999999956
2026-08-28 04:01:00,23628.899999999954,23628.899999999954
2026-08-28 05:01:00,23628.899999999954,23628.899999999954
2026-08-28 06:01:00,23628.899999999954,23628.899999999954
2026-08-28 07:01:00,23628.899999999954,23628.899999999954
2026-08-28 08:01:00,23628.899999999954,23628.899999999954
2026-08-28 09:01:00,23628.899999999954,23628.899999999954
2026-08-28 10:01:00,23628.899999999954,23628.899999999954
2026-08-28 11:01:00,23628.899999999954,23628.899999999954
2026-08-28 12:01:00,23628.899999999954,23628.899999999954
2026-08-28 13:01:00,23628.899999999954,23628.899999999954
2026-08-28 14:01:00,23628.899999999954,23628.899999999954
2026-08-28 15:01:00,23626.869999999955,23498.97999999996
2026-08-28 16:01:00,23658.61999999994,23658.61999999994
2026-08-28 17:01:00,23658.61999999994,23658.61999999994
2026-08-28 18:01:00,23658.61999999994,23658.61999999994
2026-08-28 19:01:00,23658.61999999994,23658.61999999994
2026-08-28 20:01:00,23658.61999999994,23658.61999999994
2026-08-28 21:01:00,23658.61999999994,23658.61999999994
2026-08-28 22:01:00,23658.61999999994,23658.61999999994
2026-08-28 23:01:00,23658.61999999994,23658.61999999994
2026-08-31 01:02:00,23658.61999999994,23658.61999999994
2026-08-31 02:02:00,23658.61999999994,23658.61999999994
2026-08-31 03:02:00,23658.61999999994,23658.61999999994
2026-08-31 04:02:00,23658.61999999994,23658.61999999994
2026-08-31 05:02:00,23658.61999999994,23658.61999999994
2026-08-31 06:02:00,23657.639999999945,23758.639999999945
2026-08-31 07:02:00,23680.359999999946,23693.669999999944
2026-08-31 08:02:00,23712.20999999994,23970.029999999926
2026-08-31 09:02:00,23913.749999999935,24259.48999999993
2026-08-31 10:02:00,23913.749999999935,24322.48999999992
2026-08-31 11:02:00,23913.749999999935,24529.889999999938
2026-08-31 12:02:00,23913.749999999935,24314.48999999993
2026-08-31 13:02:00,23913.749999999935,24469.289999999924
2026-08-31 14:02:00,23974.169999999933,24660.609999999924
2026-08-31 15:02:00,24333.06999999993,24713.96999999993
2026-08-31 16:02:00,24333.06999999993,24519.769999999928
2026-08-31 17:02:00,24332.469999999936,24370.509999999937
2026-08-31 18:02:00,24332.469999999936,24404.629999999936
2026-08-31 19:02:00,24332.469999999936,24414.429999999935
2026-08-31 20:02:00,24332.469999999936,24420.709999999934
2026-08-31 21:02:00,24332.469999999936,24417.269999999935
2026-08-31 22:02:00,24332.469999999936,24413.029999999937
2026-08-31 23:02:00,24332.469999999936,24504.549999999934
2026-09-01 01:03:00,24330.469999999936,24493.229999999934
2026-09-01 02:03:00,24330.469999999936,24472.389999999934
2026-09-01 03:03:00,24330.469999999936,24492.029999999937
2026-09-01 04:03:00,24330.469999999936,24481.469999999936
2026-09-01 05:03:00,24330.469999999936,24465.109999999935
2026-09-01 06:03:00,24330.469999999936,24443.989999999936
2026-09-01 07:03:00,24330.469999999936,24431.349999999937
2026-09-01 08:03:00,24330.469999999936,24402.069999999934
2026-09-01 09:03:00,24330.469999999936,24430.989999999936
2026-09-01 10:03:00,24330.469999999936,24413.309999999936
2026-09-01 11:03:00,24330.469999999936,24336.949999999935
2026-09-01 12:03:00,24330.069999999938,24330.069999999938
2026-09-01 13:03:00,24330.069999999938,24330.069999999938
2026-09-01 14:03:00,24330.069999999938,24330.069999999938
2026-09-01 15:03:00,24330.069999999938,24330.069999999938
2026-09-01 16:03:00,24330.069999999938,24330.069999999938
2026-09-01 17:03:00,24330.069999999938,24330.069999999938
2026-09-01 18:03:00,24330.069999999938,24330.069999999938
2026-09-01 19:03:00,24330.069999999938,24330.069999999938
2026-09-01 20:03:00,24330.069999999938,24330.069999999938
2026-09-01 21:03:00,24330.069999999938,24330.069999999938
2026-09-01 22:03:00,24330.069999999938,24330.069999999938
2026-09-01 23:03:00,24330.069999999938,24330.069999999938
2026-09-02 01:04:00,24330.069999999938,24330.069999999938
2026-09-02 02:04:00,24330.069999999938,24330.069999999938
2026-09-02 03:04:00,24330.069999999938,24330.069999999938
2026-09-02 04:04:00,24330.069999999938,24330.069999999938
2026-09-02 05:04:00,24330.069999999938,24330.069999999938
2026-09-02 06:04:00,24330.069999999938,24330.069999999938
2026-09-02 07:04:00,24330.069999999938,24330.069999999938
2026-09-02 08:04:00,24330.069999999938,24330.069999999938
2026-09-02 09:04:00,24330.069999999938,24330.069999999938
2026-09-02 10:04:00,24330.069999999938,24330.069999999938
2026-09-02 11:04:00,24330.069999999938,24330.069999999938
2026-09-02 12:04:00,24330.069999999938,24330.069999999938
2026-09-02 13:04:00,24330.069999999938,24330.069999999938
2026-09-02 14:04:00,24330.069999999938,24330.069999999938
2026-09-02 15:04:00,24330.069999999938,24330.069999999938
2026-09-02 16:04:00,24330.069999999938,24330.069999999938
2026-09-02 17:04:00,24330.069999999938,24330.069999999938
2026-09-02 18:04:00,24087.519999999946,24087.519999999946
2026-09-02 19:04:00,24087.519999999946,24087.519999999946
2026-09-02 20:04:00,24087.519999999946,24087.519999999946
2026-09-02 21:04:00,24087.519999999946,24087.519999999946
2026-09-02 22:04:00,24087.519999999946,24087.519999999946
2026-09-02 23:04:00,24087.519999999946,24087.519999999946
2026-09-03 01:05:00,24087.519999999946,24087.519999999946
2026-09-03 02:05:00,24087.519999999946,24087.519999999946
2026-09-03 03:05:00,24087.519999999946,24087.519999999946
2026-09-03 04:05:00,24087.519999999946,24087.519999999946
2026-09-03 05:05:00,24087.519999999946,24087.519999999946
2026-09-03 06:05:00,24087.519999999946,24087.519999999946
2026-09-03 07:05:00,24087.519999999946,24087.519999999946
2026-09-03 08:05:00,24087.519999999946,24087.519999999946
2026-09-03 09:05:00,24087.519999999946,24087.519999999946
2026-09-03 10:05:00,24087.519999999946,24087.519999999946
2026-09-03 11:05:00,24087.519999999946,24087.519999999946
2026-09-03 12:05:00,24087.519999999946,24087.519999999946
2026-09-03 13:05:00,24087.519999999946,24087.519999999946
2026-09-03 14:05:00,24087.519999999946,24087.519999999946
2026-09-03 15:05:00,24087.519999999946,24087.519999999946
2026-09-03 16:05:00,24087.099999999948,24061.95999999995
2026-09-03 17:05:00,24109.13999999995,24210.739999999947
2026-09-03 18:05:00,24108.639999999952,24108.639999999952
2026-09-03 19:05:00,24132.449999999953,24258.089999999953
2026-09-03 20:05:00,24132.449999999953,24270.959999999955
2026-09-03 21:05:00,24132.449999999953,24299.759999999955
2026-09-03 22:05:00,24181.609999999953,24378.239999999954
2026-09-03 23:05:00,24181.609999999953,24398.679999999957
2026-09-04 01:06:00,24182.659999999953,24372.079999999954
2026-09-04 02:06:00,24182.659999999953,24399.519999999957
2026-09-04 03:06:00,24182.659999999953,24333.509999999955
2026-09-04 04:06:00,24182.659999999953,24367.949999999953
2026-09-04 05:06:00,24182.659999999953,24352.05999999995
2026-09-04 06:06:00,24182.659999999953,24393.569999999952
2026-09-04 07:06:00,24182.659999999953,24432.699999999953
2026-09-04 08:06:00,24182.659999999953,24426.049999999956
2026-09-04 09:06:00,24182.659999999953,24411.629999999954
2026-09-04 10:06:00,24182.659999999953,24448.239999999954
2026-09-04 11:06:00,24182.659999999953,24323.989999999954
2026-09-04 12:06:00,24182.659999999953,24388.599999999955
2026-09-04 13:06:00,24182.659999999953,24423.52999999995
2026-09-04 14:06:00,24182.659999999953,24414.919999999955
2026-09-04 15:06:00,24182.659999999953,24422.68999999995
2026-09-04 16:06:00,24772.459999999955,24772.459999999955
2026-09-04 17:06:00,24772.459999999955,24772.459999999955
2026-09-04 18:06:00,24772.459999999955,24772.459999999955
2026-09-04 19:06:00,24772.459999999955,24772.459999999955
2026-09-04 20:06:00,24772.459999999955,24772.459999999955
2026-09-04 21:06:00,24772.459999999955,24772.459999999955
2026-09-04 22:06:00,24772.459999999955,24772.459999999955
2026-09-04 23:06:00,24772.459999999955,24772.459999999955
2026-09-04 23:58:00,24772.459999999955,24772.459999999955
