time,balance,equity
2025-09-01 01:00:00,10000.0,10000.0
2025-09-01 02:00:00,10000.0,10000.0
2025-09-01 03:00:00,10000.0,10000.0
2025-09-01 04:00:00,10000.0,10000.0
2025-09-01 05:00:00,10000.0,10000.0
2025-09-01 06:00:00,10000.0,10000.0
2025-09-01 07:00:00,10000.0,10000.0
2025-09-01 08:00:00,10000.0,10000.0
2025-09-01 09:00:00,10000.0,10000.0
2025-09-01 10:00:00,10000.0,10000.0
2025-09-01 11:00:00,10000.0,10000.0
2025-09-01 12:00:00,10000.0,10000.0
2025-09-01 13:00:00,10000.0,10000.0
2025-09-01 14:00:00,10000.0,10000.0
2025-09-01 15:00:00,10000.0,10000.0
2025-09-01 16:00:00,10000.0,10000.0
2025-09-01 17:00:00,10000.0,10000.0
2025-09-01 18:00:00,10038.31,10089.460000000001
2025-09-01 19:00:00,10038.31,10112.889999999996
2025-09-01 20:00:00,10038.31,10076.259999999998
2025-09-01 21:00:00,10038.31,10067.679999999995
2025-09-02 01:29:00,10039.96,10060.64
2025-09-02 02:29:00,10038.86,10038.86
2025-09-02 03:29:00,10038.86,10038.86
2025-09-02 04:29:00,10038.86,10038.86
2025-09-02 05:29:00,10038.86,10038.86
2025-09-02 06:29:00,10038.86,10038.86
2025-09-02 07:29:00,10038.86,10038.86
2025-09-02 08:29:00,10038.86,10038.86
2025-09-02 09:29:00,10038.86,10038.86
2025-09-02 10:29:00,10038.86,10038.86
2025-09-02 11:29:00,10038.86,10038.86
2025-09-02 12:29:00,10038.86,10038.86
2025-09-02 13:29:00,10038.86,10038.86
2025-09-02 14:29:00,10038.86,10038.86
2025-09-02 15:29:00,10038.86,10038.86
2025-09-02 16:29:00,10038.86,10038.86
2025-09-02 17:29:00,10038.86,10038.86
2025-09-02 18:29:00,10038.86,10038.86
2025-09-02 19:29:00,10038.86,10038.86
2025-09-02 20:29:00,10038.86,10038.86
2025-09-02 21:29:00,10038.86,10038.86
2025-09-02 22:29:00,10038.86,10038.86
2025-09-02 23:29:00,10038.86,10038.86
2025-09-03 01:30:00,10038.86,10038.86
2025-09-03 02:30:00,10038.86,10038.86
2025-09-03 03:30:00,10038.86,10038.86
2025-09-03 04:30:00,10038.86,10038.86
2025-09-03 05:30:00,10038.86,10038.86
2025-09-03 06:30:00,10038.86,10038.86
2025-09-03 07:30:00,10038.86,10038.86
2025-09-03 08:30:00,10038.86,10038.86
2025-09-03 09:30:00,10038.86,10038.86
2025-09-03 10:30:00,10038.86,10038.86
2025-09-03 11:30:00,10038.86,10038.86
2025-09-03 12:30:00,10038.86,10038.86
2025-09-03 13:30:00,10038.86,10038.86
2025-09-03 14:30:00,10038.86,10038.86
2025-09-03 15:30:00,10038.86,10038.86
2025-09-03 16:30:00,10038.86,10038.86
2025-09-03 17:30:00,10038.86,10038.86
2025-09-03 18:30:00,10038.86,10038.86
2025-09-03 19:30:00,10038.86,10038.86
2025-09-03 20:30:00,10038.86,10038.86
2025-09-03 21:30:00,10038.86,10038.86
2025-09-03 22:30:00,10038.86,10038.86
2025-09-03 23:30:00,10038.86,10038.86
2025-09-04 01:31:00,10038.86,10038.86
2025-09-04 02:31:00,10038.86,10038.86
2025-09-04 03:31:00,10038.86,10038.86
2025-09-04 04:31:00,10038.86,10038.86
2025-09-04 05:31:00,10038.86,10038.86
2025-09-04 06:31:00,10038.86,10038.86
2025-09-04 07:31:00,10038.86,10038.86
2025-09-04 08:31:00,10038.86,10038.86
2025-09-04 09:31:00,10038.86,10038.86
2025-09-04 10:31:00,10038.86,10038.86
2025-09-04 11:31:00,10038.86,10038.86
2025-09-04 12:31:00,10038.86,10038.86
2025-09-04 13:31:00,10038.86,10038.86
2025-09-04 14:31:00,10038.86,10038.86
2025-09-04 15:31:00,10038.86,10038.86
2025-09-04 16:31:00,10038.86,10038.86
2025-09-04 17:31:00,10038.86,10038.86
2025-09-04 18:31:00,10038.86,10038.86
2025-09-04 19:31:00,10038.86,10038.86
2025-09-04 20:31:00,10038.86,10038.86
2025-09-04 21:31:00,10038.86,10038.86
2025-09-04 22:31:00,10038.86,10038.86
2025-09-04 23:31:00,10038.86,10038.86
2025-09-05 01:32:00,10038.86,10038.86
2025-09-05 02:32:00,10038.86,10038.86
2025-09-05 03:32:00,10038.86,10038.86
2025-09-05 04:32:00,10038.86,10038.86
2025-09-05 05:32:00,10038.86,10038.86
2025-09-05 06:32:00,10038.86,10038.86
2025-09-05 07:32:00,10038.86,10038.86
2025-09-05 08:32:00,10038.86,10038.86
2025-09-05 09:32:00,10038.86,10038.86
2025-09-05 10:32:00,10038.86,10038.86
2025-09-05 11:32:00,10038.86,10038.86
2025-09-05 12:32:00,10038.86,10038.86
2025-09-05 13:32:00,10038.86,10038.86
2025-09-05 14:32:00,10038.86,10038.86
2025-09-05 15:32:00,10038.86,10038.86
2025-09-05 16:32:00,10038.86,10038.86
2025-09-05 17:32:00,10038.86,10038.86
2025-09-05 18:32:00,10038.86,10038.86
2025-09-05 19:32:00,10038.86,10038.86
2025-09-05 20:32:00,10038.86,10038.86
2025-09-05 21:32:00,10038.86,10038.86
2025-09-05 22:32:00,10038.86,10038.86
2025-09-05 23:32:00,10038.86,10038.86
2025-09-08 01:33:00,10038.86,10038.86
2025-09-08 02:33:00,10038.86,10038.86
2025-09-08 03:33:00,10038.86,10038.86
2025-09-08 04:33:00,10038.86,10038.86
2025-09-08 05:33:00,10038.86,10038.86
2025-09-08 06:33:00,10038.86,10038.86
2025-09-08 07:33:00,10038.86,10038.86
2025-09-08 08:33:00,10038.86,10038.86
2025-09-08 09:33:00,10038.86,10038.86
2025-09-08 10:33:00,10038.86,10038.86
2025-09-08 11:33:00,10038.86,10038.86
2025-09-08 12:33:00,10038.86,10038.86
2025-09-08 13:33:00,10038.86,10038.86
2025-09-08 14:33:00,10038.86,10038.86
2025-09-08 15:33:00,10038.86,10038.86
2025-09-08 16:33:00,10038.86,10038.86
2025-09-08 17:33:00,10038.86,10038.86
2025-09-08 18:33:00,10038.86,10038.86
2025-09-08 19:33:00,10038.86,10038.86
2025-09-08 20:33:00,10038.86,10038.86
2025-09-08 21:33:00,10038.86,10038.86
2025-09-08 22:33:00,10038.86,10038.86
2025-09-08 23:33:00,10038.86,10038.86
2025-09-09 01:34:00,10038.86,10038.86
2025-09-09 02:34:00,10038.86,10038.86
2025-09-09 03:34:00,10038.86,10038.86
2025-09-09 04:34:00,10038.86,10038.86
2025-09-09 05:34:00,10038.86,10038.86
2025-09-09 06:34:00,10038.86,10038.86
2025-09-09 07:34:00,10038.86,10038.86
2025-09-09 08:34:00,10038.86,10038.86
2025-09-09 09:34:00,10038.86,10038.86
2025-09-09 10:34:00,10038.86,10038.86
2025-09-09 11:34:00,10038.86,10038.86
2025-09-09 12:34:00,10038.86,10038.86
2025-09-09 13:34:00,10038.86,10038.86
2025-09-09 14:34:00,10038.86,10038.86
2025-09-09 15:34:00,10038.86,10038.86
2025-09-09 16:34:00,10038.86,10038.86
2025-09-09 17:34:00,10038.86,10038.86
2025-09-09 18:34:00,10038.86,10038.86
2025-09-09 19:34:00,10038.86,10038.86
2025-09-09 20:34:00,10038.86,10038.86
2025-09-09 21:34:00,10038.86,10038.86
2025-09-09 22:34:00,10038.86,10038.86
2025-09-09 23:34:00,10038.86,10038.86
2025-09-10 01:35:00,10038.86,10038.86
2025-09-10 02:35:00,10038.86,10038.86
2025-09-10 03:35:00,10038.86,10038.86
2025-09-10 04:35:00,10038.86,10038.86
2025-09-10 05:35:00,10038.86,10038.86
2025-09-10 06:35:00,10038.86,10038.86
2025-09-10 07:35:00,10038.86,10038.86
2025-09-10 08:35:00,10038.86,10038.86
2025-09-10 09:35:00,10038.86,10038.86
2025-09-10 10:35:00,10038.86,10038.86
2025-09-10 11:35:00,10038.86,10038.86
2025-09-10 12:35:00,10038.86,10038.86
2025-09-10 13:35:00,10038.86,10038.86
2025-09-10 14:35:00,10048.990000000002,10099.59
2025-09-10 15:35:00,10073.170000000002,10128.530000000002
2025-09-10 16:35:00,10121.560000000001,10150.91
2025-09-10 17:35:00,10121.560000000001,10132.410000000002
2025-09-10 18:35:00,10121.560000000001,10180.11
2025-09-10 19:35:00,10121.560000000001,10205.360000000002
2025-09-10 20:35:00,10121.560000000001,10179.510000000002
2025-09-10 21:35:00,10121.560000000001,10169.710000000003
2025-09-10 22:35:00,10121.560000000001,10223.760000000002
2025-09-10 23:35:00,10121.560000000001,10209.310000000001
2025-09-11 01:36:00,10122.310000000001,10204.960000000003
2025-09-11 02:36:00,10122.310000000001,10194.460000000001
2025-09-11 03:36:00,10122.310000000001,10187.66
2025-09-11 04:36:00,10122.310000000001,10190.61
2025-09-11 05:36:00,10122.310000000001,10219.060000000001
2025-09-11 06:36:00,10122.310000000001,10247.36
2025-09-11 07:36:00,10122.310000000001,10247.66
2025-09-11 08:36:00,10122.310000000001,10250.61
2025-09-11 09:36:00,10283.610000000002,10283.610000000002
2025-09-11 10:36:00,10283.610000000002,10283.610000000002
2025-09-11 11:36:00,10283.610000000002,10283.610000000002
2025-09-11 12:36:00,10283.610000000002,10283.610000000002
2025-09-11 13:36:00,10283.610000000002,10283.610000000002
2025-09-11 14:36:00,10283.610000000002,10283.610000000002
2025-09-11 15:36:00,10283.610000000002,10283.610000000002
2025-09-11 16:36:00,10283.610000000002,10283.610000000002
2025-09-11 17:36:00,10283.610000000002,10283.610000000002
2025-09-11 18:36:00,10283.610000000002,10283.610000000002
2025-09-11 19:36:00,10283.610000000002,10283.610000000002
2025-09-11 20:36:00,10283.610000000002,10283.610000000002
2025-09-11 21:36:00,10283.610000000002,10283.610000000002
2025-09-11 22:36:00,10283.610000000002,10283.610000000002
2025-09-11 23:36:00,10283.610000000002,10283.610000000002
2025-09-12 01:37:00,10283.610000000002,10283.610000000002
2025-09-12 02:37:00,10283.610000000002,10283.610000000002
2025-09-12 03:37:00,10283.610000000002,10283.610000000002
2025-09-12 04:37:00,10283.610000000002,10283.610000000002
2025-09-12 05:37:00,10283.610000000002,10283.610000000002
2025-09-12 06:37:00,10283.610000000002,10283.610000000002
2025-09-12 07:37:00,10283.610000000002,10283.610000000002
2025-09-12 08:37:00,10283.610000000002,10283.610000000002
2025-09-12 09:37:00,10283.610000000002,10283.610000000002
2025-09-12 10:37:00,10283.610000000002,10283.610000000002
2025-09-12 11:37:00,10283.610000000002,10283.610000000002
2025-09-12 12:37:00,10283.610000000002,10283.610000000002
2025-09-12 13:37:00,10283.610000000002,10283.610000000002
2025-09-12 14:37:00,10283.610000000002,10283.610000000002
2025-09-12 15:37:00,10283.610000000002,10283.610000000002
2025-09-12 16:37:00,10283.610000000002,10283.610000000002
2025-09-12 17:37:00,10283.610000000002,10283.610000000002
2025-09-12 18:37:00,10281.790000000003,10289.720000000005
2025-09-12 19:37:00,10281.790000000003,10292.970000000005
2025-09-12 20:37:00,10281.790000000003,10331.450000000004
2025-09-12 21:37:00,10281.790000000003,10311.430000000006
2025-09-12 22:37:00,10281.790000000003,10263.980000000003
2025-09-12 23:37:00,10281.790000000003,10230.310000000001
2025-09-15 01:38:00,10275.290000000003,10214.190000000006
2025-09-15 02:38:00,10174.280000000004,10174.280000000004
2025-09-15 03:38:00,10174.280000000004,10174.280000000004
2025-09-15 04:38:00,10174.280000000004,10174.280000000004
2025-09-15 05:38:00,10174.280000000004,10174.280000000004
2025-09-15 06:38:00,10174.280000000004,10174.280000000004
2025-09-15 07:38:00,10174.280000000004,10174.280000000004
2025-09-15 08:38:00,10174.280000000004,10174.280000000004
2025-09-15 09:38:00,10174.280000000004,10174.280000000004
2025-09-15 10:38:00,10172.460000000005,10190.53000000001
2025-09-15 11:38:00,10186.110000000004,10209.510000000006
2025-09-15 12:38:00,10185.110000000006,10185.110000000006
2025-09-15 13:38:00,10185.110000000006,10185.110000000006
2025-09-15 14:38:00,10185.110000000006,10185.110000000006
2025-09-15 15:38:00,10185.110000000006,10185.110000000006
2025-09-15 16:38:00,10185.110000000006,10185.110000000006
2025-09-15 17:38:00,10185.110000000006,10185.110000000006
2025-09-15 18:38:00,10185.110000000006,10185.110000000006
2025-09-15 19:38:00,10185.110000000006,10185.110000000006
2025-09-15 20:38:00,10185.110000000006,10185.110000000006
2025-09-15 21:38:00,10185.110000000006,10185.110000000006
2025-09-15 22:38:00,10185.110000000006,10185.110000000006
2025-09-15 23:38:00,10185.110000000006,10185.110000000006
2025-09-16 01:39:00,10230.360000000004,10317.620000000003
2025-09-16 02:39:00,10230.360000000004,10312.350000000004
2025-09-16 03:39:00,10291.310000000005,10392.540000000005
2025-09-16 04:39:00,10317.450000000004,10374.600000000002
2025-09-16 05:39:00,10325.849999999995,10380.999999999993
2025-09-16 06:39:00,10325.349999999995,10375.249999999995
2025-09-16 07:39:00,10325.349999999995,10363.649999999994
2025-09-16 08:39:00,10325.349999999995,10375.549999999996
2025-09-16 09:39:00,10325.349999999995,10399.699999999993
2025-09-16 10:39:00,10325.349999999995,10402.949999999995
2025-09-16 11:39:00,10325.349999999995,10429.699999999993
2025-09-16 12:39:00,10447.249999999996,10447.249999999996
2025-09-16 13:39:00,10447.249999999996,10447.249999999996
2025-09-16 14:39:00,10447.249999999996,10447.249999999996
2025-09-16 15:39:00,10447.249999999996,10447.249999999996
2025-09-16 16:39:00,10447.249999999996,10447.249999999996
2025-09-16 17:39:00,10447.249999999996,10447.249999999996
2025-09-16 18:39:00,10447.249999999996,10447.249999999996
2025-09-16 19:39:00,10447.249999999996,10447.249999999996
2025-09-16 20:39:00,10447.249999999996,10447.249999999996
2025-09-16 21:39:00,10447.249999999996,10447.249999999996
2025-09-16 22:39:00,10447.249999999996,10447.249999999996
2025-09-16 23:39:00,10447.249999999996,10447.249999999996
2025-09-17 01:40:00,10447.249999999996,10447.249999999996
2025-09-17 02:40:00,10447.249999999996,10447.249999999996
2025-09-17 03:40:00,10447.249999999996,10447.249999999996
2025-09-17 04:40:00,10447.249999999996,10447.249999999996
2025-09-17 05:40:00,10447.249999999996,10447.249999999996
2025-09-17 06:40:00,10455.619999999986,10455.619999999986
2025-09-17 07:40:00,10455.619999999986,10455.619999999986
2025-09-17 08:40:00,10455.619999999986,10455.619999999986
2025-09-17 09:40:00,10455.619999999986,10455.619999999986
2025-09-17 10:40:00,10455.619999999986,10455.619999999986
2025-09-17 11:40:00,10455.619999999986,10455.619999999986
2025-09-17 12:40:00,10455.619999999986,10455.619999999986
2025-09-17 13:40:00,10455.619999999986,10455.619999999986
2025-09-17 14:40:00,10455.619999999986,10455.619999999986
2025-09-17 15:40:00,10455.619999999986,10455.619999999986
2025-09-17 16:40:00,10455.619999999986,10455.619999999986
2025-09-17 17:40:00,10455.619999999986,10455.619999999986
2025-09-17 18:40:00,10455.619999999986,10455.619999999986
2025-09-17 19:40:00,10455.619999999986,10455.619999999986
2025-09-17 20:40:00,10455.619999999986,10455.619999999986
2025-09-17 21:40:00,10455.619999999986,10455.619999999986
2025-09-17 22:40:00,10455.619999999986,10455.619999999986
2025-09-17 23:40:00,10455.619999999986,10455.619999999986
2025-09-18 01:41:00,10455.619999999986,10455.619999999986
2025-09-18 02:41:00,10455.619999999986,10455.619999999986
2025-09-18 03:41:00,10455.619999999986,10455.619999999986
2025-09-18 04:41:00,10455.619999999986,10455.619999999986
2025-09-18 05:41:00,10455.619999999986,10455.619999999986
2025-09-18 06:41:00,10455.619999999986,10455.619999999986
2025-09-18 07:41:00,10455.619999999986,10455.619999999986
2025-09-18 08:41:00,10455.619999999986,10455.619999999986
2025-09-18 09:41:00,10455.619999999986,10455.619999999986
2025-09-18 10:41:00,10355.129999999985,10355.129999999985
2025-09-18 11:41:00,10355.129999999985,10355.129999999985
2025-09-18 12:41:00,10355.129999999985,10355.129999999985
2025-09-18 13:41:00,10355.129999999985,10355.129999999985
2025-09-18 14:41:00,10355.129999999985,10355.129999999985
2025-09-18 15:41:00,10355.129999999985,10355.129999999985
2025-09-18 16:41:00,10355.129999999985,10355.129999999985
2025-09-18 17:41:00,10355.129999999985,10355.129999999985
2025-09-18 18:41:00,10355.129999999985,10355.129999999985
2025-09-18 19:41:00,10355.129999999985,10355.129999999985
2025-09-18 20:41:00,10355.129999999985,10355.129999999985
2025-09-18 21:41:00,10355.129999999985,10355.129999999985
2025-09-18 22:41:00,10355.129999999985,10355.129999999985
2025-09-18 23:41:00,10355.129999999985,10355.129999999985
2025-09-19 01:42:00,10355.129999999985,10355.129999999985
2025-09-19 02:42:00,10355.129999999985,10355.129999999985
2025-09-19 03:42:00,10355.129999999985,10355.129999999985
2025-09-19 04:42:00,10355.129999999985,10355.129999999985
2025-09-19 05:42:00,10355.129999999985,10355.129999999985
2025-09-19 06:42:00,10355.129999999985,10355.129999999985
2025-09-19 07:42:00,10355.129999999985,10355.129999999985
2025-09-19 08:42:00,10355.129999999985,10355.129999999985
2025-09-19 09:42:00,10355.129999999985,10355.129999999985
2025-09-19 10:42:00,10355.129999999985,10355.129999999985
2025-09-19 11:42:00,10355.129999999985,10355.129999999985
2025-09-19 12:42:00,10355.129999999985,10355.129999999985
2025-09-19 13:42:00,10355.129999999985,10355.129999999985
2025-09-19 14:42:00,10355.129999999985,10355.129999999985
2025-09-19 15:42:00,10355.129999999985,10355.129999999985
2025-09-19 16:42:00,10355.129999999985,10355.129999999985
2025-09-19 17:42:00,10355.129999999985,10355.129999999985
2025-09-19 18:42:00,10355.129999999985,10355.129999999985
2025-09-19 19:42:00,10355.129999999985,10355.129999999985
2025-09-19 20:42:00,10355.129999999985,10355.129999999985
2025-09-19 21:42:00,10355.129999999985,10355.129999999985
2025-09-19 22:42:00,10355.129999999985,10355.129999999985
2025-09-19 23:42:00,10355.129999999985,10355.129999999985
2025-09-22 01:43:00,10355.129999999985,10355.129999999985
2025-09-22 02:43:00,10355.129999999985,10355.129999999985
2025-09-22 03:43:00,10355.129999999985,10355.129999999985
2025-09-22 04:43:00,10355.129999999985,10355.129999999985
2025-09-22 05:43:00,10355.129999999985,10355.129999999985
2025-09-22 06:43:00,10355.129999999985,10355.129999999985
2025-09-22 07:43:00,10355.129999999985,10355.129999999985
2025-09-22 08:43:00,10355.129999999985,10355.129999999985
2025-09-22 09:43:00,10355.129999999985,10355.129999999985
2025-09-22 10:43:00,10355.129999999985,10355.129999999985
2025-09-22 11:43:00,10355.129999999985,10355.129999999985
2025-09-22 12:43:00,10355.129999999985,10355.129999999985
2025-09-22 13:43:00,10355.129999999985,10355.129999999985
2025-09-22 14:43:00,10355.129999999985,10355.129999999985
2025-09-22 15:43:00,10355.129999999985,10355.129999999985
2025-09-22 16:43:00,10355.129999999985,10355.129999999985
2025-09-22 17:43:00,10355.129999999985,10355.129999999985
2025-09-22 18:43:00,10355.129999999985,10355.129999999985
2025-09-22 19:43:00,10355.129999999985,10355.129999999985
2025-09-22 20:43:00,10355.129999999985,10355.129999999985
2025-09-22 21:43:00,10355.129999999985,10355.129999999985
2025-09-22 22:43:00,10373.009999999986,10445.36999999997
2025-09-22 23:43:00,10428.529999999982,10553.549999999981
2025-09-23 01:44:00,10315.669999999973,10315.669999999973
2025-09-23 02:44:00,10315.669999999973,10315.669999999973
2025-09-23 03:44:00,10315.669999999973,10315.669999999973
2025-09-23 04:44:00,10315.669999999973,10315.669999999973
2025-09-23 05:44:00,10315.669999999973,10315.669999999973
2025-09-23 06:44:00,10315.669999999973,10315.669999999973
2025-09-23 07:44:00,10313.849999999973,10290.319999999967
2025-09-23 08:44:00,10210.75999999997,10210.75999999997
2025-09-23 09:44:00,10210.75999999997,10210.75999999997
2025-09-23 10:44:00,10210.75999999997,10210.75999999997
2025-09-23 11:44:00,10210.75999999997,10210.75999999997
2025-09-23 12:44:00,10210.75999999997,10210.75999999997
2025-09-23 13:44:00,10210.75999999997,10210.75999999997
2025-09-23 14:44:00,10210.75999999997,10210.75999999997
2025-09-23 15:44:00,10210.75999999997,10210.75999999997
2025-09-23 16:44:00,10210.75999999997,10210.75999999997
2025-09-23 17:44:00,10210.75999999997,10210.75999999997
2025-09-23 18:44:00,10210.75999999997,10210.75999999997
2025-09-23 19:44:00,10221.60999999997,10299.489999999969
2025-09-23 20:44:00,10298.37999999997,10355.179999999971
2025-09-23 21:44:00,10298.37999999997,10367.02999999997
2025-09-23 22:44:00,10201.66999999997,10201.66999999997
2025-09-23 23:44:00,10201.66999999997,10201.66999999997
2025-09-24 01:45:00,10201.66999999997,10201.66999999997
2025-09-24 02:45:00,10201.66999999997,10201.66999999997
2025-09-24 03:45:00,10201.66999999997,10201.66999999997
2025-09-24 04:45:00,10201.66999999997,10201.66999999997
2025-09-24 05:45:00,10201.66999999997,10201.66999999997
2025-09-24 06:45:00,10201.66999999997,10201.66999999997
2025-09-24 07:45:00,10201.66999999997,10201.66999999997
2025-09-24 08:45:00,10201.66999999997,10201.66999999997
2025-09-24 09:45:00,10201.66999999997,10201.66999999997
2025-09-24 10:45:00,10201.66999999997,10201.66999999997
2025-09-24 11:45:00,10201.66999999997,10201.66999999997
2025-09-24 12:45:00,10201.66999999997,10201.66999999997
2025-09-24 13:45:00,10201.66999999997,10201.66999999997
2025-09-24 14:45:00,10201.66999999997,10201.66999999997
2025-09-24 15:45:00,10201.66999999997,10201.66999999997
2025-09-24 16:45:00,10201.66999999997,10201.66999999997
2025-09-24 17:45:00,10201.66999999997,10201.66999999997
2025-09-24 18:45:00,10201.66999999997,10201.66999999997
2025-09-24 19:45:00,10201.66999999997,10201.66999999997
2025-09-24 20:45:00,10201.66999999997,10201.66999999997
2025-09-24 21:45:00,10201.66999999997,10201.66999999997
2025-09-24 22:45:00,10201.66999999997,10201.66999999997
2025-09-24 23:45:00,10201.66999999997,10201.66999999997
2025-09-25 01:46:00,10201.66999999997,10201.66999999997
2025-09-25 02:46:00,10201.66999999997,10201.66999999997
2025-09-25 03:46:00,10201.66999999997,10201.66999999997
2025-09-25 04:46:00,10201.66999999997,10201.66999999997
2025-09-25 05:46:00,10201.66999999997,10201.66999999997
2025-09-25 06:46:00,10201.66999999997,10201.66999999997
2025-09-25 07:46:00,10201.66999999997,10201.66999999997
2025-09-25 08:46:00,10201.66999999997,10201.66999999997
2025-09-25 09:46:00,10201.66999999997,10201.66999999997
2025-09-25 10:46:00,10201.66999999997,10201.66999999997
2025-09-25 11:46:00,10201.66999999997,10201.66999999997
2025-09-25 12:46:00,10201.66999999997,10201.66999999997
2025-09-25 13:46:00,10201.66999999997,10201.66999999997
2025-09-25 14:46:00,10201.66999999997,10201.66999999997
2025-09-25 15:46:00,10201.66999999997,10201.66999999997
2025-09-25 16:46:00,10201.66999999997,10201.66999999997
2025-09-25 17:46:00,10238.859999999968,10294.459999999966
2025-09-25 18:46:00,10238.059999999969,10238.059999999969
2025-09-25 19:46:00,10238.059999999969,10238.059999999969
2025-09-25 20:46:00,10238.059999999969,10238.059999999969
2025-09-25 21:46:00,10132.799999999976,10132.799999999976
2025-09-25 22:46:00,10132.799999999976,10132.799999999976
2025-09-25 23:46:00,10132.799999999976,10132.799999999976
2025-09-26 01:47:00,10132.799999999976,10132.799999999976
2025-09-26 02:47:00,10132.799999999976,10132.799999999976
2025-09-26 03:47:00,10132.799999999976,10132.799999999976
2025-09-26 04:47:00,10132.799999999976,10132.799999999976
2025-09-26 05:47:00,10132.799999999976,10132.799999999976
2025-09-26 06:47:00,10132.799999999976,10132.799999999976
2025-09-26 07:47:00,10132.799999999976,10132.799999999976
2025-09-26 08:47:00,10143.399999999976,10186.33999999998
2025-09-26 09:47:00,10170.29999999998,10170.29999999998
2025-09-26 10:47:00,10170.29999999998,10170.29999999998
2025-09-26 11:47:00,10170.29999999998,10170.29999999998
2025-09-26 12:47:00,10170.29999999998,10170.29999999998
2025-09-26 13:47:00,10170.29999999998,10170.29999999998
2025-09-26 14:47:00,10170.29999999998,10170.29999999998
2025-09-26 15:47:00,10170.29999999998,10170.29999999998
2025-09-26 16:47:00,10170.29999999998,10170.29999999998
2025-09-26 17:47:00,10170.29999999998,10170.29999999998
2025-09-26 18:47:00,10170.29999999998,10170.29999999998
2025-09-26 19:47:00,10170.29999999998,10170.29999999998
2025-09-26 20:47:00,10170.29999999998,10170.29999999998
2025-09-26 21:47:00,10170.29999999998,10170.29999999998
2025-09-26 22:47:00,10170.29999999998,10170.29999999998
2025-09-26 23:47:00,10170.29999999998,10170.29999999998
2025-09-29 01:48:00,10170.29999999998,10170.29999999998
2025-09-29 02:48:00,10170.29999999998,10170.29999999998
2025-09-29 03:48:00,10170.29999999998,10170.29999999998
2025-09-29 04:48:00,10170.29999999998,10170.29999999998
2025-09-29 05:48:00,10170.29999999998,10170.29999999998
2025-09-29 06:48:00,10170.29999999998,10170.29999999998
2025-09-29 07:48:00,10170.29999999998,10170.29999999998
2025-09-29 08:48:00,10170.29999999998,10170.29999999998
2025-09-29 09:48:00,10170.29999999998,10170.29999999998
2025-09-29 10:48:00,10170.29999999998,10170.29999999998
2025-09-29 11:48:00,10170.29999999998,10170.29999999998
2025-09-29 12:48:00,10170.29999999998,10170.29999999998
2025-09-29 13:48:00,10170.29999999998,10170.29999999998
2025-09-29 14:48:00,10170.29999999998,10170.29999999998
2025-09-29 15:48:00,10170.29999999998,10170.29999999998
2025-09-29 16:48:00,10170.29999999998,10170.29999999998
2025-09-29 17:48:00,10170.29999999998,10170.29999999998
2025-09-29 18:48:00,10170.29999999998,10170.29999999998
2025-09-29 19:48:00,10170.29999999998,10170.29999999998
2025-09-29 20:48:00,10170.29999999998,10170.29999999998
2025-09-29 21:48:00,10170.29999999998,10170.29999999998
2025-09-29 22:48:00,10170.29999999998,10170.29999999998
2025-09-29 23:48:00,10170.29999999998,10170.29999999998
2025-09-30 01:49:00,10170.29999999998,10170.29999999998
2025-09-30 02:49:00,10170.29999999998,10170.29999999998
2025-09-30 03:49:00,10170.29999999998,10170.29999999998
2025-09-30 04:49:00,10170.29999999998,10170.29999999998
2025-09-30 05:49:00,10170.29999999998,10170.29999999998
2025-09-30 06:49:00,10170.29999999998,10170.29999999998
2025-09-30 07:49:00,10170.29999999998,10170.29999999998
2025-09-30 08:49:00,10170.29999999998,10170.29999999998
2025-09-30 09:49:00,10170.29999999998,10170.29999999998
2025-09-30 10:49:00,10170.29999999998,10170.29999999998
2025-09-30 11:49:00,10170.29999999998,10170.29999999998
2025-09-30 12:49:00,10170.29999999998,10170.29999999998
2025-09-30 13:49:00,10170.29999999998,10170.29999999998
2025-09-30 14:49:00,10170.29999999998,10170.29999999998
2025-09-30 15:49:00,10170.29999999998,10170.29999999998
2025-09-30 16:49:00,10167.779999999979,10066.799999999985
2025-09-30 17:49:00,9971.339999999982,9971.339999999982
2025-09-30 18:49:00,9981.519999999984,9998.319999999983
2025-09-30 19:49:00,9993.059999999983,10071.77999999998
2025-09-30 20:49:00,9993.059999999983,10033.77999999998
2025-09-30 21:49:00,9993.059999999983,10071.77999999998
2025-09-30 22:49:00,10016.119999999983,10120.159999999982
2025-09-30 23:49:00,10016.119999999983,10139.359999999982
2025-10-01 01:50:00,10053.239999999983,10145.159999999983
2025-10-01 02:50:00,10053.239999999983,10151.319999999983
2025-10-01 03:50:00,10053.239999999983,10156.399999999983
2025-10-01 04:50:00,10053.239999999983,10175.799999999983
2025-10-01 05:50:00,10053.239999999983,10167.999999999984
2025-10-01 06:50:00,10053.239999999983,10152.559999999983
2025-10-01 07:50:00,10053.239999999983,10148.199999999983
2025-10-01 08:50:00,10053.239999999983,10155.999999999984
2025-10-01 09:50:00,10053.239999999983,10153.559999999983
2025-10-01 10:50:00,10053.239999999983,10200.559999999983
2025-10-01 11:50:00,10237.759999999984,10237.759999999984
2025-10-01 12:50:00,10237.759999999984,10237.759999999984
2025-10-01 13:50:00,10237.759999999984,10237.759999999984
2025-10-01 14:50:00,10237.759999999984,10237.759999999984
2025-10-01 15:50:00,10237.759999999984,10237.759999999984
2025-10-01 16:50:00,10237.759999999984,10237.759999999984
2025-10-01 17:50:00,10237.759999999984,10237.759999999984
2025-10-01 18:50:00,10237.759999999984,10237.759999999984
2025-10-01 19:50:00,10237.759999999984,10237.759999999984
2025-10-01 20:50:00,10237.759999999984,10237.759999999984
2025-10-01 21:50:00,10237.759999999984,10237.759999999984
2025-10-01 22:50:00,10237.759999999984,10237.759999999984
2025-10-01 23:50:00,10237.759999999984,10237.759999999984
2025-10-02 01:51:00,10237.759999999984,10237.759999999984
2025-10-02 02:51:00,10237.759999999984,10237.759999999984
2025-10-02 03:51:00,10237.759999999984,10237.759999999984
2025-10-02 04:51:00,10237.759999999984,10237.759999999984
2025-10-02 05:51:00,10237.759999999984,10237.759999999984
2025-10-02 06:51:00,10237.759999999984,10237.759999999984
2025-10-02 07:51:00,10237.759999999984,10237.759999999984
2025-10-02 08:51:00,10237.759999999984,10237.759999999984
2025-10-02 09:51:00,10237.759999999984,10237.759999999984
2025-10-02 10:51:00,10237.759999999984,10237.759999999984
2025-10-02 11:51:00,10237.759999999984,10237.759999999984
2025-10-02 12:51:00,10237.759999999984,10237.759999999984
2025-10-02 13:51:00,10256.989999999989,10256.989999999989
2025-10-02 14:51:00,10256.989999999989,10256.989999999989
2025-10-02 15:51:00,10256.989999999989,10256.989999999989
2025-10-02 16:51:00,10256.989999999989,10256.989999999989
2025-10-02 17:51:00,10256.989999999989,10256.989999999989
2025-10-02 18:51:00,10256.989999999989,10256.989999999989
2025-10-02 19:51:00,10256.989999999989,10256.989999999989
2025-10-02 20:51:00,10256.989999999989,10256.989999999989
2025-10-02 21:51:00,10256.989999999989,10256.989999999989
2025-10-02 22:51:00,10256.989999999989,10256.989999999989
2025-10-02 23:51:00,10256.989999999989,10256.989999999989
2025-10-03 01:52:00,10256.989999999989,10256.989999999989
2025-10-03 02:52:00,10256.989999999989,10256.989999999989
2025-10-03 03:52:00,10256.989999999989,10256.989999999989
2025-10-03 04:52:00,10256.989999999989,10256.989999999989
2025-10-03 05:52:00,10256.989999999989,10256.989999999989
2025-10-03 06:52:00,10256.989999999989,10256.989999999989
2025-10-03 07:52:00,10256.989999999989,10256.989999999989
2025-10-03 08:52:00,10256.989999999989,10256.989999999989
2025-10-03 09:52:00,10256.989999999989,10256.989999999989
2025-10-03 10:52:00,10256.42999999999,10257.66999999999
2025-10-03 11:52:00,10256.42999999999,10266.50999999999
2025-10-03 12:52:00,10256.42999999999,10265.10999999999
2025-10-03 13:52:00,10256.42999999999,10243.909999999989
2025-10-03 14:52:00,10256.42999999999,10259.02999999999
2025-10-03 15:52:00,10256.42999999999,10232.22999999999
2025-10-03 16:52:00,10167.349999999988,10167.349999999988
2025-10-03 17:52:00,10167.349999999988,10167.349999999988
2025-10-03 18:52:00,10167.349999999988,10167.349999999988
2025-10-03 19:52:00,10167.349999999988,10167.349999999988
2025-10-03 20:52:00,10167.349999999988,10167.349999999988
2025-10-03 21:52:00,10167.349999999988,10167.349999999988
2025-10-03 22:52:00,10167.349999999988,10167.349999999988
2025-10-03 23:52:00,10167.349999999988,10167.349999999988
2025-10-06 01:53:00,10167.349999999988,10167.349999999988
2025-10-06 02:53:00,10167.349999999988,10167.349999999988
2025-10-06 03:53:00,10167.349999999988,10167.349999999988
2025-10-06 04:53:00,10167.349999999988,10167.349999999988
2025-10-06 05:53:00,10167.349999999988,10167.349999999988
2025-10-06 06:53:00,10167.349999999988,10167.349999999988
2025-10-06 07:53:00,10167.349999999988,10167.349999999988
2025-10-06 08:53:00,10167.349999999988,10167.349999999988
2025-10-06 09:53:00,10167.349999999988,10167.349999999988
2025-10-06 10:53:00,10167.349999999988,10167.349999999988
2025-10-06 11:53:00,10167.349999999988,10167.349999999988
2025-10-06 12:53:00,10167.349999999988,10167.349999999988
2025-10-06 13:53:00,10167.349999999988,10167.349999999988
2025-10-06 14:53:00,10167.349999999988,10167.349999999988
2025-10-06 15:53:00,10167.349999999988,10167.349999999988
2025-10-06 16:53:00,10167.349999999988,10167.349999999988
2025-10-06 17:53:00,10167.349999999988,10167.349999999988
2025-10-06 18:53:00,10167.349999999988,10167.349999999988
2025-10-06 19:53:00,10167.349999999988,10167.349999999988
2025-10-06 20:53:00,10167.349999999988,10167.349999999988
2025-10-06 21:53:00,10167.349999999988,10167.349999999988
2025-10-06 22:53:00,10167.349999999988,10167.349999999988
2025-10-06 23:53:00,10167.349999999988,10167.349999999988
2025-10-07 01:54:00,10167.349999999988,10167.349999999988
2025-10-07 02:54:00,10167.349999999988,10167.349999999988
2025-10-07 03:54:00,10167.349999999988,10167.349999999988
2025-10-07 04:54:00,10167.349999999988,10167.349999999988
2025-10-07 05:54:00,10167.349999999988,10167.349999999988
2025-10-07 06:54:00,10167.349999999988,10167.349999999988
2025-10-07 07:54:00,10167.349999999988,10167.349999999988
2025-10-07 08:54:00,10167.349999999988,10167.349999999988
2025-10-07 09:54:00,10167.349999999988,10167.349999999988
2025-10-07 10:54:00,10167.349999999988,10167.349999999988
2025-10-07 11:54:00,10167.349999999988,10167.349999999988
2025-10-07 12:54:00,10167.349999999988,10167.349999999988
2025-10-07 13:54:00,10167.349999999988,10167.349999999988
2025-10-07 14:54:00,10167.349999999988,10167.349999999988
2025-10-07 15:54:00,10167.349999999988,10167.349999999988
2025-10-07 16:54:00,10167.349999999988,10167.349999999988
2025-10-07 17:54:00,10167.349999999988,10167.349999999988
2025-10-07 18:54:00,10167.349999999988,10167.349999999988
2025-10-07 19:54:00,10167.349999999988,10167.349999999988
2025-10-07 20:54:00,10167.349999999988,10167.349999999988
2025-10-07 21:54:00,10167.349999999988,10167.349999999988
2025-10-07 22:54:00,10167.349999999988,10167.349999999988
2025-10-07 23:54:00,10167.349999999988,10167.349999999988
2025-10-08 01:55:00,10167.349999999988,10167.349999999988
2025-10-08 02:55:00,10167.349999999988,10167.349999999988
2025-10-08 03:55:00,10167.349999999988,10167.349999999988
2025-10-08 04:55:00,10167.349999999988,10167.349999999988
2025-10-08 05:55:00,10167.349999999988,10167.349999999988
2025-10-08 06:55:00,10167.349999999988,10167.349999999988
2025-10-08 07:55:00,10167.349999999988,10167.349999999988
2025-10-08 08:55:00,10167.349999999988,10167.349999999988
2025-10-08 09:55:00,10167.349999999988,10167.349999999988
2025-10-08 10:55:00,10167.349999999988,10167.349999999988
2025-10-08 11:55:00,10167.349999999988,10167.349999999988
2025-10-08 12:55:00,10167.349999999988,10167.349999999988
2025-10-08 13:55:00,10167.349999999988,10167.349999999988
2025-10-08 14:55:00,10167.349999999988,10167.349999999988
2025-10-08 15:55:00,10167.349999999988,10167.349999999988
2025-10-08 16:55:00,10167.349999999988,10167.349999999988
2025-10-08 17:55:00,10167.349999999988,10167.349999999988
2025-10-08 18:55:00,10167.349999999988,10167.349999999988
2025-10-08 19:55:00,10167.349999999988,10167.349999999988
2025-10-08 20:55:00,10063.94999999999,10063.94999999999
2025-10-08 21:55:00,10063.94999999999,10063.94999999999
2025-10-08 22:55:00,10063.94999999999,10063.94999999999
2025-10-08 23:55:00,10063.94999999999,10063.94999999999
2025-10-09 01:56:00,10063.94999999999,10063.94999999999
2025-10-09 02:56:00,10063.94999999999,10063.94999999999
2025-10-09 03:56:00,10063.94999999999,10063.94999999999
2025-10-09 04:56:00,10095.80999999999,10117.829999999987
2025-10-09 05:56:00,10095.209999999988,10095.209999999988
2025-10-09 06:56:00,10095.209999999988,10095.209999999988
2025-10-09 07:56:00,10095.209999999988,10095.209999999988
2025-10-09 08:56:00,10095.209999999988,10095.209999999988
2025-10-09 09:56:00,10095.209999999988,10095.209999999988
2025-10-09 10:56:00,10095.209999999988,10095.209999999988
2025-10-09 11:56:00,10095.209999999988,10095.209999999988
2025-10-09 12:56:00,10095.209999999988,10095.209999999988
2025-10-09 13:56:00,10095.209999999988,10095.209999999988
2025-10-09 14:56:00,10095.209999999988,10095.209999999988
2025-10-09 15:56:00,10092.549999999988,10061.959999999995
2025-10-09 16:56:00,9990.13999999999,9990.13999999999
2025-10-09 17:56:00,9990.13999999999,9990.13999999999
2025-10-09 18:56:00,9990.13999999999,9990.13999999999
2025-10-09 19:56:00,9990.13999999999,9990.13999999999
2025-10-09 20:56:00,9990.13999999999,9990.13999999999
2025-10-09 21:56:00,9990.13999999999,9990.13999999999
2025-10-09 22:56:00,9989.85999999999,9986.53999999999
2025-10-09 23:56:00,9989.85999999999,9986.659999999989
2025-10-10 01:57:00,10001.63999999999,10046.939999999993
2025-10-10 02:57:00,10024.879999999992,10101.609999999991
2025-10-10 03:57:00,10075.859999999993,10076.079999999998
2025-10-10 04:57:00,10134.579999999993,10229.999999999993
2025-10-10 05:57:00,10134.279999999992,10225.839999999995
2025-10-10 06:57:00,10193.589999999993,10280.379999999994
2025-10-10 07:57:00,10312.809999999994,10330.609999999993
2025-10-10 08:57:00,10312.809999999994,10315.989999999994
2025-10-10 09:57:00,10312.809999999994,10323.529999999995
2025-10-10 10:57:00,10312.809999999994,10308.849999999995
2025-10-10 11:57:00,10312.809999999994,10275.549999999994
2025-10-10 12:57:00,10312.809999999994,10266.969999999994
2025-10-10 13:57:00,10312.809999999994,10271.109999999993
2025-10-10 14:57:00,10312.809999999994,10283.489999999994
2025-10-10 15:57:00,10312.809999999994,10290.029999999995
2025-10-10 16:57:00,10312.809999999994,10307.529999999995
2025-10-10 17:57:00,10322.919999999996,10300.699999999997
2025-10-10 18:57:00,10251.659999999996,10251.659999999996
2025-10-10 19:57:00,10251.659999999996,10251.659999999996
2025-10-10 20:57:00,10251.659999999996,10251.659999999996
2025-10-10 21:57:00,10251.659999999996,10251.659999999996
2025-10-10 22:57:00,10251.659999999996,10251.659999999996
2025-10-10 23:57:00,10251.659999999996,10251.659999999996
2025-10-13 01:58:00,10262.249999999995,10262.249999999995
2025-10-13 02:58:00,10262.249999999995,10262.249999999995
2025-10-13 03:58:00,10262.249999999995,10262.249999999995
2025-10-13 04:58:00,10262.249999999995,10262.249999999995
2025-10-13 05:58:00,10262.249999999995,10262.249999999995
2025-10-13 06:58:00,10262.249999999995,10262.249999999995
2025-10-13 07:58:00,10262.249999999995,10262.249999999995
2025-10-13 08:58:00,10262.249999999995,10262.249999999995
2025-10-13 09:58:00,10262.249999999995,10262.249999999995
2025-10-13 10:58:00,10262.249999999995,10262.249999999995
2025-10-13 11:58:00,10262.249999999995,10262.249999999995
2025-10-13 12:58:00,10262.249999999995,10262.249999999995
2025-10-13 13:58:00,10262.249999999995,10262.249999999995
2025-10-13 14:58:00,10262.249999999995,10262.249999999995
2025-10-13 15:58:00,10262.249999999995,10262.249999999995
2025-10-13 16:58:00,10262.249999999995,10262.249999999995
2025-10-13 17:58:00,10262.249999999995,10262.249999999995
2025-10-13 18:58:00,10262.249999999995,10262.249999999995
2025-10-13 19:58:00,10262.249999999995,10262.249999999995
2025-10-13 20:58:00,10262.249999999995,10262.249999999995
2025-10-13 21:58:00,10262.249999999995,10262.249999999995
2025-10-13 22:58:00,10262.249999999995,10262.249999999995
2025-10-13 23:58:00,10262.249999999995,10262.249999999995
2025-10-14 01:59:00,10262.249999999995,10262.249999999995
2025-10-14 02:59:00,10262.249999999995,10262.249999999995
2025-10-14 03:59:00,10262.249999999995,10262.249999999995
2025-10-14 04:59:00,10160.330000000004,10160.330000000004
2025-10-14 05:59:00,10160.330000000004,10160.330000000004
2025-10-14 06:59:00,10160.330000000004,10160.330000000004
2025-10-14 07:59:00,10160.330000000004,10160.330000000004
2025-10-14 08:59:00,10160.330000000004,10160.330000000004
2025-10-14 09:59:00,10160.330000000004,10160.330000000004
2025-10-14 10:59:00,10160.330000000004,10160.330000000004
2025-10-14 11:59:00,10159.770000000002,10131.370000000003
2025-10-14 12:59:00,10159.770000000002,10198.370000000003
2025-10-14 13:59:00,10159.770000000002,10181.010000000002
2025-10-14 14:59:00,10159.770000000002,10185.810000000001
2025-10-14 15:59:00,10159.770000000002,10281.57
2025-10-14 16:59:00,10259.909999999996,10387.969999999994
2025-10-14 17:59:00,10376.249999999995,10407.249999999993
2025-10-14 18:59:00,10376.249999999995,10372.209999999992
2025-10-14 19:59:00,10376.249999999995,10363.009999999995
2025-10-14 20:59:00,10376.249999999995,10331.489999999994
2025-10-14 21:59:00,10376.249999999995,10331.329999999994
2025-10-14 22:59:00,10376.249999999995,10358.369999999995
2025-10-15 01:00:00,10378.049999999994,10350.769999999993
2025-10-15 02:00:00,10377.349999999993,10304.289999999997
2025-10-15 03:00:00,10377.349999999993,10287.639999999996
2025-10-15 04:00:00,10377.349999999993,10218.969999999994
2025-10-15 05:00:00,10117.709999999994,10117.709999999994
2025-10-15 06:00:00,10116.449999999993,10151.459999999988
2025-10-15 07:00:00,10155.929999999993,10219.12999999999
2025-10-15 08:00:00,10155.429999999991,10155.429999999991
2025-10-15 09:00:00,10155.429999999991,10155.429999999991
2025-10-15 10:00:00,10155.429999999991,10155.429999999991
2025-10-15 11:00:00,10155.429999999991,10155.429999999991
2025-10-15 12:00:00,10155.429999999991,10155.429999999991
2025-10-15 13:00:00,10155.429999999991,10155.429999999991
2025-10-15 14:00:00,10155.429999999991,10155.429999999991
2025-10-15 15:00:00,10155.429999999991,10155.429999999991
2025-10-15 16:00:00,10155.429999999991,10155.429999999991
2025-10-15 17:00:00,10155.429999999991,10155.429999999991
2025-10-15 18:00:00,10155.429999999991,10155.429999999991
2025-10-15 19:00:00,10155.429999999991,10155.429999999991
2025-10-15 20:00:00,10155.429999999991,10155.429999999991
2025-10-15 21:00:00,10155.429999999991,10155.429999999991
2025-10-15 22:00:00,10155.429999999991,10155.429999999991
2025-10-15 23:00:00,10155.429999999991,10155.429999999991
2025-10-16 01:01:00,10155.429999999991,10155.429999999991
2025-10-16 02:01:00,10155.429999999991,10155.429999999991
2025-10-16 03:01:00,10155.429999999991,10155.429999999991
2025-10-16 04:01:00,10155.429999999991,10155.429999999991
2025-10-16 05:01:00,10155.429999999991,10155.429999999991
2025-10-16 06:01:00,10155.429999999991,10155.429999999991
2025-10-16 07:01:00,10155.429999999991,10155.429999999991
2025-10-16 08:01:00,10155.429999999991,10155.429999999991
2025-10-16 09:01:00,10155.429999999991,10155.429999999991
2025-10-16 10:01:00,10155.429999999991,10155.429999999991
2025-10-16 11:01:00,10155.429999999991,10155.429999999991
2025-10-16 12:01:00,10155.429999999991,10155.429999999991
2025-10-16 13:01:00,10155.429999999991,10155.429999999991
2025-10-16 14:01:00,10155.429999999991,10155.429999999991
2025-10-16 15:01:00,10155.429999999991,10155.429999999991
2025-10-16 16:01:00,10176.06999999999,10352.70999999999
2025-10-16 17:01:00,10316.589999999991,10497.629999999992
2025-10-16 18:01:00,10330.44999999999,10629.299999999994
2025-10-16 19:01:00,10361.529999999988,10812.249999999984
2025-10-16 20:01:00,10838.969999999974,10924.829999999973
2025-10-16 21:01:00,10963.229999999974,10963.229999999974
2025-10-16 22:01:00,10963.229999999974,10963.229999999974
2025-10-16 23:01:00,10963.229999999974,10963.229999999974
2025-10-17 01:02:00,10963.229999999974,10963.229999999974
2025-10-17 02:02:00,10963.229999999974,10963.229999999974
2025-10-17 03:02:00,10963.229999999974,10963.229999999974
2025-10-17 04:02:00,10963.229999999974,10963.229999999974
2025-10-17 05:02:00,10963.229999999974,10963.229999999974
2025-10-17 06:02:00,10963.229999999974,10963.229999999974
2025-10-17 07:02:00,10963.229999999974,10963.229999999974
2025-10-17 08:02:00,10963.229999999974,10963.229999999974
2025-10-17 09:02:00,10963.229999999974,10963.229999999974
2025-10-17 10:02:00,10963.229999999974,10963.229999999974
2025-10-17 11:02:00,10963.229999999974,10963.229999999974
2025-10-17 12:02:00,10963.229999999974,10963.229999999974
2025-10-17 13:02:00,10963.229999999974,10963.229999999974
2025-10-17 14:02:00,10963.229999999974,10963.229999999974
2025-10-17 15:02:00,10963.229999999974,10963.229999999974
2025-10-17 16:02:00,10963.229999999974,10963.229999999974
2025-10-17 17:02:00,10963.229999999974,10963.229999999974
2025-10-17 18:02:00,10963.229999999974,10963.229999999974
2025-10-17 19:02:00,10963.229999999974,10963.229999999974
2025-10-17 20:02:00,10963.229999999974,10963.229999999974
2025-10-17 21:02:00,10963.229999999974,10963.229999999974
2025-10-17 22:02:00,10963.229999999974,10963.229999999974
2025-10-17 23:02:00,10963.229999999974,10963.229999999974
2025-10-20 01:03:00,10963.229999999974,10963.229999999974
2025-10-20 02:03:00,10963.229999999974,10963.229999999974
2025-10-20 03:03:00,10963.229999999974,10963.229999999974
2025-10-20 04:03:00,10963.229999999974,10963.229999999974
2025-10-20 05:03:00,10963.229999999974,10963.229999999974
2025-10-20 06:03:00,10963.229999999974,10963.229999999974
2025-10-20 07:03:00,10963.229999999974,10963.229999999974
2025-10-20 08:03:00,10963.229999999974,10963.229999999974
2025-10-20 09:03:00,10963.229999999974,10963.229999999974
2025-10-20 10:03:00,10963.229999999974,10963.229999999974
2025-10-20 11:03:00,10963.229999999974,10963.229999999974
2025-10-20 12:03:00,10963.229999999974,10963.229999999974
2025-10-20 13:03:00,10963.229999999974,10963.229999999974
2025-10-20 14:03:00,11039.779999999972,11129.60999999997
2025-10-20 15:03:00,11146.159999999969,11389.439999999968
2025-10-20 16:03:00,11494.439999999964,11494.439999999964
2025-10-20 17:03:00,11494.439999999964,11494.439999999964
2025-10-20 18:03:00,11494.439999999964,11494.439999999964
2025-10-20 19:03:00,11494.439999999964,11494.439999999964
2025-10-20 20:03:00,11494.439999999964,11494.439999999964
2025-10-20 21:03:00,11494.439999999964,11494.439999999964
2025-10-20 22:03:00,11494.439999999964,11494.439999999964
2025-10-20 23:03:00,11494.439999999964,11494.439999999964
2025-10-21 01:04:00,11376.899999999967,11375.459999999968
2025-10-21 02:04:00,11390.259999999964,11390.259999999964
2025-10-21 03:04:00,11390.259999999964,11390.259999999964
2025-10-21 04:04:00,11390.259999999964,11390.259999999964
2025-10-21 05:04:00,11390.259999999964,11390.259999999964
2025-10-21 06:04:00,11390.259999999964,11390.259999999964
2025-10-21 07:04:00,11390.259999999964,11390.259999999964
2025-10-21 08:04:00,11390.259999999964,11390.259999999964
2025-10-21 09:04:00,11390.259999999964,11390.259999999964
2025-10-21 10:04:00,11390.259999999964,11390.259999999964
2025-10-21 11:04:00,11289.959999999963,11289.959999999963
2025-10-21 12:04:00,11289.959999999963,11289.959999999963
2025-10-21 13:04:00,11289.959999999963,11289.959999999963
2025-10-21 14:04:00,11289.959999999963,11289.959999999963
2025-10-21 15:04:00,11289.959999999963,11289.959999999963
2025-10-21 16:04:00,11289.959999999963,11289.959999999963
2025-10-21 17:04:00,11289.959999999963,11289.959999999963
2025-10-21 18:04:00,11289.959999999963,11289.959999999963
2025-10-21 19:04:00,11289.959999999963,11289.959999999963
2025-10-21 20:04:00,11289.959999999963,11289.959999999963
2025-10-21 21:04:00,11289.959999999963,11289.959999999963
2025-10-21 22:04:00,11289.959999999963,11289.959999999963
2025-10-21 23:04:00,11289.959999999963,11289.959999999963
2025-10-22 01:05:00,11289.959999999963,11289.959999999963
2025-10-22 02:05:00,11289.959999999963,11289.959999999963
2025-10-22 03:05:00,11289.959999999963,11289.959999999963
2025-10-22 04:05:00,11289.959999999963,11289.959999999963
2025-10-22 05:05:00,11289.959999999963,11289.959999999963
2025-10-22 06:05:00,11289.959999999963,11289.959999999963
2025-10-22 07:05:00,11289.959999999963,11289.959999999963
2025-10-22 08:05:00,11289.959999999963,11289.959999999963
2025-10-22 09:05:00,11289.959999999963,11289.959999999963
2025-10-22 10:05:00,11289.959999999963,11289.959999999963
2025-10-22 11:05:00,11289.959999999963,11289.959999999963
2025-10-22 12:05:00,11289.959999999963,11289.959999999963
2025-10-22 13:05:00,11289.959999999963,11289.959999999963
2025-10-22 14:05:00,11289.959999999963,11289.959999999963
2025-10-22 15:05:00,11289.959999999963,11289.959999999963
2025-10-22 16:05:00,11289.959999999963,11289.959999999963
2025-10-22 17:05:00,11298.309999999963,11298.309999999963
2025-10-22 18:05:00,11298.309999999963,11298.309999999963
2025-10-22 19:05:00,11298.309999999963,11298.309999999963
2025-10-22 20:05:00,11298.309999999963,11298.309999999963
2025-10-22 21:05:00,11298.309999999963,11298.309999999963
2025-10-22 22:05:00,11298.309999999963,11298.309999999963
2025-10-22 23:05:00,11298.309999999963,11298.309999999963
2025-10-23 01:06:00,11298.309999999963,11298.309999999963
2025-10-23 02:06:00,11298.309999999963,11298.309999999963
2025-10-23 03:06:00,11298.309999999963,11298.309999999963
2025-10-23 04:06:00,11298.309999999963,11298.309999999963
2025-10-23 05:06:00,11201.96999999996,11201.96999999996
2025-10-23 06:06:00,11201.96999999996,11201.96999999996
2025-10-23 07:06:00,11201.96999999996,11201.96999999996
2025-10-23 08:06:00,11201.96999999996,11201.96999999996
2025-10-23 09:06:00,11200.70999999996,11152.919999999955
2025-10-23 10:06:00,11108.56999999996,11175.889999999956
2025-10-23 11:06:00,11133.949999999959,11199.559999999956
2025-10-23 12:06:00,11133.949999999959,11191.969999999958
2025-10-23 13:06:00,11133.949999999959,11174.449999999959
2025-10-23 14:06:00,11177.749999999965,11230.969999999961
2025-10-23 15:06:00,11177.749999999965,11240.719999999961
2025-10-23 16:06:00,11177.449999999964,11177.449999999964
2025-10-23 17:06:00,11177.449999999964,11177.449999999964
2025-10-23 18:06:00,11177.449999999964,11177.449999999964
2025-10-23 19:06:00,11177.449999999964,11177.449999999964
2025-10-23 20:06:00,11177.449999999964,11177.449999999964
2025-10-23 21:06:00,11177.449999999964,11177.449999999964
2025-10-23 22:06:00,11177.449999999964,11177.449999999964
2025-10-23 23:06:00,11177.449999999964,11177.449999999964
2025-10-24 01:07:00,11177.449999999964,11177.449999999964
2025-10-24 02:07:00,11177.449999999964,11177.449999999964
2025-10-24 03:07:00,11177.449999999964,11177.449999999964
2025-10-24 04:07:00,11177.449999999964,11177.449999999964
2025-10-24 05:07:00,11177.449999999964,11177.449999999964
2025-10-24 06:07:00,11177.449999999964,11177.449999999964
2025-10-24 07:07:00,11177.449999999964,11177.449999999964
2025-10-24 08:07:00,11177.449999999964,11177.449999999964
2025-10-24 09:07:00,11177.449999999964,11177.449999999964
2025-10-24 10:07:00,11177.449999999964,11177.449999999964
2025-10-24 11:07:00,11177.449999999964,11177.449999999964
2025-10-24 12:07:00,11177.449999999964,11177.449999999964
2025-10-24 13:07:00,11177.449999999964,11177.449999999964
2025-10-24 14:07:00,11177.449999999964,11177.449999999964
2025-10-24 15:07:00,11177.449999999964,11177.449999999964
2025-10-24 16:07:00,11177.449999999964,11177.449999999964
2025-10-24 17:07:00,11185.209999999965,11232.909999999963
2025-10-24 18:07:00,11202.689999999964,11273.239999999962
2025-10-24 19:07:00,11202.689999999964,11339.389999999965
2025-10-24 20:07:00,11202.689999999964,11320.689999999966
2025-10-24 21:07:00,11202.189999999962,11202.189999999962
2025-10-24 22:07:00,11202.189999999962,11202.189999999962
2025-10-24 23:07:00,11202.189999999962,11202.189999999962
2025-10-27 00:08:00,11202.189999999962,11202.189999999962
2025-10-27 01:08:00,11092.51999999996,11092.51999999996
2025-10-27 02:08:00,11092.51999999996,11092.51999999996
2025-10-27 03:08:00,11092.51999999996,11092.51999999996
2025-10-27 04:08:00,11092.51999999996,11092.51999999996
2025-10-27 05:08:00,11092.51999999996,11092.51999999996
2025-10-27 06:08:00,11092.51999999996,11092.51999999996
2025-10-27 07:08:00,11092.51999999996,11092.51999999996
2025-10-27 08:08:00,11092.51999999996,11092.51999999996
2025-10-27 09:08:00,11092.51999999996,11092.51999999996
2025-10-27 10:08:00,11092.51999999996,11092.51999999996
2025-10-27 11:08:00,11092.51999999996,11092.51999999996
2025-10-27 12:08:00,11092.51999999996,11092.51999999996
2025-10-27 13:08:00,11092.51999999996,11092.51999999996
2025-10-27 14:08:00,11092.51999999996,11092.51999999996
2025-10-27 15:08:00,11092.51999999996,11092.51999999996
2025-10-27 16:08:00,11092.51999999996,11092.51999999996
2025-10-27 17:08:00,11092.51999999996,11092.51999999996
2025-10-27 18:08:00,11092.51999999996,11092.51999999996
2025-10-27 19:08:00,11092.51999999996,11092.51999999996
2025-10-27 20:08:00,11092.51999999996,11092.51999999996
2025-10-27 21:08:00,11092.51999999996,11092.51999999996
2025-10-27 22:08:00,11092.51999999996,11092.51999999996
2025-10-28 00:09:00,11092.51999999996,11092.51999999996
2025-10-28 01:09:00,11092.51999999996,11092.51999999996
2025-10-28 02:09:00,11092.51999999996,11092.51999999996
2025-10-28 03:09:00,11092.51999999996,11092.51999999996
2025-10-28 04:09:00,11092.51999999996,11092.51999999996
2025-10-28 05:09:00,11092.51999999996,11092.51999999996
2025-10-28 06:09:00,11092.51999999996,11092.51999999996
2025-10-28 07:09:00,11092.51999999996,11092.51999999996
2025-10-28 08:09:00,11092.51999999996,11092.51999999996
2025-10-28 09:09:00,11092.51999999996,11092.51999999996
2025-10-28 10:09:00,11092.51999999996,11092.51999999996
2025-10-28 11:09:00,11092.51999999996,11092.51999999996
2025-10-28 12:09:00,11092.51999999996,11092.51999999996
2025-10-28 13:09:00,11092.51999999996,11092.51999999996
2025-10-28 14:09:00,11092.51999999996,11092.51999999996
2025-10-28 15:09:00,11092.51999999996,11092.51999999996
2025-10-28 16:09:00,11092.51999999996,11092.51999999996
2025-10-28 17:09:00,11092.51999999996,11092.51999999996
2025-10-28 18:09:00,11092.51999999996,11092.51999999996
2025-10-28 19:09:00,11092.51999999996,11092.51999999996
2025-10-28 20:09:00,11092.51999999996,11092.51999999996
2025-10-28 21:09:00,11092.51999999996,11092.51999999996
2025-10-28 22:09:00,11092.51999999996,11092.51999999996
2025-10-29 00:10:00,11127.53999999996,11284.559999999961
2025-10-29 01:10:00,11187.599999999962,11270.719999999963
2025-10-29 02:10:00,11187.599999999962,11326.679999999962
2025-10-29 03:10:00,11386.319999999963,11386.319999999963
2025-10-29 04:10:00,11386.319999999963,11386.319999999963
2025-10-29 05:10:00,11386.319999999963,11386.319999999963
2025-10-29 06:10:00,11386.319999999963,11386.319999999963
2025-10-29 07:10:00,11386.319999999963,11386.319999999963
2025-10-29 08:10:00,11386.319999999963,11386.319999999963
2025-10-29 09:10:00,11386.319999999963,11386.319999999963
2025-10-29 10:10:00,11386.319999999963,11386.319999999963
2025-10-29 11:10:00,11386.319999999963,11386.319999999963
2025-10-29 12:10:00,11386.319999999963,11386.319999999963
2025-10-29 13:10:00,11386.319999999963,11386.319999999963
2025-10-29 14:10:00,11386.319999999963,11386.319999999963
2025-10-29 15:10:00,11386.319999999963,11386.319999999963
2025-10-29 16:10:00,11386.319999999963,11386.319999999963
2025-10-29 17:10:00,11386.319999999963,11386.319999999963
2025-10-29 18:10:00,11269.119999999955,11269.119999999955
2025-10-29 19:10:00,11269.119999999955,11269.119999999955
2025-10-29 20:10:00,11269.119999999955,11269.119999999955
2025-10-29 21:10:00,11269.119999999955,11269.119999999955
2025-10-29 22:10:00,11269.119999999955,11269.119999999955
2025-10-30 00:11:00,11269.119999999955,11269.119999999955
2025-10-30 01:11:00,11269.119999999955,11269.119999999955
2025-10-30 02:11:00,11269.119999999955,11269.119999999955
2025-10-30 03:11:00,11269.119999999955,11269.119999999955
2025-10-30 04:11:00,11269.119999999955,11269.119999999955
2025-10-30 05:11:00,11269.119999999955,11269.119999999955
2025-10-30 06:11:00,11269.119999999955,11269.119999999955
2025-10-30 07:11:00,11269.119999999955,11269.119999999955
2025-10-30 08:11:00,11269.119999999955,11269.119999999955
2025-10-30 09:11:00,11269.119999999955,11269.119999999955
2025-10-30 10:11:00,11269.119999999955,11269.119999999955
2025-10-30 11:11:00,11269.119999999955,11269.119999999955
2025-10-30 12:11:00,11269.119999999955,11269.119999999955
2025-10-30 13:11:00,11157.249999999956,11157.249999999956
2025-10-30 14:11:00,11157.249999999956,11157.249999999956
2025-10-30 15:11:00,11157.249999999956,11157.249999999956
2025-10-30 16:11:00,11157.249999999956,11157.249999999956
2025-10-30 17:11:00,11157.249999999956,11157.249999999956
2025-10-30 18:11:00,11157.249999999956,11157.249999999956
2025-10-30 19:11:00,11157.249999999956,11157.249999999956
2025-10-30 20:11:00,11157.249999999956,11157.249999999956
2025-10-30 21:11:00,11157.249999999956,11157.249999999956
2025-10-30 22:11:00,11157.249999999956,11157.249999999956
2025-10-31 00:12:00,11157.249999999956,11157.249999999956
2025-10-31 01:12:00,11157.249999999956,11157.249999999956
2025-10-31 02:12:00,11196.689999999957,11259.089999999955
2025-10-31 03:12:00,11251.419999999956,11251.419999999956
2025-10-31 04:12:00,11251.419999999956,11251.419999999956
2025-10-31 05:12:00,11251.419999999956,11251.419999999956
2025-10-31 06:12:00,11251.419999999956,11251.419999999956
2025-10-31 07:12:00,11251.419999999956,11251.419999999956
2025-10-31 08:12:00,11251.419999999956,11251.419999999956
2025-10-31 09:12:00,11251.419999999956,11251.419999999956
2025-10-31 10:12:00,11251.419999999956,11251.419999999956
2025-10-31 11:12:00,11251.419999999956,11251.419999999956
2025-10-31 12:12:00,11251.419999999956,11251.419999999956
2025-10-31 13:12:00,11251.419999999956,11251.419999999956
2025-10-31 14:12:00,11251.419999999956,11251.419999999956
2025-10-31 15:12:00,11251.419999999956,11251.419999999956
2025-10-31 16:12:00,11251.419999999956,11251.419999999956
2025-10-31 17:12:00,11251.419999999956,11251.419999999956
2025-10-31 18:12:00,11251.419999999956,11251.419999999956
2025-10-31 19:12:00,11251.419999999956,11251.419999999956
2025-10-31 20:12:00,11136.539999999959,11089.09999999996
2025-10-31 21:12:00,11136.539999999959,11100.37999999996
2025-10-31 22:12:00,11151.039999999957,11151.039999999957
2025-11-03 01:13:00,11151.039999999957,11151.039999999957
2025-11-03 02:13:00,11151.039999999957,11151.039999999957
2025-11-03 03:13:00,11151.039999999957,11151.039999999957
2025-11-03 04:13:00,11151.039999999957,11151.039999999957
2025-11-03 05:13:00,11151.039999999957,11151.039999999957
2025-11-03 06:13:00,11151.039999999957,11151.039999999957
2025-11-03 07:13:00,11151.039999999957,11151.039999999957
2025-11-03 08:13:00,11151.039999999957,11151.039999999957
2025-11-03 09:13:00,11151.039999999957,11151.039999999957
2025-11-03 10:13:00,11151.039999999957,11151.039999999957
2025-11-03 11:13:00,11151.039999999957,11151.039999999957
2025-11-03 12:13:00,11151.039999999957,11151.039999999957
2025-11-03 13:13:00,11151.039999999957,11151.039999999957
2025-11-03 14:13:00,11148.659999999958,11144.919999999955
2025-11-03 15:13:00,11162.799999999952,11162.799999999952
2025-11-03 16:13:00,11162.799999999952,11162.799999999952
2025-11-03 17:13:00,11162.799999999952,11162.799999999952
2025-11-03 18:13:00,11162.799999999952,11162.799999999952
2025-11-03 19:13:00,11162.799999999952,11162.799999999952
2025-11-03 20:13:00,11162.799999999952,11162.799999999952
2025-11-03 21:13:00,11162.799999999952,11162.799999999952
2025-11-03 22:13:00,11162.799999999952,11162.799999999952
2025-11-03 23:13:00,11162.799999999952,11162.799999999952
2025-11-04 01:14:00,11161.259999999951,11181.939999999951
2025-11-04 02:14:00,11196.179999999951,11253.789999999952
2025-11-04 03:14:00,11238.269999999951,11292.799999999952
2025-11-04 04:14:00,11237.569999999952,11237.569999999952
2025-11-04 05:14:00,11237.569999999952,11237.569999999952
2025-11-04 06:14:00,11237.569999999952,11237.569999999952
2025-11-04 07:14:00,11237.569999999952,11237.569999999952
2025-11-04 08:14:00,11237.569999999952,11237.569999999952
2025-11-04 09:14:00,11237.569999999952,11237.569999999952
2025-11-04 10:14:00,11237.569999999952,11237.569999999952
2025-11-04 11:14:00,11237.569999999952,11237.569999999952
2025-11-04 12:14:00,11237.569999999952,11237.569999999952
2025-11-04 13:14:00,11237.569999999952,11237.569999999952
2025-11-04 14:14:00,11237.569999999952,11237.569999999952
2025-11-04 15:14:00,11237.569999999952,11237.569999999952
2025-11-04 16:14:00,11237.569999999952,11237.569999999952
2025-11-04 17:14:00,11237.569999999952,11237.569999999952
2025-11-04 18:14:00,11237.569999999952,11237.569999999952
2025-11-04 19:14:00,11237.569999999952,11237.569999999952
2025-11-04 20:14:00,11237.569999999952,11237.569999999952
2025-11-04 21:14:00,11237.569999999952,11237.569999999952
2025-11-04 22:14:00,11237.569999999952,11237.569999999952
2025-11-04 23:14:00,11237.569999999952,11237.569999999952
2025-11-05 01:15:00,11237.569999999952,11237.569999999952
2025-11-05 02:15:00,11237.569999999952,11237.569999999952
2025-11-05 03:15:00,11237.569999999952,11237.569999999952
2025-11-05 04:15:00,11237.569999999952,11237.569999999952
2025-11-05 05:15:00,11237.569999999952,11237.569999999952
2025-11-05 06:15:00,11237.569999999952,11237.569999999952
2025-11-05 07:15:00,11237.569999999952,11237.569999999952
2025-11-05 08:15:00,11237.569999999952,11237.569999999952
2025-11-05 09:15:00,11237.569999999952,11237.569999999952
2025-11-05 10:15:00,11237.569999999952,11237.569999999952
2025-11-05 11:15:00,11237.569999999952,11237.569999999952
2025-11-05 12:15:00,11237.569999999952,11237.569999999952
2025-11-05 13:15:00,11237.569999999952,11237.569999999952
2025-11-05 14:15:00,11237.569999999952,11237.569999999952
2025-11-05 15:15:00,11237.569999999952,11237.569999999952
2025-11-05 16:15:00,11237.569999999952,11237.569999999952
2025-11-05 17:15:00,11237.569999999952,11237.569999999952
2025-11-05 18:15:00,11237.569999999952,11237.569999999952
2025-11-05 19:15:00,11237.569999999952,11237.569999999952
2025-11-05 20:15:00,11237.569999999952,11237.569999999952
2025-11-05 21:15:00,11237.569999999952,11237.569999999952
2025-11-05 22:15:00,11237.569999999952,11237.569999999952
2025-11-05 23:15:00,11237.569999999952,11237.569999999952
2025-11-06 01:16:00,11237.569999999952,11237.569999999952
2025-11-06 02:16:00,11237.569999999952,11237.569999999952
2025-11-06 03:16:00,11237.569999999952,11237.569999999952
2025-11-06 04:16:00,11237.569999999952,11237.569999999952
2025-11-06 05:16:00,11237.569999999952,11237.569999999952
2025-11-06 06:16:00,11237.569999999952,11237.569999999952
2025-11-06 07:16:00,11237.569999999952,11237.569999999952
2025-11-06 08:16:00,11237.569999999952,11237.569999999952
2025-11-06 09:16:00,11237.569999999952,11237.569999999952
2025-11-06 10:16:00,11237.569999999952,11237.569999999952
2025-11-06 11:16:00,11237.569999999952,11237.569999999952
2025-11-06 12:16:00,11237.569999999952,11237.569999999952
2025-11-06 13:16:00,11237.569999999952,11237.569999999952
2025-11-06 14:16:00,11237.569999999952,11237.569999999952
2025-11-06 15:16:00,11249.329999999953,11305.72999999995
2025-11-06 16:16:00,11249.329999999953,11260.929999999951
2025-11-06 17:16:00,11133.989999999947,11133.989999999947
2025-11-06 18:16:00,11133.989999999947,11133.989999999947
2025-11-06 19:16:00,11133.989999999947,11133.989999999947
2025-11-06 20:16:00,11133.989999999947,11133.989999999947
2025-11-06 21:16:00,11133.989999999947,11133.989999999947
2025-11-06 22:16:00,11133.989999999947,11133.989999999947
2025-11-06 23:16:00,11133.989999999947,11133.989999999947
2025-11-07 01:17:00,11133.989999999947,11133.989999999947
2025-11-07 02:17:00,11133.989999999947,11133.989999999947
2025-11-07 03:17:00,11133.989999999947,11133.989999999947
2025-11-07 04:17:00,11133.989999999947,11133.989999999947
2025-11-07 05:17:00,11133.989999999947,11133.989999999947
2025-11-07 06:17:00,11133.989999999947,11133.989999999947
2025-11-07 07:17:00,11133.989999999947,11133.989999999947
2025-11-07 08:17:00,11133.989999999947,11133.989999999947
2025-11-07 09:17:00,11133.989999999947,11133.989999999947
2025-11-07 10:17:00,11133.989999999947,11133.989999999947
2025-11-07 11:17:00,11133.989999999947,11133.989999999947
2025-11-07 12:17:00,11133.989999999947,11133.989999999947
2025-11-07 13:17:00,11133.989999999947,11133.989999999947
2025-11-07 14:17:00,11133.989999999947,11133.989999999947
2025-11-07 15:17:00,11133.989999999947,11133.989999999947
2025-11-07 16:17:00,11133.989999999947,11133.989999999947
2025-11-07 17:17:00,11133.989999999947,11133.989999999947
2025-11-07 18:17:00,11133.989999999947,11133.989999999947
2025-11-07 19:17:00,11133.989999999947,11133.989999999947
2025-11-07 20:17:00,11133.989999999947,11133.989999999947
2025-11-07 21:17:00,11133.989999999947,11133.989999999947
2025-11-07 22:17:00,11133.989999999947,11133.989999999947
2025-11-07 23:17:00,11133.989999999947,11133.989999999947
2025-11-10 01:18:00,11133.989999999947,11133.989999999947
2025-11-10 02:18:00,11133.989999999947,11133.989999999947
2025-11-10 03:18:00,11133.989999999947,11133.989999999947
2025-11-10 04:18:00,11132.309999999947,11181.629999999948
2025-11-10 05:18:00,11132.309999999947,11164.589999999947
2025-11-10 06:18:00,11179.499999999949,11242.67999999995
2025-11-10 07:18:00,11179.499999999949,11236.139999999948
2025-11-10 08:18:00,11242.43999999995,11323.13999999995
2025-11-10 09:18:00,11242.43999999995,11340.35999999995
2025-11-10 10:18:00,11242.43999999995,11343.17999999995
2025-11-10 11:18:00,11242.43999999995,11341.37999999995
2025-11-10 12:18:00,11368.28999999995,11368.28999999995
2025-11-10 13:18:00,11368.28999999995,11368.28999999995
2025-11-10 14:18:00,11368.28999999995,11368.28999999995
2025-11-10 15:18:00,11368.28999999995,11368.28999999995
2025-11-10 16:18:00,11368.28999999995,11368.28999999995
2025-11-10 17:18:00,11368.28999999995,11368.28999999995
2025-11-10 18:18:00,11368.28999999995,11368.28999999995
2025-11-10 19:18:00,11368.28999999995,11368.28999999995
2025-11-10 20:18:00,11368.28999999995,11368.28999999995
2025-11-10 21:18:00,11368.28999999995,11368.28999999995
2025-11-10 22:18:00,11368.28999999995,11368.28999999995
2025-11-10 23:18:00,11368.28999999995,11368.28999999995
2025-11-11 01:19:00,11368.28999999995,11368.28999999995
2025-11-11 02:19:00,11368.28999999995,11368.28999999995
2025-11-11 03:19:00,11368.28999999995,11368.28999999995
2025-11-11 04:19:00,11368.28999999995,11368.28999999995
2025-11-11 05:19:00,11368.28999999995,11368.28999999995
2025-11-11 06:19:00,11368.28999999995,11368.28999999995
2025-11-11 07:19:00,11368.28999999995,11368.28999999995
2025-11-11 08:19:00,11368.28999999995,11368.28999999995
2025-11-11 09:19:00,11368.28999999995,11368.28999999995
2025-11-11 10:19:00,11368.28999999995,11368.28999999995
2025-11-11 11:19:00,11368.28999999995,11368.28999999995
2025-11-11 12:19:00,11368.28999999995,11368.28999999995
2025-11-11 13:19:00,11368.28999999995,11368.28999999995
2025-11-11 14:19:00,11368.28999999995,11368.28999999995
2025-11-11 15:19:00,11368.28999999995,11368.28999999995
2025-11-11 16:19:00,11368.28999999995,11368.28999999995
2025-11-11 17:19:00,11368.28999999995,11368.28999999995
2025-11-11 18:19:00,11368.28999999995,11368.28999999995
2025-11-11 19:19:00,11368.28999999995,11368.28999999995
2025-11-11 20:19:00,11368.28999999995,11368.28999999995
2025-11-11 21:19:00,11368.28999999995,11368.28999999995
2025-11-11 22:19:00,11368.28999999995,11368.28999999995
2025-11-11 23:19:00,11368.28999999995,11368.28999999995
2025-11-12 01:20:00,11368.28999999995,11368.28999999995
2025-11-12 02:20:00,11368.28999999995,11368.28999999995
2025-11-12 03:20:00,11368.28999999995,11368.28999999995
2025-11-12 04:20:00,11368.28999999995,11368.28999999995
2025-11-12 05:20:00,11368.28999999995,11368.28999999995
2025-11-12 06:20:00,11368.28999999995,11368.28999999995
2025-11-12 07:20:00,11368.28999999995,11368.28999999995
2025-11-12 08:20:00,11368.28999999995,11368.28999999995
2025-11-12 09:20:00,11368.28999999995,11368.28999999995
2025-11-12 10:20:00,11368.28999999995,11368.28999999995
2025-11-12 11:20:00,11368.28999999995,11368.28999999995
2025-11-12 12:20:00,11368.28999999995,11368.28999999995
2025-11-12 13:20:00,11368.28999999995,11368.28999999995
2025-11-12 14:20:00,11368.28999999995,11368.28999999995
2025-11-12 15:20:00,11368.28999999995,11368.28999999995
2025-11-12 16:20:00,11368.28999999995,11368.28999999995
2025-11-12 17:20:00,11368.28999999995,11368.28999999995
2025-11-12 18:20:00,11368.28999999995,11368.28999999995
2025-11-12 19:20:00,11368.28999999995,11368.28999999995
2025-11-12 20:20:00,11368.28999999995,11368.28999999995
2025-11-12 21:20:00,11368.28999999995,11368.28999999995
2025-11-12 22:20:00,11368.28999999995,11368.28999999995
2025-11-12 23:20:00,11368.28999999995,11368.28999999995
2025-11-13 01:21:00,11368.28999999995,11368.28999999995
2025-11-13 02:21:00,11368.28999999995,11368.28999999995
2025-11-13 03:21:00,11368.28999999995,11368.28999999995
2025-11-13 04:21:00,11368.28999999995,11368.28999999995
2025-11-13 05:21:00,11368.28999999995,11368.28999999995
2025-11-13 06:21:00,11368.28999999995,11368.28999999995
2025-11-13 07:21:00,11368.28999999995,11368.28999999995
2025-11-13 08:21:00,11368.28999999995,11368.28999999995
2025-11-13 09:21:00,11368.28999999995,11368.28999999995
2025-11-13 10:21:00,11368.28999999995,11368.28999999995
2025-11-13 11:21:00,11368.28999999995,11368.28999999995
2025-11-13 12:21:00,11368.28999999995,11368.28999999995
2025-11-13 13:21:00,11368.28999999995,11368.28999999995
2025-11-13 14:21:00,11368.28999999995,11368.28999999995
2025-11-13 15:21:00,11381.219999999947,11381.219999999947
2025-11-13 16:21:00,11381.219999999947,11381.219999999947
2025-11-13 17:21:00,11381.219999999947,11381.219999999947
2025-11-13 18:21:00,11381.219999999947,11381.219999999947
2025-11-13 19:21:00,11381.219999999947,11381.219999999947
2025-11-13 20:21:00,11381.219999999947,11381.219999999947
2025-11-13 21:21:00,11378.979999999947,11300.479999999943
2025-11-13 22:21:00,11388.389999999947,11407.029999999952
2025-11-13 23:21:00,11418.829999999947,11606.639999999954
2025-11-14 01:22:00,11428.029999999948,11657.009999999947
2025-11-14 02:22:00,11451.259999999947,11745.889999999952
2025-11-14 03:22:00,11451.259999999947,11661.189999999944
2025-11-14 04:22:00,11451.259999999947,11827.39999999995
2025-11-14 05:22:00,11566.739999999947,11930.019999999944
2025-11-14 06:22:00,11566.739999999947,11874.97999999995
2025-11-14 07:22:00,11566.739999999947,11771.29999999995
2025-11-14 08:22:00,11566.739999999947,11731.459999999946
2025-11-14 09:22:00,11566.53999999995,11584.21999999995
2025-11-14 10:22:00,11565.93999999995,11565.93999999995
2025-11-14 11:22:00,11565.93999999995,11565.93999999995
2025-11-14 12:22:00,11565.93999999995,11565.93999999995
2025-11-14 13:22:00,11565.93999999995,11565.93999999995
2025-11-14 14:22:00,11565.93999999995,11565.93999999995
2025-11-14 15:22:00,11565.93999999995,11565.93999999995
2025-11-14 16:22:00,11565.93999999995,11565.93999999995
2025-11-14 17:22:00,11565.93999999995,11565.93999999995
2025-11-14 18:22:00,11579.619999999946,11515.599999999946
2025-11-14 19:22:00,11470.599999999946,11470.599999999946
2025-11-14 20:22:00,11470.599999999946,11470.599999999946
2025-11-14 21:22:00,11470.599999999946,11470.599999999946
2025-11-14 22:22:00,11470.599999999946,11470.599999999946
2025-11-14 23:22:00,11470.599999999946,11470.599999999946
2025-11-17 01:23:00,11470.599999999946,11470.599999999946
2025-11-17 02:23:00,11470.599999999946,11470.599999999946
2025-11-17 03:23:00,11470.599999999946,11470.599999999946
2025-11-17 04:23:00,11470.599999999946,11470.599999999946
2025-11-17 05:23:00,11470.599999999946,11470.599999999946
2025-11-17 06:23:00,11470.599999999946,11470.599999999946
2025-11-17 07:23:00,11470.599999999946,11470.599999999946
2025-11-17 08:23:00,11470.039999999946,11486.039999999946
2025-11-17 09:23:00,11484.369999999946,11545.209999999945
2025-11-17 10:23:00,11513.029999999946,11569.289999999946
2025-11-17 11:23:00,11513.029999999946,11570.049999999945
2025-11-17 12:23:00,11513.029999999946,11575.169999999946
2025-11-17 13:23:00,11513.029999999946,11541.169999999946
2025-11-17 14:23:00,11513.029999999946,11559.329999999945
2025-11-17 15:23:00,11513.029999999946,11564.689999999946
2025-11-17 16:23:00,11513.029999999946,11534.589999999946
2025-11-17 17:23:00,11513.029999999946,11544.049999999945
2025-11-17 18:23:00,11512.829999999945,11512.829999999945
2025-11-17 19:23:00,11512.829999999945,11512.829999999945
2025-11-17 20:23:00,11512.829999999945,11512.829999999945
2025-11-17 21:23:00,11512.829999999945,11512.829999999945
2025-11-17 22:23:00,11512.829999999945,11512.829999999945
2025-11-17 23:23:00,11512.829999999945,11512.829999999945
2025-11-18 01:24:00,11512.829999999945,11512.829999999945
2025-11-18 02:24:00,11512.829999999945,11512.829999999945
2025-11-18 03:24:00,11512.829999999945,11512.829999999945
2025-11-18 04:24:00,11512.829999999945,11512.829999999945
2025-11-18 05:24:00,11512.829999999945,11512.829999999945
2025-11-18 06:24:00,11512.829999999945,11512.829999999945
2025-11-18 07:24:00,11512.829999999945,11512.829999999945
2025-11-18 08:24:00,11512.829999999945,11512.829999999945
2025-11-18 09:24:00,11512.829999999945,11512.829999999945
2025-11-18 10:24:00,11512.829999999945,11512.829999999945
2025-11-18 11:24:00,11399.269999999946,11399.269999999946
2025-11-18 12:24:00,11399.269999999946,11399.269999999946
2025-11-18 13:24:00,11399.269999999946,11399.269999999946
2025-11-18 14:24:00,11399.269999999946,11399.269999999946
2025-11-18 15:24:00,11399.269999999946,11399.269999999946
2025-11-18 16:24:00,11399.269999999946,11399.269999999946
2025-11-18 17:24:00,11399.269999999946,11399.269999999946
2025-11-18 18:24:00,11399.269999999946,11399.269999999946
2025-11-18 19:24:00,11399.269999999946,11399.269999999946
2025-11-18 20:24:00,11399.269999999946,11399.269999999946
2025-11-18 21:24:00,11399.269999999946,11399.269999999946
2025-11-18 22:24:00,11399.269999999946,11399.269999999946
2025-11-18 23:24:00,11399.269999999946,11399.269999999946
2025-11-19 01:25:00,11399.269999999946,11399.269999999946
2025-11-19 02:25:00,11399.269999999946,11399.269999999946
2025-11-19 03:25:00,11399.269999999946,11399.269999999946
2025-11-19 04:25:00,11399.269999999946,11399.269999999946
2025-11-19 05:25:00,11399.269999999946,11399.269999999946
2025-11-19 06:25:00,11399.269999999946,11399.269999999946
2025-11-19 07:25:00,11399.269999999946,11399.269999999946
2025-11-19 08:25:00,11399.269999999946,11399.269999999946
2025-11-19 09:25:00,11406.319999999947,11530.599999999951
2025-11-19 10:25:00,11485.879999999954,11485.879999999954
2025-11-19 11:25:00,11485.879999999954,11485.879999999954
2025-11-19 12:25:00,11485.879999999954,11485.879999999954
2025-11-19 13:25:00,11485.879999999954,11485.879999999954
2025-11-19 14:25:00,11485.879999999954,11485.879999999954
2025-11-19 15:25:00,11497.119999999955,11524.559999999958
2025-11-19 16:25:00,11522.399999999956,11561.219999999958
2025-11-19 17:25:00,11521.79999999996,11521.79999999996
2025-11-19 18:25:00,11404.669999999967,11404.669999999967
2025-11-19 19:25:00,11404.669999999967,11404.669999999967
2025-11-19 20:25:00,11404.669999999967,11404.669999999967
2025-11-19 21:25:00,11404.669999999967,11404.669999999967
2025-11-19 22:25:00,11404.669999999967,11404.669999999967
2025-11-19 23:25:00,11404.669999999967,11404.669999999967
2025-11-20 01:26:00,11404.669999999967,11404.669999999967
2025-11-20 02:26:00,11403.269999999968,11344.669999999966
2025-11-20 03:26:00,11416.969999999968,11455.189999999973
2025-11-20 04:26:00,11572.359999999968,11754.339999999967
2025-11-20 05:26:00,11572.359999999968,11676.419999999966
2025-11-20 06:26:00,11572.359999999968,11658.739999999965
2025-11-20 07:26:00,11572.359999999968,11689.379999999968
2025-11-20 08:26:00,11572.359999999968,11726.979999999967
2025-11-20 09:26:00,11572.359999999968,11725.579999999969
2025-11-20 10:26:00,11345.559999999965,11578.499999999964
2025-11-20 11:26:00,11345.559999999965,11493.979999999963
2025-11-20 12:26:00,11345.559999999965,11493.859999999964
2025-11-20 13:26:00,11345.559999999965,11534.619999999963
2025-11-20 14:26:00,11345.559999999965,11454.259999999966
2025-11-20 15:26:00,11345.559999999965,11387.699999999964
2025-11-20 16:26:00,11345.559999999965,11412.619999999966
2025-11-20 17:26:00,11345.159999999963,11345.159999999963
2025-11-20 18:26:00,11345.159999999963,11345.159999999963
2025-11-20 19:26:00,11383.649999999961,11459.249999999958
2025-11-20 20:26:00,11382.749999999958,11382.749999999958
2025-11-20 21:26:00,11382.749999999958,11382.749999999958
2025-11-20 22:26:00,11382.749999999958,11382.749999999958
2025-11-20 23:26:00,11382.749999999958,11382.749999999958
2025-11-21 01:27:00,11382.749999999958,11382.749999999958
2025-11-21 02:27:00,11380.929999999958,11422.39999999996
2025-11-21 03:27:00,11395.109999999955,11395.109999999955
2025-11-21 04:27:00,11395.109999999955,11395.109999999955
2025-11-21 05:27:00,11395.109999999955,11395.109999999955
2025-11-21 06:27:00,11395.109999999955,11395.109999999955
2025-11-21 07:27:00,11395.109999999955,11395.109999999955
2025-11-21 08:27:00,11395.109999999955,11395.109999999955
2025-11-21 09:27:00,11395.109999999955,11395.109999999955
2025-11-21 10:27:00,11393.709999999955,11370.909999999958
2025-11-21 11:27:00,11406.269999999955,11406.269999999955
2025-11-21 12:27:00,11406.269999999955,11406.269999999955
2025-11-21 13:27:00,11406.269999999955,11406.269999999955
2025-11-21 14:27:00,11406.269999999955,11406.269999999955
2025-11-21 15:27:00,11406.269999999955,11406.269999999955
2025-11-21 16:27:00,11406.269999999955,11406.269999999955
2025-11-21 17:27:00,11406.269999999955,11406.269999999955
2025-11-21 18:27:00,11458.349999999951,11550.98999999995
2025-11-21 19:27:00,11699.83999999995,11699.83999999995
2025-11-21 20:27:00,11699.83999999995,11699.83999999995
2025-11-21 21:27:00,11699.83999999995,11699.83999999995
2025-11-21 22:27:00,11699.83999999995,11699.83999999995
2025-11-21 23:27:00,11710.51999999995,11710.51999999995
2025-11-24 01:28:00,11710.51999999995,11710.51999999995
2025-11-24 02:28:00,11710.51999999995,11710.51999999995
2025-11-24 03:28:00,11710.51999999995,11710.51999999995
2025-11-24 04:28:00,11710.51999999995,11710.51999999995
2025-11-24 05:28:00,11710.51999999995,11710.51999999995
2025-11-24 06:28:00,11710.51999999995,11710.51999999995
2025-11-24 07:28:00,11710.51999999995,11710.51999999995
2025-11-24 08:28:00,11710.51999999995,11710.51999999995
2025-11-24 09:28:00,11710.51999999995,11710.51999999995
2025-11-24 10:28:00,11710.51999999995,11710.51999999995
2025-11-24 11:28:00,11710.51999999995,11710.51999999995
2025-11-24 12:28:00,11710.51999999995,11710.51999999995
2025-11-24 13:28:00,11710.51999999995,11710.51999999995
2025-11-24 14:28:00,11710.51999999995,11710.51999999995
2025-11-24 15:28:00,11710.51999999995,11710.51999999995
2025-11-24 16:28:00,11710.51999999995,11710.51999999995
2025-11-24 17:28:00,11710.51999999995,11710.51999999995
2025-11-24 18:28:00,11710.51999999995,11710.51999999995
2025-11-24 19:28:00,11710.51999999995,11710.51999999995
2025-11-24 20:28:00,11710.51999999995,11710.51999999995
2025-11-24 21:28:00,11710.51999999995,11710.51999999995
2025-11-24 22:28:00,11710.51999999995,11710.51999999995
2025-11-24 23:28:00,11710.51999999995,11710.51999999995
2025-11-25 01:29:00,11710.51999999995,11710.51999999995
2025-11-25 02:29:00,11710.51999999995,11710.51999999995
2025-11-25 03:29:00,11710.51999999995,11710.51999999995
2025-11-25 04:29:00,11710.51999999995,11710.51999999995
2025-11-25 05:29:00,11710.51999999995,11710.51999999995
2025-11-25 06:29:00,11710.51999999995,11710.51999999995
2025-11-25 07:29:00,11710.51999999995,11710.51999999995
2025-11-25 08:29:00,11710.51999999995,11710.51999999995
2025-11-25 09:29:00,11710.51999999995,11710.51999999995
2025-11-25 10:29:00,11710.51999999995,11710.51999999995
2025-11-25 11:29:00,11812.919999999951,11928.759999999955
2025-11-25 12:29:00,11812.919999999951,11979.159999999956
2025-11-25 13:29:00,11812.919999999951,11991.159999999956
2025-11-25 14:29:00,11812.919999999951,11993.159999999956
2025-11-25 15:29:00,11996.919999999953,12172.599999999953
2025-11-25 16:29:00,11995.719999999958,12092.399999999958
2025-11-25 17:29:00,11995.719999999958,12066.119999999959
2025-11-25 18:29:00,11995.719999999958,12116.519999999957
2025-11-25 19:29:00,11995.719999999958,12153.99999999996
2025-11-25 20:29:00,11995.719999999958,12125.79999999996
2025-11-25 21:29:00,11995.719999999958,12075.039999999957
2025-11-25 22:29:00,11995.719999999958,12083.759999999958
2025-11-25 23:29:00,11995.719999999958,12075.359999999957
2025-11-26 01:30:00,11989.719999999958,12076.439999999959
2025-11-26 02:30:00,11989.719999999958,12115.31999999996
2025-11-26 03:30:00,11989.719999999958,12133.119999999959
2025-11-26 04:30:00,11989.719999999958,12204.63999999996
2025-11-26 05:30:00,11989.719999999958,12203.63999999996
2025-11-26 06:30:00,11989.719999999958,12177.759999999958
2025-11-26 07:30:00,11989.719999999958,12212.239999999958
2025-11-26 08:30:00,11989.719999999958,12173.919999999958
2025-11-26 09:30:00,11989.719999999958,12158.079999999958
2025-11-26 10:30:00,11989.719999999958,12213.239999999958
2025-11-26 11:30:00,11989.719999999958,12196.719999999958
2025-11-26 12:30:00,11989.719999999958,12187.399999999958
2025-11-26 13:30:00,11989.719999999958,12214.95999999996
2025-11-26 14:30:00,11989.719999999958,12199.919999999958
2025-11-26 15:30:00,11989.719999999958,12190.399999999958
2025-11-26 16:30:00,11989.719999999958,12127.119999999959
2025-11-26 17:30:00,11989.719999999958,12189.79999999996
2025-11-26 18:30:00,11989.719999999958,12200.879999999957
2025-11-26 19:30:00,11989.719999999958,12219.919999999958
2025-11-26 20:30:00,11989.719999999958,12210.679999999957
2025-11-26 21:30:00,11989.719999999958,12218.079999999958
2025-11-26 22:30:00,11989.719999999958,12213.279999999959
2025-11-26 23:30:00,11989.719999999958,12202.47999999996
2025-11-27 01:31:00,11987.719999999958,12202.79999999996
2025-11-27 02:31:00,11987.719999999958,12212.919999999958
2025-11-27 03:31:00,11987.719999999958,12168.559999999958
2025-11-27 04:31:00,11987.719999999958,12145.399999999958
2025-11-27 05:31:00,11987.719999999958,12141.279999999959
2025-11-27 06:31:00,11987.719999999958,12153.47999999996
2025-11-27 07:31:00,11987.719999999958,12155.039999999957
2025-11-27 08:31:00,11987.719999999958,12167.559999999958
2025-11-27 09:31:00,11987.719999999958,12180.559999999958
2025-11-27 10:31:00,11987.719999999958,12201.79999999996
2025-11-27 11:31:00,11987.719999999958,12161.279999999959
2025-11-27 12:31:00,11987.719999999958,12164.559999999958
2025-11-27 13:31:00,11987.719999999958,12182.359999999957
2025-11-27 14:31:00,11987.719999999958,12175.359999999957
2025-11-27 15:31:00,11987.719999999958,12166.47999999996
2025-11-27 16:31:00,11987.719999999958,12176.279999999959
2025-11-27 17:31:00,11987.719999999958,12188.079999999958
2025-11-27 18:31:00,11987.719999999958,12169.279999999959
2025-11-27 19:31:00,11987.719999999958,12175.199999999957
2025-11-27 20:31:00,11987.719999999958,12171.95999999996
2025-11-28 01:00:00,11985.719999999958,12186.439999999959
2025-11-28 02:00:00,11985.719999999958,12198.919999999958
2025-11-28 03:00:00,12264.679999999957,12264.679999999957
2025-11-28 04:00:00,12264.679999999957,12264.679999999957
2025-11-28 05:00:00,12264.679999999957,12264.679999999957
2025-11-28 06:00:00,12264.679999999957,12264.679999999957
2025-11-28 07:00:00,12264.679999999957,12264.679999999957
2025-11-28 08:00:00,12421.419999999944,12421.419999999944
2025-11-28 09:00:00,12421.419999999944,12421.419999999944
2025-11-28 10:00:00,12421.419999999944,12421.419999999944
2025-11-28 11:00:00,12421.419999999944,12421.419999999944
2025-11-28 12:00:00,12421.419999999944,12421.419999999944
2025-11-28 13:00:00,12421.419999999944,12421.419999999944
2025-11-28 14:00:00,12418.199999999944,12434.069999999934
2025-11-28 15:00:00,12465.149999999943,12568.369999999937
2025-11-28 16:00:00,12463.849999999939,12463.849999999939
2025-11-28 17:00:00,12463.849999999939,12463.849999999939
2025-11-28 18:00:00,12460.909999999938,12436.129999999932
2025-11-28 19:00:00,12477.009999999933,12477.009999999933
2025-11-28 20:00:00,12477.009999999933,12477.009999999933
2025-11-28 21:00:00,12477.009999999933,12477.009999999933
2025-12-01 01:14:00,12477.009999999933,12477.009999999933
2025-12-01 02:14:00,12477.009999999933,12477.009999999933
2025-12-01 03:14:00,12477.009999999933,12477.009999999933
2025-12-01 04:14:00,12477.009999999933,12477.009999999933
2025-12-01 05:14:00,12477.009999999933,12477.009999999933
2025-12-01 06:14:00,12477.009999999933,12477.009999999933
2025-12-01 07:14:00,12477.009999999933,12477.009999999933
2025-12-01 08:14:00,12474.209999999934,12480.809999999932
2025-12-01 09:14:00,12490.659999999929,12490.659999999929
2025-12-01 10:14:00,12490.659999999929,12490.659999999929
2025-12-01 11:14:00,12490.659999999929,12490.659999999929
2025-12-01 12:14:00,12490.659999999929,12490.659999999929
2025-12-01 13:14:00,12490.659999999929,12490.659999999929
2025-12-01 14:14:00,12490.659999999929,12490.659999999929
2025-12-01 15:14:00,12490.659999999929,12490.659999999929
2025-12-01 16:14:00,12490.659999999929,12490.659999999929
2025-12-01 17:14:00,12490.659999999929,12490.659999999929
2025-12-01 18:14:00,12490.659999999929,12490.659999999929
2025-12-01 19:14:00,12490.659999999929,12490.659999999929
2025-12-01 20:14:00,12490.659999999929,12490.659999999929
2025-12-01 21:14:00,12490.659999999929,12490.659999999929
2025-12-01 22:14:00,12490.659999999929,12490.659999999929
2025-12-01 23:14:00,12490.659999999929,12490.659999999929
2025-12-02 01:15:00,12490.659999999929,12490.659999999929
2025-12-02 02:15:00,12490.659999999929,12490.659999999929
2025-12-02 03:15:00,12490.659999999929,12490.659999999929
2025-12-02 04:15:00,12490.659999999929,12490.659999999929
2025-12-02 05:15:00,12490.659999999929,12490.659999999929
2025-12-02 06:15:00,12490.659999999929,12490.659999999929
2025-12-02 07:15:00,12490.659999999929,12490.659999999929
2025-12-02 08:15:00,12490.659999999929,12490.659999999929
2025-12-02 09:15:00,12490.659999999929,12490.659999999929
2025-12-02 10:15:00,12490.659999999929,12490.659999999929
2025-12-02 11:15:00,12490.659999999929,12490.659999999929
2025-12-02 12:15:00,12490.659999999929,12490.659999999929
2025-12-02 13:15:00,12490.659999999929,12490.659999999929
2025-12-02 14:15:00,12235.959999999923,12235.959999999923
2025-12-02 15:15:00,12235.959999999923,12235.959999999923
2025-12-02 16:15:00,12235.959999999923,12235.959999999923
2025-12-02 17:15:00,12235.959999999923,12235.959999999923
2025-12-02 18:15:00,12235.959999999923,12235.959999999923
2025-12-02 19:15:00,12234.699999999923,12254.859999999928
2025-12-02 20:15:00,12234.699999999923,12239.109999999928
2025-12-02 21:15:00,12249.079999999929,12249.079999999929
2025-12-02 22:15:00,12247.399999999929,12249.91999999993
2025-12-02 23:15:00,12125.899999999927,12120.469999999947
2025-12-03 01:16:00,12193.529999999932,12193.529999999932
2025-12-03 02:16:00,12193.529999999932,12193.529999999932
2025-12-03 03:16:00,12193.529999999932,12193.529999999932
2025-12-03 04:16:00,12193.529999999932,12193.529999999932
2025-12-03 05:16:00,12193.529999999932,12193.529999999932
2025-12-03 06:16:00,12193.529999999932,12193.529999999932
2025-12-03 07:16:00,12193.529999999932,12193.529999999932
2025-12-03 08:16:00,12193.529999999932,12193.529999999932
2025-12-03 09:16:00,12193.529999999932,12193.529999999932
2025-12-03 10:16:00,12193.529999999932,12193.529999999932
2025-12-03 11:16:00,12193.529999999932,12193.529999999932
2025-12-03 12:16:00,12193.529999999932,12193.529999999932
2025-12-03 13:16:00,12193.529999999932,12193.529999999932
2025-12-03 14:16:00,12193.529999999932,12193.529999999932
2025-12-03 15:16:00,12193.529999999932,12193.529999999932
2025-12-03 16:16:00,12193.529999999932,12193.529999999932
2025-12-03 17:16:00,12193.529999999932,12193.529999999932
2025-12-03 18:16:00,12193.529999999932,12193.529999999932
2025-12-03 19:16:00,12066.929999999922,12066.929999999922
2025-12-03 20:16:00,12066.929999999922,12066.929999999922
2025-12-03 21:16:00,12066.929999999922,12066.929999999922
2025-12-03 22:16:00,12066.929999999922,12066.929999999922
2025-12-03 23:16:00,12066.929999999922,12066.929999999922
2025-12-04 01:17:00,12066.929999999922,12066.929999999922
2025-12-04 02:17:00,12066.929999999922,12066.929999999922
2025-12-04 03:17:00,12066.929999999922,12066.929999999922
2025-12-04 04:17:00,12066.929999999922,12066.929999999922
2025-12-04 05:17:00,12066.929999999922,12066.929999999922
2025-12-04 06:17:00,12066.929999999922,12066.929999999922
2025-12-04 07:17:00,12066.929999999922,12066.929999999922
2025-12-04 08:17:00,12066.929999999922,12066.929999999922
2025-12-04 09:17:00,12066.929999999922,12066.929999999922
2025-12-04 10:17:00,12066.929999999922,12066.929999999922
2025-12-04 11:17:00,12066.929999999922,12066.929999999922
2025-12-04 12:17:00,12066.929999999922,12066.929999999922
2025-12-04 13:17:00,12066.929999999922,12066.929999999922
2025-12-04 14:17:00,12066.929999999922,12066.929999999922
2025-12-04 15:17:00,12066.929999999922,12066.929999999922
2025-12-04 16:17:00,12066.929999999922,12066.929999999922
2025-12-04 17:17:00,12066.929999999922,12066.929999999922
2025-12-04 18:17:00,12066.929999999922,12066.929999999922
2025-12-04 19:17:00,12066.929999999922,12066.929999999922
2025-12-04 20:17:00,12066.929999999922,12066.929999999922
2025-12-04 21:17:00,12066.929999999922,12066.929999999922
2025-12-04 22:17:00,12066.929999999922,12066.929999999922
2025-12-04 23:17:00,12066.929999999922,12066.929999999922
2025-12-05 01:18:00,12066.929999999922,12066.929999999922
2025-12-05 02:18:00,12066.929999999922,12066.929999999922
2025-12-05 03:18:00,12066.929999999922,12066.929999999922
2025-12-05 04:18:00,12066.929999999922,12066.929999999922
2025-12-05 05:18:00,12066.929999999922,12066.929999999922
2025-12-05 06:18:00,12066.929999999922,12066.929999999922
2025-12-05 07:18:00,12066.929999999922,12066.929999999922
2025-12-05 08:18:00,12066.929999999922,12066.929999999922
2025-12-05 09:18:00,12066.929999999922,12066.929999999922
2025-12-05 10:18:00,12066.929999999922,12066.929999999922
2025-12-05 11:18:00,12066.929999999922,12066.929999999922
2025-12-05 12:18:00,12066.929999999922,12066.929999999922
2025-12-05 13:18:00,12066.929999999922,12066.929999999922
2025-12-05 14:18:00,12066.929999999922,12066.929999999922
2025-12-05 15:18:00,12066.929999999922,12066.929999999922
2025-12-05 16:18:00,12066.929999999922,12066.929999999922
2025-12-05 17:18:00,12066.929999999922,12066.929999999922
2025-12-05 18:18:00,12353.219999999923,12353.219999999923
2025-12-05 19:18:00,12353.219999999923,12353.219999999923
2025-12-05 20:18:00,12353.219999999923,12353.219999999923
2025-12-05 21:18:00,12353.219999999923,12353.219999999923
2025-12-05 22:18:00,12353.219999999923,12353.219999999923
2025-12-05 23:18:00,12353.219999999923,12353.219999999923
2025-12-08 01:19:00,12353.219999999923,12353.219999999923
2025-12-08 02:19:00,12353.219999999923,12353.219999999923
2025-12-08 03:19:00,12353.219999999923,12353.219999999923
2025-12-08 04:19:00,12353.219999999923,12353.219999999923
2025-12-08 05:19:00,12353.219999999923,12353.219999999923
2025-12-08 06:19:00,12353.219999999923,12353.219999999923
2025-12-08 07:19:00,12353.219999999923,12353.219999999923
2025-12-08 08:19:00,12353.219999999923,12353.219999999923
2025-12-08 09:19:00,12353.219999999923,12353.219999999923
2025-12-08 10:19:00,12353.219999999923,12353.219999999923
2025-12-08 11:19:00,12353.219999999923,12353.219999999923
2025-12-08 12:19:00,12353.219999999923,12353.219999999923
2025-12-08 13:19:00,12353.219999999923,12353.219999999923
2025-12-08 14:19:00,12353.219999999923,12353.219999999923
2025-12-08 15:19:00,12353.219999999923,12353.219999999923
2025-12-08 16:19:00,12353.219999999923,12353.219999999923
2025-12-08 17:19:00,12353.219999999923,12353.219999999923
2025-12-08 18:19:00,12353.219999999923,12353.219999999923
2025-12-08 19:19:00,12353.219999999923,12353.219999999923
2025-12-08 20:19:00,12353.219999999923,12353.219999999923
2025-12-08 21:19:00,12353.219999999923,12353.219999999923
2025-12-08 22:19:00,12353.219999999923,12353.219999999923
2025-12-08 23:19:00,12353.219999999923,12353.219999999923
2025-12-09 01:20:00,12353.219999999923,12353.219999999923
2025-12-09 02:20:00,12353.219999999923,12353.219999999923
2025-12-09 03:20:00,12353.219999999923,12353.219999999923
2025-12-09 04:20:00,12353.219999999923,12353.219999999923
2025-12-09 05:20:00,12353.219999999923,12353.219999999923
2025-12-09 06:20:00,12353.219999999923,12353.219999999923
2025-12-09 07:20:00,12353.219999999923,12353.219999999923
2025-12-09 08:20:00,12353.219999999923,12353.219999999923
2025-12-09 09:20:00,12353.219999999923,12353.219999999923
2025-12-09 10:20:00,12353.219999999923,12353.219999999923
2025-12-09 11:20:00,12115.839999999916,12115.839999999916
2025-12-09 12:20:00,12115.839999999916,12115.839999999916
2025-12-09 13:20:00,12115.839999999916,12115.839999999916
2025-12-09 14:20:00,12114.019999999917,12095.429999999913
2025-12-09 15:20:00,12129.889999999916,12148.889999999912
2025-12-09 16:20:00,12128.889999999912,12128.889999999912
2025-12-09 17:20:00,12128.889999999912,12128.889999999912
2025-12-09 18:20:00,12128.889999999912,12128.889999999912
2025-12-09 19:20:00,12128.889999999912,12128.889999999912
2025-12-09 20:20:00,12128.889999999912,12128.889999999912
2025-12-09 21:20:00,12128.889999999912,12128.889999999912
2025-12-09 22:20:00,12128.889999999912,12128.889999999912
2025-12-09 23:20:00,12128.889999999912,12128.889999999912
2025-12-10 01:21:00,12128.889999999912,12128.889999999912
2025-12-10 02:21:00,12128.889999999912,12128.889999999912
2025-12-10 03:21:00,12128.889999999912,12128.889999999912
2025-12-10 04:21:00,12128.889999999912,12128.889999999912
2025-12-10 05:21:00,12128.889999999912,12128.889999999912
2025-12-10 06:21:00,12128.889999999912,12128.889999999912
2025-12-10 07:21:00,12128.889999999912,12128.889999999912
2025-12-10 08:21:00,12000.549999999912,12000.549999999912
2025-12-10 09:21:00,12000.549999999912,12000.549999999912
2025-12-10 10:21:00,12000.549999999912,12000.549999999912
2025-12-10 11:21:00,12000.549999999912,12000.549999999912
2025-12-10 12:21:00,12000.549999999912,12000.549999999912
2025-12-10 13:21:00,12000.549999999912,12000.549999999912
2025-12-10 14:21:00,12000.549999999912,12000.549999999912
2025-12-10 15:21:00,12000.549999999912,12000.549999999912
2025-12-10 16:21:00,12000.549999999912,12000.549999999912
2025-12-10 17:21:00,12000.549999999912,12000.549999999912
2025-12-10 18:21:00,12000.549999999912,12000.549999999912
2025-12-10 19:21:00,12000.549999999912,12000.549999999912
2025-12-10 20:21:00,12000.549999999912,12000.549999999912
2025-12-10 21:21:00,12000.549999999912,12000.549999999912
2025-12-10 22:21:00,11999.569999999912,11969.189999999911
2025-12-10 23:21:00,12009.539999999912,12049.73999999991
2025-12-11 01:22:00,12010.439999999911,12041.819999999909
2025-12-11 02:22:00,12008.719999999908,11979.199999999912
2025-12-11 03:22:00,12008.719999999908,12015.679999999908
2025-12-11 04:22:00,12008.719999999908,12053.519999999911
2025-12-11 05:22:00,12058.999999999909,12168.959999999912
2025-12-11 06:22:00,12058.999999999909,12168.959999999912
2025-12-11 07:22:00,12058.999999999909,12168.959999999912
2025-12-11 08:22:00,12126.33999999991,12178.499999999909
2025-12-11 09:22:00,12126.33999999991,12182.33999999991
2025-12-11 10:22:00,12126.33999999991,12188.69999999991
2025-12-11 11:22:00,12126.33999999991,12186.47999999991
2025-12-11 12:22:00,12126.33999999991,12190.79999999991
2025-12-11 13:22:00,12126.33999999991,12187.879999999912
2025-12-11 14:22:00,12126.33999999991,12190.69999999991
2025-12-11 15:22:00,12126.33999999991,12178.21999999991
2025-12-11 16:22:00,12141.17999999991,12213.33999999991
2025-12-11 17:22:00,12170.94999999991,12231.60999999991
2025-12-11 18:22:00,12170.94999999991,12268.48999999991
2025-12-11 19:22:00,12230.32999999991,12294.919999999911
2025-12-11 20:22:00,12230.32999999991,12300.089999999911
2025-12-11 21:22:00,12226.82999999991,12327.909999999923
2025-12-11 22:22:00,12243.809999999914,12244.989999999918
2025-12-11 23:22:00,12243.809999999914,12375.049999999916
2025-12-12 01:23:00,12289.429999999913,12405.32999999991
2025-12-12 02:23:00,12289.429999999913,12404.129999999914
2025-12-12 03:23:00,12288.72999999991,12344.30999999991
2025-12-12 04:23:00,12288.72999999991,12351.23999999991
2025-12-12 05:23:00,12288.72999999991,12347.419999999911
2025-12-12 06:23:00,12288.72999999991,12344.65999999991
2025-12-12 07:23:00,12288.72999999991,12348.15999999991
2025-12-12 08:23:00,12288.72999999991,12356.139999999912
2025-12-12 09:23:00,12288.72999999991,12361.419999999911
2025-12-12 10:23:00,12288.72999999991,12369.44999999991
2025-12-12 11:23:00,12288.72999999991,12392.06999999991
2025-12-12 12:23:00,12288.72999999991,12397.849999999911
2025-12-12 13:23:00,12407.47999999991,12407.47999999991
2025-12-12 14:23:00,12407.47999999991,12407.47999999991
2025-12-12 15:23:00,12407.47999999991,12407.47999999991
2025-12-12 16:23:00,12407.47999999991,12407.47999999991
2025-12-12 17:23:00,12407.47999999991,12407.47999999991
2025-12-12 18:23:00,12407.47999999991,12407.47999999991
2025-12-12 19:23:00,12407.47999999991,12407.47999999991
2025-12-12 20:23:00,12407.47999999991,12407.47999999991
2025-12-12 21:23:00,12407.47999999991,12407.47999999991
2025-12-12 22:23:00,12407.47999999991,12407.47999999991
2025-12-12 23:23:00,12407.47999999991,12407.47999999991
2025-12-15 01:24:00,12407.47999999991,12407.47999999991
2025-12-15 02:24:00,12407.47999999991,12407.47999999991
2025-12-15 03:24:00,12407.47999999991,12407.47999999991
2025-12-15 04:24:00,12407.47999999991,12407.47999999991
2025-12-15 05:24:00,12420.67999999991,12487.429999999893
2025-12-15 06:24:00,12419.979999999907,12410.699999999908
2025-12-15 07:24:00,12419.979999999907,12415.499999999904
2025-12-15 08:24:00,12296.779999999902,12296.779999999902
2025-12-15 09:24:00,12296.779999999902,12296.779999999902
2025-12-15 10:24:00,12362.579999999898,12498.6899999999
2025-12-15 11:24:00,12469.299999999897,12587.379999999888
2025-12-15 12:24:00,12469.299999999897,12602.379999999888
2025-12-15 13:24:00,12467.799999999892,12467.799999999892
2025-12-15 14:24:00,12467.799999999892,12467.799999999892
2025-12-15 15:24:00,12467.799999999892,12467.799999999892
2025-12-15 16:24:00,12467.799999999892,12467.799999999892
2025-12-15 17:24:00,12467.799999999892,12467.799999999892
2025-12-15 18:24:00,12467.799999999892,12467.799999999892
2025-12-15 19:24:00,12467.799999999892,12467.799999999892
2025-12-15 20:24:00,12467.799999999892,12467.799999999892
2025-12-15 21:24:00,12467.799999999892,12467.799999999892
2025-12-15 22:24:00,12467.799999999892,12467.799999999892
2025-12-15 23:24:00,12467.799999999892,12467.799999999892
2025-12-16 01:25:00,12467.799999999892,12467.799999999892
2025-12-16 02:25:00,12467.799999999892,12467.799999999892
2025-12-16 03:25:00,12467.799999999892,12467.799999999892
2025-12-16 04:25:00,12467.799999999892,12467.799999999892
2025-12-16 05:25:00,12467.799999999892,12467.799999999892
2025-12-16 06:25:00,12467.799999999892,12467.799999999892
2025-12-16 07:25:00,12467.799999999892,12467.799999999892
2025-12-16 08:25:00,12467.799999999892,12467.799999999892
2025-12-16 09:25:00,12467.799999999892,12467.799999999892
2025-12-16 10:25:00,12467.799999999892,12467.799999999892
2025-12-16 11:25:00,12467.799999999892,12467.799999999892
2025-12-16 12:25:00,12467.799999999892,12467.799999999892
2025-12-16 13:25:00,12467.799999999892,12467.799999999892
2025-12-16 14:25:00,12467.799999999892,12467.799999999892
2025-12-16 15:25:00,12466.119999999892,12387.279999999884
2025-12-16 16:25:00,12225.469999999896,12225.469999999896
2025-12-16 17:25:00,12225.469999999896,12225.469999999896
2025-12-16 18:25:00,12225.469999999896,12225.469999999896
2025-12-16 19:25:00,12225.469999999896,12225.469999999896
2025-12-16 20:25:00,12225.469999999896,12225.469999999896
2025-12-16 21:25:00,12225.469999999896,12225.469999999896
2025-12-16 22:25:00,12225.469999999896,12225.469999999896
2025-12-16 23:25:00,12225.469999999896,12225.469999999896
2025-12-17 01:26:00,12225.469999999896,12225.469999999896
2025-12-17 02:26:00,12225.469999999896,12225.469999999896
2025-12-17 03:26:00,12225.469999999896,12225.469999999896
2025-12-17 04:26:00,12225.469999999896,12225.469999999896
2025-12-17 05:26:00,12225.469999999896,12225.469999999896
2025-12-17 06:26:00,12225.469999999896,12225.469999999896
2025-12-17 07:26:00,12225.469999999896,12225.469999999896
2025-12-17 08:26:00,12225.469999999896,12225.469999999896
2025-12-17 09:26:00,12225.469999999896,12225.469999999896
2025-12-17 10:26:00,12225.469999999896,12225.469999999896
2025-12-17 11:26:00,12225.469999999896,12225.469999999896
2025-12-17 12:26:00,12225.469999999896,12225.469999999896
2025-12-17 13:26:00,12225.469999999896,12225.469999999896
2025-12-17 14:26:00,12225.469999999896,12225.469999999896
2025-12-17 15:26:00,12225.469999999896,12225.469999999896
2025-12-17 16:26:00,12225.469999999896,12225.469999999896
2025-12-17 17:26:00,12225.469999999896,12225.469999999896
2025-12-17 18:26:00,12225.469999999896,12225.469999999896
2025-12-17 19:26:00,12225.469999999896,12225.469999999896
2025-12-17 20:26:00,12225.469999999896,12225.469999999896
2025-12-17 21:26:00,12225.469999999896,12225.469999999896
2025-12-17 22:26:00,12225.469999999896,12225.469999999896
2025-12-17 23:26:00,12225.469999999896,12225.469999999896
2025-12-18 01:27:00,12225.469999999896,12225.469999999896
2025-12-18 02:27:00,12225.469999999896,12225.469999999896
2025-12-18 03:27:00,12225.469999999896,12225.469999999896
2025-12-18 04:27:00,12225.469999999896,12225.469999999896
2025-12-18 05:27:00,12225.469999999896,12225.469999999896
2025-12-18 06:27:00,12225.469999999896,12225.469999999896
2025-12-18 07:27:00,12225.469999999896,12225.469999999896
2025-12-18 08:27:00,12225.469999999896,12225.469999999896
2025-12-18 09:27:00,12225.469999999896,12225.469999999896
2025-12-18 10:27:00,12225.469999999896,12225.469999999896
2025-12-18 11:27:00,12225.469999999896,12225.469999999896
2025-12-18 12:27:00,12225.469999999896,12225.469999999896
2025-12-18 13:27:00,12225.469999999896,12225.469999999896
2025-12-18 14:27:00,12225.469999999896,12225.469999999896
2025-12-18 15:27:00,12225.469999999896,12225.469999999896
2025-12-18 16:27:00,12225.469999999896,12225.469999999896
2025-12-18 17:27:00,12239.1499999999,12239.1499999999
2025-12-18 18:27:00,12239.1499999999,12239.1499999999
2025-12-18 19:27:00,12239.1499999999,12239.1499999999
2025-12-18 20:27:00,12239.1499999999,12239.1499999999
2025-12-18 21:27:00,12239.1499999999,12239.1499999999
2025-12-18 22:27:00,12239.1499999999,12239.1499999999
2025-12-18 23:27:00,12239.1499999999,12239.1499999999
2025-12-19 01:28:00,12239.1499999999,12239.1499999999
2025-12-19 02:28:00,12239.1499999999,12239.1499999999
2025-12-19 03:28:00,12239.1499999999,12239.1499999999
2025-12-19 04:28:00,12239.1499999999,12239.1499999999
2025-12-19 05:28:00,12239.1499999999,12239.1499999999
2025-12-19 06:28:00,12239.1499999999,12239.1499999999
2025-12-19 07:28:00,12239.1499999999,12239.1499999999
2025-12-19 08:28:00,12239.1499999999,12239.1499999999
2025-12-19 09:28:00,12239.1499999999,12239.1499999999
2025-12-19 10:28:00,12239.1499999999,12239.1499999999
2025-12-19 11:28:00,12239.1499999999,12239.1499999999
2025-12-19 12:28:00,12239.1499999999,12239.1499999999
2025-12-19 13:28:00,12239.1499999999,12239.1499999999
2025-12-19 14:28:00,12239.1499999999,12239.1499999999
2025-12-19 15:28:00,12239.1499999999,12239.1499999999
2025-12-19 16:28:00,12239.1499999999,12239.1499999999
2025-12-19 17:28:00,12238.029999999899,12266.589999999896
2025-12-19 18:28:00,12238.029999999899,12200.029999999899
2025-12-19 19:28:00,12238.029999999899,12156.1099999999
2025-12-19 20:28:00,12121.869999999895,12121.869999999895
2025-12-19 21:28:00,12121.869999999895,12121.869999999895
2025-12-19 22:28:00,12121.869999999895,12121.869999999895
2025-12-19 23:28:00,12121.869999999895,12121.869999999895
2025-12-22 01:29:00,12121.869999999895,12121.869999999895
2025-12-22 02:29:00,12121.869999999895,12121.869999999895
2025-12-22 03:29:00,12121.869999999895,12121.869999999895
2025-12-22 04:29:00,12121.869999999895,12121.869999999895
2025-12-22 05:29:00,12121.869999999895,12121.869999999895
2025-12-22 06:29:00,12121.869999999895,12121.869999999895
2025-12-22 07:29:00,12121.869999999895,12121.869999999895
2025-12-22 08:29:00,12121.869999999895,12121.869999999895
2025-12-22 09:29:00,12121.869999999895,12121.869999999895
2025-12-22 10:29:00,12121.869999999895,12121.869999999895
2025-12-22 11:29:00,12121.869999999895,12121.869999999895
2025-12-22 12:29:00,12121.869999999895,12121.869999999895
2025-12-22 13:29:00,12121.869999999895,12121.869999999895
2025-12-22 14:29:00,12121.869999999895,12121.869999999895
2025-12-22 15:29:00,12121.869999999895,12121.869999999895
2025-12-22 16:29:00,12121.869999999895,12121.869999999895
2025-12-22 17:29:00,12121.869999999895,12121.869999999895
2025-12-22 18:29:00,12121.869999999895,12121.869999999895
2025-12-22 19:29:00,12121.869999999895,12121.869999999895
2025-12-22 20:29:00,12121.869999999895,12121.869999999895
2025-12-22 21:29:00,12121.869999999895,12121.869999999895
2025-12-22 22:29:00,12121.869999999895,12121.869999999895
2025-12-22 23:29:00,12121.869999999895,12121.869999999895
2025-12-23 01:30:00,12121.869999999895,12121.869999999895
2025-12-23 02:30:00,12121.869999999895,12121.869999999895
2025-12-23 03:30:00,12121.869999999895,12121.869999999895
2025-12-23 04:30:00,12121.869999999895,12121.869999999895
2025-12-23 05:30:00,12121.869999999895,12121.869999999895
2025-12-23 06:30:00,12121.869999999895,12121.869999999895
2025-12-23 07:30:00,12121.869999999895,12121.869999999895
2025-12-23 08:30:00,12121.869999999895,12121.869999999895
2025-12-23 09:30:00,12121.869999999895,12121.869999999895
2025-12-23 10:30:00,12121.869999999895,12121.869999999895
2025-12-23 11:30:00,12121.869999999895,12121.869999999895
2025-12-23 12:30:00,12121.869999999895,12121.869999999895
2025-12-23 13:30:00,12121.869999999895,12121.869999999895
2025-12-23 14:30:00,12121.869999999895,12121.869999999895
2025-12-23 15:30:00,12121.869999999895,12121.869999999895
2025-12-23 16:30:00,12121.869999999895,12121.869999999895
2025-12-23 17:30:00,12121.869999999895,12121.869999999895
2025-12-23 18:30:00,12121.869999999895,12121.869999999895
2025-12-23 19:30:00,12121.869999999895,12121.869999999895
2025-12-23 20:30:00,12121.869999999895,12121.869999999895
2025-12-23 21:30:00,12121.869999999895,12121.869999999895
2025-12-23 22:30:00,12121.869999999895,12121.869999999895
2025-12-23 23:30:00,12121.869999999895,12121.869999999895
2025-12-24 01:31:00,12239.779999999902,12399.45999999991
2025-12-24 02:31:00,12611.309999999909,12611.309999999909
2025-12-24 03:31:00,12611.309999999909,12611.309999999909
2025-12-24 04:31:00,12611.309999999909,12611.309999999909
2025-12-24 05:31:00,12611.309999999909,12611.309999999909
2025-12-24 06:31:00,12611.309999999909,12611.309999999909
2025-12-24 07:31:00,12611.309999999909,12611.309999999909
2025-12-24 08:31:00,12611.309999999909,12611.309999999909
2025-12-24 09:31:00,12611.309999999909,12611.309999999909
2025-12-24 10:31:00,12611.309999999909,12611.309999999909
2025-12-24 11:31:00,12611.309999999909,12611.309999999909
2025-12-24 12:31:00,12611.309999999909,12611.309999999909
2025-12-24 13:31:00,12611.309999999909,12611.309999999909
2025-12-24 14:31:00,12611.309999999909,12611.309999999909
2025-12-24 15:31:00,12611.309999999909,12611.309999999909
2025-12-24 16:31:00,12611.309999999909,12611.309999999909
2025-12-24 17:31:00,12611.309999999909,12611.309999999909
2025-12-24 18:31:00,12611.309999999909,12611.309999999909
2025-12-24 19:31:00,12611.309999999909,12611.309999999909
2025-12-24 20:31:00,12611.309999999909,12611.309999999909
2025-12-26 01:45:00,12611.309999999909,12611.309999999909
2025-12-26 02:45:00,12611.309999999909,12611.309999999909
2025-12-26 03:45:00,12611.309999999909,12611.309999999909
2025-12-26 04:45:00,12611.309999999909,12611.309999999909
2025-12-26 05:45:00,12611.309999999909,12611.309999999909
2025-12-26 06:45:00,12611.309999999909,12611.309999999909
2025-12-26 07:45:00,12611.309999999909,12611.309999999909
2025-12-26 08:45:00,12611.309999999909,12611.309999999909
2025-12-26 09:45:00,12611.309999999909,12611.309999999909
2025-12-26 10:45:00,12611.309999999909,12611.309999999909
2025-12-26 11:45:00,12611.309999999909,12611.309999999909
2025-12-26 12:45:00,12611.309999999909,12611.309999999909
2025-12-26 13:45:00,12611.309999999909,12611.309999999909
2025-12-26 14:45:00,12611.309999999909,12611.309999999909
2025-12-26 15:45:00,12611.309999999909,12611.309999999909
2025-12-26 16:45:00,12611.309999999909,12611.309999999909
2025-12-26 17:45:00,12611.309999999909,12611.309999999909
2025-12-26 18:45:00,12611.309999999909,12611.309999999909
2025-12-26 19:45:00,12611.309999999909,12611.309999999909
2025-12-26 20:45:00,12611.309999999909,12611.309999999909
2025-12-26 21:45:00,12611.309999999909,12611.309999999909
2025-12-26 22:45:00,12611.309999999909,12611.309999999909
2025-12-26 23:45:00,12611.309999999909,12611.309999999909
2025-12-29 01:46:00,12611.309999999909,12611.309999999909
2025-12-29 02:46:00,12611.309999999909,12611.309999999909
2025-12-29 03:46:00,12611.309999999909,12611.309999999909
2025-12-29 04:46:00,12611.309999999909,12611.309999999909
2025-12-29 05:46:00,12611.309999999909,12611.309999999909
2025-12-29 06:46:00,12611.309999999909,12611.309999999909
2025-12-29 07:46:00,12611.309999999909,12611.309999999909
2025-12-29 08:46:00,12611.309999999909,12611.309999999909
2025-12-29 09:46:00,12611.309999999909,12611.309999999909
2025-12-29 10:46:00,12611.309999999909,12611.309999999909
2025-12-29 11:46:00,12611.309999999909,12611.309999999909
2025-12-29 12:46:00,12611.309999999909,12611.309999999909
2025-12-29 13:46:00,12611.309999999909,12611.309999999909
2025-12-29 14:46:00,12611.309999999909,12611.309999999909
2025-12-29 15:46:00,12611.309999999909,12611.309999999909
2025-12-29 16:46:00,12611.309999999909,12611.309999999909
2025-12-29 17:46:00,12611.309999999909,12611.309999999909
2025-12-29 18:46:00,12611.309999999909,12611.309999999909
2025-12-29 19:46:00,12685.299999999908,12888.849999999904
2025-12-29 20:46:00,12685.299999999908,12809.249999999913
2025-12-29 21:46:00,12685.299999999908,12789.94999999991
2025-12-29 22:46:00,12684.799999999907,12745.599999999906
2025-12-29 23:46:00,12684.799999999907,12755.999999999905
2025-12-30 01:47:00,12685.049999999905,12685.049999999905
2025-12-30 02:47:00,12685.049999999905,12685.049999999905
2025-12-30 03:47:00,12685.049999999905,12685.049999999905
2025-12-30 04:47:00,12685.049999999905,12685.049999999905
2025-12-30 05:47:00,12685.049999999905,12685.049999999905
2025-12-30 06:47:00,12685.049999999905,12685.049999999905
2025-12-30 07:47:00,12685.049999999905,12685.049999999905
2025-12-30 08:47:00,12685.049999999905,12685.049999999905
2025-12-30 09:47:00,12685.049999999905,12685.049999999905
2025-12-30 10:47:00,12685.049999999905,12685.049999999905
2025-12-30 11:47:00,12685.049999999905,12685.049999999905
2025-12-30 12:47:00,12684.069999999905,12742.799999999908
2025-12-30 13:47:00,12693.64999999991,12693.64999999991
2025-12-30 14:47:00,12693.64999999991,12693.64999999991
2025-12-30 15:47:00,12693.64999999991,12693.64999999991
2025-12-30 16:47:00,12693.64999999991,12693.64999999991
2025-12-30 17:47:00,12693.64999999991,12693.64999999991
2025-12-30 18:47:00,12693.64999999991,12693.64999999991
2025-12-30 19:47:00,12693.64999999991,12693.64999999991
2025-12-30 20:47:00,12693.64999999991,12693.64999999991
2025-12-30 21:47:00,12693.64999999991,12693.64999999991
2025-12-30 22:47:00,12693.64999999991,12693.64999999991
2025-12-30 23:47:00,12693.64999999991,12693.64999999991
2025-12-31 01:48:00,12693.64999999991,12693.64999999991
2025-12-31 02:48:00,12693.64999999991,12693.64999999991
2025-12-31 03:48:00,12693.64999999991,12693.64999999991
2025-12-31 04:48:00,12693.64999999991,12693.64999999991
2025-12-31 05:48:00,12693.64999999991,12693.64999999991
2025-12-31 06:48:00,12693.64999999991,12693.64999999991
2025-12-31 07:48:00,12693.64999999991,12693.64999999991
2025-12-31 08:48:00,12693.64999999991,12693.64999999991
2025-12-31 09:48:00,12693.64999999991,12693.64999999991
2025-12-31 10:48:00,12693.64999999991,12693.64999999991
2025-12-31 11:48:00,12693.64999999991,12693.64999999991
2025-12-31 12:48:00,12693.64999999991,12693.64999999991
2025-12-31 13:48:00,12691.269999999911,12680.899999999918
2025-12-31 14:48:00,12743.049999999905,12743.049999999905
2025-12-31 15:48:00,12743.049999999905,12743.049999999905
2025-12-31 16:48:00,12743.049999999905,12743.049999999905
2025-12-31 17:48:00,12743.049999999905,12743.049999999905
2025-12-31 18:48:00,12758.259999999898,12758.259999999898
2025-12-31 19:48:00,12758.259999999898,12758.259999999898
2025-12-31 20:48:00,12758.259999999898,12758.259999999898
2025-12-31 21:48:00,12758.259999999898,12758.259999999898
2025-12-31 22:48:00,12758.259999999898,12758.259999999898
2025-12-31 23:48:00,12758.259999999898,12758.259999999898
2026-01-02 01:49:00,12758.259999999898,12758.259999999898
2026-01-02 02:49:00,12758.259999999898,12758.259999999898
2026-01-02 03:49:00,12758.259999999898,12758.259999999898
2026-01-02 04:49:00,12758.259999999898,12758.259999999898
2026-01-02 05:49:00,12758.259999999898,12758.259999999898
2026-01-02 06:49:00,12758.259999999898,12758.259999999898
2026-01-02 07:49:00,12758.259999999898,12758.259999999898
2026-01-02 08:49:00,12758.259999999898,12758.259999999898
2026-01-02 09:49:00,12758.259999999898,12758.259999999898
2026-01-02 10:49:00,12758.259999999898,12758.259999999898
2026-01-02 11:49:00,12758.259999999898,12758.259999999898
2026-01-02 12:49:00,12758.259999999898,12758.259999999898
2026-01-02 13:49:00,12758.259999999898,12758.259999999898
2026-01-02 14:49:00,12758.259999999898,12758.259999999898
2026-01-02 15:49:00,12758.259999999898,12758.259999999898
2026-01-02 16:49:00,12816.08999999989,12816.08999999989
2026-01-02 17:49:00,12816.08999999989,12816.08999999989
2026-01-02 18:49:00,12444.039999999883,12444.039999999883
2026-01-02 19:49:00,12444.039999999883,12444.039999999883
2026-01-02 20:49:00,12444.039999999883,12444.039999999883
2026-01-02 21:49:00,12444.039999999883,12444.039999999883
2026-01-02 22:49:00,12444.039999999883,12444.039999999883
2026-01-02 23:49:00,12444.039999999883,12444.039999999883
2026-01-05 01:50:00,12444.039999999883,12444.039999999883
2026-01-05 02:50:00,12444.039999999883,12444.039999999883
2026-01-05 03:50:00,12444.039999999883,12444.039999999883
2026-01-05 04:50:00,12444.039999999883,12444.039999999883
2026-01-05 05:50:00,12444.039999999883,12444.039999999883
2026-01-05 06:50:00,12444.039999999883,12444.039999999883
2026-01-05 07:50:00,12444.039999999883,12444.039999999883
2026-01-05 08:50:00,12442.639999999881,12465.239999999883
2026-01-05 09:50:00,12442.639999999881,12448.739999999887
2026-01-05 10:50:00,12441.659999999882,12307.36999999989
2026-01-05 11:50:00,12441.659999999882,12265.039999999879
2026-01-05 12:50:00,12441.659999999882,12235.11999999989
2026-01-05 13:50:00,12451.119999999883,12435.139999999885
2026-01-05 14:50:00,12498.809999999883,12731.469999999881
2026-01-05 15:50:00,12498.809999999883,12626.559999999874
2026-01-05 16:50:00,12497.509999999882,12497.509999999882
2026-01-05 17:50:00,12497.509999999882,12497.509999999882
2026-01-05 18:50:00,12497.509999999882,12497.509999999882
2026-01-05 19:50:00,12497.509999999882,12497.509999999882
2026-01-05 20:50:00,12497.509999999882,12497.509999999882
2026-01-05 21:50:00,12497.509999999882,12497.509999999882
2026-01-05 22:50:00,12497.509999999882,12497.509999999882
2026-01-05 23:50:00,12497.509999999882,12497.509999999882
2026-01-06 01:51:00,12497.509999999882,12497.509999999882
2026-01-06 02:51:00,12497.509999999882,12497.509999999882
2026-01-06 03:51:00,12497.509999999882,12497.509999999882
2026-01-06 04:51:00,12497.509999999882,12497.509999999882
2026-01-06 05:51:00,12497.509999999882,12497.509999999882
2026-01-06 06:51:00,12497.509999999882,12497.509999999882
2026-01-06 07:51:00,12497.509999999882,12497.509999999882
2026-01-06 08:51:00,12497.509999999882,12497.509999999882
2026-01-06 09:51:00,12497.509999999882,12497.509999999882
2026-01-06 10:51:00,12497.509999999882,12497.509999999882
2026-01-06 11:51:00,12497.509999999882,12497.509999999882
2026-01-06 12:51:00,12497.509999999882,12497.509999999882
2026-01-06 13:51:00,12497.509999999882,12497.509999999882
2026-01-06 14:51:00,12497.509999999882,12497.509999999882
2026-01-06 15:51:00,12497.509999999882,12497.509999999882
2026-01-06 16:51:00,12497.509999999882,12497.509999999882
2026-01-06 17:51:00,12372.109999999893,12372.109999999893
2026-01-06 18:51:00,12372.109999999893,12372.109999999893
2026-01-06 19:51:00,12372.109999999893,12372.109999999893
2026-01-06 20:51:00,12372.109999999893,12372.109999999893
2026-01-06 21:51:00,12372.109999999893,12372.109999999893
2026-01-06 22:51:00,12372.109999999893,12372.109999999893
2026-01-06 23:51:00,12372.109999999893,12372.109999999893
2026-01-07 01:52:00,12372.109999999893,12372.109999999893
2026-01-07 02:52:00,12372.109999999893,12372.109999999893
2026-01-07 03:52:00,12372.109999999893,12372.109999999893
2026-01-07 04:52:00,12372.109999999893,12372.109999999893
2026-01-07 05:52:00,12372.109999999893,12372.109999999893
2026-01-07 06:52:00,12372.109999999893,12372.109999999893
2026-01-07 07:52:00,12372.109999999893,12372.109999999893
2026-01-07 08:52:00,12372.109999999893,12372.109999999893
2026-01-07 09:52:00,12372.109999999893,12372.109999999893
2026-01-07 10:52:00,12372.109999999893,12372.109999999893
2026-01-07 11:52:00,12372.109999999893,12372.109999999893
2026-01-07 12:52:00,12372.109999999893,12372.109999999893
2026-01-07 13:52:00,12372.109999999893,12372.109999999893
2026-01-07 14:52:00,12372.109999999893,12372.109999999893
2026-01-07 15:52:00,12372.109999999893,12372.109999999893
2026-01-07 16:52:00,12372.109999999893,12372.109999999893
2026-01-07 17:52:00,12372.109999999893,12372.109999999893
2026-01-07 18:52:00,12372.109999999893,12372.109999999893
2026-01-07 19:52:00,12372.109999999893,12372.109999999893
2026-01-07 20:52:00,12372.109999999893,12372.109999999893
2026-01-07 21:52:00,12372.109999999893,12372.109999999893
2026-01-07 22:52:00,12372.109999999893,12372.109999999893
2026-01-07 23:52:00,12372.109999999893,12372.109999999893
2026-01-08 01:53:00,12372.109999999893,12372.109999999893
2026-01-08 02:53:00,12372.109999999893,12372.109999999893
2026-01-08 03:53:00,12372.109999999893,12372.109999999893
2026-01-08 04:53:00,12372.109999999893,12372.109999999893
2026-01-08 05:53:00,12372.109999999893,12372.109999999893
2026-01-08 06:53:00,12372.109999999893,12372.109999999893
2026-01-08 07:53:00,12371.269999999893,12365.749999999893
2026-01-08 08:53:00,12383.129999999892,12454.679999999895
2026-01-08 09:53:00,12383.129999999892,12443.87999999989
2026-01-08 10:53:00,12383.129999999892,12426.37999999989
2026-01-08 11:53:00,12383.129999999892,12440.929999999895
2026-01-08 12:53:00,12383.129999999892,12441.22999999989
2026-01-08 13:53:00,12383.129999999892,12406.97999999989
2026-01-08 14:53:00,12382.62999999989,12382.62999999989
2026-01-08 15:53:00,12382.62999999989,12382.62999999989
2026-01-08 16:53:00,12382.62999999989,12382.62999999989
2026-01-08 17:53:00,12382.62999999989,12382.62999999989
2026-01-08 18:53:00,12382.62999999989,12382.62999999989
2026-01-08 19:53:00,12382.62999999989,12382.62999999989
2026-01-08 20:53:00,12382.62999999989,12382.62999999989
2026-01-08 21:53:00,12382.62999999989,12382.62999999989
2026-01-08 22:53:00,12382.62999999989,12382.62999999989
2026-01-08 23:53:00,12382.62999999989,12382.62999999989
2026-01-09 01:54:00,12382.62999999989,12382.62999999989
2026-01-09 02:54:00,12382.62999999989,12382.62999999989
2026-01-09 03:54:00,12382.62999999989,12382.62999999989
2026-01-09 04:54:00,12382.62999999989,12382.62999999989
2026-01-09 05:54:00,12382.62999999989,12382.62999999989
2026-01-09 06:54:00,12382.62999999989,12382.62999999989
2026-01-09 07:54:00,12382.62999999989,12382.62999999989
2026-01-09 08:54:00,12382.62999999989,12382.62999999989
2026-01-09 09:54:00,12382.62999999989,12382.62999999989
2026-01-09 10:54:00,12382.62999999989,12382.62999999989
2026-01-09 11:54:00,12382.62999999989,12382.62999999989
2026-01-09 12:54:00,12382.62999999989,12382.62999999989
2026-01-09 13:54:00,12382.62999999989,12382.62999999989
2026-01-09 14:54:00,12382.62999999989,12382.62999999989
2026-01-09 15:54:00,12394.589999999886,12394.589999999886
2026-01-09 16:54:00,12394.589999999886,12394.589999999886
2026-01-09 17:54:00,12394.589999999886,12394.589999999886
2026-01-09 18:54:00,12394.589999999886,12394.589999999886
2026-01-09 19:54:00,12392.489999999885,12382.589999999887
2026-01-09 20:54:00,12436.709999999885,12515.369999999883
2026-01-09 21:54:00,12436.709999999885,12551.189999999886
2026-01-09 22:54:00,12495.689999999884,12606.089999999882
2026-01-09 23:54:00,12495.689999999884,12628.289999999886
2026-01-12 01:55:00,12728.549999999886,12728.549999999886
2026-01-12 02:55:00,12728.549999999886,12728.549999999886
2026-01-12 03:55:00,12728.549999999886,12728.549999999886
2026-01-12 04:55:00,12728.549999999886,12728.549999999886
2026-01-12 05:55:00,12728.549999999886,12728.549999999886
2026-01-12 06:55:00,12728.549999999886,12728.549999999886
2026-01-12 07:55:00,12728.549999999886,12728.549999999886
2026-01-12 08:55:00,12728.549999999886,12728.549999999886
2026-01-12 09:55:00,12728.549999999886,12728.549999999886
2026-01-12 10:55:00,12728.549999999886,12728.549999999886
2026-01-12 11:55:00,12728.549999999886,12728.549999999886
2026-01-12 12:55:00,12728.549999999886,12728.549999999886
2026-01-12 13:55:00,12728.549999999886,12728.549999999886
2026-01-12 14:55:00,12728.549999999886,12728.549999999886
2026-01-12 15:55:00,12728.549999999886,12728.549999999886
2026-01-12 16:55:00,12728.549999999886,12728.549999999886
2026-01-12 17:55:00,12728.549999999886,12728.549999999886
2026-01-12 18:55:00,12728.549999999886,12728.549999999886
2026-01-12 19:55:00,12739.829999999896,12739.829999999896
2026-01-12 20:55:00,12739.829999999896,12739.829999999896
2026-01-12 21:55:00,12739.829999999896,12739.829999999896
2026-01-12 22:55:00,12739.829999999896,12739.829999999896
2026-01-12 23:55:00,12739.829999999896,12739.829999999896
2026-01-13 01:56:00,12739.829999999896,12739.829999999896
2026-01-13 02:56:00,12751.209999999894,12809.349999999893
2026-01-13 03:56:00,12777.029999999893,12887.69999999989
2026-01-13 04:56:00,12777.029999999893,12802.159999999894
2026-01-13 05:56:00,12776.32999999989,12776.32999999989
2026-01-13 06:56:00,12776.32999999989,12776.32999999989
2026-01-13 07:56:00,12776.32999999989,12776.32999999989
2026-01-13 08:56:00,12776.32999999989,12776.32999999989
2026-01-13 09:56:00,12776.32999999989,12776.32999999989
2026-01-13 10:56:00,12776.32999999989,12776.32999999989
2026-01-13 11:56:00,12776.32999999989,12776.32999999989
2026-01-13 12:56:00,12776.32999999989,12776.32999999989
2026-01-13 13:56:00,12776.32999999989,12776.32999999989
2026-01-13 14:56:00,12776.32999999989,12776.32999999989
2026-01-13 15:56:00,12776.32999999989,12776.32999999989
2026-01-13 16:56:00,12776.32999999989,12776.32999999989
2026-01-13 17:56:00,12776.32999999989,12776.32999999989
2026-01-13 18:56:00,12776.32999999989,12776.32999999989
2026-01-13 19:56:00,12776.32999999989,12776.32999999989
2026-01-13 20:56:00,12776.32999999989,12776.32999999989
2026-01-13 21:56:00,12776.32999999989,12776.32999999989
2026-01-13 22:56:00,12776.32999999989,12776.32999999989
2026-01-13 23:56:00,12776.32999999989,12776.32999999989
2026-01-14 01:57:00,12776.32999999989,12776.32999999989
2026-01-14 02:57:00,12776.32999999989,12776.32999999989
2026-01-14 03:57:00,12776.32999999989,12776.32999999989
2026-01-14 04:57:00,12776.32999999989,12776.32999999989
2026-01-14 05:57:00,12776.32999999989,12776.32999999989
2026-01-14 06:57:00,12776.32999999989,12776.32999999989
2026-01-14 07:57:00,12773.24999999989,12726.609999999893
2026-01-14 08:57:00,12788.699999999886,12788.699999999886
2026-01-14 09:57:00,12788.699999999886,12788.699999999886
2026-01-14 10:57:00,12788.699999999886,12788.699999999886
2026-01-14 11:57:00,12788.699999999886,12788.699999999886
2026-01-14 12:57:00,12788.699999999886,12788.699999999886
2026-01-14 13:57:00,12788.699999999886,12788.699999999886
2026-01-14 14:57:00,12788.699999999886,12788.699999999886
2026-01-14 15:57:00,12788.699999999886,12788.699999999886
2026-01-14 16:57:00,12788.699999999886,12788.699999999886
2026-01-14 17:57:00,12788.699999999886,12788.699999999886
2026-01-14 18:57:00,12788.699999999886,12788.699999999886
2026-01-14 19:57:00,12788.699999999886,12788.699999999886
2026-01-14 20:57:00,12788.699999999886,12788.699999999886
2026-01-14 21:57:00,12788.699999999886,12788.699999999886
2026-01-14 22:57:00,12788.699999999886,12788.699999999886
2026-01-14 23:57:00,12788.699999999886,12788.699999999886
2026-01-15 01:58:00,12660.149999999881,12660.149999999881
2026-01-15 02:58:00,12660.149999999881,12660.149999999881
2026-01-15 03:58:00,12660.149999999881,12660.149999999881
2026-01-15 04:58:00,12660.149999999881,12660.149999999881
2026-01-15 05:58:00,12660.149999999881,12660.149999999881
2026-01-15 06:58:00,12660.149999999881,12660.149999999881
2026-01-15 07:58:00,12660.149999999881,12660.149999999881
2026-01-15 08:58:00,12660.149999999881,12660.149999999881
2026-01-15 09:58:00,12660.149999999881,12660.149999999881
2026-01-15 10:58:00,12660.149999999881,12660.149999999881
2026-01-15 11:58:00,12660.149999999881,12660.149999999881
2026-01-15 12:58:00,12660.149999999881,12660.149999999881
2026-01-15 13:58:00,12660.149999999881,12660.149999999881
2026-01-15 14:58:00,12660.149999999881,12660.149999999881
2026-01-15 15:58:00,12660.149999999881,12660.149999999881
2026-01-15 16:58:00,12660.149999999881,12660.149999999881
2026-01-15 17:58:00,12660.149999999881,12660.149999999881
2026-01-15 18:58:00,12660.149999999881,12660.149999999881
2026-01-15 19:58:00,12660.149999999881,12660.149999999881
2026-01-15 20:58:00,12660.149999999881,12660.149999999881
2026-01-15 21:58:00,12660.149999999881,12660.149999999881
2026-01-15 22:58:00,12660.149999999881,12660.149999999881
2026-01-15 23:58:00,12660.149999999881,12660.149999999881
2026-01-16 01:59:00,12660.149999999881,12660.149999999881
2026-01-16 02:59:00,12660.149999999881,12660.149999999881
2026-01-16 03:59:00,12660.149999999881,12660.149999999881
2026-01-16 04:59:00,12660.149999999881,12660.149999999881
2026-01-16 05:59:00,12660.149999999881,12660.149999999881
2026-01-16 06:59:00,12660.149999999881,12660.149999999881
2026-01-16 07:59:00,12660.149999999881,12660.149999999881
2026-01-16 08:59:00,12660.149999999881,12660.149999999881
2026-01-16 09:59:00,12660.149999999881,12660.149999999881
2026-01-16 10:59:00,12660.149999999881,12660.149999999881
2026-01-16 11:59:00,12660.149999999881,12660.149999999881
2026-01-16 12:59:00,12660.149999999881,12660.149999999881
2026-01-16 13:59:00,12660.149999999881,12660.149999999881
2026-01-16 14:59:00,12660.149999999881,12660.149999999881
2026-01-16 15:59:00,12660.149999999881,12660.149999999881
2026-01-16 16:59:00,12660.149999999881,12660.149999999881
2026-01-16 17:59:00,12660.149999999881,12660.149999999881
2026-01-16 18:59:00,12660.149999999881,12660.149999999881
2026-01-16 19:59:00,12660.149999999881,12660.149999999881
2026-01-16 20:59:00,12660.149999999881,12660.149999999881
2026-01-16 21:59:00,12660.149999999881,12660.149999999881
2026-01-16 22:59:00,12660.149999999881,12660.149999999881
2026-01-19 01:00:00,12660.149999999881,12660.149999999881
2026-01-19 02:00:00,12660.149999999881,12660.149999999881
2026-01-19 03:00:00,12660.149999999881,12660.149999999881
2026-01-19 04:00:00,12660.149999999881,12660.149999999881
2026-01-19 05:00:00,12659.58999999988,12706.58999999988
2026-01-19 06:00:00,12659.58999999988,12679.06999999988
2026-01-19 07:00:00,12659.58999999988,12703.10999999988
2026-01-19 08:00:00,12659.58999999988,12724.669999999878
2026-01-19 09:00:00,12659.58999999988,12746.10999999988
2026-01-19 10:00:00,12659.58999999988,12713.149999999878
2026-01-19 11:00:00,12659.58999999988,12697.54999999988
2026-01-19 12:00:00,12659.58999999988,12718.709999999879
2026-01-19 13:00:00,12659.58999999988,12700.989999999878
2026-01-19 14:00:00,12659.58999999988,12693.74999999988
2026-01-19 15:00:00,12659.58999999988,12736.06999999988
2026-01-19 16:00:00,12659.58999999988,12713.629999999881
2026-01-19 17:00:00,12659.58999999988,12716.54999999988
2026-01-19 18:00:00,12659.58999999988,12746.26999999988
2026-01-19 19:00:00,12659.58999999988,12735.989999999878
2026-01-19 20:00:00,12659.58999999988,12747.189999999879
2026-01-19 21:00:00,12659.58999999988,12748.10999999988
2026-01-20 01:06:00,12657.58999999988,12718.709999999879
2026-01-20 02:06:00,12657.58999999988,12707.10999999988
2026-01-20 03:06:00,12657.58999999988,12723.22999999988
2026-01-20 04:06:00,12657.58999999988,12726.74999999988
2026-01-20 05:06:00,12657.58999999988,12712.26999999988
2026-01-20 06:06:00,12657.58999999988,12770.189999999879
2026-01-20 07:06:00,12657.58999999988,12845.829999999878
2026-01-20 08:06:00,12657.58999999988,12910.26999999988
2026-01-20 09:06:00,12657.58999999988,12897.669999999878
2026-01-20 10:06:00,12793.469999999877,12925.429999999877
2026-01-20 11:06:00,12793.469999999877,12948.569999999878
2026-01-20 12:06:00,12793.469999999877,12950.229999999878
2026-01-20 13:06:00,12790.809999999878,12817.769999999877
2026-01-20 14:06:00,12662.36999999989,12820.28999999989
2026-01-20 15:06:00,12662.36999999989,12805.42999999989
2026-01-20 16:06:00,12662.36999999989,12825.44999999989
2026-01-20 17:06:00,12662.36999999989,12843.86999999989
2026-01-20 18:06:00,12710.879999999883,12868.779999999882
2026-01-20 19:06:00,12710.879999999883,12901.999999999882
2026-01-20 20:06:00,12710.879999999883,12927.499999999882
2026-01-20 21:06:00,12710.879999999883,12922.519999999882
2026-01-20 22:06:00,12710.879999999883,12917.079999999882
2026-01-20 23:06:00,12710.879999999883,12923.139999999883
2026-01-21 01:07:00,12707.879999999883,12923.999999999882
2026-01-21 02:07:00,12707.879999999883,12950.119999999883
2026-01-21 03:07:00,12707.879999999883,12995.559999999883
2026-01-21 04:07:00,12707.879999999883,13073.819999999883
2026-01-21 05:07:00,12707.879999999883,13091.859999999882
2026-01-21 06:07:00,12707.879999999883,13083.679999999882
2026-01-21 07:07:00,12707.879999999883,13122.139999999883
2026-01-21 08:07:00,12707.879999999883,13136.879999999883
2026-01-21 09:07:00,12707.879999999883,13081.459999999883
2026-01-21 10:07:00,12707.879999999883,13125.539999999883
2026-01-21 11:07:00,12707.879999999883,13117.519999999882
2026-01-21 12:07:00,12707.879999999883,13132.919999999882
2026-01-21 13:07:00,12707.879999999883,13127.539999999883
2026-01-21 14:07:00,12707.879999999883,13129.079999999882
2026-01-21 15:07:00,12707.879999999883,13131.499999999882
2026-01-21 16:07:00,12707.879999999883,13130.259999999882
2026-01-21 17:07:00,12707.879999999883,13132.519999999882
2026-01-21 18:07:00,12809.869999999884,13365.169999999885
2026-01-21 19:07:00,12809.869999999884,13213.729999999881
2026-01-21 20:07:00,12856.149999999887,13307.189999999886
2026-01-21 21:07:00,12898.169999999887,13465.709999999888
2026-01-21 22:07:00,12897.769999999886,13154.329999999885
2026-01-21 23:07:00,12897.769999999886,13223.129999999885
2026-01-22 01:08:00,12896.769999999886,13207.689999999886
2026-01-22 02:08:00,12896.769999999886,13169.469999999885
2026-01-22 03:08:00,12896.769999999886,13158.549999999885
2026-01-22 04:08:00,12896.769999999886,13170.429999999886
2026-01-22 05:08:00,12896.769999999886,13160.709999999886
2026-01-22 06:08:00,12896.769999999886,13187.809999999885
2026-01-22 07:08:00,12896.769999999886,13187.089999999886
2026-01-22 08:08:00,12894.389999999887,13134.82999999988
2026-01-22 09:08:00,12764.589999999891,13024.679999999886
2026-01-22 10:08:00,12638.029999999892,12996.109999999891
2026-01-22 11:08:00,12638.029999999892,12997.289999999892
2026-01-22 12:08:00,12705.88999999989,13131.02999999989
2026-01-22 13:08:00,12705.88999999989,13272.689999999888
2026-01-22 14:08:00,12812.16999999989,13249.369999999888
2026-01-22 15:08:00,12811.669999999893,13188.089999999891
2026-01-22 16:08:00,12811.169999999891,13152.46999999989
2026-01-22 17:08:00,12811.169999999891,13171.40999999989
2026-01-22 18:08:00,12811.169999999891,13248.089999999891
2026-01-22 19:08:00,12811.169999999891,13247.94999999989
2026-01-22 20:08:00,12811.169999999891,13331.169999999891
2026-01-22 21:08:00,12811.169999999891,13350.02999999989
2026-01-22 22:08:00,12811.169999999891,13349.86999999989
2026-01-22 23:08:00,13371.409999999889,13436.329999999887
2026-01-23 01:09:00,13634.169999999887,13634.169999999887
2026-01-23 02:09:00,13634.169999999887,13634.169999999887
2026-01-23 03:09:00,13632.209999999888,13649.149999999889
2026-01-23 04:09:00,13648.539999999894,13648.539999999894
2026-01-23 05:09:00,13648.539999999894,13648.539999999894
2026-01-23 06:09:00,13648.539999999894,13648.539999999894
2026-01-23 07:09:00,13648.539999999894,13648.539999999894
2026-01-23 08:09:00,13648.539999999894,13648.539999999894
2026-01-23 09:09:00,13648.539999999894,13648.539999999894
2026-01-23 10:09:00,13648.539999999894,13648.539999999894
2026-01-23 11:09:00,13648.539999999894,13648.539999999894
2026-01-23 12:09:00,13648.539999999894,13648.539999999894
2026-01-23 13:09:00,13648.539999999894,13648.539999999894
2026-01-23 14:09:00,13648.539999999894,13648.539999999894
2026-01-23 15:09:00,13648.539999999894,13648.539999999894
2026-01-23 16:09:00,13648.539999999894,13648.539999999894
2026-01-23 17:09:00,13648.539999999894,13648.539999999894
2026-01-23 18:09:00,13648.539999999894,13648.539999999894
2026-01-23 19:09:00,13648.539999999894,13648.539999999894
2026-01-23 20:09:00,13662.759999999893,13735.359999999895
2026-01-23 21:09:00,13694.499999999889,13694.499999999889
2026-01-23 22:09:00,13694.499999999889,13694.499999999889
2026-01-23 23:09:00,13694.499999999889,13694.499999999889
2026-01-26 01:10:00,13694.499999999889,13694.499999999889
2026-01-26 02:10:00,13694.499999999889,13694.499999999889
2026-01-26 03:10:00,13694.499999999889,13694.499999999889
2026-01-26 04:10:00,13694.499999999889,13694.499999999889
2026-01-26 05:10:00,13694.499999999889,13694.499999999889
2026-01-26 06:10:00,13694.499999999889,13694.499999999889
2026-01-26 07:10:00,13706.859999999884,13706.859999999884
2026-01-26 08:10:00,13706.859999999884,13706.859999999884
2026-01-26 09:10:00,13706.859999999884,13706.859999999884
2026-01-26 10:10:00,13706.859999999884,13706.859999999884
2026-01-26 11:10:00,13706.859999999884,13706.859999999884
2026-01-26 12:10:00,13706.859999999884,13706.859999999884
2026-01-26 13:10:00,13704.479999999885,13705.159999999883
2026-01-26 14:10:00,13759.01999999988,13759.01999999988
2026-01-26 15:10:00,13759.01999999988,13759.01999999988
2026-01-26 16:10:00,13759.01999999988,13759.01999999988
2026-01-26 17:10:00,13759.01999999988,13759.01999999988
2026-01-26 18:10:00,13759.01999999988,13759.01999999988
2026-01-26 19:10:00,13759.01999999988,13759.01999999988
2026-01-26 20:10:00,13759.01999999988,13759.01999999988
2026-01-26 21:10:00,13847.17999999988,14040.13999999988
2026-01-26 22:10:00,13885.799999999876,14015.599999999875
2026-01-26 23:10:00,13885.799999999876,14008.879999999877
2026-01-27 01:11:00,14015.49999999988,14080.739999999882
2026-01-27 02:11:00,14015.49999999988,14117.639999999881
2026-01-27 03:11:00,13750.959999999879,13878.039999999879
2026-01-27 04:11:00,13914.039999999879,14056.58999999988
2026-01-27 05:11:00,13955.38999999988,14078.78999999988
2026-01-27 06:11:00,13955.38999999988,14122.06999999988
2026-01-27 07:11:00,13955.38999999988,14012.709999999879
2026-01-27 08:11:00,13988.64999999988,14176.059999999883
2026-01-27 09:11:00,13988.64999999988,14263.41999999988
2026-01-27 10:11:00,13988.64999999988,14201.259999999878
2026-01-27 11:11:00,13988.64999999988,14213.159999999878
2026-01-27 12:11:00,13988.64999999988,14266.56999999988
2026-01-27 13:11:00,13988.64999999988,14227.929999999882
2026-01-27 14:11:00,14037.34999999988,14362.729999999876
2026-01-27 15:11:00,14105.789999999879,14455.249999999873
2026-01-27 16:11:00,14105.089999999876,14188.409999999874
2026-01-27 17:11:00,14104.389999999878,14104.389999999878
2026-01-27 18:11:00,14104.389999999878,14104.389999999878
2026-01-27 19:11:00,14104.389999999878,14104.389999999878
2026-01-27 20:11:00,14104.389999999878,14104.389999999878
2026-01-27 21:11:00,14104.389999999878,14104.389999999878
2026-01-27 22:11:00,14104.389999999878,14104.389999999878
2026-01-27 23:11:00,14104.389999999878,14104.389999999878
2026-01-28 01:12:00,14104.389999999878,14104.389999999878
2026-01-28 02:12:00,14104.389999999878,14104.389999999878
2026-01-28 03:12:00,14104.389999999878,14104.389999999878
2026-01-28 04:12:00,14104.389999999878,14104.389999999878
2026-01-28 05:12:00,14104.389999999878,14104.389999999878
2026-01-28 06:12:00,14104.389999999878,14104.389999999878
2026-01-28 07:12:00,14104.389999999878,14104.389999999878
2026-01-28 08:12:00,14104.389999999878,14104.389999999878
2026-01-28 09:12:00,14104.389999999878,14104.389999999878
2026-01-28 10:12:00,14104.389999999878,14104.389999999878
2026-01-28 11:12:00,14104.389999999878,14104.389999999878
2026-01-28 12:12:00,14104.389999999878,14104.389999999878
2026-01-28 13:12:00,14104.389999999878,14104.389999999878
2026-01-28 14:12:00,14104.389999999878,14104.389999999878
2026-01-28 15:12:00,14104.389999999878,14104.389999999878
2026-01-28 16:12:00,14104.389999999878,14104.389999999878
2026-01-28 17:12:00,13963.989999999876,13963.989999999876
2026-01-28 18:12:00,13963.989999999876,13963.989999999876
2026-01-28 19:12:00,13963.989999999876,13963.989999999876
2026-01-28 20:12:00,13963.989999999876,13963.989999999876
2026-01-28 21:12:00,13963.989999999876,13963.989999999876
2026-01-28 22:12:00,13963.989999999876,13963.989999999876
2026-01-28 23:12:00,13963.989999999876,13963.989999999876
2026-01-29 01:13:00,13963.989999999876,13963.989999999876
2026-01-29 02:13:00,13963.989999999876,13963.989999999876
2026-01-29 03:13:00,13963.989999999876,13963.989999999876
2026-01-29 04:13:00,13963.989999999876,13963.989999999876
2026-01-29 05:13:00,13963.989999999876,13963.989999999876
2026-01-29 06:13:00,13963.989999999876,13963.989999999876
2026-01-29 07:13:00,13963.989999999876,13963.989999999876
2026-01-29 08:13:00,13963.989999999876,13963.989999999876
2026-01-29 09:13:00,13963.989999999876,13963.989999999876
2026-01-29 10:13:00,13963.989999999876,13963.989999999876
2026-01-29 11:13:00,13829.989999999874,13829.989999999874
2026-01-29 12:13:00,13829.989999999874,13829.989999999874
2026-01-29 13:13:00,13829.989999999874,13829.989999999874
2026-01-29 14:13:00,13829.989999999874,13829.989999999874
2026-01-29 15:13:00,13829.989999999874,13829.989999999874
2026-01-29 16:13:00,13829.989999999874,13829.989999999874
2026-01-29 17:13:00,13829.989999999874,13829.989999999874
2026-01-29 18:13:00,13829.989999999874,13829.989999999874
2026-01-29 19:13:00,13829.989999999874,13829.989999999874
2026-01-29 20:13:00,13711.219999999876,13711.219999999876
2026-01-29 21:13:00,13711.219999999876,13711.219999999876
2026-01-29 22:13:00,13711.219999999876,13711.219999999876
2026-01-29 23:13:00,13711.079999999876,13712.389999999876
2026-01-30 01:14:00,13815.829999999876,13892.769999999877
2026-01-30 02:14:00,13815.829999999876,13869.469999999877
2026-01-30 03:14:00,13895.009999999875,14089.719999999874
2026-01-30 04:14:00,13895.009999999875,14282.739999999874
2026-01-30 05:14:00,13894.729999999874,14409.699999999873
2026-01-30 06:14:00,13894.729999999874,14278.779999999872
2026-01-30 07:14:00,13894.729999999874,14238.339999999873
2026-01-30 08:14:00,13894.729999999874,14371.019999999873
2026-01-30 09:14:00,13963.029999999875,14471.079999999873
2026-01-30 10:14:00,13963.029999999875,14552.889999999874
2026-01-30 11:14:00,14280.549999999876,14822.649999999874
2026-01-30 12:14:00,14280.549999999876,14802.729999999874
2026-01-30 13:14:00,14280.549999999876,14639.809999999874
2026-01-30 14:14:00,14280.549999999876,14622.449999999873
2026-01-30 15:14:00,14280.549999999876,14728.309999999874
2026-01-30 16:14:00,14280.549999999876,14773.729999999874
2026-01-30 17:14:00,14280.549999999876,14824.409999999874
2026-01-30 18:14:00,14280.549999999876,14819.089999999875
2026-01-30 19:14:00,14553.769999999875,15025.239999999874
2026-01-30 20:14:00,15054.119999999875,15054.119999999875
2026-01-30 21:14:00,15054.119999999875,15054.119999999875
2026-01-30 22:14:00,15054.119999999875,15054.119999999875
2026-01-30 23:14:00,15054.119999999875,15054.119999999875
2026-02-02 01:15:00,15053.839999999875,15019.759999999875
2026-02-02 02:15:00,15121.309999999876,15135.299999999876
2026-02-02 03:15:00,15121.209999999875,15401.069999999874
2026-02-02 04:15:00,15121.209999999875,15272.909999999874
2026-02-02 05:15:00,15121.209999999875,15393.849999999875
2026-02-02 06:15:00,15121.209999999875,15397.569999999876
2026-02-02 07:15:00,15121.209999999875,15424.889999999876
2026-02-02 08:15:00,15121.209999999875,15653.709999999875
2026-02-02 09:15:00,15906.869999999875,15906.869999999875
2026-02-02 10:15:00,15906.869999999875,15906.869999999875
2026-02-02 11:15:00,15906.869999999875,15906.869999999875
2026-02-02 12:15:00,15906.869999999875,15906.869999999875
2026-02-02 13:15:00,15906.869999999875,15906.869999999875
2026-02-02 14:15:00,15906.869999999875,15906.869999999875
2026-02-02 15:15:00,15906.869999999875,15906.869999999875
2026-02-02 16:15:00,15906.869999999875,15906.869999999875
2026-02-02 17:15:00,15906.869999999875,15906.869999999875
2026-02-02 18:15:00,15906.869999999875,15906.869999999875
2026-02-02 19:15:00,15906.869999999875,15906.869999999875
2026-02-02 20:15:00,15906.869999999875,15906.869999999875
2026-02-02 21:15:00,15906.869999999875,15906.869999999875
2026-02-02 22:15:00,15906.869999999875,15906.869999999875
2026-02-02 23:15:00,15906.869999999875,15906.869999999875
2026-02-03 01:16:00,15906.869999999875,15906.869999999875
2026-02-03 02:16:00,15906.869999999875,15906.869999999875
2026-02-03 03:16:00,15906.869999999875,15906.869999999875
2026-02-03 04:16:00,15906.869999999875,15906.869999999875
2026-02-03 05:16:00,15906.869999999875,15906.869999999875
2026-02-03 06:16:00,15906.869999999875,15906.869999999875
2026-02-03 07:16:00,15906.869999999875,15906.869999999875
2026-02-03 08:16:00,15906.869999999875,15906.869999999875
2026-02-03 09:16:00,15906.869999999875,15906.869999999875
2026-02-03 10:16:00,15906.869999999875,15906.869999999875
2026-02-03 11:16:00,15906.869999999875,15906.869999999875
2026-02-03 12:16:00,15906.869999999875,15906.869999999875
2026-02-03 13:16:00,15906.869999999875,15906.869999999875
2026-02-03 14:16:00,15906.869999999875,15906.869999999875
2026-02-03 15:16:00,15906.869999999875,15906.869999999875
2026-02-03 16:16:00,15906.869999999875,15906.869999999875
2026-02-03 17:16:00,15906.869999999875,15906.869999999875
2026-02-03 18:16:00,15906.869999999875,15906.869999999875
2026-02-03 19:16:00,15906.869999999875,15906.869999999875
2026-02-03 20:16:00,15906.869999999875,15906.869999999875
2026-02-03 21:16:00,15906.869999999875,15906.869999999875
2026-02-03 22:16:00,15906.869999999875,15906.869999999875
2026-02-03 23:16:00,15906.869999999875,15906.869999999875
2026-02-04 01:17:00,15906.869999999875,15906.869999999875
2026-02-04 02:17:00,15906.869999999875,15906.869999999875
2026-02-04 03:17:00,15906.869999999875,15906.869999999875
2026-02-04 04:17:00,15906.869999999875,15906.869999999875
2026-02-04 05:17:00,15906.869999999875,15906.869999999875
2026-02-04 06:17:00,15906.869999999875,15906.869999999875
2026-02-04 07:17:00,15906.869999999875,15906.869999999875
2026-02-04 08:17:00,15906.869999999875,15906.869999999875
2026-02-04 09:17:00,15906.869999999875,15906.869999999875
2026-02-04 10:17:00,15906.869999999875,15906.869999999875
2026-02-04 11:17:00,15906.869999999875,15906.869999999875
2026-02-04 12:17:00,15906.869999999875,15906.869999999875
2026-02-04 13:17:00,15906.869999999875,15906.869999999875
2026-02-04 14:17:00,15906.869999999875,15906.869999999875
2026-02-04 15:17:00,15906.869999999875,15906.869999999875
2026-02-04 16:17:00,15906.869999999875,15906.869999999875
2026-02-04 17:17:00,15906.869999999875,15906.869999999875
2026-02-04 18:17:00,15906.869999999875,15906.869999999875
2026-02-04 19:17:00,15906.869999999875,15906.869999999875
2026-02-04 20:17:00,15906.869999999875,15906.869999999875
2026-02-04 21:17:00,15906.869999999875,15906.869999999875
2026-02-04 22:17:00,15906.869999999875,15906.869999999875
2026-02-04 23:17:00,15906.869999999875,15906.869999999875
2026-02-05 01:18:00,15906.869999999875,15906.869999999875
2026-02-05 02:18:00,15906.869999999875,15906.869999999875
2026-02-05 03:18:00,15906.869999999875,15906.869999999875
2026-02-05 04:18:00,15906.869999999875,15906.869999999875
2026-02-05 05:18:00,15906.869999999875,15906.869999999875
2026-02-05 06:18:00,15906.869999999875,15906.869999999875
2026-02-05 07:18:00,15906.869999999875,15906.869999999875
2026-02-05 08:18:00,15906.869999999875,15906.869999999875
2026-02-05 09:18:00,15906.869999999875,15906.869999999875
2026-02-05 10:18:00,15906.869999999875,15906.869999999875
2026-02-05 11:18:00,15906.449999999875,15897.149999999874
2026-02-05 12:18:00,15906.449999999875,15900.689999999875
2026-02-05 13:18:00,15906.449999999875,15948.629999999874
2026-02-05 14:18:00,15906.449999999875,15796.469999999874
2026-02-05 15:18:00,15781.919999999875,15781.919999999875
2026-02-05 16:18:00,15781.919999999875,15781.919999999875
2026-02-05 17:18:00,15781.919999999875,15781.919999999875
2026-02-05 18:18:00,15781.919999999875,15781.919999999875
2026-02-05 19:18:00,15781.919999999875,15781.919999999875
2026-02-05 20:18:00,15781.919999999875,15781.919999999875
2026-02-05 21:18:00,15781.919999999875,15781.919999999875
2026-02-05 22:18:00,15781.919999999875,15781.919999999875
2026-02-05 23:18:00,15781.919999999875,15781.919999999875
2026-02-06 01:19:00,15781.919999999875,15781.919999999875
2026-02-06 02:19:00,15781.919999999875,15781.919999999875
2026-02-06 03:19:00,15781.919999999875,15781.919999999875
2026-02-06 04:19:00,15781.919999999875,15781.919999999875
2026-02-06 05:19:00,15781.919999999875,15781.919999999875
2026-02-06 06:19:00,15781.919999999875,15781.919999999875
2026-02-06 07:19:00,15781.919999999875,15781.919999999875
2026-02-06 08:19:00,15781.919999999875,15781.919999999875
2026-02-06 09:19:00,15781.919999999875,15781.919999999875
2026-02-06 10:19:00,15781.919999999875,15781.919999999875
2026-02-06 11:19:00,15781.919999999875,15781.919999999875
2026-02-06 12:19:00,15781.919999999875,15781.919999999875
2026-02-06 13:19:00,15781.919999999875,15781.919999999875
2026-02-06 14:19:00,15781.919999999875,15781.919999999875
2026-02-06 15:19:00,15781.919999999875,15781.919999999875
2026-02-06 16:19:00,15781.919999999875,15781.919999999875
2026-02-06 17:19:00,15781.359999999875,15774.879999999872
2026-02-06 18:19:00,15781.359999999875,15789.319999999874
2026-02-06 19:19:00,15802.609999999873,15802.609999999873
2026-02-06 20:19:00,15802.609999999873,15802.609999999873
2026-02-06 21:19:00,15802.609999999873,15802.609999999873
2026-02-06 22:19:00,15802.609999999873,15802.609999999873
2026-02-06 23:19:00,15802.609999999873,15802.609999999873
2026-02-09 01:20:00,15802.609999999873,15802.609999999873
2026-02-09 02:20:00,15802.609999999873,15802.609999999873
2026-02-09 03:20:00,15831.819999999867,15831.819999999867
2026-02-09 04:20:00,15831.819999999867,15831.819999999867
2026-02-09 05:20:00,15831.819999999867,15831.819999999867
2026-02-09 06:20:00,15831.819999999867,15831.819999999867
2026-02-09 07:20:00,15831.819999999867,15831.819999999867
2026-02-09 08:20:00,15831.819999999867,15831.819999999867
2026-02-09 09:20:00,15831.819999999867,15831.819999999867
2026-02-09 10:20:00,15831.819999999867,15831.819999999867
2026-02-09 11:20:00,15831.819999999867,15831.819999999867
2026-02-09 12:20:00,15831.819999999867,15831.819999999867
2026-02-09 13:20:00,15831.819999999867,15831.819999999867
2026-02-09 14:20:00,15831.819999999867,15831.819999999867
2026-02-09 15:20:00,15831.819999999867,15831.819999999867
2026-02-09 16:20:00,15831.819999999867,15831.819999999867
2026-02-09 17:20:00,15831.819999999867,15831.819999999867
2026-02-09 18:20:00,15831.819999999867,15831.819999999867
2026-02-09 19:20:00,15831.819999999867,15831.819999999867
2026-02-09 20:20:00,15848.25999999986,15844.749999999865
2026-02-09 21:20:00,15868.35999999986,15973.569999999858
2026-02-09 22:20:00,15908.559999999861,16051.00999999986
2026-02-09 23:20:00,15908.559999999861,15967.25999999986
2026-02-10 01:21:00,15908.059999999863,15908.059999999863
2026-02-10 02:21:00,15906.939999999862,15937.099999999866
2026-02-10 03:21:00,15970.659999999862,16038.139999999861
2026-02-10 04:21:00,15970.25999999986,15970.25999999986
2026-02-10 05:21:00,15970.25999999986,15970.25999999986
2026-02-10 06:21:00,15970.25999999986,15970.25999999986
2026-02-10 07:21:00,15970.25999999986,15970.25999999986
2026-02-10 08:21:00,15970.25999999986,15970.25999999986
2026-02-10 09:21:00,15970.25999999986,15970.25999999986
2026-02-10 10:21:00,15970.25999999986,15970.25999999986
2026-02-10 11:21:00,15970.25999999986,15970.25999999986
2026-02-10 12:21:00,15970.25999999986,15970.25999999986
2026-02-10 13:21:00,15970.25999999986,15970.25999999986
2026-02-10 14:21:00,15970.25999999986,15970.25999999986
2026-02-10 15:21:00,15970.25999999986,15970.25999999986
2026-02-10 16:21:00,15970.25999999986,15970.25999999986
2026-02-10 17:21:00,15970.25999999986,15970.25999999986
2026-02-10 18:21:00,15970.25999999986,15970.25999999986
2026-02-10 19:21:00,15970.25999999986,15970.25999999986
2026-02-10 20:21:00,15970.25999999986,15970.25999999986
2026-02-10 21:21:00,15970.25999999986,15970.25999999986
2026-02-10 22:21:00,15970.25999999986,15970.25999999986
2026-02-10 23:21:00,15970.25999999986,15970.25999999986
2026-02-11 01:22:00,15970.25999999986,15970.25999999986
2026-02-11 02:22:00,15970.25999999986,15970.25999999986
2026-02-11 03:22:00,15970.25999999986,15970.25999999986
2026-02-11 04:22:00,15970.25999999986,15970.25999999986
2026-02-11 05:22:00,15970.25999999986,15970.25999999986
2026-02-11 06:22:00,15970.25999999986,15970.25999999986
2026-02-11 07:22:00,15970.25999999986,15970.25999999986
2026-02-11 08:22:00,15970.25999999986,15970.25999999986
2026-02-11 09:22:00,15970.25999999986,15970.25999999986
2026-02-11 10:22:00,15970.25999999986,15970.25999999986
2026-02-11 11:22:00,15970.25999999986,15970.25999999986
2026-02-11 12:22:00,15970.25999999986,15970.25999999986
2026-02-11 13:22:00,15970.25999999986,15970.25999999986
2026-02-11 14:22:00,15970.25999999986,15970.25999999986
2026-02-11 15:22:00,15970.25999999986,15970.25999999986
2026-02-11 16:22:00,15970.25999999986,15970.25999999986
2026-02-11 17:22:00,15970.25999999986,15970.25999999986
2026-02-11 18:22:00,15970.25999999986,15970.25999999986
2026-02-11 19:22:00,15970.25999999986,15970.25999999986
2026-02-11 20:22:00,15970.25999999986,15970.25999999986
2026-02-11 21:22:00,15970.25999999986,15970.25999999986
2026-02-11 22:22:00,15970.25999999986,15970.25999999986
2026-02-11 23:22:00,15970.25999999986,15970.25999999986
2026-02-12 01:23:00,15970.25999999986,15970.25999999986
2026-02-12 02:23:00,15970.25999999986,15970.25999999986
2026-02-12 03:23:00,15970.25999999986,15970.25999999986
2026-02-12 04:23:00,15970.25999999986,15970.25999999986
2026-02-12 05:23:00,15970.25999999986,15970.25999999986
2026-02-12 06:23:00,15970.25999999986,15970.25999999986
2026-02-12 07:23:00,15970.25999999986,15970.25999999986
2026-02-12 08:23:00,15970.25999999986,15970.25999999986
2026-02-12 09:23:00,15970.25999999986,15970.25999999986
2026-02-12 10:23:00,15970.25999999986,15970.25999999986
2026-02-12 11:23:00,15970.25999999986,15970.25999999986
2026-02-12 12:23:00,15988.75999999986,16079.689999999859
2026-02-12 13:23:00,16028.27999999986,16110.879999999863
2026-02-12 14:23:00,16028.27999999986,16111.529999999859
2026-02-12 15:23:00,16028.27999999986,16058.429999999858
2026-02-12 16:23:00,16027.779999999864,16027.779999999864
2026-02-12 17:23:00,16027.779999999864,16027.779999999864
2026-02-12 18:23:00,16027.779999999864,16027.779999999864
2026-02-12 19:23:00,16027.779999999864,16027.779999999864
2026-02-12 20:23:00,16027.779999999864,16027.779999999864
2026-02-12 21:23:00,16027.779999999864,16027.779999999864
2026-02-12 22:23:00,16027.779999999864,16027.779999999864
2026-02-12 23:23:00,16027.779999999864,16027.779999999864
2026-02-13 01:24:00,16027.779999999864,16027.779999999864
2026-02-13 02:24:00,16027.779999999864,16027.779999999864
2026-02-13 03:24:00,16027.779999999864,16027.779999999864
2026-02-13 04:24:00,16027.499999999864,16025.539999999863
2026-02-13 05:24:00,16027.499999999864,16040.599999999862
2026-02-13 06:24:00,16027.499999999864,16014.039999999863
2026-02-13 07:24:00,16027.499999999864,16027.519999999862
2026-02-13 08:24:00,16026.659999999863,16039.779999999864
2026-02-13 09:24:00,16026.659999999863,16083.699999999862
2026-02-13 10:24:00,16041.399999999863,16130.279999999862
2026-02-13 11:24:00,16041.399999999863,16129.679999999862
2026-02-13 12:24:00,16040.899999999867,16064.639999999867
2026-02-13 13:24:00,16040.899999999867,16126.859999999866
2026-02-13 14:24:00,16040.899999999867,16063.079999999865
2026-02-13 15:24:00,16040.899999999867,16066.419999999865
2026-02-13 16:24:00,16040.899999999867,16002.719999999867
2026-02-13 17:24:00,16040.899999999867,16001.079999999865
2026-02-13 18:24:00,16054.079999999867,16108.069999999869
2026-02-13 19:24:00,16082.119999999868,16121.079999999869
2026-02-13 20:24:00,16082.119999999868,16150.039999999868
2026-02-13 21:24:00,16022.449999999866,16191.529999999864
2026-02-13 22:24:00,16022.449999999866,16152.889999999868
2026-02-13 23:24:00,16022.449999999866,16154.389999999868
2026-02-16 01:25:00,16205.019999999868,16321.92999999987
2026-02-16 02:25:00,16205.019999999868,16268.769999999868
2026-02-16 03:25:00,16205.019999999868,16330.119999999868
2026-02-16 04:25:00,16205.019999999868,16306.479999999867
2026-02-16 05:25:00,16205.019999999868,16232.829999999869
2026-02-16 06:25:00,16204.719999999867,16204.719999999867
2026-02-16 07:25:00,16204.719999999867,16204.719999999867
2026-02-16 08:25:00,16204.719999999867,16204.719999999867
2026-02-16 09:25:00,16204.719999999867,16204.719999999867
2026-02-16 10:25:00,16265.119999999864,16311.019999999866
2026-02-16 11:25:00,16264.11999999986,16264.11999999986
2026-02-16 12:25:00,16264.11999999986,16264.11999999986
2026-02-16 13:25:00,16264.11999999986,16264.11999999986
2026-02-16 14:25:00,16264.11999999986,16264.11999999986
2026-02-16 15:25:00,16264.11999999986,16264.11999999986
2026-02-16 16:25:00,16264.11999999986,16264.11999999986
2026-02-16 17:25:00,16260.199999999862,16341.959999999839
2026-02-16 18:25:00,16260.199999999862,16422.039999999855
2026-02-16 19:25:00,16383.859999999862,16640.179999999855
2026-02-16 20:25:00,16383.859999999862,16673.29999999985
2026-02-16 21:25:00,16383.859999999862,16604.819999999854
2026-02-17 01:54:00,16375.859999999862,16641.459999999854
2026-02-17 02:54:00,16374.259999999857,16374.259999999857
2026-02-17 03:54:00,16374.259999999857,16374.259999999857
2026-02-17 04:54:00,16374.259999999857,16374.259999999857
2026-02-17 05:54:00,16374.259999999857,16374.259999999857
2026-02-17 06:54:00,16374.259999999857,16374.259999999857
2026-02-17 07:54:00,16209.859999999855,16209.859999999855
2026-02-17 08:54:00,16209.859999999855,16209.859999999855
2026-02-17 09:54:00,16209.859999999855,16209.859999999855
2026-02-17 10:54:00,16209.859999999855,16209.859999999855
2026-02-17 11:54:00,16209.859999999855,16209.859999999855
2026-02-17 12:54:00,16209.859999999855,16209.859999999855
2026-02-17 13:54:00,16209.859999999855,16209.859999999855
2026-02-17 14:54:00,16209.859999999855,16209.859999999855
2026-02-17 15:54:00,16209.859999999855,16209.859999999855
2026-02-17 16:54:00,16209.859999999855,16209.859999999855
2026-02-17 17:54:00,16209.859999999855,16209.859999999855
2026-02-17 18:54:00,16209.859999999855,16209.859999999855
2026-02-17 19:54:00,16209.859999999855,16209.859999999855
2026-02-17 20:54:00,16209.859999999855,16209.859999999855
2026-02-17 21:54:00,16209.859999999855,16209.859999999855
2026-02-17 22:54:00,16209.859999999855,16209.859999999855
2026-02-17 23:54:00,16209.859999999855,16209.859999999855
2026-02-18 01:55:00,16209.859999999855,16209.859999999855
2026-02-18 02:55:00,16209.859999999855,16209.859999999855
2026-02-18 03:55:00,16209.859999999855,16209.859999999855
2026-02-18 04:55:00,16209.859999999855,16209.859999999855
2026-02-18 05:55:00,16209.859999999855,16209.859999999855
2026-02-18 06:55:00,16209.859999999855,16209.859999999855
2026-02-18 07:55:00,16209.859999999855,16209.859999999855
2026-02-18 08:55:00,16209.859999999855,16209.859999999855
2026-02-18 09:55:00,16209.859999999855,16209.859999999855
2026-02-18 10:55:00,16209.859999999855,16209.859999999855
2026-02-18 11:55:00,16209.859999999855,16209.859999999855
2026-02-18 12:55:00,16209.859999999855,16209.859999999855
2026-02-18 13:55:00,16209.859999999855,16209.859999999855
2026-02-18 14:55:00,16209.859999999855,16209.859999999855
2026-02-18 15:55:00,16209.859999999855,16209.859999999855
2026-02-18 16:55:00,16209.859999999855,16209.859999999855
2026-02-18 17:55:00,16209.859999999855,16209.859999999855
2026-02-18 18:55:00,16209.859999999855,16209.859999999855
2026-02-18 19:55:00,16209.859999999855,16209.859999999855
2026-02-18 20:55:00,16209.859999999855,16209.859999999855
2026-02-18 21:55:00,16208.459999999855,16227.85999999986
2026-02-18 22:55:00,16208.459999999855,16231.759999999855
2026-02-18 23:55:00,16208.459999999855,16190.259999999858
2026-02-19 01:56:00,16050.259999999858,16050.259999999858
2026-02-19 02:56:00,16050.259999999858,16050.259999999858
2026-02-19 03:56:00,16050.259999999858,16050.259999999858
2026-02-19 04:56:00,16050.259999999858,16050.259999999858
2026-02-19 05:56:00,16050.259999999858,16050.259999999858
2026-02-19 06:56:00,16050.259999999858,16050.259999999858
2026-02-19 07:56:00,16050.259999999858,16050.259999999858
2026-02-19 08:56:00,16050.259999999858,16050.259999999858
2026-02-19 09:56:00,16046.199999999859,15941.509999999842
2026-02-19 10:56:00,15882.929999999858,15882.929999999858
2026-02-19 11:56:00,15882.929999999858,15882.929999999858
2026-02-19 12:56:00,15882.929999999858,15882.929999999858
2026-02-19 13:56:00,15882.929999999858,15882.929999999858
2026-02-19 14:56:00,15882.929999999858,15882.929999999858
2026-02-19 15:56:00,15882.929999999858,15882.929999999858
2026-02-19 16:56:00,15882.929999999858,15882.929999999858
2026-02-19 17:56:00,15882.929999999858,15882.929999999858
2026-02-19 18:56:00,16027.969999999857,16060.129999999861
2026-02-19 19:56:00,16027.169999999862,16027.169999999862
2026-02-19 20:56:00,16027.169999999862,16027.169999999862
2026-02-19 21:56:00,16027.169999999862,16027.169999999862
2026-02-19 22:56:00,16027.169999999862,16027.169999999862
2026-02-19 23:56:00,16027.169999999862,16027.169999999862
2026-02-20 01:57:00,16027.169999999862,16027.169999999862
2026-02-20 02:57:00,16027.169999999862,16027.169999999862
2026-02-20 03:57:00,16027.169999999862,16027.169999999862
2026-02-20 04:57:00,16027.169999999862,16027.169999999862
2026-02-20 05:57:00,16027.169999999862,16027.169999999862
2026-02-20 06:57:00,16027.169999999862,16027.169999999862
2026-02-20 07:57:00,16027.169999999862,16027.169999999862
2026-02-20 08:57:00,16027.169999999862,16027.169999999862
2026-02-20 09:57:00,16027.169999999862,16027.169999999862
2026-02-20 10:57:00,16027.169999999862,16027.169999999862
2026-02-20 11:57:00,16027.169999999862,16027.169999999862
2026-02-20 12:57:00,16027.169999999862,16027.169999999862
2026-02-20 13:57:00,16024.509999999862,16028.119999999853
2026-02-20 14:57:00,16043.169999999856,16043.169999999856
2026-02-20 15:57:00,16043.169999999856,16043.169999999856
2026-02-20 16:57:00,16043.169999999856,16043.169999999856
2026-02-20 17:57:00,15881.049999999857,15881.049999999857
2026-02-20 18:57:00,15881.049999999857,15881.049999999857
2026-02-20 19:57:00,15881.049999999857,15881.049999999857
2026-02-20 20:57:00,15881.049999999857,15881.049999999857
2026-02-20 21:57:00,15881.049999999857,15881.049999999857
2026-02-20 22:57:00,15881.049999999857,15881.049999999857
2026-02-20 23:57:00,15881.049999999857,15881.049999999857
2026-02-23 01:58:00,15881.049999999857,15881.049999999857
2026-02-23 02:58:00,15881.049999999857,15881.049999999857
2026-02-23 03:58:00,15881.049999999857,15881.049999999857
2026-02-23 04:58:00,15881.049999999857,15881.049999999857
2026-02-23 05:58:00,15881.049999999857,15881.049999999857
2026-02-23 06:58:00,15881.049999999857,15881.049999999857
2026-02-23 07:58:00,15881.049999999857,15881.049999999857
2026-02-23 08:58:00,15881.049999999857,15881.049999999857
2026-02-23 09:58:00,15881.049999999857,15881.049999999857
2026-02-23 10:58:00,15881.049999999857,15881.049999999857
2026-02-23 11:58:00,15881.049999999857,15881.049999999857
2026-02-23 12:58:00,15881.049999999857,15881.049999999857
2026-02-23 13:58:00,15881.049999999857,15881.049999999857
2026-02-23 14:58:00,15881.049999999857,15881.049999999857
2026-02-23 15:58:00,15881.049999999857,15881.049999999857
2026-02-23 16:58:00,15881.049999999857,15881.049999999857
2026-02-23 17:58:00,15881.049999999857,15881.049999999857
2026-02-23 18:58:00,15881.049999999857,15881.049999999857
2026-02-23 19:58:00,15879.089999999858,16035.189999999853
2026-02-23 20:58:00,15903.329999999856,16063.049999999861
2026-02-23 21:58:00,15903.329999999856,16138.889999999858
2026-02-23 22:58:00,15951.729999999858,16360.729999999854
2026-02-23 23:58:00,15965.349999999842,16281.549999999841
2026-02-24 01:59:00,16057.169999999842,16376.129999999841
2026-02-24 02:59:00,16057.169999999842,16281.249999999844
2026-02-24 03:59:00,15902.109999999839,15902.109999999839
2026-02-24 04:59:00,15902.109999999839,15902.109999999839
2026-02-24 05:59:00,15902.109999999839,15902.109999999839
2026-02-24 06:59:00,15902.109999999839,15902.109999999839
2026-02-24 07:59:00,15902.109999999839,15902.109999999839
2026-02-24 08:59:00,15902.109999999839,15902.109999999839
2026-02-24 09:59:00,15922.469999999834,15922.469999999834
2026-02-24 10:59:00,15922.469999999834,15922.469999999834
2026-02-24 11:59:00,15922.469999999834,15922.469999999834
2026-02-24 12:59:00,15922.469999999834,15922.469999999834
2026-02-24 13:59:00,15922.469999999834,15922.469999999834
2026-02-24 14:59:00,15922.469999999834,15922.469999999834
2026-02-24 15:59:00,15922.469999999834,15922.469999999834
2026-02-24 16:59:00,15922.469999999834,15922.469999999834
2026-02-24 17:59:00,15922.469999999834,15922.469999999834
2026-02-24 18:59:00,15922.469999999834,15922.469999999834
2026-02-24 19:59:00,15922.469999999834,15922.469999999834
2026-02-24 20:59:00,15922.469999999834,15922.469999999834
2026-02-24 21:59:00,15920.369999999833,15942.869999999833
2026-02-24 22:59:00,15976.349999999835,16084.079999999838
2026-02-25 01:00:00,15975.449999999839,15975.449999999839
2026-02-25 02:00:00,15975.449999999839,15975.449999999839
2026-02-25 03:00:00,15975.449999999839,15975.449999999839
2026-02-25 04:00:00,15975.449999999839,15975.449999999839
2026-02-25 05:00:00,15995.14999999984,16100.989999999838
2026-02-25 06:00:00,15995.14999999984,16060.949999999844
2026-02-25 07:00:00,15994.449999999844,15994.449999999844
2026-02-25 08:00:00,15994.449999999844,15994.449999999844
2026-02-25 09:00:00,15994.449999999844,15994.449999999844
2026-02-25 10:00:00,15994.449999999844,15994.449999999844
2026-02-25 11:00:00,15994.449999999844,15994.449999999844
2026-02-25 12:00:00,15994.449999999844,15994.449999999844
2026-02-25 13:00:00,15994.449999999844,15994.449999999844
2026-02-25 14:00:00,15994.449999999844,15994.449999999844
2026-02-25 15:00:00,15994.449999999844,15994.449999999844
2026-02-25 16:00:00,15994.449999999844,15994.449999999844
2026-02-25 17:00:00,15994.449999999844,15994.449999999844
2026-02-25 18:00:00,15994.449999999844,15994.449999999844
2026-02-25 19:00:00,15994.449999999844,15994.449999999844
2026-02-25 20:00:00,16056.319999999852,16131.319999999852
2026-02-25 21:00:00,16056.319999999852,16189.159999999849
2026-02-25 22:00:00,16142.969999999856,16213.73999999986
2026-02-25 23:00:00,16385.589999999862,16385.589999999862
2026-02-26 01:01:00,16385.589999999862,16385.589999999862
2026-02-26 02:01:00,16385.589999999862,16385.589999999862
2026-02-26 03:01:00,16385.589999999862,16385.589999999862
2026-02-26 04:01:00,16404.769999999866,16506.96999999987
2026-02-26 05:01:00,16404.069999999872,16404.069999999872
2026-02-26 06:01:00,16404.069999999872,16404.069999999872
2026-02-26 07:01:00,16404.069999999872,16404.069999999872
2026-02-26 08:01:00,16404.069999999872,16404.069999999872
2026-02-26 09:01:00,16404.069999999872,16404.069999999872
2026-02-26 10:01:00,16404.069999999872,16404.069999999872
2026-02-26 11:01:00,16404.069999999872,16404.069999999872
2026-02-26 12:01:00,16404.069999999872,16404.069999999872
2026-02-26 13:01:00,16404.069999999872,16404.069999999872
2026-02-26 14:01:00,16404.069999999872,16404.069999999872
2026-02-26 15:01:00,16404.069999999872,16404.069999999872
2026-02-26 16:01:00,16404.069999999872,16404.069999999872
2026-02-26 17:01:00,16404.069999999872,16404.069999999872
2026-02-26 18:01:00,16404.069999999872,16404.069999999872
2026-02-26 19:01:00,16404.069999999872,16404.069999999872
2026-02-26 20:01:00,16403.36999999987,16386.01999999987
2026-02-26 21:01:00,16403.36999999987,16459.069999999872
2026-02-26 22:01:00,16421.999999999873,16488.839999999873
2026-02-26 23:01:00,16421.999999999873,16521.359999999873
2026-02-27 01:02:00,16419.999999999873,16445.559999999874
2026-02-27 02:02:00,16419.999999999873,16456.999999999873
2026-02-27 03:02:00,16419.599999999875,16419.599999999875
2026-02-27 04:02:00,16257.099999999882,16257.099999999882
2026-02-27 05:02:00,16257.099999999882,16257.099999999882
2026-02-27 06:02:00,16257.099999999882,16257.099999999882
2026-02-27 07:02:00,16257.099999999882,16257.099999999882
2026-02-27 08:02:00,16257.099999999882,16257.099999999882
2026-02-27 09:02:00,16257.099999999882,16257.099999999882
2026-02-27 10:02:00,16257.099999999882,16257.099999999882
2026-02-27 11:02:00,16257.099999999882,16257.099999999882
2026-02-27 12:02:00,16257.099999999882,16257.099999999882
2026-02-27 13:02:00,16257.099999999882,16257.099999999882
2026-02-27 14:02:00,16257.099999999882,16257.099999999882
2026-02-27 15:02:00,16257.099999999882,16257.099999999882
2026-02-27 16:02:00,16257.099999999882,16257.099999999882
2026-02-27 17:02:00,16257.099999999882,16257.099999999882
2026-02-27 18:02:00,16257.099999999882,16257.099999999882
2026-02-27 19:02:00,16257.099999999882,16257.099999999882
2026-02-27 20:02:00,16257.099999999882,16257.099999999882
2026-02-27 21:02:00,16257.099999999882,16257.099999999882
2026-02-27 22:02:00,16257.099999999882,16257.099999999882
2026-02-27 23:02:00,16257.099999999882,16257.099999999882
2026-03-02 01:03:00,16257.099999999882,16257.099999999882
2026-03-02 02:03:00,16257.099999999882,16257.099999999882
2026-03-02 03:03:00,16256.53999999988,16155.799999999883
2026-03-02 04:03:00,16256.53999999988,16185.279999999882
2026-03-02 05:03:00,16256.53999999988,16301.31999999988
2026-03-02 06:03:00,16256.53999999988,16342.119999999883
2026-03-02 07:03:00,16256.53999999988,16295.67999999988
2026-03-02 08:03:00,16256.53999999988,16345.239999999882
2026-03-02 09:03:00,16256.53999999988,16441.87999999988
2026-03-02 10:03:00,16404.029999999882,16526.099999999882
2026-03-02 11:03:00,16404.029999999882,16511.819999999883
2026-03-02 12:03:00,16404.029999999882,16488.179999999884
2026-03-02 13:03:00,16404.029999999882,16497.55999999988
2026-03-02 14:03:00,16404.029999999882,16489.659999999883
2026-03-02 15:03:00,16404.029999999882,16517.899999999885
2026-03-02 16:03:00,16404.029999999882,16489.439999999882
2026-03-02 17:03:00,16403.829999999885,16403.829999999885
2026-03-02 18:03:00,16403.829999999885,16403.829999999885
2026-03-02 19:03:00,16403.829999999885,16403.829999999885
2026-03-02 20:03:00,16403.829999999885,16403.829999999885
2026-03-02 21:03:00,16403.829999999885,16403.829999999885
2026-03-02 22:03:00,16403.829999999885,16403.829999999885
2026-03-02 23:03:00,16403.829999999885,16403.829999999885
2026-03-03 01:04:00,16403.829999999885,16403.829999999885
2026-03-03 02:04:00,16403.829999999885,16403.829999999885
2026-03-03 03:04:00,16403.269999999884,16372.989999999885
2026-03-03 04:04:00,16423.419999999882,16446.39999999988
2026-03-03 05:04:00,16423.119999999886,16423.119999999886
2026-03-03 06:04:00,16423.119999999886,16423.119999999886
2026-03-03 07:04:00,16423.119999999886,16423.119999999886
2026-03-03 08:04:00,16423.119999999886,16423.119999999886
2026-03-03 09:04:00,16423.119999999886,16423.119999999886
2026-03-03 10:04:00,16423.119999999886,16423.119999999886
2026-03-03 11:04:00,16423.119999999886,16423.119999999886
2026-03-03 12:04:00,16423.119999999886,16423.119999999886
2026-03-03 13:04:00,16423.119999999886,16423.119999999886
2026-03-03 14:04:00,16423.119999999886,16423.119999999886
2026-03-03 15:04:00,16422.139999999887,16403.23999999989
2026-03-03 16:04:00,16260.369999999886,16260.369999999886
2026-03-03 17:04:00,16260.369999999886,16260.369999999886
2026-03-03 18:04:00,16102.509999999886,16102.509999999886
2026-03-03 19:04:00,16102.509999999886,16102.509999999886
2026-03-03 20:04:00,16102.509999999886,16102.509999999886
2026-03-03 21:04:00,16102.509999999886,16102.509999999886
2026-03-03 22:04:00,16102.509999999886,16102.509999999886
2026-03-03 23:04:00,16102.509999999886,16102.509999999886
2026-03-04 01:05:00,16102.509999999886,16102.509999999886
2026-03-04 02:05:00,16102.509999999886,16102.509999999886
2026-03-04 03:05:00,16102.509999999886,16102.509999999886
2026-03-04 04:05:00,16102.509999999886,16102.509999999886
2026-03-04 05:05:00,16102.509999999886,16102.509999999886
2026-03-04 06:05:00,16102.509999999886,16102.509999999886
2026-03-04 07:05:00,16102.509999999886,16102.509999999886
2026-03-04 08:05:00,16102.509999999886,16102.509999999886
2026-03-04 09:05:00,16102.509999999886,16102.509999999886
2026-03-04 10:05:00,16102.509999999886,16102.509999999886
2026-03-04 11:05:00,16102.509999999886,16102.509999999886
2026-03-04 12:05:00,16102.509999999886,16102.509999999886
2026-03-04 13:05:00,16102.509999999886,16102.509999999886
2026-03-04 14:05:00,16102.509999999886,16102.509999999886
2026-03-04 15:05:00,16102.509999999886,16102.509999999886
2026-03-04 16:05:00,16163.269999999884,16263.569999999881
2026-03-04 17:05:00,16162.26999999988,16162.26999999988
2026-03-04 18:05:00,16218.409999999882,16273.669999999882
2026-03-04 19:05:00,16218.409999999882,16305.289999999879
2026-03-04 20:05:00,16295.109999999882,16414.349999999882
2026-03-04 21:05:00,16295.109999999882,16426.30999999988
2026-03-04 22:05:00,16295.109999999882,16409.509999999886
2026-03-04 23:05:00,16295.109999999882,16389.30999999988
2026-03-05 01:06:00,16295.709999999883,16338.949999999884
2026-03-05 02:06:00,16295.309999999885,16295.309999999885
2026-03-05 03:06:00,16295.309999999885,16295.309999999885
2026-03-05 04:06:00,16295.309999999885,16295.309999999885
2026-03-05 05:06:00,16295.309999999885,16295.309999999885
2026-03-05 06:06:00,16295.309999999885,16295.309999999885
2026-03-05 07:06:00,16295.309999999885,16295.309999999885
2026-03-05 08:06:00,16295.309999999885,16295.309999999885
2026-03-05 09:06:00,16295.309999999885,16295.309999999885
2026-03-05 10:06:00,16295.309999999885,16295.309999999885
2026-03-05 11:06:00,16295.309999999885,16295.309999999885
2026-03-05 12:06:00,16295.309999999885,16295.309999999885
2026-03-05 13:06:00,16295.309999999885,16295.309999999885
2026-03-05 14:06:00,16295.309999999885,16295.309999999885
2026-03-05 15:06:00,16307.769999999877,16281.549999999876
2026-03-05 16:06:00,16148.169999999865,16148.169999999865
2026-03-05 17:06:00,16148.169999999865,16148.169999999865
2026-03-05 18:06:00,16148.169999999865,16148.169999999865
2026-03-05 19:06:00,16148.169999999865,16148.169999999865
2026-03-05 20:06:00,16148.169999999865,16148.169999999865
2026-03-05 21:06:00,16148.169999999865,16148.169999999865
2026-03-05 22:06:00,16148.169999999865,16148.169999999865
2026-03-05 23:06:00,16148.169999999865,16148.169999999865
2026-03-06 01:07:00,16148.169999999865,16148.169999999865
2026-03-06 02:07:00,16148.169999999865,16148.169999999865
2026-03-06 03:07:00,16148.169999999865,16148.169999999865
2026-03-06 04:07:00,16148.169999999865,16148.169999999865
2026-03-06 05:07:00,16148.169999999865,16148.169999999865
2026-03-06 06:07:00,16148.169999999865,16148.169999999865
2026-03-06 07:07:00,16148.169999999865,16148.169999999865
2026-03-06 08:07:00,15985.34999999987,15985.34999999987
2026-03-06 09:07:00,15985.34999999987,15985.34999999987
2026-03-06 10:07:00,16068.829999999876,16136.02999999988
2026-03-06 11:07:00,16068.22999999988,16068.22999999988
2026-03-06 12:07:00,16068.22999999988,16068.22999999988
2026-03-06 13:07:00,16068.22999999988,16068.22999999988
2026-03-06 14:07:00,16068.22999999988,16068.22999999988
2026-03-06 15:07:00,16068.22999999988,16068.22999999988
2026-03-06 16:07:00,16068.22999999988,16068.22999999988
2026-03-06 17:07:00,16068.22999999988,16068.22999999988
2026-03-06 18:07:00,16068.22999999988,16068.22999999988
2026-03-06 19:07:00,16084.449999999879,16094.449999999879
2026-03-06 20:07:00,16084.449999999879,16148.68999999988
2026-03-06 21:07:00,16118.289999999879,16234.629999999881
2026-03-06 22:07:00,16118.289999999879,16217.61999999988
2026-03-06 23:07:00,16118.289999999879,16232.94999999988
2026-03-09 00:08:00,16184.76999999988,16184.76999999988
2026-03-09 01:08:00,16184.76999999988,16184.76999999988
2026-03-09 02:08:00,16184.76999999988,16184.76999999988
2026-03-09 03:08:00,16184.76999999988,16184.76999999988
2026-03-09 04:08:00,16184.76999999988,16184.76999999988
2026-03-09 05:08:00,16184.76999999988,16184.76999999988
2026-03-09 06:08:00,16184.76999999988,16184.76999999988
2026-03-09 07:08:00,16184.76999999988,16184.76999999988
2026-03-09 08:08:00,16184.76999999988,16184.76999999988
2026-03-09 09:08:00,16184.76999999988,16184.76999999988
2026-03-09 10:08:00,16184.76999999988,16184.76999999988
2026-03-09 11:08:00,16184.76999999988,16184.76999999988
2026-03-09 12:08:00,16184.76999999988,16184.76999999988
2026-03-09 13:08:00,16184.76999999988,16184.76999999988
2026-03-09 14:08:00,16184.76999999988,16184.76999999988
2026-03-09 15:08:00,16184.76999999988,16184.76999999988
2026-03-09 16:08:00,16184.76999999988,16184.76999999988
2026-03-09 17:08:00,16184.76999999988,16184.76999999988
2026-03-09 18:08:00,16184.76999999988,16184.76999999988
2026-03-09 19:08:00,16184.76999999988,16184.76999999988
2026-03-09 20:08:00,16184.76999999988,16184.76999999988
2026-03-09 21:08:00,16184.76999999988,16184.76999999988
2026-03-09 22:08:00,16184.76999999988,16184.76999999988
2026-03-10 00:09:00,16184.76999999988,16184.76999999988
2026-03-10 01:09:00,16184.76999999988,16184.76999999988
2026-03-10 02:09:00,16184.76999999988,16184.76999999988
2026-03-10 03:09:00,16184.76999999988,16184.76999999988
2026-03-10 04:09:00,16184.76999999988,16184.76999999988
2026-03-10 05:09:00,16184.76999999988,16184.76999999988
2026-03-10 06:09:00,16184.76999999988,16184.76999999988
2026-03-10 07:09:00,16184.76999999988,16184.76999999988
2026-03-10 08:09:00,16184.76999999988,16184.76999999988
2026-03-10 09:09:00,16184.76999999988,16184.76999999988
2026-03-10 10:09:00,16184.76999999988,16184.76999999988
2026-03-10 11:09:00,16184.76999999988,16184.76999999988
2026-03-10 12:09:00,16184.76999999988,16184.76999999988
2026-03-10 13:09:00,16184.76999999988,16184.76999999988
2026-03-10 14:09:00,16184.76999999988,16184.76999999988
2026-03-10 15:09:00,16184.76999999988,16184.76999999988
2026-03-10 16:09:00,16184.76999999988,16184.76999999988
2026-03-10 17:09:00,16184.76999999988,16184.76999999988
2026-03-10 18:09:00,16184.76999999988,16184.76999999988
2026-03-10 19:09:00,16184.76999999988,16184.76999999988
2026-03-10 20:09:00,16184.76999999988,16184.76999999988
2026-03-10 21:09:00,16184.76999999988,16184.76999999988
2026-03-10 22:09:00,16184.76999999988,16184.76999999988
2026-03-11 00:10:00,16184.76999999988,16184.76999999988
2026-03-11 01:10:00,16184.76999999988,16184.76999999988
2026-03-11 02:10:00,16184.76999999988,16184.76999999988
2026-03-11 03:10:00,16184.76999999988,16184.76999999988
2026-03-11 04:10:00,16182.389999999881,16113.199999999886
2026-03-11 05:10:00,16249.069999999885,16347.52999999989
2026-03-11 06:10:00,16248.16999999989,16248.16999999989
2026-03-11 07:10:00,16248.16999999989,16248.16999999989
2026-03-11 08:10:00,16248.16999999989,16248.16999999989
2026-03-11 09:10:00,16248.16999999989,16248.16999999989
2026-03-11 10:10:00,16248.16999999989,16248.16999999989
2026-03-11 11:10:00,16248.16999999989,16248.16999999989
2026-03-11 12:10:00,16248.16999999989,16248.16999999989
2026-03-11 13:10:00,16248.16999999989,16248.16999999989
2026-03-11 14:10:00,16248.16999999989,16248.16999999989
2026-03-11 15:10:00,16248.16999999989,16248.16999999989
2026-03-11 16:10:00,16248.16999999989,16248.16999999989
2026-03-11 17:10:00,16248.16999999989,16248.16999999989
2026-03-11 18:10:00,16248.16999999989,16248.16999999989
2026-03-11 19:10:00,16248.16999999989,16248.16999999989
2026-03-11 20:10:00,16339.289999999888,16696.8399999999
2026-03-11 21:10:00,16422.38999999989,16742.069999999898
2026-03-11 22:10:00,16422.38999999989,16855.569999999898
2026-03-12 00:11:00,16409.88999999989,16699.069999999894
2026-03-12 01:11:00,16407.389999999898,16407.389999999898
2026-03-12 02:11:00,16407.389999999898,16407.389999999898
2026-03-12 03:11:00,16407.389999999898,16407.389999999898
2026-03-12 04:11:00,16407.389999999898,16407.389999999898
2026-03-12 05:11:00,16407.389999999898,16407.389999999898
2026-03-12 06:11:00,16407.389999999898,16407.389999999898
2026-03-12 07:11:00,16407.389999999898,16407.389999999898
2026-03-12 08:11:00,16407.389999999898,16407.389999999898
2026-03-12 09:11:00,16407.389999999898,16407.389999999898
2026-03-12 10:11:00,16407.389999999898,16407.389999999898
2026-03-12 11:11:00,16407.389999999898,16407.389999999898
2026-03-12 12:11:00,16407.389999999898,16407.389999999898
2026-03-12 13:11:00,16407.389999999898,16407.389999999898
2026-03-12 14:11:00,16407.389999999898,16407.389999999898
2026-03-12 15:11:00,16407.389999999898,16407.389999999898
2026-03-12 16:11:00,16407.389999999898,16407.389999999898
2026-03-12 17:11:00,16407.389999999898,16407.389999999898
2026-03-12 18:11:00,16407.389999999898,16407.389999999898
2026-03-12 19:11:00,16407.389999999898,16407.389999999898
2026-03-12 20:11:00,16407.389999999898,16407.389999999898
2026-03-12 21:11:00,16407.389999999898,16407.389999999898
2026-03-12 22:11:00,16407.389999999898,16407.389999999898
2026-03-13 00:12:00,16407.389999999898,16407.389999999898
2026-03-13 01:12:00,16407.389999999898,16407.389999999898
2026-03-13 02:12:00,16407.389999999898,16407.389999999898
2026-03-13 03:12:00,16407.389999999898,16407.389999999898
2026-03-13 04:12:00,16407.389999999898,16407.389999999898
2026-03-13 05:12:00,16248.269999999908,16248.269999999908
2026-03-13 06:12:00,16248.269999999908,16248.269999999908
2026-03-13 07:12:00,16248.269999999908,16248.269999999908
2026-03-13 08:12:00,16248.269999999908,16248.269999999908
2026-03-13 09:12:00,16248.269999999908,16248.269999999908
2026-03-13 10:12:00,16248.269999999908,16248.269999999908
2026-03-13 11:12:00,16248.269999999908,16248.269999999908
2026-03-13 12:12:00,16248.269999999908,16248.269999999908
2026-03-13 13:12:00,16248.269999999908,16248.269999999908
2026-03-13 14:12:00,16248.269999999908,16248.269999999908
2026-03-13 15:12:00,16248.269999999908,16248.269999999908
2026-03-13 16:12:00,16248.269999999908,16248.269999999908
2026-03-13 17:12:00,16247.149999999909,16412.029999999904
2026-03-13 18:12:00,16288.149999999905,16288.149999999905
2026-03-13 19:12:00,16288.149999999905,16288.149999999905
2026-03-13 20:12:00,16288.149999999905,16288.149999999905
2026-03-13 21:12:00,16288.149999999905,16288.149999999905
2026-03-13 22:12:00,16288.149999999905,16288.149999999905
2026-03-16 00:13:00,16288.149999999905,16288.149999999905
2026-03-16 01:13:00,16288.149999999905,16288.149999999905
2026-03-16 02:13:00,16288.149999999905,16288.149999999905
2026-03-16 03:13:00,16288.149999999905,16288.149999999905
2026-03-16 04:13:00,16288.149999999905,16288.149999999905
2026-03-16 05:13:00,16288.149999999905,16288.149999999905
2026-03-16 06:13:00,16288.149999999905,16288.149999999905
2026-03-16 07:13:00,16288.149999999905,16288.149999999905
2026-03-16 08:13:00,16288.149999999905,16288.149999999905
2026-03-16 09:13:00,16285.489999999905,16283.019999999902
2026-03-16 10:13:00,16125.699999999908,16125.699999999908
2026-03-16 11:13:00,16125.699999999908,16125.699999999908
2026-03-16 12:13:00,16125.699999999908,16125.699999999908
2026-03-16 13:13:00,16125.699999999908,16125.699999999908
2026-03-16 14:13:00,16125.699999999908,16125.699999999908
2026-03-16 15:13:00,16125.699999999908,16125.699999999908
2026-03-16 16:13:00,16125.699999999908,16125.699999999908
2026-03-16 17:13:00,16125.699999999908,16125.699999999908
2026-03-16 18:13:00,16125.699999999908,16125.699999999908
2026-03-16 19:13:00,16125.699999999908,16125.699999999908
2026-03-16 20:13:00,16125.699999999908,16125.699999999908
2026-03-16 21:13:00,16125.699999999908,16125.699999999908
2026-03-16 22:13:00,16125.699999999908,16125.699999999908
2026-03-17 00:14:00,16125.699999999908,16125.699999999908
2026-03-17 01:14:00,16125.699999999908,16125.699999999908
2026-03-17 02:14:00,16125.699999999908,16125.699999999908
2026-03-17 03:14:00,16125.699999999908,16125.699999999908
2026-03-17 04:14:00,16125.699999999908,16125.699999999908
2026-03-17 05:14:00,16125.699999999908,16125.699999999908
2026-03-17 06:14:00,16125.699999999908,16125.699999999908
2026-03-17 07:14:00,16125.699999999908,16125.699999999908
2026-03-17 08:14:00,16487.079999999918,16487.079999999918
2026-03-17 09:14:00,16487.079999999918,16487.079999999918
2026-03-17 10:14:00,16487.079999999918,16487.079999999918
2026-03-17 11:14:00,16487.079999999918,16487.079999999918
2026-03-17 12:14:00,16487.079999999918,16487.079999999918
2026-03-17 13:14:00,16487.079999999918,16487.079999999918
2026-03-17 14:14:00,16487.079999999918,16487.079999999918
2026-03-17 15:14:00,16487.079999999918,16487.079999999918
2026-03-17 16:14:00,16487.079999999918,16487.079999999918
2026-03-17 17:14:00,16487.079999999918,16487.079999999918
2026-03-17 18:14:00,16487.079999999918,16487.079999999918
2026-03-17 19:14:00,16487.079999999918,16487.079999999918
2026-03-17 20:14:00,16487.079999999918,16487.079999999918
2026-03-17 21:14:00,16487.079999999918,16487.079999999918
2026-03-17 22:14:00,16487.079999999918,16487.079999999918
2026-03-18 00:15:00,16487.079999999918,16487.079999999918
2026-03-18 01:15:00,16487.079999999918,16487.079999999918
2026-03-18 02:15:00,16487.079999999918,16487.079999999918
2026-03-18 03:15:00,16487.079999999918,16487.079999999918
2026-03-18 04:15:00,16487.079999999918,16487.079999999918
2026-03-18 05:15:00,16487.079999999918,16487.079999999918
2026-03-18 06:15:00,16487.079999999918,16487.079999999918
2026-03-18 07:15:00,16487.079999999918,16487.079999999918
2026-03-18 08:15:00,16487.079999999918,16487.079999999918
2026-03-18 09:15:00,16487.079999999918,16487.079999999918
2026-03-18 10:15:00,16487.079999999918,16487.079999999918
2026-03-18 11:15:00,16487.079999999918,16487.079999999918
2026-03-18 12:15:00,16557.529999999922,16580.72999999993
2026-03-18 13:15:00,16556.52999999993,16556.52999999993
2026-03-18 14:15:00,16556.52999999993,16556.52999999993
2026-03-18 15:15:00,16556.52999999993,16556.52999999993
2026-03-18 16:15:00,16556.52999999993,16556.52999999993
2026-03-18 17:15:00,16556.52999999993,16556.52999999993
2026-03-18 18:15:00,16556.52999999993,16556.52999999993
2026-03-18 19:15:00,16556.52999999993,16556.52999999993
2026-03-18 20:15:00,16556.52999999993,16556.52999999993
2026-03-18 21:15:00,16556.52999999993,16556.52999999993
2026-03-18 22:15:00,16556.52999999993,16556.52999999993
2026-03-19 00:16:00,16556.52999999993,16556.52999999993
2026-03-19 01:16:00,16556.52999999993,16556.52999999993
2026-03-19 02:16:00,16556.52999999993,16556.52999999993
2026-03-19 03:16:00,16556.52999999993,16556.52999999993
2026-03-19 04:16:00,16556.52999999993,16556.52999999993
2026-03-19 05:16:00,16556.52999999993,16556.52999999993
2026-03-19 06:16:00,16556.52999999993,16556.52999999993
2026-03-19 07:16:00,16556.52999999993,16556.52999999993
2026-03-19 08:16:00,16556.52999999993,16556.52999999993
2026-03-19 09:16:00,16556.52999999993,16556.52999999993
2026-03-19 10:16:00,16556.52999999993,16556.52999999993
2026-03-19 11:16:00,16556.52999999993,16556.52999999993
2026-03-19 12:16:00,16556.52999999993,16556.52999999993
2026-03-19 13:16:00,16556.52999999993,16556.52999999993
2026-03-19 14:16:00,16556.52999999993,16556.52999999993
2026-03-19 15:16:00,16556.52999999993,16556.52999999993
2026-03-19 16:16:00,16556.52999999993,16556.52999999993
2026-03-19 17:16:00,16556.52999999993,16556.52999999993
2026-03-19 18:16:00,16556.52999999993,16556.52999999993
2026-03-19 19:16:00,16556.52999999993,16556.52999999993
2026-03-19 20:16:00,16556.52999999993,16556.52999999993
2026-03-19 21:16:00,16556.52999999993,16556.52999999993
2026-03-19 22:16:00,16556.52999999993,16556.52999999993
2026-03-20 00:17:00,16556.52999999993,16556.52999999993
2026-03-20 01:17:00,16556.52999999993,16556.52999999993
2026-03-20 02:17:00,16554.009999999933,16364.469999999937
2026-03-20 03:17:00,16594.00999999993,16594.00999999993
2026-03-20 04:17:00,16594.00999999993,16594.00999999993
2026-03-20 05:17:00,16594.00999999993,16594.00999999993
2026-03-20 06:17:00,16594.00999999993,16594.00999999993
2026-03-20 07:17:00,16628.90999999993,16773.20999999994
2026-03-20 08:17:00,16669.109999999942,16669.109999999942
2026-03-20 09:17:00,16669.109999999942,16669.109999999942
2026-03-20 10:17:00,16669.109999999942,16669.109999999942
2026-03-20 11:17:00,16669.109999999942,16669.109999999942
2026-03-20 12:17:00,16669.109999999942,16669.109999999942
2026-03-20 13:17:00,16669.109999999942,16669.109999999942
2026-03-20 14:17:00,16669.109999999942,16669.109999999942
2026-03-20 15:17:00,16669.109999999942,16669.109999999942
2026-03-20 16:17:00,16669.109999999942,16669.109999999942
2026-03-20 17:17:00,16669.109999999942,16669.109999999942
2026-03-20 18:17:00,16669.109999999942,16669.109999999942
2026-03-20 19:17:00,16669.109999999942,16669.109999999942
2026-03-20 20:17:00,16669.109999999942,16669.109999999942
2026-03-20 21:17:00,16669.109999999942,16669.109999999942
2026-03-20 22:17:00,16669.109999999942,16669.109999999942
2026-03-23 00:18:00,16669.109999999942,16669.109999999942
2026-03-23 01:18:00,16669.109999999942,16669.109999999942
2026-03-23 02:18:00,16669.109999999942,16669.109999999942
2026-03-23 03:18:00,16669.109999999942,16669.109999999942
2026-03-23 04:18:00,16669.109999999942,16669.109999999942
2026-03-23 05:18:00,16669.109999999942,16669.109999999942
2026-03-23 06:18:00,16669.109999999942,16669.109999999942
2026-03-23 07:18:00,16669.109999999942,16669.109999999942
2026-03-23 08:18:00,16669.109999999942,16669.109999999942
2026-03-23 09:18:00,16669.109999999942,16669.109999999942
2026-03-23 10:18:00,16669.109999999942,16669.109999999942
2026-03-23 11:18:00,16668.269999999942,16675.409999999945
2026-03-23 12:18:00,16770.459999999945,16806.489999999947
2026-03-23 13:18:00,16770.159999999945,16770.159999999945
2026-03-23 14:18:00,16770.159999999945,16770.159999999945
2026-03-23 15:18:00,16770.159999999945,16770.159999999945
2026-03-23 16:18:00,16770.159999999945,16770.159999999945
2026-03-23 17:18:00,16770.159999999945,16770.159999999945
2026-03-23 18:18:00,16770.159999999945,16770.159999999945
2026-03-23 19:18:00,16770.159999999945,16770.159999999945
2026-03-23 20:18:00,16770.159999999945,16770.159999999945
2026-03-23 21:18:00,16770.159999999945,16770.159999999945
2026-03-23 22:18:00,16770.159999999945,16770.159999999945
2026-03-24 00:19:00,16770.159999999945,16770.159999999945
2026-03-24 01:19:00,16770.159999999945,16770.159999999945
2026-03-24 02:19:00,16770.159999999945,16770.159999999945
2026-03-24 03:19:00,16770.159999999945,16770.159999999945
2026-03-24 04:19:00,16770.159999999945,16770.159999999945
2026-03-24 05:19:00,16770.159999999945,16770.159999999945
2026-03-24 06:19:00,16769.039999999946,16746.47999999995
2026-03-24 07:19:00,16792.879999999954,16792.879999999954
2026-03-24 08:19:00,16792.879999999954,16792.879999999954
2026-03-24 09:19:00,16792.879999999954,16792.879999999954
2026-03-24 10:19:00,16792.879999999954,16792.879999999954
2026-03-24 11:19:00,16792.879999999954,16792.879999999954
2026-03-24 12:19:00,16792.879999999954,16792.879999999954
2026-03-24 13:19:00,16792.879999999954,16792.879999999954
2026-03-24 14:19:00,16792.879999999954,16792.879999999954
2026-03-24 15:19:00,16792.879999999954,16792.879999999954
2026-03-24 16:19:00,16792.879999999954,16792.879999999954
2026-03-24 17:19:00,16792.879999999954,16792.879999999954
2026-03-24 18:19:00,16792.879999999954,16792.879999999954
2026-03-24 19:19:00,16792.879999999954,16792.879999999954
2026-03-24 20:19:00,16866.52999999996,17104.959999999952
2026-03-24 21:19:00,16976.79999999996,17224.329999999954
2026-03-24 22:19:00,16976.79999999996,17238.489999999958
2026-03-25 00:20:00,17274.379999999957,17694.579999999954
2026-03-25 01:20:00,17710.019999999957,17710.019999999957
2026-03-25 02:20:00,17710.019999999957,17710.019999999957
2026-03-25 03:20:00,17885.33999999996,18031.55999999996
2026-03-25 04:20:00,18089.519999999964,18089.519999999964
2026-03-25 05:20:00,18089.519999999964,18089.519999999964
2026-03-25 06:20:00,18089.519999999964,18089.519999999964
2026-03-25 07:20:00,18089.519999999964,18089.519999999964
2026-03-25 08:20:00,17911.59999999997,17911.59999999997
2026-03-25 09:20:00,17911.59999999997,17911.59999999997
2026-03-25 10:20:00,17911.59999999997,17911.59999999997
2026-03-25 11:20:00,17911.59999999997,17911.59999999997
2026-03-25 12:20:00,17988.27999999997,18083.59999999997
2026-03-25 13:20:00,17988.27999999997,18134.63999999997
2026-03-25 14:20:00,18091.99999999997,18160.27999999997
2026-03-25 15:20:00,17930.44999999997,17930.44999999997
2026-03-25 16:20:00,17930.44999999997,17930.44999999997
2026-03-25 17:20:00,17930.44999999997,17930.44999999997
2026-03-25 18:20:00,17930.44999999997,17930.44999999997
2026-03-25 19:20:00,17930.44999999997,17930.44999999997
2026-03-25 20:20:00,17930.44999999997,17930.44999999997
2026-03-25 21:20:00,17930.44999999997,17930.44999999997
2026-03-25 22:20:00,17930.44999999997,17930.44999999997
2026-03-26 00:21:00,17930.44999999997,17930.44999999997
2026-03-26 01:21:00,17930.44999999997,17930.44999999997
2026-03-26 02:21:00,17930.44999999997,17930.44999999997
2026-03-26 03:21:00,17930.44999999997,17930.44999999997
2026-03-26 04:21:00,17930.44999999997,17930.44999999997
2026-03-26 05:21:00,17930.44999999997,17930.44999999997
2026-03-26 06:21:00,17930.44999999997,17930.44999999997
2026-03-26 07:21:00,17930.44999999997,17930.44999999997
2026-03-26 08:21:00,17929.32999999997,17799.409999999963
2026-03-26 09:21:00,17929.32999999997,17912.849999999966
2026-03-26 10:21:00,17929.32999999997,17901.089999999964
2026-03-26 11:21:00,17929.32999999997,17809.729999999963
2026-03-26 12:21:00,17929.32999999997,17847.889999999967
2026-03-26 13:21:00,17929.32999999997,17937.409999999963
2026-03-26 14:21:00,17929.32999999997,17848.68999999997
2026-03-26 15:21:00,17929.32999999997,17900.929999999968
2026-03-26 16:21:00,17929.32999999997,17971.889999999967
2026-03-26 17:21:00,17979.129999999976,17979.129999999976
2026-03-26 18:21:00,17979.129999999976,17979.129999999976
2026-03-26 19:21:00,17979.129999999976,17979.129999999976
2026-03-26 20:21:00,17979.129999999976,17979.129999999976
2026-03-26 21:21:00,17979.129999999976,17979.129999999976
2026-03-26 22:21:00,17979.129999999976,17979.129999999976
2026-03-27 00:22:00,17979.129999999976,17979.129999999976
2026-03-27 01:22:00,17979.129999999976,17979.129999999976
2026-03-27 02:22:00,17979.129999999976,17979.129999999976
2026-03-27 03:22:00,17979.129999999976,17979.129999999976
2026-03-27 04:22:00,17979.129999999976,17979.129999999976
2026-03-27 05:22:00,17979.129999999976,17979.129999999976
2026-03-27 06:22:00,17979.129999999976,17979.129999999976
2026-03-27 07:22:00,17979.129999999976,17979.129999999976
2026-03-27 08:22:00,17979.129999999976,17979.129999999976
2026-03-27 09:22:00,17979.129999999976,17979.129999999976
2026-03-27 10:22:00,17979.129999999976,17979.129999999976
2026-03-27 11:22:00,17979.129999999976,17979.129999999976
2026-03-27 12:22:00,17979.129999999976,17979.129999999976
2026-03-27 13:22:00,17979.129999999976,17979.129999999976
2026-03-27 14:22:00,17979.129999999976,17979.129999999976
2026-03-27 15:22:00,17979.129999999976,17979.129999999976
2026-03-27 16:22:00,17979.129999999976,17979.129999999976
2026-03-27 17:22:00,17979.129999999976,17979.129999999976
2026-03-27 18:22:00,17979.129999999976,17979.129999999976
2026-03-27 19:22:00,17977.729999999974,17932.12999999998
2026-03-27 20:22:00,17977.729999999974,18032.629999999972
2026-03-27 21:22:00,18015.769999999975,18177.689999999973
2026-03-27 22:22:00,18014.969999999983,18014.969999999983
2026-03-30 01:23:00,18014.969999999983,18014.969999999983
2026-03-30 02:23:00,18014.969999999983,18014.969999999983
2026-03-30 03:23:00,18013.009999999984,18033.449999999983
2026-03-30 04:23:00,18164.099999999988,18164.099999999988
2026-03-30 05:23:00,18164.099999999988,18164.099999999988
2026-03-30 06:23:00,18164.099999999988,18164.099999999988
2026-03-30 07:23:00,18164.099999999988,18164.099999999988
2026-03-30 08:23:00,18164.099999999988,18164.099999999988
2026-03-30 09:23:00,18164.099999999988,18164.099999999988
2026-03-30 10:23:00,18164.099999999988,18164.099999999988
2026-03-30 11:23:00,18164.099999999988,18164.099999999988
2026-03-30 12:23:00,18164.099999999988,18164.099999999988
2026-03-30 13:23:00,18164.099999999988,18164.099999999988
2026-03-30 14:23:00,18164.099999999988,18164.099999999988
2026-03-30 15:23:00,18164.099999999988,18164.099999999988
2026-03-30 16:23:00,18164.099999999988,18164.099999999988
2026-03-30 17:23:00,18164.099999999988,18164.099999999988
2026-03-30 18:23:00,18164.099999999988,18164.099999999988
2026-03-30 19:23:00,18164.099999999988,18164.099999999988
2026-03-30 20:23:00,18164.099999999988,18164.099999999988
2026-03-30 21:23:00,18164.099999999988,18164.099999999988
2026-03-30 22:23:00,18164.099999999988,18164.099999999988
2026-03-30 23:23:00,18164.099999999988,18164.099999999988
2026-03-31 01:24:00,18164.099999999988,18164.099999999988
2026-03-31 02:24:00,18164.099999999988,18164.099999999988
2026-03-31 03:24:00,18164.099999999988,18164.099999999988
2026-03-31 04:24:00,18164.099999999988,18164.099999999988
2026-03-31 05:24:00,18164.099999999988,18164.099999999988
2026-03-31 06:24:00,18161.99999999999,17971.34999999999
2026-03-31 07:24:00,17998.19999999999,17946.80999999999
2026-03-31 08:24:00,17998.19999999999,17984.249999999996
2026-03-31 09:24:00,18021.019999999993,18021.019999999993
2026-03-31 10:24:00,18043.079999999994,18097.47999999999
2026-03-31 11:24:00,18193.029999999995,18318.66999999999
2026-03-31 12:24:00,18193.029999999995,18312.489999999994
2026-03-31 13:24:00,18193.029999999995,18259.449999999993
2026-03-31 14:24:00,18192.429999999993,18192.429999999993
2026-03-31 15:24:00,18192.429999999993,18192.429999999993
2026-03-31 16:24:00,18192.429999999993,18192.429999999993
2026-03-31 17:24:00,18192.429999999993,18192.429999999993
2026-03-31 18:24:00,18192.429999999993,18192.429999999993
2026-03-31 19:24:00,18192.429999999993,18192.429999999993
2026-03-31 20:24:00,18192.429999999993,18192.429999999993
2026-03-31 21:24:00,18192.429999999993,18192.429999999993
2026-03-31 22:24:00,18192.429999999993,18192.429999999993
2026-03-31 23:24:00,18192.429999999993,18192.429999999993
2026-04-01 01:25:00,18192.429999999993,18192.429999999993
2026-04-01 02:25:00,18192.429999999993,18192.429999999993
2026-04-01 03:25:00,18192.429999999993,18192.429999999993
2026-04-01 04:25:00,18192.429999999993,18192.429999999993
2026-04-01 05:25:00,18192.429999999993,18192.429999999993
2026-04-01 06:25:00,18192.429999999993,18192.429999999993
2026-04-01 07:25:00,18192.429999999993,18192.429999999993
2026-04-01 08:25:00,18192.429999999993,18192.429999999993
2026-04-01 09:25:00,18192.429999999993,18192.429999999993
2026-04-01 10:25:00,18213.27999999999,18213.27999999999
2026-04-01 11:25:00,18213.27999999999,18213.27999999999
2026-04-01 12:25:00,18213.27999999999,18213.27999999999
2026-04-01 13:25:00,18213.27999999999,18213.27999999999
2026-04-01 14:25:00,18213.27999999999,18213.27999999999
2026-04-01 15:25:00,18213.27999999999,18213.27999999999
2026-04-01 16:25:00,18213.27999999999,18213.27999999999
2026-04-01 17:25:00,18213.27999999999,18213.27999999999
2026-04-01 18:25:00,18213.27999999999,18213.27999999999
2026-04-01 19:25:00,18212.71999999999,18237.599999999988
2026-04-01 20:25:00,18212.71999999999,18201.279999999988
2026-04-01 21:25:00,18238.28999999999,18317.06999999999
2026-04-01 22:25:00,18238.28999999999,18300.119999999988
2026-04-01 23:25:00,18238.28999999999,18296.54999999999
2026-04-02 01:26:00,18238.73999999999,18276.32999999999
2026-04-02 02:26:00,18238.439999999995,18238.439999999995
2026-04-02 03:26:00,18053.21999999999,18053.21999999999
2026-04-02 04:26:00,18053.21999999999,18053.21999999999
2026-04-02 05:26:00,18053.21999999999,18053.21999999999
2026-04-02 06:26:00,18053.21999999999,18053.21999999999
2026-04-02 07:26:00,18053.21999999999,18053.21999999999
2026-04-02 08:26:00,18053.21999999999,18053.21999999999
2026-04-02 09:26:00,18053.21999999999,18053.21999999999
2026-04-02 10:26:00,18053.21999999999,18053.21999999999
2026-04-02 11:26:00,18053.21999999999,18053.21999999999
2026-04-02 12:26:00,18053.21999999999,18053.21999999999
2026-04-02 13:26:00,18053.21999999999,18053.21999999999
2026-04-02 14:26:00,18053.21999999999,18053.21999999999
2026-04-02 15:26:00,18053.21999999999,18053.21999999999
2026-04-02 16:26:00,18053.21999999999,18053.21999999999
2026-04-02 17:26:00,18053.21999999999,18053.21999999999
2026-04-02 18:26:00,18053.21999999999,18053.21999999999
2026-04-02 19:26:00,18053.21999999999,18053.21999999999
2026-04-02 20:26:00,18053.21999999999,18053.21999999999
2026-04-02 21:26:00,18053.21999999999,18053.21999999999
2026-04-02 22:26:00,18053.21999999999,18053.21999999999
2026-04-02 23:26:00,18053.21999999999,18053.21999999999
2026-04-06 01:27:00,18052.65999999999,18090.899999999987
2026-04-06 02:27:00,18136.56999999999,18136.56999999999
2026-04-06 03:27:00,18136.56999999999,18136.56999999999
2026-04-06 04:27:00,18136.56999999999,18136.56999999999
2026-04-06 05:27:00,18136.56999999999,18136.56999999999
2026-04-06 06:27:00,18136.56999999999,18136.56999999999
2026-04-06 07:27:00,18136.56999999999,18136.56999999999
2026-04-06 08:27:00,18136.56999999999,18136.56999999999
2026-04-06 09:27:00,18136.56999999999,18136.56999999999
2026-04-06 10:27:00,18199.52999999998,18199.52999999998
2026-04-06 11:27:00,18199.52999999998,18199.52999999998
2026-04-06 12:27:00,18199.52999999998,18199.52999999998
2026-04-06 13:27:00,18199.24999999998,18231.72999999998
2026-04-06 14:27:00,18199.24999999998,18228.46999999998
2026-04-06 15:27:00,18199.24999999998,18275.02999999998
2026-04-06 16:27:00,18199.24999999998,18262.66999999998
2026-04-06 17:27:00,18199.24999999998,18236.089999999982
2026-04-06 18:27:00,18199.24999999998,18273.32999999998
2026-04-06 19:27:00,18199.24999999998,18272.589999999982
2026-04-06 20:27:00,18199.24999999998,18288.68999999998
2026-04-06 21:27:00,18199.24999999998,18279.72999999998
2026-04-06 22:27:00,18199.24999999998,18308.68999999998
2026-04-06 23:27:00,18199.24999999998,18292.82999999998
2026-04-07 01:28:00,18199.54999999998,18285.60999999998
2026-04-07 02:28:00,18199.54999999998,18296.18999999998
2026-04-07 03:28:00,18199.54999999998,18290.34999999998
2026-04-07 04:28:00,18199.54999999998,18301.80999999998
2026-04-07 05:28:00,18285.18999999998,18355.67999999998
2026-04-07 06:28:00,18285.18999999998,18345.55999999998
2026-04-07 07:28:00,18285.18999999998,18339.11999999998
2026-04-07 08:28:00,18285.18999999998,18356.69999999998
2026-04-07 09:28:00,18285.18999999998,18347.36999999998
2026-04-07 10:28:00,18285.18999999998,18347.73999999998
2026-04-07 11:28:00,18285.18999999998,18309.77999999998
2026-04-07 12:28:00,18285.18999999998,18299.78999999998
2026-04-07 13:28:00,18285.18999999998,18321.889999999978
2026-04-07 14:28:00,18285.18999999998,18338.07999999998
2026-04-07 15:28:00,18285.18999999998,18323.249999999978
2026-04-07 16:28:00,18285.18999999998,18329.93999999998
2026-04-07 17:28:00,18285.18999999998,18348.12999999998
2026-04-07 18:28:00,18285.18999999998,18339.14999999998
2026-04-07 19:28:00,18285.18999999998,18327.76999999998
2026-04-07 20:28:00,18285.18999999998,18331.339999999982
2026-04-07 21:28:00,18285.18999999998,18309.53999999998
2026-04-07 22:28:00,18285.18999999998,18298.42999999998
2026-04-07 23:28:00,18284.809999999983,18284.40999999998
2026-04-08 01:29:00,18285.709999999985,18238.209999999985
2026-04-08 02:29:00,18021.139999999992,18021.139999999992
2026-04-08 03:29:00,18021.139999999992,18021.139999999992
2026-04-08 04:29:00,18020.019999999993,17966.579999999998
2026-04-08 05:29:00,18045.019999999993,18109.819999999992
2026-04-08 06:29:00,18044.42,18044.42
2026-04-08 07:29:00,18044.42,18044.42
2026-04-08 08:29:00,18044.42,18044.42
2026-04-08 09:29:00,18044.42,18044.42
2026-04-08 10:29:00,18044.42,18044.42
2026-04-08 11:29:00,18044.42,18044.42
2026-04-08 12:29:00,18044.42,18044.42
2026-04-08 13:29:00,18044.42,18044.42
2026-04-08 14:29:00,18044.42,18044.42
2026-04-08 15:29:00,18044.42,18044.42
2026-04-08 16:29:00,18044.42,18044.42
2026-04-08 17:29:00,18044.42,18044.42
2026-04-08 18:29:00,17885.840000000004,17885.840000000004
2026-04-08 19:29:00,17885.840000000004,17885.840000000004
2026-04-08 20:29:00,17885.840000000004,17885.840000000004
2026-04-08 21:29:00,17885.840000000004,17885.840000000004
2026-04-08 22:29:00,17885.840000000004,17885.840000000004
2026-04-08 23:29:00,17885.840000000004,17885.840000000004
2026-04-09 01:30:00,17885.840000000004,17885.840000000004
2026-04-09 02:30:00,17885.840000000004,17885.840000000004
2026-04-09 03:30:00,17885.840000000004,17885.840000000004
2026-04-09 04:30:00,17885.840000000004,17885.840000000004
2026-04-09 05:30:00,17885.840000000004,17885.840000000004
2026-04-09 06:30:00,17885.840000000004,17885.840000000004
2026-04-09 07:30:00,17885.840000000004,17885.840000000004
2026-04-09 08:30:00,17885.840000000004,17885.840000000004
2026-04-09 09:30:00,17885.840000000004,17885.840000000004
2026-04-09 10:30:00,17885.840000000004,17885.840000000004
2026-04-09 11:30:00,17885.840000000004,17885.840000000004
2026-04-09 12:30:00,17885.840000000004,17885.840000000004
2026-04-09 13:30:00,17883.180000000004,17753.98
2026-04-09 14:30:00,17708.38000000001,17708.38000000001
2026-04-09 15:30:00,17708.38000000001,17708.38000000001
2026-04-09 16:30:00,17708.38000000001,17708.38000000001
2026-04-09 17:30:00,17708.38000000001,17708.38000000001
2026-04-09 18:30:00,17708.38000000001,17708.38000000001
2026-04-09 19:30:00,17708.38000000001,17708.38000000001
2026-04-09 20:30:00,17708.38000000001,17708.38000000001
2026-04-09 21:30:00,17708.38000000001,17708.38000000001
2026-04-09 22:30:00,17708.38000000001,17708.38000000001
2026-04-09 23:30:00,17708.38000000001,17708.38000000001
2026-04-10 01:31:00,17708.38000000001,17708.38000000001
2026-04-10 02:31:00,17708.38000000001,17708.38000000001
2026-04-10 03:31:00,17708.38000000001,17708.38000000001
2026-04-10 04:31:00,17708.38000000001,17708.38000000001
2026-04-10 05:31:00,17708.38000000001,17708.38000000001
2026-04-10 06:31:00,17708.38000000001,17708.38000000001
2026-04-10 07:31:00,17708.38000000001,17708.38000000001
2026-04-10 08:31:00,17708.38000000001,17708.38000000001
2026-04-10 09:31:00,17725.089999999997,17725.089999999997
2026-04-10 10:31:00,17725.089999999997,17725.089999999997
2026-04-10 11:31:00,17725.089999999997,17725.089999999997
2026-04-10 12:31:00,17725.089999999997,17725.089999999997
2026-04-10 13:31:00,17725.089999999997,17725.089999999997
2026-04-10 14:31:00,17725.089999999997,17725.089999999997
2026-04-10 15:31:00,17725.089999999997,17725.089999999997
2026-04-10 16:31:00,17725.089999999997,17725.089999999997
2026-04-10 17:31:00,17725.089999999997,17725.089999999997
2026-04-10 18:31:00,17725.089999999997,17725.089999999997
2026-04-10 19:31:00,17794.740000000005,17958.26000000001
2026-04-10 20:31:00,17893.160000000007,17991.17000000001
2026-04-10 21:31:00,17892.260000000013,17892.260000000013
2026-04-10 22:31:00,17892.260000000013,17892.260000000013
2026-04-10 23:31:00,17892.260000000013,17892.260000000013
2026-04-13 01:32:00,17892.260000000013,17892.260000000013
2026-04-13 02:32:00,17892.260000000013,17892.260000000013
2026-04-13 03:32:00,17892.260000000013,17892.260000000013
2026-04-13 04:32:00,17892.260000000013,17892.260000000013
2026-04-13 05:32:00,17892.260000000013,17892.260000000013
2026-04-13 06:32:00,17892.260000000013,17892.260000000013
2026-04-13 07:32:00,17892.260000000013,17892.260000000013
2026-04-13 08:32:00,17892.260000000013,17892.260000000013
2026-04-13 09:32:00,17892.260000000013,17892.260000000013
2026-04-13 10:32:00,17892.260000000013,17892.260000000013
2026-04-13 11:32:00,17892.260000000013,17892.260000000013
2026-04-13 12:32:00,17892.260000000013,17892.260000000013
2026-04-13 13:32:00,17892.260000000013,17892.260000000013
2026-04-13 14:32:00,17892.260000000013,17892.260000000013
2026-04-13 15:32:00,17892.260000000013,17892.260000000013
2026-04-13 16:32:00,17892.260000000013,17892.260000000013
2026-04-13 17:32:00,17892.260000000013,17892.260000000013
2026-04-13 18:32:00,17892.260000000013,17892.260000000013
2026-04-13 19:32:00,17890.02000000001,17869.22000000001
2026-04-13 20:32:00,17712.740000000013,17712.740000000013
2026-04-13 21:32:00,17712.740000000013,17712.740000000013
2026-04-13 22:32:00,17712.740000000013,17712.740000000013
2026-04-13 23:32:00,17712.740000000013,17712.740000000013
2026-04-14 01:33:00,17712.740000000013,17712.740000000013
2026-04-14 02:33:00,17712.740000000013,17712.740000000013
2026-04-14 03:33:00,17712.740000000013,17712.740000000013
2026-04-14 04:33:00,17712.740000000013,17712.740000000013
2026-04-14 05:33:00,17712.740000000013,17712.740000000013
2026-04-14 06:33:00,17712.740000000013,17712.740000000013
2026-04-14 07:33:00,17712.740000000013,17712.740000000013
2026-04-14 08:33:00,17712.740000000013,17712.740000000013
2026-04-14 09:33:00,17712.740000000013,17712.740000000013
2026-04-14 10:33:00,17712.740000000013,17712.740000000013
2026-04-14 11:33:00,17712.740000000013,17712.740000000013
2026-04-14 12:33:00,17712.740000000013,17712.740000000013
2026-04-14 13:33:00,17712.740000000013,17712.740000000013
2026-04-14 14:33:00,17712.740000000013,17712.740000000013
2026-04-14 15:33:00,17712.740000000013,17712.740000000013
2026-04-14 16:33:00,17712.740000000013,17712.740000000013
2026-04-14 17:33:00,17712.740000000013,17712.740000000013
2026-04-14 18:33:00,17712.740000000013,17712.740000000013
2026-04-14 19:33:00,17712.740000000013,17712.740000000013
2026-04-14 20:33:00,17712.740000000013,17712.740000000013
2026-04-14 21:33:00,17712.740000000013,17712.740000000013
2026-04-14 22:33:00,17712.740000000013,17712.740000000013
2026-04-14 23:33:00,17712.740000000013,17712.740000000013
2026-04-15 01:34:00,17847.36,17847.36
2026-04-15 02:34:00,17847.36,17847.36
2026-04-15 03:34:00,17847.36,17847.36
2026-04-15 04:34:00,17847.36,17847.36
2026-04-15 05:34:00,17847.36,17847.36
2026-04-15 06:34:00,17847.36,17847.36
2026-04-15 07:34:00,17847.36,17847.36
2026-04-15 08:34:00,17847.36,17847.36
2026-04-15 09:34:00,17866.930000000015,17866.930000000015
2026-04-15 10:34:00,17866.930000000015,17866.930000000015
2026-04-15 11:34:00,17866.930000000015,17866.930000000015
2026-04-15 12:34:00,17866.930000000015,17866.930000000015
2026-04-15 13:34:00,17866.930000000015,17866.930000000015
2026-04-15 14:34:00,17866.930000000015,17866.930000000015
2026-04-15 15:34:00,17864.130000000016,17784.73000000001
2026-04-15 16:34:00,17686.73000000002,17686.73000000002
2026-04-15 17:34:00,17686.73000000002,17686.73000000002
2026-04-15 18:34:00,17686.73000000002,17686.73000000002
2026-04-15 19:34:00,17686.73000000002,17686.73000000002
2026-04-15 20:34:00,17686.73000000002,17686.73000000002
2026-04-15 21:34:00,17686.73000000002,17686.73000000002
2026-04-15 22:34:00,17686.73000000002,17686.73000000002
2026-04-15 23:34:00,17686.73000000002,17686.73000000002
2026-04-16 01:35:00,17686.73000000002,17686.73000000002
2026-04-16 02:35:00,17686.73000000002,17686.73000000002
2026-04-16 03:35:00,17686.73000000002,17686.73000000002
2026-04-16 04:35:00,17686.73000000002,17686.73000000002
2026-04-16 05:35:00,17686.73000000002,17686.73000000002
2026-04-16 06:35:00,17686.73000000002,17686.73000000002
2026-04-16 07:35:00,17686.73000000002,17686.73000000002
2026-04-16 08:35:00,17686.73000000002,17686.73000000002
2026-04-16 09:35:00,17686.73000000002,17686.73000000002
2026-04-16 10:35:00,17686.73000000002,17686.73000000002
2026-04-16 11:35:00,17686.73000000002,17686.73000000002
2026-04-16 12:35:00,17686.73000000002,17686.73000000002
2026-04-16 13:35:00,17686.73000000002,17686.73000000002
2026-04-16 14:35:00,17686.73000000002,17686.73000000002
2026-04-16 15:35:00,17724.850000000013,17831.050000000025
2026-04-16 16:35:00,17723.050000000025,17723.050000000025
2026-04-16 17:35:00,17723.050000000025,17723.050000000025
2026-04-16 18:35:00,17723.050000000025,17723.050000000025
2026-04-16 19:35:00,17723.050000000025,17723.050000000025
2026-04-16 20:35:00,17723.050000000025,17723.050000000025
2026-04-16 21:35:00,17723.050000000025,17723.050000000025
2026-04-16 22:35:00,17723.050000000025,17723.050000000025
2026-04-16 23:35:00,17723.050000000025,17723.050000000025
2026-04-17 01:36:00,17723.050000000025,17723.050000000025
2026-04-17 02:36:00,17723.050000000025,17723.050000000025
2026-04-17 03:36:00,17723.050000000025,17723.050000000025
2026-04-17 04:36:00,17723.050000000025,17723.050000000025
2026-04-17 05:36:00,17723.050000000025,17723.050000000025
2026-04-17 06:36:00,17795.270000000022,17879.12000000002
2026-04-17 07:36:00,17795.270000000022,17946.590000000026
2026-04-17 08:36:00,17896.190000000024,17986.420000000027
2026-04-17 09:36:00,17895.490000000027,17895.490000000027
2026-04-17 10:36:00,17895.490000000027,17895.490000000027
2026-04-17 11:36:00,17895.490000000027,17895.490000000027
2026-04-17 12:36:00,17895.490000000027,17895.490000000027
2026-04-17 13:36:00,17895.490000000027,17895.490000000027
2026-04-17 14:36:00,17895.490000000027,17895.490000000027
2026-04-17 15:36:00,17895.490000000027,17895.490000000027
2026-04-17 16:36:00,17895.490000000027,17895.490000000027
2026-04-17 17:36:00,17895.490000000027,17895.490000000027
2026-04-17 18:36:00,17895.490000000027,17895.490000000027
2026-04-17 19:36:00,17895.490000000027,17895.490000000027
2026-04-17 20:36:00,17895.490000000027,17895.490000000027
2026-04-17 21:36:00,17895.490000000027,17895.490000000027
2026-04-17 22:36:00,17895.490000000027,17895.490000000027
2026-04-17 23:36:00,17895.490000000027,17895.490000000027
2026-04-20 01:37:00,17895.490000000027,17895.490000000027
2026-04-20 02:37:00,17895.490000000027,17895.490000000027
2026-04-20 03:37:00,17895.490000000027,17895.490000000027
2026-04-20 04:37:00,17895.490000000027,17895.490000000027
2026-04-20 05:37:00,17895.490000000027,17895.490000000027
2026-04-20 06:37:00,17895.490000000027,17895.490000000027
2026-04-20 07:37:00,17893.810000000027,17897.290000000026
2026-04-20 08:37:00,17893.810000000027,17973.610000000022
2026-04-20 09:37:00,17967.85000000002,18035.170000000016
2026-04-20 10:37:00,18097.150000000023,18207.790000000023
2026-04-20 11:37:00,18096.250000000025,18146.050000000025
2026-04-20 12:37:00,18096.250000000025,18123.310000000027
2026-04-20 13:37:00,18096.250000000025,18186.370000000024
2026-04-20 14:37:00,18096.250000000025,18152.950000000026
2026-04-20 15:37:00,18117.41000000001,18117.41000000001
2026-04-20 16:37:00,18135.47,18135.47
2026-04-20 17:37:00,18135.47,18135.47
2026-04-20 18:37:00,18135.47,18135.47
2026-04-20 19:37:00,18135.47,18135.47
2026-04-20 20:37:00,18135.47,18135.47
2026-04-20 21:37:00,18133.09,18141.249999999993
2026-04-20 22:37:00,18133.09,18149.92
2026-04-20 23:37:00,18133.09,18088.379999999997
2026-04-21 01:38:00,17950.510000000002,17950.510000000002
2026-04-21 02:38:00,17950.510000000002,17950.510000000002
2026-04-21 03:38:00,17950.510000000002,17950.510000000002
2026-04-21 04:38:00,17950.510000000002,17950.510000000002
2026-04-21 05:38:00,17950.510000000002,17950.510000000002
2026-04-21 06:38:00,17950.510000000002,17950.510000000002
2026-04-21 07:38:00,17950.510000000002,17950.510000000002
2026-04-21 08:38:00,17950.510000000002,17950.510000000002
2026-04-21 09:38:00,17950.510000000002,17950.510000000002
2026-04-21 10:38:00,17950.510000000002,17950.510000000002
2026-04-21 11:38:00,17950.510000000002,17950.510000000002
2026-04-21 12:38:00,17950.510000000002,17950.510000000002
2026-04-21 13:38:00,17950.510000000002,17950.510000000002
2026-04-21 14:38:00,17950.510000000002,17950.510000000002
2026-04-21 15:38:00,18111.310000000005,18219.22
2026-04-21 16:38:00,18110.41000000001,18110.41000000001
2026-04-21 17:38:00,18110.41000000001,18110.41000000001
2026-04-21 18:38:00,18108.87000000001,18151.88000000001
2026-04-21 19:38:00,18163.73000000001,18332.290000000008
2026-04-21 20:38:00,18236.89000000001,18424.59000000001
2026-04-21 21:38:00,18236.89000000001,18455.64000000001
2026-04-21 22:38:00,18236.89000000001,18460.94000000001
2026-04-21 23:38:00,18602.640000000014,18602.640000000014
2026-04-22 01:39:00,18602.640000000014,18602.640000000014
2026-04-22 02:39:00,18602.640000000014,18602.640000000014
2026-04-22 03:39:00,18602.640000000014,18602.640000000014
2026-04-22 04:39:00,18602.640000000014,18602.640000000014
2026-04-22 05:39:00,18602.640000000014,18602.640000000014
2026-04-22 06:39:00,18602.640000000014,18602.640000000014
2026-04-22 07:39:00,18602.640000000014,18602.640000000014
2026-04-22 08:39:00,18602.640000000014,18602.640000000014
2026-04-22 09:39:00,18602.640000000014,18602.640000000014
2026-04-22 10:39:00,18602.640000000014,18602.640000000014
2026-04-22 11:39:00,18602.640000000014,18602.640000000014
2026-04-22 12:39:00,18602.640000000014,18602.640000000014
2026-04-22 13:39:00,18602.640000000014,18602.640000000014
2026-04-22 14:39:00,18602.640000000014,18602.640000000014
2026-04-22 15:39:00,18602.640000000014,18602.640000000014
2026-04-22 16:39:00,18602.640000000014,18602.640000000014
2026-04-22 17:39:00,18602.640000000014,18602.640000000014
2026-04-22 18:39:00,18602.640000000014,18602.640000000014
2026-04-22 19:39:00,18602.640000000014,18602.640000000014
2026-04-22 20:39:00,18602.640000000014,18602.640000000014
2026-04-22 21:39:00,18602.640000000014,18602.640000000014
2026-04-22 22:39:00,18602.640000000014,18602.640000000014
2026-04-22 23:39:00,18602.640000000014,18602.640000000014
2026-04-23 01:40:00,18602.640000000014,18602.640000000014
2026-04-23 02:40:00,18602.640000000014,18602.640000000014
2026-04-23 03:40:00,18622.720000000012,18750.560000000012
2026-04-23 04:40:00,18622.720000000012,18700.20000000001
2026-04-23 05:40:00,18622.32000000001,18622.32000000001
2026-04-23 06:40:00,18622.32000000001,18622.32000000001
2026-04-23 07:40:00,18622.32000000001,18622.32000000001
2026-04-23 08:40:00,18622.32000000001,18622.32000000001
2026-04-23 09:40:00,18622.32000000001,18622.32000000001
2026-04-23 10:40:00,18622.32000000001,18622.32000000001
2026-04-23 11:40:00,18622.32000000001,18622.32000000001
2026-04-23 12:40:00,18622.32000000001,18622.32000000001
2026-04-23 13:40:00,18622.32000000001,18622.32000000001
2026-04-23 14:40:00,18622.32000000001,18622.32000000001
2026-04-23 15:40:00,18431.920000000035,18431.920000000035
2026-04-23 16:40:00,18431.920000000035,18431.920000000035
2026-04-23 17:40:00,18453.730000000036,18453.730000000036
2026-04-23 18:40:00,18453.730000000036,18453.730000000036
2026-04-23 19:40:00,18453.730000000036,18453.730000000036
2026-04-23 20:40:00,18453.730000000036,18453.730000000036
2026-04-23 21:40:00,18453.730000000036,18453.730000000036
2026-04-23 22:40:00,18453.730000000036,18453.730000000036
2026-04-23 23:40:00,18453.730000000036,18453.730000000036
2026-04-24 01:41:00,18453.730000000036,18453.730000000036
2026-04-24 02:41:00,18453.730000000036,18453.730000000036
2026-04-24 03:41:00,18453.730000000036,18453.730000000036
2026-04-24 04:41:00,18453.730000000036,18453.730000000036
2026-04-24 05:41:00,18453.730000000036,18453.730000000036
2026-04-24 06:41:00,18453.730000000036,18453.730000000036
2026-04-24 07:41:00,18453.730000000036,18453.730000000036
2026-04-24 08:41:00,18453.730000000036,18453.730000000036
2026-04-24 09:41:00,18453.730000000036,18453.730000000036
2026-04-24 10:41:00,18453.730000000036,18453.730000000036
2026-04-24 11:41:00,18453.730000000036,18453.730000000036
2026-04-24 12:41:00,18453.730000000036,18453.730000000036
2026-04-24 13:41:00,18453.730000000036,18453.730000000036
2026-04-24 14:41:00,18453.730000000036,18453.730000000036
2026-04-24 15:41:00,18453.730000000036,18453.730000000036
2026-04-24 16:41:00,18471.910000000036,18471.910000000036
2026-04-24 17:41:00,18471.910000000036,18471.910000000036
2026-04-24 18:41:00,18471.910000000036,18471.910000000036
2026-04-24 19:41:00,18471.910000000036,18471.910000000036
2026-04-24 20:41:00,18471.910000000036,18471.910000000036
2026-04-24 21:41:00,18471.910000000036,18471.910000000036
2026-04-24 22:41:00,18471.910000000036,18471.910000000036
2026-04-24 23:41:00,18471.910000000036,18471.910000000036
2026-04-27 01:42:00,18274.150000000045,18274.150000000045
2026-04-27 02:42:00,18274.150000000045,18274.150000000045
2026-04-27 03:42:00,18274.150000000045,18274.150000000045
2026-04-27 04:42:00,17905.150000000052,17905.150000000052
2026-04-27 05:42:00,17905.150000000052,17905.150000000052
2026-04-27 06:42:00,17905.150000000052,17905.150000000052
2026-04-27 07:42:00,17905.150000000052,17905.150000000052
2026-04-27 08:42:00,17905.150000000052,17905.150000000052
2026-04-27 09:42:00,17905.150000000052,17905.150000000052
2026-04-27 10:42:00,17905.150000000052,17905.150000000052
2026-04-27 11:42:00,17905.150000000052,17905.150000000052
2026-04-27 12:42:00,17905.150000000052,17905.150000000052
2026-04-27 13:42:00,17905.150000000052,17905.150000000052
2026-04-27 14:42:00,17905.150000000052,17905.150000000052
2026-04-27 15:42:00,17905.150000000052,17905.150000000052
2026-04-27 16:42:00,17905.150000000052,17905.150000000052
2026-04-27 17:42:00,17905.150000000052,17905.150000000052
2026-04-27 18:42:00,17905.150000000052,17905.150000000052
2026-04-27 19:42:00,17905.150000000052,17905.150000000052
2026-04-27 20:42:00,17905.150000000052,17905.150000000052
2026-04-27 21:42:00,17905.150000000052,17905.150000000052
2026-04-27 22:42:00,17905.150000000052,17905.150000000052
2026-04-27 23:42:00,17905.150000000052,17905.150000000052
2026-04-28 01:43:00,17905.150000000052,17905.150000000052
2026-04-28 02:43:00,17905.150000000052,17905.150000000052
2026-04-28 03:43:00,17905.150000000052,17905.150000000052
2026-04-28 04:43:00,17905.150000000052,17905.150000000052
2026-04-28 05:43:00,17905.150000000052,17905.150000000052
2026-04-28 06:43:00,17905.150000000052,17905.150000000052
2026-04-28 07:43:00,17905.150000000052,17905.150000000052
2026-04-28 08:43:00,17905.150000000052,17905.150000000052
2026-04-28 09:43:00,17905.150000000052,17905.150000000052
2026-04-28 10:43:00,17905.150000000052,17905.150000000052
2026-04-28 11:43:00,17905.150000000052,17905.150000000052
2026-04-28 12:43:00,17905.150000000052,17905.150000000052
2026-04-28 13:43:00,17905.150000000052,17905.150000000052
2026-04-28 14:43:00,17905.150000000052,17905.150000000052
2026-04-28 15:43:00,17905.150000000052,17905.150000000052
2026-04-28 16:43:00,17905.150000000052,17905.150000000052
2026-04-28 17:43:00,18079.86000000006,18165.42000000006
2026-04-28 18:43:00,18079.26000000006,18079.26000000006
2026-04-28 19:43:00,18079.26000000006,18079.26000000006
2026-04-28 20:43:00,18079.26000000006,18079.26000000006
2026-04-28 21:43:00,18079.26000000006,18079.26000000006
2026-04-28 22:43:00,18079.26000000006,18079.26000000006
2026-04-28 23:43:00,18079.26000000006,18079.26000000006
2026-04-29 01:44:00,18079.26000000006,18079.26000000006
2026-04-29 02:44:00,18079.26000000006,18079.26000000006
2026-04-29 03:44:00,18079.26000000006,18079.26000000006
2026-04-29 04:44:00,18079.26000000006,18079.26000000006
2026-04-29 05:44:00,18079.26000000006,18079.26000000006
2026-04-29 06:44:00,18079.26000000006,18079.26000000006
2026-04-29 07:44:00,18079.26000000006,18079.26000000006
2026-04-29 08:44:00,18079.26000000006,18079.26000000006
2026-04-29 09:44:00,18097.020000000055,18097.020000000055
2026-04-29 10:44:00,18097.020000000055,18097.020000000055
2026-04-29 11:44:00,18097.020000000055,18097.020000000055
2026-04-29 12:44:00,18097.020000000055,18097.020000000055
2026-04-29 13:44:00,18120.180000000055,18220.440000000068
2026-04-29 14:44:00,18118.380000000063,18118.380000000063
2026-04-29 15:44:00,18118.380000000063,18118.380000000063
2026-04-29 16:44:00,18118.380000000063,18118.380000000063
2026-04-29 17:44:00,18118.380000000063,18118.380000000063
2026-04-29 18:44:00,18118.380000000063,18118.380000000063
2026-04-29 19:44:00,18118.380000000063,18118.380000000063
2026-04-29 20:44:00,18118.380000000063,18118.380000000063
2026-04-29 21:44:00,18118.380000000063,18118.380000000063
2026-04-29 22:44:00,18118.380000000063,18118.380000000063
2026-04-29 23:44:00,18118.380000000063,18118.380000000063
2026-04-30 01:45:00,18118.380000000063,18118.380000000063
2026-04-30 02:45:00,18118.380000000063,18118.380000000063
2026-04-30 03:45:00,18118.380000000063,18118.380000000063
2026-04-30 04:45:00,18118.380000000063,18118.380000000063
2026-04-30 05:45:00,18118.380000000063,18118.380000000063
2026-04-30 06:45:00,18118.380000000063,18118.380000000063
2026-04-30 07:45:00,18118.380000000063,18118.380000000063
2026-04-30 08:45:00,18118.380000000063,18118.380000000063
2026-04-30 09:45:00,18118.380000000063,18118.380000000063
2026-04-30 10:45:00,18118.380000000063,18118.380000000063
2026-04-30 11:45:00,18118.380000000063,18118.380000000063
2026-04-30 12:45:00,18118.380000000063,18118.380000000063
2026-04-30 13:45:00,18118.380000000063,18118.380000000063
2026-04-30 14:45:00,18118.380000000063,18118.380000000063
2026-04-30 15:45:00,18118.380000000063,18118.380000000063
2026-04-30 16:45:00,18118.380000000063,18118.380000000063
2026-04-30 17:45:00,18118.380000000063,18118.380000000063
2026-04-30 18:45:00,18118.380000000063,18118.380000000063
2026-04-30 19:45:00,18118.380000000063,18118.380000000063
2026-04-30 20:45:00,18118.380000000063,18118.380000000063
2026-04-30 21:45:00,18118.380000000063,18118.380000000063
2026-04-30 22:45:00,18118.380000000063,18118.380000000063
2026-04-30 23:45:00,18118.380000000063,18118.380000000063
2026-05-01 01:46:00,18118.380000000063,18118.380000000063
2026-05-01 02:46:00,18118.380000000063,18118.380000000063
2026-05-01 03:46:00,18118.380000000063,18118.380000000063
2026-05-01 04:46:00,18118.380000000063,18118.380000000063
2026-05-01 05:46:00,18118.380000000063,18118.380000000063
2026-05-01 06:46:00,18118.380000000063,18118.380000000063
2026-05-01 07:46:00,18118.380000000063,18118.380000000063
2026-05-01 08:46:00,18118.380000000063,18118.380000000063
2026-05-01 09:46:00,18118.380000000063,18118.380000000063
2026-05-01 10:46:00,18118.380000000063,18118.380000000063
2026-05-01 11:46:00,18118.380000000063,18118.380000000063
2026-05-01 12:46:00,18118.380000000063,18118.380000000063
2026-05-01 13:46:00,18118.380000000063,18118.380000000063
2026-05-01 14:46:00,18118.380000000063,18118.380000000063
2026-05-01 15:46:00,18118.380000000063,18118.380000000063
2026-05-01 16:46:00,18118.380000000063,18118.380000000063
2026-05-01 17:46:00,18118.380000000063,18118.380000000063
2026-05-01 18:46:00,18118.380000000063,18118.380000000063
2026-05-01 19:46:00,18118.380000000063,18118.380000000063
2026-05-01 20:46:00,18118.380000000063,18118.380000000063
2026-05-01 21:46:00,18138.660000000054,18138.660000000054
2026-05-01 22:46:00,18138.660000000054,18138.660000000054
2026-05-01 23:46:00,18138.660000000054,18138.660000000054
2026-05-04 01:47:00,18138.660000000054,18138.660000000054
2026-05-04 02:47:00,18138.660000000054,18138.660000000054
2026-05-04 03:47:00,18138.660000000054,18138.660000000054
2026-05-04 04:47:00,18138.660000000054,18138.660000000054
2026-05-04 05:47:00,18138.660000000054,18138.660000000054
2026-05-04 06:47:00,18138.660000000054,18138.660000000054
2026-05-04 07:47:00,18138.660000000054,18138.660000000054
2026-05-04 08:47:00,18138.660000000054,18138.660000000054
2026-05-04 09:47:00,18138.660000000054,18138.660000000054
2026-05-04 10:47:00,18138.660000000054,18138.660000000054
2026-05-04 11:47:00,18138.660000000054,18138.660000000054
2026-05-04 12:47:00,18138.660000000054,18138.660000000054
2026-05-04 13:47:00,18138.660000000054,18138.660000000054
2026-05-04 14:47:00,18138.660000000054,18138.660000000054
2026-05-04 15:47:00,18138.660000000054,18138.660000000054
2026-05-04 16:47:00,18138.660000000054,18138.660000000054
2026-05-04 17:47:00,18138.660000000054,18138.660000000054
2026-05-04 18:47:00,18138.660000000054,18138.660000000054
2026-05-04 19:47:00,18138.660000000054,18138.660000000054
2026-05-04 20:47:00,18138.660000000054,18138.660000000054
2026-05-04 21:47:00,18138.660000000054,18138.660000000054
2026-05-04 22:47:00,18138.660000000054,18138.660000000054
2026-05-04 23:47:00,18138.660000000054,18138.660000000054
2026-05-05 01:48:00,18138.660000000054,18138.660000000054
2026-05-05 02:48:00,18138.660000000054,18138.660000000054
2026-05-05 03:48:00,18138.660000000054,18138.660000000054
2026-05-05 04:48:00,18138.660000000054,18138.660000000054
2026-05-05 05:48:00,18138.660000000054,18138.660000000054
2026-05-05 06:48:00,18138.660000000054,18138.660000000054
2026-05-05 07:48:00,18138.660000000054,18138.660000000054
2026-05-05 08:48:00,18138.660000000054,18138.660000000054
2026-05-05 09:48:00,18138.660000000054,18138.660000000054
2026-05-05 10:48:00,18138.660000000054,18138.660000000054
2026-05-05 11:48:00,18138.660000000054,18138.660000000054
2026-05-05 12:48:00,18138.660000000054,18138.660000000054
2026-05-05 13:48:00,18138.660000000054,18138.660000000054
2026-05-05 14:48:00,18138.660000000054,18138.660000000054
2026-05-05 15:48:00,18138.660000000054,18138.660000000054
2026-05-05 16:48:00,18135.580000000053,18156.48000000005
2026-05-05 17:48:00,18206.980000000047,18206.980000000047
2026-05-05 18:48:00,18206.980000000047,18206.980000000047
2026-05-05 19:48:00,18206.980000000047,18206.980000000047
2026-05-05 20:48:00,18206.980000000047,18206.980000000047
2026-05-05 21:48:00,18206.980000000047,18206.980000000047
2026-05-05 22:48:00,18206.980000000047,18206.980000000047
2026-05-05 23:48:00,18206.980000000047,18206.980000000047
2026-05-06 01:49:00,18197.460000000046,18021.180000000044
2026-05-06 02:49:00,19051.60000000003,19051.60000000003
2026-05-06 03:49:00,19051.60000000003,19051.60000000003
2026-05-06 04:49:00,19051.60000000003,19051.60000000003
2026-05-06 05:49:00,19051.60000000003,19051.60000000003
2026-05-06 06:49:00,19051.60000000003,19051.60000000003
2026-05-06 07:49:00,19051.60000000003,19051.60000000003
2026-05-06 08:49:00,19051.60000000003,19051.60000000003
2026-05-06 09:49:00,19051.60000000003,19051.60000000003
2026-05-06 10:49:00,19051.60000000003,19051.60000000003
2026-05-06 11:49:00,19051.60000000003,19051.60000000003
2026-05-06 12:49:00,19051.60000000003,19051.60000000003
2026-05-06 13:49:00,19051.60000000003,19051.60000000003
2026-05-06 14:49:00,19051.60000000003,19051.60000000003
2026-05-06 15:49:00,19072.670000000042,19072.670000000042
2026-05-06 16:49:00,19072.670000000042,19072.670000000042
2026-05-06 17:49:00,19072.670000000042,19072.670000000042
2026-05-06 18:49:00,19072.670000000042,19072.670000000042
2026-05-06 19:49:00,19072.670000000042,19072.670000000042
2026-05-06 20:49:00,19072.670000000042,19072.670000000042
2026-05-06 21:49:00,19072.670000000042,19072.670000000042
2026-05-06 22:49:00,19072.670000000042,19072.670000000042
2026-05-06 23:49:00,19072.670000000042,19072.670000000042
2026-05-07 01:50:00,19072.670000000042,19072.670000000042
2026-05-07 02:50:00,19072.670000000042,19072.670000000042
2026-05-07 03:50:00,19072.670000000042,19072.670000000042
2026-05-07 04:50:00,19072.670000000042,19072.670000000042
2026-05-07 05:50:00,19072.670000000042,19072.670000000042
2026-05-07 06:50:00,19072.670000000042,19072.670000000042
2026-05-07 07:50:00,19072.670000000042,19072.670000000042
2026-05-07 08:50:00,19072.670000000042,19072.670000000042
2026-05-07 09:50:00,19072.670000000042,19072.670000000042
2026-05-07 10:50:00,19072.670000000042,19072.670000000042
2026-05-07 11:50:00,19072.670000000042,19072.670000000042
2026-05-07 12:50:00,19072.670000000042,19072.670000000042
2026-05-07 13:50:00,19097.52000000004,19181.070000000036
2026-05-07 14:50:00,19096.02000000004,19096.02000000004
2026-05-07 15:50:00,19096.02000000004,19096.02000000004
2026-05-07 16:50:00,19096.02000000004,19096.02000000004
2026-05-07 17:50:00,19096.02000000004,19096.02000000004
2026-05-07 18:50:00,19096.02000000004,19096.02000000004
2026-05-07 19:50:00,19096.02000000004,19096.02000000004
2026-05-07 20:50:00,19096.02000000004,19096.02000000004
2026-05-07 21:50:00,19096.02000000004,19096.02000000004
2026-05-07 22:50:00,19096.02000000004,19096.02000000004
2026-05-07 23:50:00,19096.02000000004,19096.02000000004
2026-05-08 01:51:00,19096.02000000004,19096.02000000004
2026-05-08 02:51:00,19096.02000000004,19096.02000000004
2026-05-08 03:51:00,19096.02000000004,19096.02000000004
2026-05-08 04:51:00,19096.02000000004,19096.02000000004
2026-05-08 05:51:00,18904.180000000037,18904.180000000037
2026-05-08 06:51:00,18904.180000000037,18904.180000000037
2026-05-08 07:51:00,18904.180000000037,18904.180000000037
2026-05-08 08:51:00,18904.180000000037,18904.180000000037
2026-05-08 09:51:00,18904.180000000037,18904.180000000037
2026-05-08 10:51:00,18904.180000000037,18904.180000000037
2026-05-08 11:51:00,18904.180000000037,18904.180000000037
2026-05-08 12:51:00,18904.180000000037,18904.180000000037
2026-05-08 13:51:00,18904.180000000037,18904.180000000037
2026-05-08 14:51:00,18904.180000000037,18904.180000000037
2026-05-08 15:51:00,18904.180000000037,18904.180000000037
2026-05-08 16:51:00,18904.180000000037,18904.180000000037
2026-05-08 17:51:00,18967.180000000037,19128.400000000038
2026-05-08 18:51:00,18967.180000000037,19171.000000000033
2026-05-08 19:51:00,18967.180000000037,19158.820000000036
2026-05-08 20:51:00,18967.180000000037,19115.080000000034
2026-05-08 21:51:00,18967.180000000037,19093.960000000036
2026-05-08 22:51:00,18967.180000000037,19083.820000000036
2026-05-08 23:51:00,18967.180000000037,19144.780000000035
2026-05-11 01:52:00,19091.660000000036,19305.500000000036
2026-05-11 02:52:00,19091.660000000036,19285.940000000035
2026-05-11 03:52:00,19091.660000000036,19364.860000000037
2026-05-11 04:52:00,19114.680000000037,19448.300000000032
2026-05-11 05:52:00,19164.360000000037,19527.990000000038
2026-05-11 06:52:00,19164.360000000037,19552.960000000036
2026-05-11 07:52:00,19164.360000000037,19625.450000000033
2026-05-11 08:52:00,19607.200000000037,19793.040000000037
2026-05-11 09:52:00,19607.200000000037,19696.160000000036
2026-05-11 10:52:00,19607.200000000037,19746.200000000037
2026-05-11 11:52:00,19607.200000000037,19729.480000000036
2026-05-11 12:52:00,19607.200000000037,19768.32000000004
2026-05-11 13:52:00,19607.200000000037,19741.160000000036
2026-05-11 14:52:00,19607.200000000037,19722.60000000004
2026-05-11 15:52:00,19607.200000000037,19640.400000000038
2026-05-11 16:52:00,19606.80000000004,19606.80000000004
2026-05-11 17:52:00,19606.80000000004,19606.80000000004
2026-05-11 18:52:00,19606.80000000004,19606.80000000004
2026-05-11 19:52:00,19604.42000000004,19660.860000000048
2026-05-11 20:52:00,19631.02000000004,19775.580000000053
2026-05-11 21:52:00,19684.22000000004,19816.430000000044
2026-05-11 22:52:00,19684.22000000004,19865.930000000044
2026-05-11 23:52:00,19684.22000000004,19879.430000000044
2026-05-12 01:53:00,19788.08000000004,19990.58000000004
2026-05-12 02:53:00,20053.980000000043,20053.980000000043
2026-05-12 03:53:00,20053.980000000043,20053.980000000043
2026-05-12 04:53:00,20053.980000000043,20053.980000000043
2026-05-12 05:53:00,20053.980000000043,20053.980000000043
2026-05-12 06:53:00,20053.980000000043,20053.980000000043
2026-05-12 07:53:00,20053.980000000043,20053.980000000043
2026-05-12 08:53:00,20053.980000000043,20053.980000000043
2026-05-12 09:53:00,20053.980000000043,20053.980000000043
2026-05-12 10:53:00,20053.980000000043,20053.980000000043
2026-05-12 11:53:00,20053.980000000043,20053.980000000043
2026-05-12 12:53:00,20053.980000000043,20053.980000000043
2026-05-12 13:53:00,20053.980000000043,20053.980000000043
2026-05-12 14:53:00,20053.980000000043,20053.980000000043
2026-05-12 15:53:00,20053.980000000043,20053.980000000043
2026-05-12 16:53:00,20053.980000000043,20053.980000000043
2026-05-12 17:53:00,20129.000000000055,20129.000000000055
2026-05-12 18:53:00,20129.000000000055,20129.000000000055
2026-05-12 19:53:00,20129.000000000055,20129.000000000055
2026-05-12 20:53:00,20129.000000000055,20129.000000000055
2026-05-12 21:53:00,20129.000000000055,20129.000000000055
2026-05-12 22:53:00,20129.000000000055,20129.000000000055
2026-05-12 23:53:00,20129.000000000055,20129.000000000055
2026-05-13 01:54:00,20129.000000000055,20129.000000000055
2026-05-13 02:54:00,20129.000000000055,20129.000000000055
2026-05-13 03:54:00,20129.000000000055,20129.000000000055
2026-05-13 04:54:00,20129.000000000055,20129.000000000055
2026-05-13 05:54:00,20129.000000000055,20129.000000000055
2026-05-13 06:54:00,20129.000000000055,20129.000000000055
2026-05-13 07:54:00,20129.000000000055,20129.000000000055
2026-05-13 08:54:00,20129.000000000055,20129.000000000055
2026-05-13 09:54:00,20129.000000000055,20129.000000000055
2026-05-13 10:54:00,20129.000000000055,20129.000000000055
2026-05-13 11:54:00,20129.000000000055,20129.000000000055
2026-05-13 12:54:00,20129.000000000055,20129.000000000055
2026-05-13 13:54:00,20129.000000000055,20129.000000000055
2026-05-13 14:54:00,20129.000000000055,20129.000000000055
2026-05-13 15:54:00,20129.000000000055,20129.000000000055
2026-05-13 16:54:00,20129.000000000055,20129.000000000055
2026-05-13 17:54:00,20129.000000000055,20129.000000000055
2026-05-13 18:54:00,20129.000000000055,20129.000000000055
2026-05-13 19:54:00,20129.000000000055,20129.000000000055
2026-05-13 20:54:00,20129.000000000055,20129.000000000055
2026-05-13 21:54:00,20129.000000000055,20129.000000000055
2026-05-13 22:54:00,20129.000000000055,20129.000000000055
2026-05-13 23:54:00,20129.000000000055,20129.000000000055
2026-05-14 01:55:00,20129.000000000055,20129.000000000055
2026-05-14 02:55:00,20129.000000000055,20129.000000000055
2026-05-14 03:55:00,20129.000000000055,20129.000000000055
2026-05-14 04:55:00,20129.000000000055,20129.000000000055
2026-05-14 05:55:00,20129.000000000055,20129.000000000055
2026-05-14 06:55:00,20129.000000000055,20129.000000000055
2026-05-14 07:55:00,20129.000000000055,20129.000000000055
2026-05-14 08:55:00,20129.000000000055,20129.000000000055
2026-05-14 09:55:00,20259.140000000058,20505.290000000037
2026-05-14 10:55:00,20480.120000000046,20670.89000000005
2026-05-14 11:55:00,20479.220000000045,20535.50000000004
2026-05-14 12:55:00,20478.020000000048,20478.020000000048
2026-05-14 13:55:00,20478.020000000048,20478.020000000048
2026-05-14 14:55:00,20478.020000000048,20478.020000000048
2026-05-14 15:55:00,20478.020000000048,20478.020000000048
2026-05-14 16:55:00,20478.020000000048,20478.020000000048
2026-05-14 17:55:00,20478.020000000048,20478.020000000048
2026-05-14 18:55:00,20478.020000000048,20478.020000000048
2026-05-14 19:55:00,20478.020000000048,20478.020000000048
2026-05-14 20:55:00,20478.020000000048,20478.020000000048
2026-05-14 21:55:00,20478.020000000048,20478.020000000048
2026-05-14 22:55:00,20478.020000000048,20478.020000000048
2026-05-14 23:55:00,20478.020000000048,20478.020000000048
2026-05-15 01:56:00,20478.020000000048,20478.020000000048
2026-05-15 02:56:00,20478.020000000048,20478.020000000048
2026-05-15 03:56:00,20478.020000000048,20478.020000000048
2026-05-15 04:56:00,20500.730000000047,20500.730000000047
2026-05-15 05:56:00,20500.730000000047,20500.730000000047
2026-05-15 06:56:00,20500.730000000047,20500.730000000047
2026-05-15 07:56:00,20500.730000000047,20500.730000000047
2026-05-15 08:56:00,20500.730000000047,20500.730000000047
2026-05-15 09:56:00,20500.730000000047,20500.730000000047
2026-05-15 10:56:00,20500.730000000047,20500.730000000047
2026-05-15 11:56:00,20500.730000000047,20500.730000000047
2026-05-15 12:56:00,20500.730000000047,20500.730000000047
2026-05-15 13:56:00,20500.730000000047,20500.730000000047
2026-05-15 14:56:00,20500.730000000047,20500.730000000047
2026-05-15 15:56:00,20500.730000000047,20500.730000000047
2026-05-15 16:56:00,20500.730000000047,20500.730000000047
2026-05-15 17:56:00,20500.730000000047,20500.730000000047
2026-05-15 18:56:00,20500.730000000047,20500.730000000047
2026-05-15 19:56:00,20500.730000000047,20500.730000000047
2026-05-15 20:56:00,20500.730000000047,20500.730000000047
2026-05-15 21:56:00,20500.730000000047,20500.730000000047
2026-05-15 22:56:00,20500.730000000047,20500.730000000047
2026-05-15 23:56:00,20500.730000000047,20500.730000000047
2026-05-18 01:57:00,20500.730000000047,20500.730000000047
2026-05-18 02:57:00,20500.730000000047,20500.730000000047
2026-05-18 03:57:00,20500.730000000047,20500.730000000047
2026-05-18 04:57:00,20500.730000000047,20500.730000000047
2026-05-18 05:57:00,20500.730000000047,20500.730000000047
2026-05-18 06:57:00,20500.730000000047,20500.730000000047
2026-05-18 07:57:00,20500.730000000047,20500.730000000047
2026-05-18 08:57:00,20500.730000000047,20500.730000000047
2026-05-18 09:57:00,20500.730000000047,20500.730000000047
2026-05-18 10:57:00,20500.730000000047,20500.730000000047
2026-05-18 11:57:00,20500.730000000047,20500.730000000047
2026-05-18 12:57:00,20500.730000000047,20500.730000000047
2026-05-18 13:57:00,20500.730000000047,20500.730000000047
2026-05-18 14:57:00,20500.730000000047,20500.730000000047
2026-05-18 15:57:00,20500.730000000047,20500.730000000047
2026-05-18 16:57:00,20500.730000000047,20500.730000000047
2026-05-18 17:57:00,20524.790000000037,20524.790000000037
2026-05-18 18:57:00,20524.790000000037,20524.790000000037
2026-05-18 19:57:00,20524.790000000037,20524.790000000037
2026-05-18 20:57:00,20524.790000000037,20524.790000000037
2026-05-18 21:57:00,20524.790000000037,20524.790000000037
2026-05-18 22:57:00,20610.110000000037,20637.470000000038
2026-05-18 23:57:00,20609.310000000034,20609.310000000034
2026-05-19 01:58:00,20609.310000000034,20609.310000000034
2026-05-19 02:58:00,20609.310000000034,20609.310000000034
2026-05-19 03:58:00,20609.310000000034,20609.310000000034
2026-05-19 04:58:00,20609.310000000034,20609.310000000034
2026-05-19 05:58:00,20609.310000000034,20609.310000000034
2026-05-19 06:58:00,20609.310000000034,20609.310000000034
2026-05-19 07:58:00,20609.310000000034,20609.310000000034
2026-05-19 08:58:00,20609.310000000034,20609.310000000034
2026-05-19 09:58:00,20609.310000000034,20609.310000000034
2026-05-19 10:58:00,20609.310000000034,20609.310000000034
2026-05-19 11:58:00,20609.310000000034,20609.310000000034
2026-05-19 12:58:00,20609.310000000034,20609.310000000034
2026-05-19 13:58:00,20609.310000000034,20609.310000000034
2026-05-19 14:58:00,20609.310000000034,20609.310000000034
2026-05-19 15:58:00,20609.310000000034,20609.310000000034
2026-05-19 16:58:00,20609.310000000034,20609.310000000034
2026-05-19 17:58:00,20609.310000000034,20609.310000000034
2026-05-19 18:58:00,20609.310000000034,20609.310000000034
2026-05-19 19:58:00,20609.310000000034,20609.310000000034
2026-05-19 20:58:00,20609.310000000034,20609.310000000034
2026-05-19 21:58:00,20609.310000000034,20609.310000000034
2026-05-19 22:58:00,20609.310000000034,20609.310000000034
2026-05-19 23:58:00,20609.310000000034,20609.310000000034
2026-05-20 01:59:00,20609.310000000034,20609.310000000034
2026-05-20 02:59:00,20609.310000000034,20609.310000000034
2026-05-20 03:59:00,20609.310000000034,20609.310000000034
2026-05-20 04:59:00,20609.310000000034,20609.310000000034
2026-05-20 05:59:00,20609.310000000034,20609.310000000034
2026-05-20 06:59:00,20609.310000000034,20609.310000000034
2026-05-20 07:59:00,20609.310000000034,20609.310000000034
2026-05-20 08:59:00,20609.310000000034,20609.310000000034
2026-05-20 09:59:00,20609.310000000034,20609.310000000034
2026-05-20 10:59:00,20609.310000000034,20609.310000000034
2026-05-20 11:59:00,20609.310000000034,20609.310000000034
2026-05-20 12:59:00,20609.310000000034,20609.310000000034
2026-05-20 13:59:00,20609.310000000034,20609.310000000034
2026-05-20 14:59:00,20609.310000000034,20609.310000000034
2026-05-20 15:59:00,20609.310000000034,20609.310000000034
2026-05-20 16:59:00,20609.310000000034,20609.310000000034
2026-05-20 17:59:00,20631.730000000025,20631.730000000025
2026-05-20 18:59:00,20631.730000000025,20631.730000000025
2026-05-20 19:59:00,20631.730000000025,20631.730000000025
2026-05-20 20:59:00,20631.730000000025,20631.730000000025
2026-05-20 21:59:00,20631.730000000025,20631.730000000025
2026-05-20 22:59:00,20631.730000000025,20631.730000000025
2026-05-21 01:00:00,20631.730000000025,20631.730000000025
2026-05-21 02:00:00,20631.730000000025,20631.730000000025
2026-05-21 03:00:00,20631.730000000025,20631.730000000025
2026-05-21 04:00:00,20631.730000000025,20631.730000000025
2026-05-21 05:00:00,20631.730000000025,20631.730000000025
2026-05-21 06:00:00,20631.730000000025,20631.730000000025
2026-05-21 07:00:00,20631.730000000025,20631.730000000025
2026-05-21 08:00:00,20631.730000000025,20631.730000000025
2026-05-21 09:00:00,20631.730000000025,20631.730000000025
2026-05-21 10:00:00,20631.730000000025,20631.730000000025
2026-05-21 11:00:00,20657.270000000026,20759.870000000035
2026-05-21 12:00:00,20831.330000000027,20951.450000000026
2026-05-21 13:00:00,20831.330000000027,20940.81000000003
2026-05-21 14:00:00,20830.63000000003,20830.63000000003
2026-05-21 15:00:00,20852.95000000003,20897.47000000003
2026-05-21 16:00:00,20851.75000000003,20851.75000000003
2026-05-21 17:00:00,20851.75000000003,20851.75000000003
2026-05-21 18:00:00,20851.75000000003,20851.75000000003
2026-05-21 19:00:00,20851.75000000003,20851.75000000003
2026-05-21 20:00:00,20851.75000000003,20851.75000000003
2026-05-21 21:00:00,20851.75000000003,20851.75000000003
2026-05-21 22:00:00,20851.75000000003,20851.75000000003
2026-05-21 23:00:00,20851.75000000003,20851.75000000003
2026-05-22 01:01:00,20851.75000000003,20851.75000000003
2026-05-22 02:01:00,20851.75000000003,20851.75000000003
2026-05-22 03:01:00,20851.75000000003,20851.75000000003
2026-05-22 04:01:00,20931.930000000033,21024.050000000032
2026-05-22 05:01:00,20930.530000000042,20930.530000000042
2026-05-22 06:01:00,20930.530000000042,20930.530000000042
2026-05-22 07:01:00,20930.530000000042,20930.530000000042
2026-05-22 08:01:00,20930.530000000042,20930.530000000042
2026-05-22 09:01:00,20930.530000000042,20930.530000000042
2026-05-22 10:01:00,20930.530000000042,20930.530000000042
2026-05-22 11:01:00,20930.530000000042,20930.530000000042
2026-05-22 12:01:00,20930.530000000042,20930.530000000042
2026-05-22 13:01:00,20930.530000000042,20930.530000000042
2026-05-22 14:01:00,20930.530000000042,20930.530000000042
2026-05-22 15:01:00,20930.530000000042,20930.530000000042
2026-05-22 16:01:00,20930.530000000042,20930.530000000042
2026-05-22 17:01:00,20930.530000000042,20930.530000000042
2026-05-22 18:01:00,20930.530000000042,20930.530000000042
2026-05-22 19:01:00,20930.530000000042,20930.530000000042
2026-05-22 20:01:00,20930.530000000042,20930.530000000042
2026-05-22 21:01:00,20930.530000000042,20930.530000000042
2026-05-22 22:01:00,20930.530000000042,20930.530000000042
2026-05-22 23:01:00,20930.530000000042,20930.530000000042
2026-05-25 01:02:00,20930.530000000042,20930.530000000042
2026-05-25 02:02:00,20930.530000000042,20930.530000000042
2026-05-25 03:02:00,20930.530000000042,20930.530000000042
2026-05-25 04:02:00,20930.530000000042,20930.530000000042
2026-05-25 05:02:00,20930.530000000042,20930.530000000042
2026-05-25 06:02:00,20930.530000000042,20930.530000000042
2026-05-25 07:02:00,20930.530000000042,20930.530000000042
2026-05-25 08:02:00,20930.530000000042,20930.530000000042
2026-05-25 09:02:00,20930.530000000042,20930.530000000042
2026-05-25 10:02:00,20930.530000000042,20930.530000000042
2026-05-25 11:02:00,20930.530000000042,20930.530000000042
2026-05-25 12:02:00,20930.530000000042,20930.530000000042
2026-05-25 13:02:00,20930.530000000042,20930.530000000042
2026-05-25 14:02:00,20930.530000000042,20930.530000000042
2026-05-25 15:02:00,20930.530000000042,20930.530000000042
2026-05-25 16:02:00,20930.530000000042,20930.530000000042
2026-05-25 17:02:00,20930.530000000042,20930.530000000042
2026-05-25 18:02:00,20930.530000000042,20930.530000000042
2026-05-25 19:02:00,20930.530000000042,20930.530000000042
2026-05-25 20:02:00,20930.530000000042,20930.530000000042
2026-05-25 21:02:00,20930.530000000042,20930.530000000042
2026-05-25 22:03:00,20930.530000000042,20930.530000000042
2026-05-26 01:54:00,20930.530000000042,20930.530000000042
2026-05-26 02:54:00,20930.530000000042,20930.530000000042
2026-05-26 03:54:00,20929.83000000004,20896.780000000042
2026-05-26 04:54:00,20929.83000000004,20861.13000000004
2026-05-26 05:54:00,20929.83000000004,20847.33000000004
2026-05-26 06:54:00,20929.83000000004,20898.880000000045
2026-05-26 07:54:00,20929.83000000004,20823.98000000004
2026-05-26 08:54:00,20929.83000000004,20820.330000000045
2026-05-26 09:54:00,20929.83000000004,20842.93000000004
2026-05-26 10:54:00,20929.83000000004,20843.83000000004
2026-05-26 11:54:00,20929.83000000004,20806.63000000004
2026-05-26 12:54:00,20929.83000000004,20780.83000000004
2026-05-26 13:54:00,20929.83000000004,20859.08000000004
2026-05-26 14:54:00,20733.780000000042,20733.780000000042
2026-05-26 15:54:00,20733.780000000042,20733.780000000042
2026-05-26 16:54:00,20733.780000000042,20733.780000000042
2026-05-26 17:54:00,20758.14000000004,20758.14000000004
2026-05-26 18:54:00,20758.14000000004,20758.14000000004
2026-05-26 19:54:00,20758.14000000004,20758.14000000004
2026-05-26 20:54:00,20758.14000000004,20758.14000000004
2026-05-26 21:54:00,20758.14000000004,20758.14000000004
2026-05-26 22:54:00,20758.14000000004,20758.14000000004
2026-05-26 23:54:00,20758.14000000004,20758.14000000004
2026-05-27 01:55:00,20758.14000000004,20758.14000000004
2026-05-27 02:55:00,20758.14000000004,20758.14000000004
2026-05-27 03:55:00,20758.14000000004,20758.14000000004
2026-05-27 04:55:00,20758.14000000004,20758.14000000004
2026-05-27 05:55:00,20758.14000000004,20758.14000000004
2026-05-27 06:55:00,20758.14000000004,20758.14000000004
2026-05-27 07:55:00,20758.14000000004,20758.14000000004
2026-05-27 08:55:00,20758.14000000004,20758.14000000004
2026-05-27 09:55:00,20758.14000000004,20758.14000000004
2026-05-27 10:55:00,20758.14000000004,20758.14000000004
2026-05-27 11:55:00,20758.14000000004,20758.14000000004
2026-05-27 12:55:00,20758.14000000004,20758.14000000004
2026-05-27 13:55:00,20758.14000000004,20758.14000000004
2026-05-27 14:55:00,20758.14000000004,20758.14000000004
2026-05-27 15:55:00,20758.14000000004,20758.14000000004
2026-05-27 16:55:00,20758.14000000004,20758.14000000004
2026-05-27 17:55:00,20758.14000000004,20758.14000000004
2026-05-27 18:55:00,20758.14000000004,20758.14000000004
2026-05-27 19:55:00,20758.14000000004,20758.14000000004
2026-05-27 20:55:00,20758.14000000004,20758.14000000004
2026-05-27 21:55:00,20758.14000000004,20758.14000000004
2026-05-27 22:55:00,20758.14000000004,20758.14000000004
2026-05-27 23:55:00,20758.14000000004,20758.14000000004
2026-05-28 01:56:00,20758.14000000004,20758.14000000004
2026-05-28 02:56:00,20758.14000000004,20758.14000000004
2026-05-28 03:56:00,20758.14000000004,20758.14000000004
2026-05-28 04:56:00,20758.14000000004,20758.14000000004
2026-05-28 05:56:00,20758.14000000004,20758.14000000004
2026-05-28 06:56:00,20758.14000000004,20758.14000000004
2026-05-28 07:56:00,20758.14000000004,20758.14000000004
2026-05-28 08:56:00,20758.14000000004,20758.14000000004
2026-05-28 09:56:00,20758.14000000004,20758.14000000004
2026-05-28 10:56:00,20758.14000000004,20758.14000000004
2026-05-28 11:56:00,20758.14000000004,20758.14000000004
2026-05-28 12:56:00,20758.14000000004,20758.14000000004
2026-05-28 13:56:00,20758.14000000004,20758.14000000004
2026-05-28 14:56:00,20758.14000000004,20758.14000000004
2026-05-28 15:56:00,20758.14000000004,20758.14000000004
2026-05-28 16:56:00,20830.80000000004,20905.16000000004
2026-05-28 17:56:00,21079.630000000037,21079.630000000037
2026-05-28 18:56:00,21079.630000000037,21079.630000000037
2026-05-28 19:56:00,21079.630000000037,21079.630000000037
2026-05-28 20:56:00,21079.630000000037,21079.630000000037
2026-05-28 21:56:00,21079.630000000037,21079.630000000037
2026-05-28 22:56:00,21079.630000000037,21079.630000000037
2026-05-28 23:56:00,21077.110000000037,21044.530000000028
2026-05-29 01:57:00,21064.890000000036,20965.900000000012
2026-05-29 02:57:00,21064.890000000036,21022.480000000018
2026-05-29 03:57:00,21089.44000000003,21032.38000000003
2026-05-29 04:57:00,21173.44000000003,21257.240000000023
2026-05-29 05:57:00,21259.610000000037,21405.09000000004
2026-05-29 06:57:00,21256.710000000043,21256.710000000043
2026-05-29 07:57:00,21256.710000000043,21256.710000000043
2026-05-29 08:57:00,21256.710000000043,21256.710000000043
2026-05-29 09:57:00,21256.710000000043,21256.710000000043
2026-05-29 10:57:00,21256.710000000043,21256.710000000043
2026-05-29 11:57:00,21039.430000000044,21039.430000000044
2026-05-29 12:57:00,21039.430000000044,21039.430000000044
2026-05-29 13:57:00,21039.430000000044,21039.430000000044
2026-05-29 14:57:00,21039.430000000044,21039.430000000044
2026-05-29 15:57:00,21039.430000000044,21039.430000000044
2026-05-29 16:57:00,21039.430000000044,21039.430000000044
2026-05-29 17:57:00,21039.430000000044,21039.430000000044
2026-05-29 18:57:00,21039.430000000044,21039.430000000044
2026-05-29 19:57:00,21039.430000000044,21039.430000000044
2026-05-29 20:57:00,21037.470000000045,20997.57000000005
2026-05-29 21:57:00,21037.470000000045,21029.350000000046
2026-05-29 22:57:00,21037.470000000045,20879.410000000047
2026-05-29 23:57:00,20830.550000000047,20830.550000000047
2026-06-01 01:58:00,20830.550000000047,20830.550000000047
2026-06-01 02:58:00,20830.550000000047,20830.550000000047
2026-06-01 03:58:00,20830.550000000047,20830.550000000047
2026-06-01 04:58:00,20830.550000000047,20830.550000000047
2026-06-01 05:58:00,20830.550000000047,20830.550000000047
2026-06-01 06:58:00,20830.550000000047,20830.550000000047
2026-06-01 07:58:00,20830.550000000047,20830.550000000047
2026-06-01 08:58:00,20830.550000000047,20830.550000000047
2026-06-01 09:58:00,20830.550000000047,20830.550000000047
2026-06-01 10:58:00,20830.550000000047,20830.550000000047
2026-06-01 11:58:00,20830.550000000047,20830.550000000047
2026-06-01 12:58:00,20830.550000000047,20830.550000000047
2026-06-01 13:58:00,20830.550000000047,20830.550000000047
2026-06-01 14:58:00,20830.550000000047,20830.550000000047
2026-06-01 15:58:00,20830.550000000047,20830.550000000047
2026-06-01 16:58:00,20829.570000000047,20704.83000000005
2026-06-01 17:58:00,20829.570000000047,20745.710000000043
2026-06-01 18:58:00,20829.570000000047,20864.08000000005
2026-06-01 19:58:00,20829.570000000047,20903.350000000046
2026-06-01 20:58:00,20847.190000000046,20961.130000000045
2026-06-01 21:58:00,20847.190000000046,20957.770000000048
2026-06-01 22:58:00,20847.190000000046,20917.930000000044
2026-06-01 23:58:00,20847.190000000046,20943.250000000047
2026-06-02 01:59:00,20844.190000000046,20945.650000000045
2026-06-02 02:59:00,20844.190000000046,20938.51000000005
2026-06-02 03:59:00,20844.190000000046,20921.410000000044
2026-06-02 04:59:00,20843.590000000047,20843.590000000047
2026-06-02 05:59:00,20843.590000000047,20843.590000000047
2026-06-02 06:59:00,20843.590000000047,20843.590000000047
2026-06-02 07:59:00,20843.590000000047,20843.590000000047
2026-06-02 08:59:00,20843.590000000047,20843.590000000047
2026-06-02 09:59:00,20843.590000000047,20843.590000000047
2026-06-02 10:59:00,20843.590000000047,20843.590000000047
2026-06-02 11:59:00,20843.590000000047,20843.590000000047
2026-06-02 12:59:00,20843.590000000047,20843.590000000047
2026-06-02 13:59:00,20843.590000000047,20843.590000000047
2026-06-02 14:59:00,20843.590000000047,20843.590000000047
2026-06-02 15:59:00,20841.770000000048,20834.620000000046
2026-06-02 16:59:00,20869.090000000047,20869.090000000047
2026-06-02 17:59:00,20869.090000000047,20869.090000000047
2026-06-02 18:59:00,20869.090000000047,20869.090000000047
2026-06-02 19:59:00,20869.090000000047,20869.090000000047
2026-06-02 20:59:00,20869.090000000047,20869.090000000047
2026-06-02 21:59:00,20869.090000000047,20869.090000000047
2026-06-02 22:59:00,20869.090000000047,20869.090000000047
2026-06-03 01:00:00,20869.090000000047,20869.090000000047
2026-06-03 02:00:00,20869.090000000047,20869.090000000047
2026-06-03 03:00:00,20869.090000000047,20869.090000000047
2026-06-03 04:00:00,20869.090000000047,20869.090000000047
2026-06-03 05:00:00,20869.090000000047,20869.090000000047
2026-06-03 06:00:00,20869.090000000047,20869.090000000047
2026-06-03 07:00:00,20869.090000000047,20869.090000000047
2026-06-03 08:00:00,20869.090000000047,20869.090000000047
2026-06-03 09:00:00,20869.090000000047,20869.090000000047
2026-06-03 10:00:00,20869.090000000047,20869.090000000047
2026-06-03 11:00:00,20869.090000000047,20869.090000000047
2026-06-03 12:00:00,20869.090000000047,20869.090000000047
2026-06-03 13:00:00,20869.090000000047,20869.090000000047
2026-06-03 14:00:00,20869.090000000047,20869.090000000047
2026-06-03 15:00:00,20869.090000000047,20869.090000000047
2026-06-03 16:00:00,20869.090000000047,20869.090000000047
2026-06-03 17:00:00,20869.090000000047,20869.090000000047
2026-06-03 18:00:00,20869.090000000047,20869.090000000047
2026-06-03 19:00:00,20869.090000000047,20869.090000000047
2026-06-03 20:00:00,20869.090000000047,20869.090000000047
2026-06-03 21:00:00,20947.910000000047,21061.670000000042
2026-06-03 22:00:00,20947.910000000047,21011.51000000005
2026-06-03 23:00:00,20946.710000000043,20946.710000000043
2026-06-04 01:01:00,20946.710000000043,20946.710000000043
2026-06-04 02:01:00,20946.710000000043,20946.710000000043
2026-06-04 03:01:00,20946.710000000043,20946.710000000043
2026-06-04 04:01:00,20946.710000000043,20946.710000000043
2026-06-04 05:01:00,20946.710000000043,20946.710000000043
2026-06-04 06:01:00,20946.710000000043,20946.710000000043
2026-06-04 07:01:00,20946.710000000043,20946.710000000043
2026-06-04 08:01:00,20946.710000000043,20946.710000000043
2026-06-04 09:01:00,20946.710000000043,20946.710000000043
2026-06-04 10:01:00,20946.710000000043,20946.710000000043
2026-06-04 11:01:00,20946.710000000043,20946.710000000043
2026-06-04 12:01:00,20946.710000000043,20946.710000000043
2026-06-04 13:01:00,20946.710000000043,20946.710000000043
2026-06-04 14:01:00,20946.710000000043,20946.710000000043
2026-06-04 15:01:00,20946.710000000043,20946.710000000043
2026-06-04 16:01:00,20946.710000000043,20946.710000000043
2026-06-04 17:01:00,20946.710000000043,20946.710000000043
2026-06-04 18:01:00,20733.41000000004,20733.41000000004
2026-06-04 19:01:00,20733.41000000004,20733.41000000004
2026-06-04 20:01:00,20733.41000000004,20733.41000000004
2026-06-04 21:01:00,20733.41000000004,20733.41000000004
2026-06-04 22:01:00,20733.41000000004,20733.41000000004
2026-06-04 23:01:00,20733.41000000004,20733.41000000004
2026-06-05 01:02:00,20733.41000000004,20733.41000000004
2026-06-05 02:02:00,20733.41000000004,20733.41000000004
2026-06-05 03:02:00,20733.41000000004,20733.41000000004
2026-06-05 04:02:00,20733.41000000004,20733.41000000004
2026-06-05 05:02:00,20733.41000000004,20733.41000000004
2026-06-05 06:02:00,20733.41000000004,20733.41000000004
2026-06-05 07:02:00,20733.41000000004,20733.41000000004
2026-06-05 08:02:00,20733.41000000004,20733.41000000004
2026-06-05 09:02:00,20733.41000000004,20733.41000000004
2026-06-05 10:02:00,21140.780000000042,21399.150000000034
2026-06-05 11:02:00,21140.780000000042,21533.970000000038
2026-06-05 12:02:00,21140.780000000042,21555.950000000044
2026-06-05 13:02:00,21140.780000000042,21564.210000000046
2026-06-05 14:02:00,21140.780000000042,21570.510000000046
2026-06-05 15:02:00,21653.180000000044,21653.180000000044
2026-06-05 16:02:00,21435.620000000054,21399.08000000006
2026-06-05 17:02:00,21241.09000000005,21241.09000000005
2026-06-05 18:02:00,21241.09000000005,21241.09000000005
2026-06-05 19:02:00,21241.09000000005,21241.09000000005
2026-06-05 20:02:00,21241.09000000005,21241.09000000005
2026-06-05 21:02:00,21241.09000000005,21241.09000000005
2026-06-05 22:02:00,21241.09000000005,21241.09000000005
2026-06-05 23:02:00,21241.09000000005,21241.09000000005
2026-06-08 01:03:00,21241.09000000005,21241.09000000005
2026-06-08 02:03:00,21241.09000000005,21241.09000000005
2026-06-08 03:03:00,21241.09000000005,21241.09000000005
2026-06-08 04:03:00,21241.09000000005,21241.09000000005
2026-06-08 05:03:00,21241.09000000005,21241.09000000005
2026-06-08 06:03:00,21241.09000000005,21241.09000000005
2026-06-08 07:03:00,21241.09000000005,21241.09000000005
2026-06-08 08:03:00,21241.09000000005,21241.09000000005
2026-06-08 09:03:00,21241.09000000005,21241.09000000005
2026-06-08 10:03:00,21241.09000000005,21241.09000000005
2026-06-08 11:03:00,21241.09000000005,21241.09000000005
2026-06-08 12:03:00,21241.09000000005,21241.09000000005
2026-06-08 13:03:00,21241.09000000005,21241.09000000005
2026-06-08 14:03:00,21241.09000000005,21241.09000000005
2026-06-08 15:03:00,21241.09000000005,21241.09000000005
2026-06-08 16:03:00,21241.09000000005,21241.09000000005
2026-06-08 17:03:00,21241.09000000005,21241.09000000005
2026-06-08 18:03:00,21239.41000000005,21145.090000000044
2026-06-08 19:03:00,21039.010000000057,21039.010000000057
2026-06-08 20:03:00,21039.010000000057,21039.010000000057
2026-06-08 21:03:00,21039.010000000057,21039.010000000057
2026-06-08 22:03:00,21039.010000000057,21039.010000000057
2026-06-08 23:03:00,21039.010000000057,21039.010000000057
2026-06-09 01:04:00,21039.010000000057,21039.010000000057
2026-06-09 02:04:00,21039.010000000057,21039.010000000057
2026-06-09 03:04:00,21039.010000000057,21039.010000000057
2026-06-09 04:04:00,21039.010000000057,21039.010000000057
2026-06-09 05:04:00,21039.010000000057,21039.010000000057
2026-06-09 06:04:00,21039.010000000057,21039.010000000057
2026-06-09 07:04:00,21039.010000000057,21039.010000000057
2026-06-09 08:04:00,21039.010000000057,21039.010000000057
2026-06-09 09:04:00,21039.010000000057,21039.010000000057
2026-06-09 10:04:00,21039.010000000057,21039.010000000057
2026-06-09 11:04:00,21039.010000000057,21039.010000000057
2026-06-09 12:04:00,21039.010000000057,21039.010000000057
2026-06-09 13:04:00,21039.010000000057,21039.010000000057
2026-06-09 14:04:00,21039.010000000057,21039.010000000057
2026-06-09 15:04:00,21039.010000000057,21039.010000000057
2026-06-09 16:04:00,21039.010000000057,21039.010000000057
2026-06-09 17:04:00,21039.010000000057,21039.010000000057
2026-06-09 18:04:00,21039.010000000057,21039.010000000057
2026-06-09 19:04:00,21039.010000000057,21039.010000000057
2026-06-09 20:04:00,21039.010000000057,21039.010000000057
2026-06-09 21:04:00,21039.010000000057,21039.010000000057
2026-06-09 22:04:00,21039.010000000057,21039.010000000057
2026-06-09 23:04:00,21039.010000000057,21039.010000000057
2026-06-10 01:05:00,21039.010000000057,21039.010000000057
2026-06-10 02:05:00,21039.010000000057,21039.010000000057
2026-06-10 03:05:00,21039.010000000057,21039.010000000057
2026-06-10 04:05:00,21039.010000000057,21039.010000000057
2026-06-10 05:05:00,21039.010000000057,21039.010000000057
2026-06-10 06:05:00,21039.010000000057,21039.010000000057
2026-06-10 07:05:00,21039.010000000057,21039.010000000057
2026-06-10 08:05:00,21039.010000000057,21039.010000000057
2026-06-10 09:05:00,21039.010000000057,21039.010000000057
2026-06-10 10:05:00,21039.010000000057,21039.010000000057
2026-06-10 11:05:00,21039.010000000057,21039.010000000057
2026-06-10 12:05:00,21039.010000000057,21039.010000000057
2026-06-10 13:05:00,21039.010000000057,21039.010000000057
2026-06-10 14:05:00,21039.010000000057,21039.010000000057
2026-06-10 15:05:00,21039.010000000057,21039.010000000057
2026-06-10 16:05:00,21039.010000000057,21039.010000000057
2026-06-10 17:05:00,21039.010000000057,21039.010000000057
2026-06-10 18:05:00,21039.010000000057,21039.010000000057
2026-06-10 19:05:00,21039.010000000057,21039.010000000057
2026-06-10 20:05:00,21039.010000000057,21039.010000000057
2026-06-10 21:05:00,21039.010000000057,21039.010000000057
2026-06-10 22:05:00,21039.010000000057,21039.010000000057
2026-06-10 23:05:00,21039.010000000057,21039.010000000057
2026-06-11 01:06:00,21039.010000000057,21039.010000000057
2026-06-11 02:06:00,21039.010000000057,21039.010000000057
2026-06-11 03:06:00,21039.010000000057,21039.010000000057
2026-06-11 04:06:00,21039.010000000057,21039.010000000057
2026-06-11 05:06:00,21039.010000000057,21039.010000000057
2026-06-11 06:06:00,21039.010000000057,21039.010000000057
2026-06-11 07:06:00,21039.010000000057,21039.010000000057
2026-06-11 08:06:00,21039.010000000057,21039.010000000057
2026-06-11 09:06:00,21039.010000000057,21039.010000000057
2026-06-11 10:06:00,21039.010000000057,21039.010000000057
2026-06-11 11:06:00,21039.010000000057,21039.010000000057
2026-06-11 12:06:00,21039.010000000057,21039.010000000057
2026-06-11 13:06:00,21039.010000000057,21039.010000000057
2026-06-11 14:06:00,21039.010000000057,21039.010000000057
2026-06-11 15:06:00,21039.010000000057,21039.010000000057
2026-06-11 16:06:00,21039.010000000057,21039.010000000057
2026-06-11 17:06:00,21039.010000000057,21039.010000000057
2026-06-11 18:06:00,21039.010000000057,21039.010000000057
2026-06-11 19:06:00,21039.010000000057,21039.010000000057
2026-06-11 20:06:00,21039.010000000057,21039.010000000057
2026-06-11 21:06:00,21039.010000000057,21039.010000000057
2026-06-11 22:06:00,21039.010000000057,21039.010000000057
2026-06-11 23:06:00,21039.010000000057,21039.010000000057
2026-06-12 01:07:00,21039.010000000057,21039.010000000057
2026-06-12 02:07:00,21039.010000000057,21039.010000000057
2026-06-12 03:07:00,21039.010000000057,21039.010000000057
2026-06-12 04:07:00,21066.410000000058,21118.760000000057
2026-06-12 05:07:00,21064.91000000007,21064.91000000007
2026-06-12 06:07:00,21064.91000000007,21064.91000000007
2026-06-12 07:07:00,21064.91000000007,21064.91000000007
2026-06-12 08:07:00,21064.91000000007,21064.91000000007
2026-06-12 09:07:00,21064.91000000007,21064.91000000007
2026-06-12 10:07:00,21064.91000000007,21064.91000000007
2026-06-12 11:07:00,21064.91000000007,21064.91000000007
2026-06-12 12:07:00,21064.91000000007,21064.91000000007
2026-06-12 13:07:00,21064.91000000007,21064.91000000007
2026-06-12 14:07:00,21064.91000000007,21064.91000000007
2026-06-12 15:07:00,21064.91000000007,21064.91000000007
2026-06-12 16:07:00,21064.91000000007,21064.91000000007
2026-06-12 17:07:00,21064.91000000007,21064.91000000007
2026-06-12 18:07:00,21064.91000000007,21064.91000000007
2026-06-12 19:07:00,21064.91000000007,21064.91000000007
2026-06-12 20:07:00,21064.91000000007,21064.91000000007
2026-06-12 21:07:00,21064.91000000007,21064.91000000007
2026-06-12 22:07:00,21064.91000000007,21064.91000000007
2026-06-12 23:07:00,21064.91000000007,21064.91000000007
2026-06-15 01:08:00,21064.91000000007,21064.91000000007
2026-06-15 02:08:00,21064.91000000007,21064.91000000007
2026-06-15 03:08:00,21064.91000000007,21064.91000000007
2026-06-15 04:08:00,21064.91000000007,21064.91000000007
2026-06-15 05:08:00,21064.91000000007,21064.91000000007
2026-06-15 06:08:00,21064.91000000007,21064.91000000007
2026-06-15 07:08:00,21064.91000000007,21064.91000000007
2026-06-15 08:08:00,21064.91000000007,21064.91000000007
2026-06-15 09:08:00,20851.32000000007,20851.32000000007
2026-06-15 10:08:00,20851.32000000007,20851.32000000007
2026-06-15 11:08:00,20851.32000000007,20851.32000000007
2026-06-15 12:08:00,20851.32000000007,20851.32000000007
2026-06-15 13:08:00,20851.32000000007,20851.32000000007
2026-06-15 14:08:00,20851.32000000007,20851.32000000007
2026-06-15 15:08:00,20851.32000000007,20851.32000000007
2026-06-15 16:08:00,20851.32000000007,20851.32000000007
2026-06-15 17:08:00,20851.32000000007,20851.32000000007
2026-06-15 18:08:00,20851.32000000007,20851.32000000007
2026-06-15 19:08:00,20851.32000000007,20851.32000000007
2026-06-15 20:08:00,20851.32000000007,20851.32000000007
2026-06-15 21:08:00,20851.32000000007,20851.32000000007
2026-06-15 22:08:00,20851.32000000007,20851.32000000007
2026-06-15 23:08:00,20851.32000000007,20851.32000000007
2026-06-16 01:09:00,20851.32000000007,20851.32000000007
2026-06-16 02:09:00,20851.32000000007,20851.32000000007
2026-06-16 03:09:00,20851.32000000007,20851.32000000007
2026-06-16 04:09:00,20851.32000000007,20851.32000000007
2026-06-16 05:09:00,20851.32000000007,20851.32000000007
2026-06-16 06:09:00,20851.32000000007,20851.32000000007
2026-06-16 07:09:00,20851.32000000007,20851.32000000007
2026-06-16 08:09:00,20851.32000000007,20851.32000000007
2026-06-16 09:09:00,20851.32000000007,20851.32000000007
2026-06-16 10:09:00,20851.32000000007,20851.32000000007
2026-06-16 11:09:00,20851.32000000007,20851.32000000007
2026-06-16 12:09:00,20851.32000000007,20851.32000000007
2026-06-16 13:09:00,20851.32000000007,20851.32000000007
2026-06-16 14:09:00,20851.32000000007,20851.32000000007
2026-06-16 15:09:00,20851.32000000007,20851.32000000007
2026-06-16 16:09:00,20851.32000000007,20851.32000000007
2026-06-16 17:09:00,20851.32000000007,20851.32000000007
2026-06-16 18:09:00,20851.32000000007,20851.32000000007
2026-06-16 19:09:00,20846.420000000067,20874.150000000038
2026-06-16 20:09:00,20846.420000000067,20953.250000000044
2026-06-16 21:09:00,21012.78000000006,21046.990000000056
2026-06-16 22:09:00,21012.78000000006,21040.17000000006
2026-06-16 23:09:00,21012.78000000006,21135.320000000054
2026-06-17 01:10:00,21017.73000000006,21134.55000000006
2026-06-17 02:10:00,21017.73000000006,21101.99000000006
2026-06-17 03:10:00,21017.73000000006,21063.270000000066
2026-06-17 04:10:00,21016.630000000056,21016.630000000056
2026-06-17 05:10:00,21016.630000000056,21016.630000000056
2026-06-17 06:10:00,21016.630000000056,21016.630000000056
2026-06-17 07:10:00,21016.630000000056,21016.630000000056
2026-06-17 08:10:00,21016.630000000056,21016.630000000056
2026-06-17 09:10:00,21016.630000000056,21016.630000000056
2026-06-17 10:10:00,21016.630000000056,21016.630000000056
2026-06-17 11:10:00,21016.630000000056,21016.630000000056
2026-06-17 12:10:00,21016.630000000056,21016.630000000056
2026-06-17 13:10:00,21016.630000000056,21016.630000000056
2026-06-17 14:10:00,21016.630000000056,21016.630000000056
2026-06-17 15:10:00,21016.630000000056,21016.630000000056
2026-06-17 16:10:00,21016.630000000056,21016.630000000056
2026-06-17 17:10:00,21016.630000000056,21016.630000000056
2026-06-17 18:10:00,21016.630000000056,21016.630000000056
2026-06-17 19:10:00,21016.630000000056,21016.630000000056
2026-06-17 20:10:00,21016.630000000056,21016.630000000056
2026-06-17 21:10:00,21408.290000000063,21864.94000000006
2026-06-17 22:10:00,21712.010000000064,21892.180000000062
2026-06-17 23:10:00,21774.96000000006,21714.32000000006
2026-06-18 01:11:00,21770.96000000006,21796.88000000006
2026-06-18 02:11:00,21770.96000000006,21892.400000000056
2026-06-18 03:11:00,21827.99000000006,22026.350000000057
2026-06-18 04:11:00,21942.050000000057,22197.890000000058
2026-06-18 05:11:00,21942.050000000057,22197.810000000056
2026-06-18 06:11:00,21942.050000000057,22137.050000000057
2026-06-18 07:11:00,21938.550000000057,22190.850000000057
2026-06-18 08:11:00,21967.85000000007,22189.09000000007
2026-06-18 09:11:00,21967.85000000007,22118.17000000007
2026-06-18 10:11:00,21967.85000000007,22150.01000000007
2026-06-18 11:11:00,21965.890000000072,22013.15000000008
2026-06-18 12:11:00,21746.950000000084,21746.950000000084
2026-06-18 13:11:00,21746.950000000084,21746.950000000084
2026-06-18 14:11:00,21746.950000000084,21746.950000000084
2026-06-18 15:11:00,21746.950000000084,21746.950000000084
2026-06-18 16:11:00,21746.950000000084,21746.950000000084
2026-06-18 17:11:00,21746.950000000084,21746.950000000084
2026-06-18 18:11:00,21746.950000000084,21746.950000000084
2026-06-18 19:11:00,21746.950000000084,21746.950000000084
2026-06-18 20:11:00,21746.950000000084,21746.950000000084
2026-06-18 21:11:00,21746.950000000084,21746.950000000084
2026-06-18 22:11:00,21746.950000000084,21746.950000000084
2026-06-18 23:11:00,21746.950000000084,21746.950000000084
2026-06-19 01:12:00,21746.950000000084,21746.950000000084
2026-06-19 02:12:00,21746.950000000084,21746.950000000084
2026-06-19 03:12:00,21746.950000000084,21746.950000000084
2026-06-19 04:12:00,21746.950000000084,21746.950000000084
2026-06-19 05:12:00,21746.950000000084,21746.950000000084
2026-06-19 06:12:00,21746.950000000084,21746.950000000084
2026-06-19 07:12:00,21746.950000000084,21746.950000000084
2026-06-19 08:12:00,21745.970000000085,21722.170000000082
2026-06-19 09:12:00,21745.970000000085,21840.680000000084
2026-06-19 10:12:00,21763.660000000084,21909.82000000008
2026-06-19 11:12:00,21799.050000000083,21975.25000000008
2026-06-19 12:12:00,21799.050000000083,21974.800000000083
2026-06-19 13:12:00,21799.050000000083,21916.60000000008
2026-06-19 14:12:00,21799.050000000083,21874.250000000084
2026-06-19 15:12:00,21799.050000000083,21930.850000000082
2026-06-19 16:12:00,21799.050000000083,22000.60000000008
2026-06-19 17:12:00,21799.050000000083,21888.50000000008
2026-06-19 18:12:00,21799.050000000083,21889.450000000084
2026-06-19 19:12:00,21799.050000000083,21867.50000000008
2026-06-22 01:11:00,21796.550000000083,21892.25000000008
2026-06-22 02:11:00,21796.550000000083,21941.25000000008
2026-06-22 03:11:00,21796.550000000083,21904.250000000084
2026-06-22 04:11:00,21867.33000000008,22181.97000000008
2026-06-22 05:11:00,21652.950000000073,21880.910000000073
2026-06-22 06:11:00,21652.950000000073,21862.99000000007
2026-06-22 07:11:00,21652.950000000073,21836.35000000007
2026-06-22 08:11:00,21652.950000000073,21857.470000000074
2026-06-22 09:11:00,21652.950000000073,21908.430000000073
2026-06-22 10:11:00,21652.950000000073,21925.710000000072
2026-06-22 11:11:00,21652.950000000073,21887.35000000007
2026-06-22 12:11:00,21652.950000000073,21951.910000000073
2026-06-22 13:11:00,21652.950000000073,21981.19000000007
2026-06-22 14:11:00,21652.950000000073,21958.470000000074
2026-06-22 15:11:00,21652.950000000073,21958.230000000072
2026-06-22 16:11:00,21652.950000000073,21899.110000000073
2026-06-22 17:11:00,21652.950000000073,21935.110000000073
2026-06-22 18:11:00,21652.950000000073,21921.150000000074
2026-06-22 19:11:00,21652.950000000073,21828.230000000072
2026-06-22 20:11:00,21652.950000000073,21880.03000000007
2026-06-22 21:11:00,21652.950000000073,21867.430000000073
2026-06-22 22:11:00,21652.950000000073,21893.550000000072
2026-06-22 23:11:00,21652.950000000073,21892.390000000072
2026-06-23 01:12:00,21650.950000000073,21895.070000000072
2026-06-23 02:12:00,21650.950000000073,21888.99000000007
2026-06-23 03:12:00,21650.950000000073,21842.950000000073
2026-06-23 04:12:00,21650.950000000073,21870.110000000073
2026-06-23 05:12:00,21650.950000000073,21732.390000000072
2026-06-23 06:12:00,21650.950000000073,21689.910000000073
2026-06-23 07:12:00,21650.550000000072,21650.550000000072
2026-06-23 08:12:00,21650.550000000072,21650.550000000072
2026-06-23 09:12:00,21650.550000000072,21650.550000000072
2026-06-23 10:12:00,21650.550000000072,21650.550000000072
2026-06-23 11:12:00,21650.550000000072,21650.550000000072
2026-06-23 12:12:00,21650.550000000072,21650.550000000072
2026-06-23 13:12:00,21650.550000000072,21650.550000000072
2026-06-23 14:12:00,21650.550000000072,21650.550000000072
2026-06-23 15:12:00,21650.550000000072,21650.550000000072
2026-06-23 16:12:00,21650.550000000072,21650.550000000072
2026-06-23 17:12:00,21650.550000000072,21650.550000000072
2026-06-23 18:12:00,21650.550000000072,21650.550000000072
2026-06-23 19:12:00,21650.550000000072,21650.550000000072
2026-06-23 20:12:00,21650.550000000072,21650.550000000072
2026-06-23 21:12:00,21650.550000000072,21650.550000000072
2026-06-23 22:12:00,21650.550000000072,21650.550000000072
2026-06-23 23:12:00,21650.550000000072,21650.550000000072
2026-06-24 01:13:00,21650.550000000072,21650.550000000072
2026-06-24 02:13:00,21650.550000000072,21650.550000000072
2026-06-24 03:13:00,21650.550000000072,21650.550000000072
2026-06-24 04:13:00,21650.550000000072,21650.550000000072
2026-06-24 05:13:00,21650.550000000072,21650.550000000072
2026-06-24 06:13:00,21650.550000000072,21650.550000000072
2026-06-24 07:13:00,21650.550000000072,21650.550000000072
2026-06-24 08:13:00,21650.550000000072,21650.550000000072
2026-06-24 09:13:00,21650.550000000072,21650.550000000072
2026-06-24 10:13:00,21650.550000000072,21650.550000000072
2026-06-24 11:13:00,21650.550000000072,21650.550000000072
2026-06-24 12:13:00,21650.550000000072,21650.550000000072
2026-06-24 13:13:00,21650.550000000072,21650.550000000072
2026-06-24 14:13:00,21650.550000000072,21650.550000000072
2026-06-24 15:13:00,21650.550000000072,21650.550000000072
2026-06-24 16:13:00,21650.550000000072,21650.550000000072
2026-06-24 17:13:00,21650.550000000072,21650.550000000072
2026-06-24 18:13:00,21650.550000000072,21650.550000000072
2026-06-24 19:13:00,21650.550000000072,21650.550000000072
2026-06-24 20:13:00,21650.550000000072,21650.550000000072
2026-06-24 21:13:00,21650.550000000072,21650.550000000072
2026-06-24 22:13:00,21650.550000000072,21650.550000000072
2026-06-24 23:13:00,21650.550000000072,21650.550000000072
2026-06-25 01:14:00,21650.550000000072,21650.550000000072
2026-06-25 02:14:00,21650.550000000072,21650.550000000072
2026-06-25 03:14:00,21646.49000000007,21570.220000000067
2026-06-25 04:14:00,21427.540000000063,21427.540000000063
2026-06-25 05:14:00,21448.750000000062,21448.750000000062
2026-06-25 06:14:00,21448.750000000062,21448.750000000062
2026-06-25 07:14:00,21448.750000000062,21448.750000000062
2026-06-25 08:14:00,21448.750000000062,21448.750000000062
2026-06-25 09:14:00,21448.750000000062,21448.750000000062
2026-06-25 10:14:00,21448.750000000062,21448.750000000062
2026-06-25 11:14:00,21448.750000000062,21448.750000000062
2026-06-25 12:14:00,21448.750000000062,21448.750000000062
2026-06-25 13:14:00,21448.750000000062,21448.750000000062
2026-06-25 14:14:00,21448.750000000062,21448.750000000062
2026-06-25 15:14:00,21448.750000000062,21448.750000000062
2026-06-25 16:14:00,21448.750000000062,21448.750000000062
2026-06-25 17:14:00,21448.750000000062,21448.750000000062
2026-06-25 18:14:00,21448.750000000062,21448.750000000062
2026-06-25 19:14:00,21448.750000000062,21448.750000000062
2026-06-25 20:14:00,21448.750000000062,21448.750000000062
2026-06-25 21:14:00,21448.750000000062,21448.750000000062
2026-06-25 22:14:00,21448.750000000062,21448.750000000062
2026-06-25 23:14:00,21448.750000000062,21448.750000000062
2026-06-26 01:15:00,21448.750000000062,21448.750000000062
2026-06-26 02:15:00,21448.750000000062,21448.750000000062
2026-06-26 03:15:00,21445.39000000006,21542.35000000006
2026-06-26 04:15:00,21475.150000000067,21475.150000000067
2026-06-26 05:15:00,21475.150000000067,21475.150000000067
2026-06-26 06:15:00,21475.150000000067,21475.150000000067
2026-06-26 07:15:00,21475.150000000067,21475.150000000067
2026-06-26 08:15:00,21475.150000000067,21475.150000000067
2026-06-26 09:15:00,21475.150000000067,21475.150000000067
2026-06-26 10:15:00,21475.150000000067,21475.150000000067
2026-06-26 11:15:00,21475.150000000067,21475.150000000067
2026-06-26 12:15:00,21475.150000000067,21475.150000000067
2026-06-26 13:15:00,21475.150000000067,21475.150000000067
2026-06-26 14:15:00,21475.150000000067,21475.150000000067
2026-06-26 15:15:00,21475.150000000067,21475.150000000067
2026-06-26 16:15:00,21475.150000000067,21475.150000000067
2026-06-26 17:15:00,21475.150000000067,21475.150000000067
2026-06-26 18:15:00,21475.150000000067,21475.150000000067
2026-06-26 19:15:00,21475.150000000067,21475.150000000067
2026-06-26 20:15:00,21475.150000000067,21475.150000000067
2026-06-26 21:15:00,21475.150000000067,21475.150000000067
2026-06-26 22:15:00,21475.150000000067,21475.150000000067
2026-06-26 23:15:00,21475.150000000067,21475.150000000067
2026-06-29 01:16:00,21475.150000000067,21475.150000000067
2026-06-29 02:16:00,21555.510000000068,21621.51000000007
2026-06-29 03:16:00,21554.510000000068,21554.510000000068
2026-06-29 04:16:00,21554.510000000068,21554.510000000068
2026-06-29 05:16:00,21554.510000000068,21554.510000000068
2026-06-29 06:16:00,21554.510000000068,21554.510000000068
2026-06-29 07:16:00,21554.510000000068,21554.510000000068
2026-06-29 08:16:00,21554.510000000068,21554.510000000068
2026-06-29 09:16:00,21554.510000000068,21554.510000000068
2026-06-29 10:16:00,21554.510000000068,21554.510000000068
2026-06-29 11:16:00,21554.510000000068,21554.510000000068
2026-06-29 12:16:00,21340.910000000065,21340.910000000065
2026-06-29 13:16:00,21340.910000000065,21340.910000000065
2026-06-29 14:16:00,21340.910000000065,21340.910000000065
2026-06-29 15:16:00,21340.910000000065,21340.910000000065
2026-06-29 16:16:00,21340.910000000065,21340.910000000065
2026-06-29 17:16:00,21340.910000000065,21340.910000000065
2026-06-29 18:16:00,21340.910000000065,21340.910000000065
2026-06-29 19:16:00,21340.910000000065,21340.910000000065
2026-06-29 20:16:00,21340.910000000065,21340.910000000065
2026-06-29 21:16:00,21340.910000000065,21340.910000000065
2026-06-29 22:16:00,21340.910000000065,21340.910000000065
2026-06-29 23:16:00,21340.910000000065,21340.910000000065
2026-06-30 01:17:00,21340.910000000065,21340.910000000065
2026-06-30 02:17:00,21340.910000000065,21340.910000000065
2026-06-30 03:17:00,21340.910000000065,21340.910000000065
2026-06-30 04:17:00,21340.910000000065,21340.910000000065
2026-06-30 05:17:00,21340.910000000065,21340.910000000065
2026-06-30 06:17:00,21340.910000000065,21340.910000000065
2026-06-30 07:17:00,21340.910000000065,21340.910000000065
2026-06-30 08:17:00,21340.910000000065,21340.910000000065
2026-06-30 09:17:00,21340.910000000065,21340.910000000065
2026-06-30 10:17:00,21340.910000000065,21340.910000000065
2026-06-30 11:17:00,21340.910000000065,21340.910000000065
2026-06-30 12:17:00,21340.910000000065,21340.910000000065
2026-06-30 13:17:00,21340.910000000065,21340.910000000065
2026-06-30 14:17:00,21336.850000000064,21263.480000000058
2026-06-30 15:17:00,21123.700000000063,21123.700000000063
2026-06-30 16:17:00,21253.62000000006,21776.060000000056
2026-06-30 17:17:00,21903.120000000057,22375.200000000055
2026-06-30 18:17:00,22007.140000000058,22210.540000000055
2026-06-30 19:17:00,22035.20000000006,22310.28000000005
2026-06-30 20:17:00,22033.60000000006,22220.920000000056
2026-06-30 21:17:00,22033.60000000006,22268.320000000058
2026-06-30 22:17:00,22033.60000000006,22190.200000000055
2026-06-30 23:17:00,22033.60000000006,22123.480000000058
2026-07-01 01:18:00,22032.40000000006,22032.40000000006
2026-07-01 02:18:00,22032.40000000006,22032.40000000006
2026-07-01 03:18:00,22032.40000000006,22032.40000000006
2026-07-01 04:18:00,21806.65000000006,21806.65000000006
2026-07-01 05:18:00,21806.65000000006,21806.65000000006
2026-07-01 06:18:00,21806.65000000006,21806.65000000006
2026-07-01 07:18:00,21806.65000000006,21806.65000000006
2026-07-01 08:18:00,21806.65000000006,21806.65000000006
2026-07-01 09:18:00,21806.65000000006,21806.65000000006
2026-07-01 10:18:00,21806.65000000006,21806.65000000006
2026-07-01 11:18:00,21806.65000000006,21806.65000000006
2026-07-01 12:18:00,21806.65000000006,21806.65000000006
2026-07-01 13:18:00,21806.65000000006,21806.65000000006
2026-07-01 14:18:00,21806.65000000006,21806.65000000006
2026-07-01 15:18:00,21806.65000000006,21806.65000000006
2026-07-01 16:18:00,21834.29000000006,21958.790000000055
2026-07-01 17:18:00,22325.400000000056,22325.400000000056
2026-07-01 18:18:00,22325.400000000056,22325.400000000056
2026-07-01 19:18:00,22325.400000000056,22325.400000000056
2026-07-01 20:18:00,22325.400000000056,22325.400000000056
2026-07-01 21:18:00,22325.400000000056,22325.400000000056
2026-07-01 22:18:00,22325.400000000056,22325.400000000056
2026-07-01 23:18:00,22325.400000000056,22325.400000000056
2026-07-02 01:19:00,22322.740000000056,22390.19000000006
2026-07-02 02:19:00,22352.740000000056,22405.410000000054
2026-07-02 03:19:00,22377.24000000006,22377.24000000006
2026-07-02 04:19:00,22377.24000000006,22377.24000000006
2026-07-02 05:19:00,22402.660000000058,22402.660000000058
2026-07-02 06:19:00,22402.660000000058,22402.660000000058
2026-07-02 07:19:00,22402.660000000058,22402.660000000058
2026-07-02 08:19:00,22402.660000000058,22402.660000000058
2026-07-02 09:19:00,22402.660000000058,22402.660000000058
2026-07-02 10:19:00,22402.660000000058,22402.660000000058
2026-07-02 11:19:00,22402.660000000058,22402.660000000058
2026-07-02 12:19:00,22402.660000000058,22402.660000000058
2026-07-02 13:19:00,22402.660000000058,22402.660000000058
2026-07-02 14:19:00,22402.660000000058,22402.660000000058
2026-07-02 15:19:00,22402.660000000058,22402.660000000058
2026-07-02 16:19:00,22402.660000000058,22402.660000000058
2026-07-02 17:19:00,22427.08000000006,22524.280000000053
2026-07-02 18:19:00,22425.580000000053,22425.580000000053
2026-07-02 19:19:00,22425.580000000053,22425.580000000053
2026-07-02 20:19:00,22425.580000000053,22425.580000000053
2026-07-02 21:19:00,22425.580000000053,22425.580000000053
2026-07-02 22:19:00,22425.580000000053,22425.580000000053
2026-07-02 23:19:00,22425.580000000053,22425.580000000053
2026-07-03 01:20:00,22425.580000000053,22425.580000000053
2026-07-03 02:20:00,22425.580000000053,22425.580000000053
2026-07-03 03:20:00,22425.580000000053,22425.580000000053
2026-07-03 04:20:00,22425.580000000053,22425.580000000053
2026-07-03 05:20:00,22425.580000000053,22425.580000000053
2026-07-03 06:20:00,22425.580000000053,22425.580000000053
2026-07-03 07:20:00,22425.580000000053,22425.580000000053
2026-07-03 08:20:00,22425.580000000053,22425.580000000053
2026-07-03 09:20:00,22447.730000000036,22427.97000000003
2026-07-03 10:23:00,22477.670000000035,22523.27000000003
2026-07-03 11:23:00,22477.670000000035,22637.570000000032
2026-07-03 12:23:00,22477.670000000035,22538.070000000032
2026-07-03 13:23:00,22477.670000000035,22602.370000000028
2026-07-03 14:23:00,22477.670000000035,22655.970000000034
2026-07-03 15:23:00,22477.670000000035,22546.97000000003
2026-07-03 16:23:00,22476.670000000035,22476.670000000035
2026-07-03 17:23:00,22502.830000000034,22602.37000000003
2026-07-03 18:23:00,22562.710000000032,22725.460000000036
2026-07-03 19:23:00,22562.710000000032,22665.310000000034
2026-07-06 01:22:00,22678.030000000035,22878.730000000036
2026-07-06 02:22:00,22678.030000000035,22951.270000000033
2026-07-06 03:22:00,23037.49000000003,23037.49000000003
2026-07-06 04:22:00,23124.450000000026,23124.450000000026
2026-07-06 05:22:00,23124.450000000026,23124.450000000026
2026-07-06 06:22:00,23124.450000000026,23124.450000000026
2026-07-06 07:22:00,23124.450000000026,23124.450000000026
2026-07-06 08:22:00,23124.450000000026,23124.450000000026
2026-07-06 09:22:00,23124.450000000026,23124.450000000026
2026-07-06 10:22:00,23124.450000000026,23124.450000000026
2026-07-06 11:22:00,23124.450000000026,23124.450000000026
2026-07-06 12:22:00,23124.450000000026,23124.450000000026
2026-07-06 13:22:00,23124.450000000026,23124.450000000026
2026-07-06 14:22:00,23124.450000000026,23124.450000000026
2026-07-06 15:22:00,23124.450000000026,23124.450000000026
2026-07-06 16:22:00,23124.450000000026,23124.450000000026
2026-07-06 17:22:00,23124.450000000026,23124.450000000026
2026-07-06 18:22:00,23124.450000000026,23124.450000000026
2026-07-06 19:22:00,23124.450000000026,23124.450000000026
2026-07-06 20:22:00,23124.450000000026,23124.450000000026
2026-07-06 21:22:00,23124.450000000026,23124.450000000026
2026-07-06 22:22:00,23124.450000000026,23124.450000000026
2026-07-06 23:22:00,23124.450000000026,23124.450000000026
2026-07-07 01:23:00,23124.450000000026,23124.450000000026
2026-07-07 02:23:00,23124.450000000026,23124.450000000026
2026-07-07 03:23:00,23124.450000000026,23124.450000000026
2026-07-07 04:23:00,23124.450000000026,23124.450000000026
2026-07-07 05:23:00,23124.450000000026,23124.450000000026
2026-07-07 06:23:00,23124.450000000026,23124.450000000026
2026-07-07 07:23:00,23124.450000000026,23124.450000000026
2026-07-07 08:23:00,23124.450000000026,23124.450000000026
2026-07-07 09:23:00,23124.450000000026,23124.450000000026
2026-07-07 10:23:00,23124.450000000026,23124.450000000026
2026-07-07 11:23:00,23124.450000000026,23124.450000000026
2026-07-07 12:23:00,23124.450000000026,23124.450000000026
2026-07-07 13:23:00,23124.450000000026,23124.450000000026
2026-07-07 14:23:00,23124.450000000026,23124.450000000026
2026-07-07 15:23:00,23124.450000000026,23124.450000000026
2026-07-07 16:23:00,23124.450000000026,23124.450000000026
2026-07-07 17:23:00,23124.450000000026,23124.450000000026
2026-07-07 18:23:00,23124.450000000026,23124.450000000026
2026-07-07 19:23:00,23124.450000000026,23124.450000000026
2026-07-07 20:23:00,23124.450000000026,23124.450000000026
2026-07-07 21:23:00,23124.450000000026,23124.450000000026
2026-07-07 22:23:00,23124.450000000026,23124.450000000026
2026-07-07 23:23:00,23124.450000000026,23124.450000000026
2026-07-08 01:24:00,23124.450000000026,23124.450000000026
2026-07-08 02:24:00,23124.450000000026,23124.450000000026
2026-07-08 03:24:00,23124.450000000026,23124.450000000026
2026-07-08 04:24:00,23124.450000000026,23124.450000000026
2026-07-08 05:24:00,23124.450000000026,23124.450000000026
2026-07-08 06:24:00,23124.450000000026,23124.450000000026
2026-07-08 07:24:00,23124.450000000026,23124.450000000026
2026-07-08 08:24:00,23124.450000000026,23124.450000000026
2026-07-08 09:24:00,23124.450000000026,23124.450000000026
2026-07-08 10:24:00,23124.450000000026,23124.450000000026
2026-07-08 11:24:00,23124.450000000026,23124.450000000026
2026-07-08 12:24:00,23124.450000000026,23124.450000000026
2026-07-08 13:24:00,23124.450000000026,23124.450000000026
2026-07-08 14:24:00,23124.450000000026,23124.450000000026
2026-07-08 15:24:00,23124.450000000026,23124.450000000026
2026-07-08 16:24:00,23124.450000000026,23124.450000000026
2026-07-08 17:24:00,23124.450000000026,23124.450000000026
2026-07-08 18:24:00,23124.450000000026,23124.450000000026
2026-07-08 19:24:00,23124.450000000026,23124.450000000026
2026-07-08 20:24:00,23124.450000000026,23124.450000000026
2026-07-08 21:24:00,23124.450000000026,23124.450000000026
2026-07-08 22:24:00,23124.450000000026,23124.450000000026
2026-07-08 23:24:00,23124.450000000026,23124.450000000026
2026-07-09 01:25:00,23124.450000000026,23124.450000000026
2026-07-09 02:25:00,23124.450000000026,23124.450000000026
2026-07-09 03:25:00,23124.450000000026,23124.450000000026
2026-07-09 04:25:00,23124.450000000026,23124.450000000026
2026-07-09 05:25:00,23124.450000000026,23124.450000000026
2026-07-09 06:25:00,23121.510000000028,23164.350000000028
2026-07-09 07:25:00,23151.51000000003,23151.51000000003
2026-07-09 08:25:00,23178.74000000003,23262.920000000027
2026-07-09 09:25:00,23170.240000000034,22919.360000000026
2026-07-09 10:25:00,23170.240000000034,22680.740000000038
2026-07-09 11:25:00,22495.450000000033,22312.170000000035
2026-07-09 12:25:00,22495.450000000033,22361.61000000003
2026-07-09 13:25:00,22495.450000000033,22391.29000000003
2026-07-09 14:25:00,22521.37000000003,22515.490000000027
2026-07-09 15:25:00,22368.17000000003,22466.97000000003
2026-07-09 16:25:00,22481.93000000003,22653.71000000003
2026-07-09 17:25:00,22481.93000000003,22645.550000000025
2026-07-09 18:25:00,22481.93000000003,22677.050000000025
2026-07-09 19:25:00,22481.93000000003,22678.91000000003
2026-07-09 20:25:00,22481.93000000003,22663.43000000003
2026-07-09 21:25:00,22481.93000000003,22646.93000000003
2026-07-09 22:25:00,22481.93000000003,22630.670000000027
2026-07-09 23:25:00,22481.93000000003,22637.45000000003
2026-07-10 01:26:00,22478.93000000003,22648.97000000003
2026-07-10 02:26:00,22478.93000000003,22638.230000000032
2026-07-10 03:26:00,22478.93000000003,22617.590000000026
2026-07-10 04:26:00,22478.93000000003,22633.550000000025
2026-07-10 05:26:00,22478.93000000003,22649.870000000028
2026-07-10 06:26:00,22478.93000000003,22648.97000000003
2026-07-10 07:26:00,22478.93000000003,22581.53000000003
2026-07-10 08:26:00,22478.93000000003,22587.11000000003
2026-07-10 09:26:00,22478.93000000003,22607.270000000033
2026-07-10 10:26:00,22478.93000000003,22583.630000000026
2026-07-10 11:26:00,22478.93000000003,22533.350000000028
2026-07-10 12:26:00,22478.33000000003,22478.33000000003
2026-07-10 13:26:00,22478.33000000003,22478.33000000003
2026-07-10 14:26:00,22478.33000000003,22478.33000000003
2026-07-10 15:26:00,22478.33000000003,22478.33000000003
2026-07-10 16:26:00,22478.33000000003,22478.33000000003
2026-07-10 17:26:00,22478.33000000003,22478.33000000003
2026-07-10 18:26:00,22478.33000000003,22478.33000000003
2026-07-10 19:26:00,22478.33000000003,22478.33000000003
2026-07-10 20:26:00,22478.33000000003,22478.33000000003
2026-07-10 21:26:00,22478.33000000003,22478.33000000003
2026-07-10 22:26:00,22478.33000000003,22478.33000000003
2026-07-10 23:26:00,22478.33000000003,22478.33000000003
2026-07-13 01:27:00,22426.53000000007,22426.53000000007
2026-07-13 02:27:00,22426.53000000007,22426.53000000007
2026-07-13 03:27:00,22426.53000000007,22426.53000000007
2026-07-13 04:27:00,22426.53000000007,22426.53000000007
2026-07-13 05:27:00,22426.53000000007,22426.53000000007
2026-07-13 06:27:00,22426.53000000007,22426.53000000007
2026-07-13 07:27:00,22426.53000000007,22426.53000000007
2026-07-13 08:27:00,22452.83000000007,22564.630000000063
2026-07-13 09:27:00,22632.53000000007,22709.33000000007
2026-07-13 10:27:00,22632.53000000007,22704.05000000007
2026-07-13 11:27:00,22631.730000000072,22631.730000000072
2026-07-13 12:27:00,22631.730000000072,22631.730000000072
2026-07-13 13:27:00,22631.730000000072,22631.730000000072
2026-07-13 14:27:00,22631.730000000072,22631.730000000072
2026-07-13 15:27:00,22631.730000000072,22631.730000000072
2026-07-13 16:27:00,22631.730000000072,22631.730000000072
2026-07-13 17:27:00,22631.730000000072,22631.730000000072
2026-07-13 18:27:00,22631.730000000072,22631.730000000072
2026-07-13 19:27:00,22631.730000000072,22631.730000000072
2026-07-13 20:27:00,22631.730000000072,22631.730000000072
2026-07-13 21:27:00,22631.730000000072,22631.730000000072
2026-07-13 22:27:00,22631.730000000072,22631.730000000072
2026-07-13 23:27:00,22631.730000000072,22631.730000000072
2026-07-14 01:28:00,22631.730000000072,22631.730000000072
2026-07-14 02:28:00,22631.730000000072,22631.730000000072
2026-07-14 03:28:00,22631.730000000072,22631.730000000072
2026-07-14 04:28:00,22631.730000000072,22631.730000000072
2026-07-14 05:28:00,22631.730000000072,22631.730000000072
2026-07-14 06:28:00,22631.730000000072,22631.730000000072
2026-07-14 07:28:00,22631.730000000072,22631.730000000072
2026-07-14 08:28:00,22631.730000000072,22631.730000000072
2026-07-14 09:28:00,22631.730000000072,22631.730000000072
2026-07-14 10:28:00,22631.730000000072,22631.730000000072
2026-07-14 11:28:00,22631.730000000072,22631.730000000072
2026-07-14 12:28:00,22631.730000000072,22631.730000000072
2026-07-14 13:28:00,22631.730000000072,22631.730000000072
2026-07-14 14:28:00,22631.730000000072,22631.730000000072
2026-07-14 15:28:00,22631.730000000072,22631.730000000072
2026-07-14 16:28:00,22726.230000000072,22827.930000000073
2026-07-14 17:28:00,22726.230000000072,22875.87000000007
2026-07-14 18:28:00,22726.230000000072,22826.970000000074
2026-07-14 19:28:00,22853.750000000073,22933.040000000074
2026-07-14 20:28:00,22853.750000000073,22938.320000000072
2026-07-14 21:28:00,22853.750000000073,22928.570000000072
2026-07-14 22:28:00,22853.750000000073,22916.110000000073
2026-07-14 23:28:00,22853.750000000073,22918.76000000007
2026-07-15 01:29:00,22847.60000000007,22909.45000000007
2026-07-15 02:29:00,22847.60000000007,22914.200000000073
2026-07-15 03:29:00,22847.60000000007,22922.58000000007
2026-07-15 04:29:00,22847.60000000007,22915.140000000072
2026-07-15 05:29:00,22656.450000000073,22860.990000000074
2026-07-15 06:29:00,22656.450000000073,22867.230000000072
2026-07-15 07:29:00,22656.450000000073,22859.340000000073
2026-07-15 08:29:00,22656.450000000073,22885.020000000073
2026-07-15 09:29:00,22656.450000000073,22881.000000000073
2026-07-15 10:29:00,22656.450000000073,22887.930000000073
2026-07-15 11:29:00,22656.450000000073,22881.210000000072
2026-07-15 12:29:00,22656.450000000073,22878.060000000074
2026-07-15 13:29:00,22656.450000000073,22873.710000000072
2026-07-15 14:29:00,22656.450000000073,22868.040000000074
2026-07-15 15:29:00,22656.450000000073,22841.640000000076
2026-07-15 16:29:00,22656.450000000073,22792.470000000074
2026-07-15 17:29:00,22656.450000000073,22785.570000000072
2026-07-15 18:29:00,22685.810000000067,22842.620000000068
2026-07-15 19:29:00,22685.810000000067,22885.370000000068
2026-07-15 20:29:00,22685.810000000067,22847.09000000007
2026-07-15 21:29:00,22685.810000000067,22766.270000000066
2026-07-15 22:29:00,22776.120000000068,23070.490000000067
2026-07-15 23:29:00,22776.120000000068,23017.790000000074
2026-07-16 01:30:00,22777.990000000067,23127.48000000005
2026-07-16 02:30:00,22877.620000000064,23278.230000000054
2026-07-16 03:30:00,22877.620000000064,23211.820000000065
2026-07-16 04:30:00,23192.720000000052,23538.880000000052
2026-07-16 05:30:00,23192.720000000052,23569.12000000005
2026-07-16 06:30:00,23192.720000000052,23574.300000000054
2026-07-16 07:30:00,23192.720000000052,23573.320000000054
2026-07-16 08:30:00,23192.720000000052,23619.170000000053
2026-07-16 09:30:00,23192.720000000052,23603.91000000005
2026-07-16 10:30:00,23192.720000000052,23644.02000000005
2026-07-16 11:30:00,23192.720000000052,23578.920000000053
2026-07-16 12:30:00,23192.720000000052,23581.16000000005
2026-07-16 13:30:00,23192.720000000052,23582.140000000054
2026-07-16 14:30:00,23192.720000000052,23640.380000000052
2026-07-16 15:30:00,23449.190000000053,23653.270000000055
2026-07-16 16:30:00,23776.75000000005,23776.75000000005
2026-07-16 17:30:00,23776.75000000005,23776.75000000005
2026-07-16 18:30:00,23776.75000000005,23776.75000000005
2026-07-16 19:30:00,23537.210000000036,23537.210000000036
2026-07-16 20:30:00,23537.210000000036,23537.210000000036
2026-07-16 21:30:00,23537.210000000036,23537.210000000036
2026-07-16 22:30:00,23537.210000000036,23537.210000000036
2026-07-16 23:30:00,23537.210000000036,23537.210000000036
2026-07-17 01:31:00,23537.210000000036,23537.210000000036
2026-07-17 02:31:00,23537.210000000036,23537.210000000036
2026-07-17 03:31:00,23537.210000000036,23537.210000000036
2026-07-17 04:31:00,23537.210000000036,23537.210000000036
2026-07-17 05:31:00,23537.210000000036,23537.210000000036
2026-07-17 06:31:00,23537.210000000036,23537.210000000036
2026-07-17 07:31:00,23537.210000000036,23537.210000000036
2026-07-17 08:31:00,23537.210000000036,23537.210000000036
2026-07-17 09:31:00,23537.210000000036,23537.210000000036
2026-07-17 10:31:00,23537.210000000036,23537.210000000036
2026-07-17 11:31:00,23537.210000000036,23537.210000000036
2026-07-17 12:31:00,23537.210000000036,23537.210000000036
2026-07-17 13:31:00,23537.210000000036,23537.210000000036
2026-07-17 14:31:00,23537.210000000036,23537.210000000036
2026-07-17 15:31:00,23537.210000000036,23537.210000000036
2026-07-17 16:31:00,23537.210000000036,23537.210000000036
2026-07-17 17:31:00,23537.210000000036,23537.210000000036
2026-07-17 18:31:00,23537.210000000036,23537.210000000036
2026-07-17 19:31:00,23537.210000000036,23537.210000000036
2026-07-17 20:31:00,23537.210000000036,23537.210000000036
2026-07-17 21:31:00,23537.210000000036,23537.210000000036
2026-07-17 22:31:00,23537.210000000036,23537.210000000036
2026-07-17 23:31:00,23537.210000000036,23537.210000000036
2026-07-20 01:32:00,23537.210000000036,23537.210000000036
2026-07-20 02:32:00,23537.210000000036,23537.210000000036
2026-07-20 03:32:00,23531.050000000036,23600.95000000002
2026-07-20 04:32:00,23070.56000000004,23070.56000000004
2026-07-20 05:32:00,23070.56000000004,23070.56000000004
2026-07-20 06:32:00,23068.32000000004,23138.560000000038
2026-07-20 07:32:00,23068.32000000004,23084.64000000004
2026-07-20 08:32:00,23102.12000000004,23244.080000000038
2026-07-20 09:32:00,23169.720000000038,23337.96000000004
2026-07-20 10:32:00,23169.720000000038,23287.80000000004
2026-07-20 11:32:00,23168.920000000035,23168.920000000035
2026-07-20 12:32:00,23168.920000000035,23168.920000000035
2026-07-20 13:32:00,23168.920000000035,23168.920000000035
2026-07-20 14:32:00,23168.920000000035,23168.920000000035
2026-07-20 15:32:00,23168.920000000035,23168.920000000035
2026-07-20 16:32:00,23168.920000000035,23168.920000000035
2026-07-20 17:32:00,23168.920000000035,23168.920000000035
2026-07-20 18:32:00,23195.730000000032,23256.450000000037
2026-07-20 19:32:00,23193.33000000003,23193.33000000003
2026-07-20 20:32:00,23193.33000000003,23193.33000000003
2026-07-20 21:32:00,23193.33000000003,23193.33000000003
2026-07-20 22:32:00,23193.33000000003,23193.33000000003
2026-07-20 23:32:00,23193.33000000003,23193.33000000003
2026-07-21 01:33:00,23193.33000000003,23193.33000000003
2026-07-21 02:33:00,23193.33000000003,23193.33000000003
2026-07-21 03:33:00,23193.33000000003,23193.33000000003
2026-07-21 04:33:00,23193.33000000003,23193.33000000003
2026-07-21 05:33:00,23193.33000000003,23193.33000000003
2026-07-21 06:33:00,23193.33000000003,23193.33000000003
2026-07-21 07:33:00,23193.33000000003,23193.33000000003
2026-07-21 08:33:00,23193.33000000003,23193.33000000003
2026-07-21 09:33:00,23193.33000000003,23193.33000000003
2026-07-21 10:33:00,23193.33000000003,23193.33000000003
2026-07-21 11:33:00,23193.33000000003,23193.33000000003
2026-07-21 12:33:00,23193.33000000003,23193.33000000003
2026-07-21 13:33:00,23193.33000000003,23193.33000000003
2026-07-21 14:33:00,23193.33000000003,23193.33000000003
2026-07-21 15:33:00,23193.33000000003,23193.33000000003
2026-07-21 16:33:00,23193.33000000003,23193.33000000003
2026-07-21 17:33:00,23193.33000000003,23193.33000000003
2026-07-21 18:33:00,23193.33000000003,23193.33000000003
2026-07-21 19:33:00,23193.33000000003,23193.33000000003
2026-07-21 20:33:00,23193.33000000003,23193.33000000003
2026-07-21 21:33:00,23193.33000000003,23193.33000000003
2026-07-21 22:33:00,23193.33000000003,23193.33000000003
2026-07-21 23:33:00,23193.33000000003,23193.33000000003
2026-07-22 01:34:00,23193.33000000003,23193.33000000003
2026-07-22 02:34:00,23193.33000000003,23193.33000000003
2026-07-22 03:34:00,23193.33000000003,23193.33000000003
2026-07-22 04:34:00,23193.33000000003,23193.33000000003
2026-07-22 05:34:00,23193.33000000003,23193.33000000003
2026-07-22 06:34:00,23193.33000000003,23193.33000000003
2026-07-22 07:34:00,23193.33000000003,23193.33000000003
2026-07-22 08:34:00,23193.33000000003,23193.33000000003
2026-07-22 09:34:00,23193.33000000003,23193.33000000003
2026-07-22 10:34:00,23193.33000000003,23193.33000000003
2026-07-22 11:34:00,23220.210000000032,23308.970000000034
2026-07-22 12:34:00,23220.210000000032,23301.410000000033
2026-07-22 13:34:00,23220.210000000032,23322.13000000004
2026-07-22 14:34:00,23220.210000000032,23336.830000000045
2026-07-22 15:34:00,23279.010000000035,23440.41000000004
2026-07-22 16:34:00,23278.01000000004,23278.01000000004
2026-07-22 17:34:00,23278.01000000004,23278.01000000004
2026-07-22 18:34:00,23278.01000000004,23278.01000000004
2026-07-22 19:34:00,23278.01000000004,23278.01000000004
2026-07-22 20:34:00,23278.01000000004,23278.01000000004
2026-07-22 21:34:00,23278.01000000004,23278.01000000004
2026-07-22 22:34:00,23278.01000000004,23278.01000000004
2026-07-22 23:34:00,23278.01000000004,23278.01000000004
2026-07-23 01:35:00,23278.01000000004,23278.01000000004
2026-07-23 02:35:00,23278.01000000004,23278.01000000004
2026-07-23 03:35:00,23278.01000000004,23278.01000000004
2026-07-23 04:35:00,23278.01000000004,23278.01000000004
2026-07-23 05:35:00,23278.01000000004,23278.01000000004
2026-07-23 06:35:00,23278.01000000004,23278.01000000004
2026-07-23 07:35:00,23278.01000000004,23278.01000000004
2026-07-23 08:35:00,23278.01000000004,23278.01000000004
2026-07-23 09:35:00,23278.01000000004,23278.01000000004
2026-07-23 10:35:00,23278.01000000004,23278.01000000004
2026-07-23 11:35:00,23278.01000000004,23278.01000000004
2026-07-23 12:35:00,23278.01000000004,23278.01000000004
2026-07-23 13:35:00,23278.01000000004,23278.01000000004
2026-07-23 14:35:00,23278.01000000004,23278.01000000004
2026-07-23 15:35:00,23278.01000000004,23278.01000000004
2026-07-23 16:35:00,23278.01000000004,23278.01000000004
2026-07-23 17:35:00,23278.01000000004,23278.01000000004
2026-07-23 18:35:00,23278.01000000004,23278.01000000004
2026-07-23 19:35:00,23278.01000000004,23278.01000000004
2026-07-23 20:35:00,23278.01000000004,23278.01000000004
2026-07-23 21:35:00,23278.01000000004,23278.01000000004
2026-07-23 22:35:00,23278.01000000004,23278.01000000004
2026-07-23 23:35:00,23278.01000000004,23278.01000000004
2026-07-24 01:36:00,23278.01000000004,23278.01000000004
2026-07-24 02:36:00,23278.01000000004,23278.01000000004
2026-07-24 03:36:00,23278.01000000004,23278.01000000004
2026-07-24 04:36:00,23278.01000000004,23278.01000000004
2026-07-24 05:36:00,23278.01000000004,23278.01000000004
2026-07-24 06:36:00,23278.01000000004,23278.01000000004
2026-07-24 07:36:00,23278.01000000004,23278.01000000004
2026-07-24 08:36:00,23278.01000000004,23278.01000000004
2026-07-24 09:36:00,23278.01000000004,23278.01000000004
2026-07-24 10:36:00,23278.01000000004,23278.01000000004
2026-07-24 11:36:00,23278.01000000004,23278.01000000004
2026-07-24 12:36:00,23278.01000000004,23278.01000000004
2026-07-24 13:36:00,23278.01000000004,23278.01000000004
2026-07-24 14:36:00,23278.01000000004,23278.01000000004
2026-07-24 15:36:00,23278.01000000004,23278.01000000004
2026-07-24 16:36:00,23278.01000000004,23278.01000000004
2026-07-24 17:36:00,23278.01000000004,23278.01000000004
2026-07-24 18:36:00,23278.01000000004,23278.01000000004
2026-07-24 19:36:00,23306.010000000042,23306.010000000042
2026-07-24 20:36:00,23306.010000000042,23306.010000000042
2026-07-24 21:36:00,23306.010000000042,23306.010000000042
2026-07-24 22:36:00,23306.010000000042,23306.010000000042
2026-07-24 23:36:00,23306.010000000042,23306.010000000042
2026-07-27 01:37:00,23306.010000000042,23306.010000000042
2026-07-27 02:37:00,23306.010000000042,23306.010000000042
2026-07-27 03:37:00,23306.010000000042,23306.010000000042
2026-07-27 04:37:00,23306.010000000042,23306.010000000042
2026-07-27 05:37:00,23306.010000000042,23306.010000000042
2026-07-27 06:37:00,23306.010000000042,23306.010000000042
2026-07-27 07:37:00,23306.010000000042,23306.010000000042
2026-07-27 08:37:00,23306.010000000042,23306.010000000042
2026-07-27 09:37:00,23306.010000000042,23306.010000000042
2026-07-27 10:37:00,23306.010000000042,23306.010000000042
2026-07-27 11:37:00,23306.010000000042,23306.010000000042
2026-07-27 12:37:00,23306.010000000042,23306.010000000042
2026-07-27 13:37:00,23306.010000000042,23306.010000000042
2026-07-27 14:37:00,23306.010000000042,23306.010000000042
2026-07-27 15:37:00,23306.010000000042,23306.010000000042
2026-07-27 16:37:00,23306.010000000042,23306.010000000042
2026-07-27 17:37:00,23306.010000000042,23306.010000000042
2026-07-27 18:37:00,23306.010000000042,23306.010000000042
2026-07-27 19:37:00,23306.010000000042,23306.010000000042
2026-07-27 20:37:00,23306.010000000042,23306.010000000042
2026-07-27 21:37:00,23306.010000000042,23306.010000000042
2026-07-27 22:37:00,23306.010000000042,23306.010000000042
2026-07-27 23:37:00,23306.010000000042,23306.010000000042
2026-07-28 01:38:00,23306.010000000042,23306.010000000042
2026-07-28 02:38:00,23306.010000000042,23306.010000000042
2026-07-28 03:38:00,23306.010000000042,23306.010000000042
2026-07-28 04:38:00,23306.010000000042,23306.010000000042
2026-07-28 05:38:00,23306.010000000042,23306.010000000042
2026-07-28 06:38:00,23306.010000000042,23306.010000000042
2026-07-28 07:38:00,23306.010000000042,23306.010000000042
2026-07-28 08:38:00,23306.010000000042,23306.010000000042
2026-07-28 09:38:00,23306.010000000042,23306.010000000042
2026-07-28 10:38:00,23306.010000000042,23306.010000000042
2026-07-28 11:38:00,23306.010000000042,23306.010000000042
2026-07-28 12:38:00,23306.010000000042,23306.010000000042
2026-07-28 13:38:00,23306.010000000042,23306.010000000042
2026-07-28 14:38:00,23306.010000000042,23306.010000000042
2026-07-28 15:38:00,23306.010000000042,23306.010000000042
2026-07-28 16:38:00,23306.010000000042,23306.010000000042
2026-07-28 17:38:00,23306.010000000042,23306.010000000042
2026-07-28 18:38:00,23306.010000000042,23306.010000000042
2026-07-28 19:38:00,23306.010000000042,23306.010000000042
2026-07-28 20:38:00,23306.010000000042,23306.010000000042
2026-07-28 21:38:00,23306.010000000042,23306.010000000042
2026-07-28 22:38:00,23306.010000000042,23306.010000000042
2026-07-28 23:38:00,23306.010000000042,23306.010000000042
2026-07-29 01:39:00,23306.010000000042,23306.010000000042
2026-07-29 02:39:00,23306.010000000042,23306.010000000042
2026-07-29 03:39:00,23306.010000000042,23306.010000000042
2026-07-29 04:39:00,23306.010000000042,23306.010000000042
2026-07-29 05:39:00,23306.010000000042,23306.010000000042
2026-07-29 06:39:00,23306.010000000042,23306.010000000042
2026-07-29 07:39:00,23306.010000000042,23306.010000000042
2026-07-29 08:39:00,23306.010000000042,23306.010000000042
2026-07-29 09:39:00,23306.010000000042,23306.010000000042
2026-07-29 10:39:00,23306.010000000042,23306.010000000042
2026-07-29 11:39:00,23306.010000000042,23306.010000000042
2026-07-29 12:39:00,23306.010000000042,23306.010000000042
2026-07-29 13:39:00,23306.010000000042,23306.010000000042
2026-07-29 14:39:00,23306.010000000042,23306.010000000042
2026-07-29 15:39:00,23306.010000000042,23306.010000000042
2026-07-29 16:39:00,23306.010000000042,23306.010000000042
2026-07-29 17:39:00,23306.010000000042,23306.010000000042
2026-07-29 18:39:00,23306.010000000042,23306.010000000042
2026-07-29 19:39:00,23306.010000000042,23306.010000000042
2026-07-29 20:39:00,23306.010000000042,23306.010000000042
2026-07-29 21:39:00,23306.010000000042,23306.010000000042
2026-07-29 22:39:00,23306.010000000042,23306.010000000042
2026-07-29 23:39:00,23306.010000000042,23306.010000000042
2026-07-30 01:40:00,23306.010000000042,23306.010000000042
2026-07-30 02:40:00,23306.010000000042,23306.010000000042
2026-07-30 03:40:00,23306.010000000042,23306.010000000042
2026-07-30 04:40:00,23306.010000000042,23306.010000000042
2026-07-30 05:40:00,23306.010000000042,23306.010000000042
2026-07-30 06:40:00,23306.010000000042,23306.010000000042
2026-07-30 07:40:00,23306.010000000042,23306.010000000042
2026-07-30 08:40:00,23304.890000000043,23327.850000000042
2026-07-30 09:40:00,23304.890000000043,23329.530000000042
2026-07-30 10:40:00,23098.190000000046,23152.850000000046
2026-07-30 11:40:00,23165.130000000045,23294.010000000046
2026-07-30 12:40:00,23165.130000000045,23292.850000000042
2026-07-30 13:40:00,23165.130000000045,23356.850000000042
2026-07-30 14:40:00,23165.130000000045,23345.610000000044
2026-07-30 15:40:00,23165.130000000045,23330.650000000045
2026-07-30 16:40:00,23165.130000000045,23394.970000000045
2026-07-30 17:40:00,23299.010000000046,23445.990000000045
2026-07-30 18:40:00,23299.010000000046,23435.690000000046
2026-07-30 19:40:00,23299.010000000046,23453.830000000045
2026-07-30 20:40:00,23299.010000000046,23443.710000000046
2026-07-30 21:40:00,23299.010000000046,23444.870000000046
2026-07-30 22:40:00,23299.010000000046,23460.630000000045
2026-07-30 23:40:00,23299.010000000046,23447.030000000046
2026-07-31 01:41:00,22809.180000000066,22963.720000000067
2026-07-31 02:41:00,22809.180000000066,22957.240000000063
2026-07-31 03:41:00,22809.180000000066,22927.280000000064
2026-07-31 04:41:00,22809.180000000066,22915.300000000065
2026-07-31 05:41:00,22809.180000000066,22905.040000000066
2026-07-31 06:41:00,22809.180000000066,22896.200000000066
2026-07-31 07:41:00,22809.180000000066,22903.860000000066
2026-07-31 08:41:00,22809.180000000066,22898.540000000066
2026-07-31 09:41:00,22809.180000000066,22900.960000000065
2026-07-31 10:41:00,22809.180000000066,22889.440000000068
2026-07-31 11:41:00,22809.180000000066,22860.400000000067
2026-07-31 12:41:00,22809.180000000066,22847.680000000066
2026-07-31 13:41:00,22809.180000000066,22850.860000000066
2026-07-31 14:41:00,22809.180000000066,22848.080000000067
2026-07-31 15:41:00,22809.180000000066,22833.660000000065
2026-07-31 16:41:00,22808.980000000065,22808.980000000065
2026-07-31 17:41:00,22808.980000000065,22808.980000000065
2026-07-31 18:41:00,22808.980000000065,22808.980000000065
2026-07-31 19:41:00,22808.980000000065,22808.980000000065
2026-07-31 20:41:00,22808.980000000065,22808.980000000065
2026-07-31 21:41:00,22808.980000000065,22808.980000000065
2026-07-31 22:41:00,22808.980000000065,22808.980000000065
2026-07-31 23:41:00,22808.980000000065,22808.980000000065
2026-08-03 01:42:00,22808.980000000065,22808.980000000065
2026-08-03 02:42:00,22808.980000000065,22808.980000000065
2026-08-03 03:42:00,22808.980000000065,22808.980000000065
2026-08-03 04:42:00,22808.980000000065,22808.980000000065
2026-08-03 05:42:00,22808.980000000065,22808.980000000065
2026-08-03 06:42:00,22808.980000000065,22808.980000000065
2026-08-03 07:42:00,22808.980000000065,22808.980000000065
2026-08-03 08:42:00,22808.980000000065,22808.980000000065
2026-08-03 09:42:00,22808.980000000065,22808.980000000065
2026-08-03 10:42:00,22808.980000000065,22808.980000000065
2026-08-03 11:42:00,22808.980000000065,22808.980000000065
2026-08-03 12:42:00,22808.980000000065,22808.980000000065
2026-08-03 13:42:00,22808.980000000065,22808.980000000065
2026-08-03 14:42:00,22808.980000000065,22808.980000000065
2026-08-03 15:42:00,22808.980000000065,22808.980000000065
2026-08-03 16:42:00,22808.980000000065,22808.980000000065
2026-08-03 17:42:00,22808.980000000065,22808.980000000065
2026-08-03 18:42:00,22808.980000000065,22808.980000000065
2026-08-03 19:42:00,22808.980000000065,22808.980000000065
2026-08-03 20:42:00,22808.980000000065,22808.980000000065
2026-08-03 21:42:00,22808.980000000065,22808.980000000065
2026-08-03 22:42:00,22808.980000000065,22808.980000000065
2026-08-03 23:42:00,22808.980000000065,22808.980000000065
2026-08-04 01:43:00,22808.980000000065,22808.980000000065
2026-08-04 02:43:00,22808.980000000065,22808.980000000065
2026-08-04 03:43:00,22808.980000000065,22808.980000000065
2026-08-04 04:43:00,22808.980000000065,22808.980000000065
2026-08-04 05:43:00,22808.980000000065,22808.980000000065
2026-08-04 06:43:00,22808.980000000065,22808.980000000065
2026-08-04 07:43:00,22808.980000000065,22808.980000000065
2026-08-04 08:43:00,22808.980000000065,22808.980000000065
2026-08-04 09:43:00,22808.980000000065,22808.980000000065
2026-08-04 10:43:00,22808.980000000065,22808.980000000065
2026-08-04 11:43:00,22808.980000000065,22808.980000000065
2026-08-04 12:43:00,22808.980000000065,22808.980000000065
2026-08-04 13:43:00,22808.980000000065,22808.980000000065
2026-08-04 14:43:00,22808.980000000065,22808.980000000065
2026-08-04 15:43:00,22808.980000000065,22808.980000000065
2026-08-04 16:43:00,22808.980000000065,22808.980000000065
2026-08-04 17:43:00,22808.980000000065,22808.980000000065
2026-08-04 18:43:00,22808.980000000065,22808.980000000065
2026-08-04 19:43:00,22808.980000000065,22808.980000000065
2026-08-04 20:43:00,22808.980000000065,22808.980000000065
2026-08-04 21:43:00,22808.980000000065,22808.980000000065
2026-08-04 22:43:00,22808.980000000065,22808.980000000065
2026-08-04 23:43:00,22808.980000000065,22808.980000000065
2026-08-05 01:44:00,22808.980000000065,22808.980000000065
2026-08-05 02:44:00,22808.980000000065,22808.980000000065
2026-08-05 03:44:00,22808.980000000065,22808.980000000065
2026-08-05 04:44:00,22808.980000000065,22808.980000000065
2026-08-05 05:44:00,22808.980000000065,22808.980000000065
2026-08-05 06:44:00,22808.980000000065,22808.980000000065
2026-08-05 07:44:00,22808.980000000065,22808.980000000065
2026-08-05 08:44:00,22808.980000000065,22808.980000000065
2026-08-05 09:44:00,22808.980000000065,22808.980000000065
2026-08-05 10:44:00,22808.980000000065,22808.980000000065
2026-08-05 11:44:00,22808.980000000065,22808.980000000065
2026-08-05 12:44:00,22806.880000000067,22820.680000000066
2026-08-05 13:44:00,22806.880000000067,22776.130000000063
2026-08-05 14:44:00,22888.330000000064,23137.360000000066
2026-08-05 15:44:00,22996.900000000063,23221.960000000057
2026-08-05 16:44:00,22996.900000000063,23239.72000000006
2026-08-05 17:44:00,23431.18000000006,23431.18000000006
2026-08-05 18:44:00,23431.18000000006,23431.18000000006
2026-08-05 19:44:00,23542.75000000006,23880.79000000005
2026-08-05 20:44:00,23611.450000000055,23948.350000000057
2026-08-05 21:44:00,23719.450000000055,24121.450000000055
2026-08-05 22:44:00,23719.450000000055,24046.69000000006
2026-08-05 23:44:00,23719.450000000055,23954.050000000057
2026-08-06 01:45:00,23792.140000000043,24168.700000000033
2026-08-06 02:45:00,24389.42000000003,24858.950000000033
2026-08-06 03:45:00,24389.42000000003,24977.12000000003
2026-08-06 04:45:00,24821.42000000003,25006.340000000033
2026-08-06 05:45:00,24821.42000000003,24990.410000000033
2026-08-06 06:45:00,24821.42000000003,24927.35000000003
2026-08-06 07:45:00,24821.42000000003,24921.02000000003
2026-08-06 08:45:00,24821.42000000003,24940.43000000003
2026-08-06 09:45:00,24821.42000000003,24915.38000000003
2026-08-06 10:45:00,24821.42000000003,24904.31000000003
2026-08-06 11:45:00,24821.42000000003,24964.61000000003
2026-08-06 12:45:00,24821.42000000003,24968.39000000003
2026-08-06 13:45:00,24821.42000000003,24939.590000000033
2026-08-06 14:45:00,24821.42000000003,24916.04000000003
2026-08-06 15:45:00,24821.42000000003,24943.340000000033
2026-08-06 16:45:00,24576.620000000024,24705.140000000025
2026-08-06 17:45:00,24576.620000000024,24721.880000000026
2026-08-06 18:45:00,24081.86000000004,24155.30000000004
2026-08-06 19:45:00,24081.56000000004,24081.56000000004
2026-08-06 20:45:00,24081.56000000004,24081.56000000004
2026-08-06 21:45:00,24081.56000000004,24081.56000000004
2026-08-06 22:45:00,24081.56000000004,24081.56000000004
2026-08-06 23:45:00,24081.56000000004,24081.56000000004
2026-08-07 01:46:00,24081.56000000004,24081.56000000004
2026-08-07 02:46:00,24081.56000000004,24081.56000000004
2026-08-07 03:46:00,24081.56000000004,24081.56000000004
2026-08-07 04:46:00,24081.56000000004,24081.56000000004
2026-08-07 05:46:00,24081.56000000004,24081.56000000004
2026-08-07 06:46:00,24081.56000000004,24081.56000000004
2026-08-07 07:46:00,24081.56000000004,24081.56000000004
2026-08-07 08:46:00,24081.56000000004,24081.56000000004
2026-08-07 09:46:00,24081.56000000004,24081.56000000004
2026-08-07 10:46:00,24081.56000000004,24081.56000000004
2026-08-07 11:46:00,24081.56000000004,24081.56000000004
2026-08-07 12:46:00,24081.56000000004,24081.56000000004
2026-08-07 13:46:00,24081.56000000004,24081.56000000004
2026-08-07 14:46:00,24081.56000000004,24081.56000000004
2026-08-07 15:46:00,24081.56000000004,24081.56000000004
2026-08-07 16:46:00,24081.56000000004,24081.56000000004
2026-08-07 17:46:00,24081.56000000004,24081.56000000004
2026-08-07 18:46:00,24081.56000000004,24081.56000000004
2026-08-07 19:46:00,24081.56000000004,24081.56000000004
2026-08-07 20:46:00,24081.56000000004,24081.56000000004
2026-08-07 21:46:00,24081.56000000004,24081.56000000004
2026-08-07 22:46:00,24081.56000000004,24081.56000000004
2026-08-07 23:46:00,24081.56000000004,24081.56000000004
2026-08-10 01:47:00,24081.56000000004,24081.56000000004
2026-08-10 02:47:00,24081.56000000004,24081.56000000004
2026-08-10 03:47:00,24081.56000000004,24081.56000000004
2026-08-10 04:47:00,24075.120000000043,23723.960000000072
2026-08-10 05:47:00,24102.660000000044,24214.960000000043
2026-08-10 06:47:00,24165.300000000047,24326.790000000063
2026-08-10 07:47:00,24255.560000000056,24625.160000000047
2026-08-10 08:47:00,24439.120000000057,24963.34000000006
2026-08-10 09:47:00,24439.120000000057,25268.320000000072
2026-08-10 10:47:00,24578.24000000006,25344.36000000006
2026-08-10 11:47:00,24578.24000000006,25091.580000000064
2026-08-10 12:47:00,24578.24000000006,25001.16000000007
2026-08-10 13:47:00,24578.24000000006,24868.50000000006
2026-08-10 14:47:00,24578.24000000006,24825.380000000056
2026-08-10 15:47:00,24576.440000000068,24607.080000000067
2026-08-10 16:47:00,24576.440000000068,24597.96000000007
2026-08-10 17:47:00,24576.04000000007,24576.04000000007
2026-08-10 18:47:00,24576.04000000007,24576.04000000007
2026-08-10 19:47:00,24576.04000000007,24576.04000000007
2026-08-10 20:47:00,24576.04000000007,24576.04000000007
2026-08-10 21:47:00,24576.04000000007,24576.04000000007
2026-08-10 22:47:00,24576.04000000007,24576.04000000007
2026-08-10 23:47:00,24576.04000000007,24576.04000000007
2026-08-11 01:48:00,24576.04000000007,24576.04000000007
2026-08-11 02:48:00,24576.04000000007,24576.04000000007
2026-08-11 03:48:00,24576.04000000007,24576.04000000007
2026-08-11 04:48:00,24322.660000000065,24322.660000000065
2026-08-11 05:48:00,24322.660000000065,24322.660000000065
2026-08-11 06:48:00,24348.73000000007,24421.450000000073
2026-08-11 07:48:00,24347.53000000007,24347.53000000007
2026-08-11 08:48:00,24347.53000000007,24347.53000000007
2026-08-11 09:48:00,24347.53000000007,24347.53000000007
2026-08-11 10:48:00,24347.53000000007,24347.53000000007
2026-08-11 11:48:00,24347.53000000007,24347.53000000007
2026-08-11 12:48:00,24347.53000000007,24347.53000000007
2026-08-11 13:48:00,24347.53000000007,24347.53000000007
2026-08-11 14:48:00,24347.53000000007,24347.53000000007
2026-08-11 15:48:00,24347.53000000007,24347.53000000007
2026-08-11 16:48:00,24347.53000000007,24347.53000000007
2026-08-11 17:48:00,24347.53000000007,24347.53000000007
2026-08-11 18:48:00,24347.53000000007,24347.53000000007
2026-08-11 19:48:00,24347.53000000007,24347.53000000007
2026-08-11 20:48:00,24347.53000000007,24347.53000000007
2026-08-11 21:48:00,24347.53000000007,24347.53000000007
2026-08-11 22:48:00,24347.53000000007,24347.53000000007
2026-08-11 23:48:00,24347.53000000007,24347.53000000007
2026-08-12 01:49:00,24347.53000000007,24347.53000000007
2026-08-12 02:49:00,24347.53000000007,24347.53000000007
2026-08-12 03:49:00,24347.53000000007,24347.53000000007
2026-08-12 04:49:00,24347.53000000007,24347.53000000007
2026-08-12 05:49:00,24347.53000000007,24347.53000000007
2026-08-12 06:49:00,24347.53000000007,24347.53000000007
2026-08-12 07:49:00,24347.53000000007,24347.53000000007
2026-08-12 08:49:00,24347.53000000007,24347.53000000007
2026-08-12 09:49:00,24347.53000000007,24347.53000000007
2026-08-12 10:49:00,24347.53000000007,24347.53000000007
2026-08-12 11:49:00,24347.53000000007,24347.53000000007
2026-08-12 12:49:00,24347.53000000007,24347.53000000007
2026-08-12 13:49:00,24347.53000000007,24347.53000000007
2026-08-12 14:49:00,24347.53000000007,24347.53000000007
2026-08-12 15:49:00,24575.010000000082,24575.010000000082
2026-08-12 16:49:00,24575.010000000082,24575.010000000082
2026-08-12 17:49:00,24575.010000000082,24575.010000000082
2026-08-12 18:49:00,24575.010000000082,24575.010000000082
2026-08-12 19:49:00,24575.010000000082,24575.010000000082
2026-08-12 20:49:00,24575.010000000082,24575.010000000082
2026-08-12 21:49:00,24575.010000000082,24575.010000000082
2026-08-12 22:49:00,24575.010000000082,24575.010000000082
2026-08-12 23:49:00,24575.010000000082,24575.010000000082
2026-08-13 01:50:00,24575.010000000082,24575.010000000082
2026-08-13 02:50:00,24575.010000000082,24575.010000000082
2026-08-13 03:50:00,24575.010000000082,24575.010000000082
2026-08-13 04:50:00,24575.010000000082,24575.010000000082
2026-08-13 05:50:00,24575.010000000082,24575.010000000082
2026-08-13 06:50:00,24575.010000000082,24575.010000000082
2026-08-13 07:50:00,24575.010000000082,24575.010000000082
2026-08-13 08:50:00,24575.010000000082,24575.010000000082
2026-08-13 09:50:00,24575.010000000082,24575.010000000082
2026-08-13 10:50:00,24575.010000000082,24575.010000000082
2026-08-13 11:50:00,24575.010000000082,24575.010000000082
2026-08-13 12:50:00,24575.010000000082,24575.010000000082
2026-08-13 13:50:00,24575.010000000082,24575.010000000082
2026-08-13 14:50:00,24575.010000000082,24575.010000000082
2026-08-13 15:50:00,24674.070000000087,24674.070000000087
2026-08-13 16:50:00,24674.070000000087,24674.070000000087
2026-08-13 17:50:00,24674.070000000087,24674.070000000087
2026-08-13 18:50:00,24674.070000000087,24674.070000000087
2026-08-13 19:50:00,24674.070000000087,24674.070000000087
2026-08-13 20:50:00,24674.070000000087,24674.070000000087
2026-08-13 21:50:00,24674.070000000087,24674.070000000087
2026-08-13 22:50:00,24674.070000000087,24674.070000000087
2026-08-13 23:50:00,24674.070000000087,24674.070000000087
2026-08-14 01:51:00,24674.070000000087,24674.070000000087
2026-08-14 02:51:00,24674.070000000087,24674.070000000087
2026-08-14 03:51:00,24674.070000000087,24674.070000000087
2026-08-14 04:51:00,24674.070000000087,24674.070000000087
2026-08-14 05:51:00,24674.070000000087,24674.070000000087
2026-08-14 06:51:00,24674.070000000087,24674.070000000087
2026-08-14 07:51:00,24674.070000000087,24674.070000000087
2026-08-14 08:51:00,24674.070000000087,24674.070000000087
2026-08-14 09:51:00,24674.070000000087,24674.070000000087
2026-08-14 10:51:00,24674.070000000087,24674.070000000087
2026-08-14 11:51:00,24674.070000000087,24674.070000000087
2026-08-14 12:51:00,24674.070000000087,24674.070000000087
2026-08-14 13:51:00,24674.070000000087,24674.070000000087
2026-08-14 14:51:00,24674.070000000087,24674.070000000087
2026-08-14 15:51:00,24674.070000000087,24674.070000000087
2026-08-14 16:51:00,24671.13000000009,24717.750000000073
2026-08-14 17:51:00,24704.480000000098,24704.480000000098
2026-08-14 18:51:00,24704.480000000098,24704.480000000098
2026-08-14 19:51:00,24704.480000000098,24704.480000000098
2026-08-14 20:51:00,24704.480000000098,24704.480000000098
2026-08-14 21:51:00,24704.480000000098,24704.480000000098
2026-08-14 22:51:00,24704.480000000098,24704.480000000098
2026-08-14 23:51:00,24704.480000000098,24704.480000000098
2026-08-17 01:52:00,24704.480000000098,24704.480000000098
2026-08-17 02:52:00,24704.480000000098,24704.480000000098
2026-08-17 03:52:00,24704.480000000098,24704.480000000098
2026-08-17 04:52:00,24704.480000000098,24704.480000000098
2026-08-17 05:52:00,24704.480000000098,24704.480000000098
2026-08-17 06:52:00,24704.480000000098,24704.480000000098
2026-08-17 07:52:00,24704.480000000098,24704.480000000098
2026-08-17 08:52:00,24704.480000000098,24704.480000000098
2026-08-17 09:52:00,24704.480000000098,24704.480000000098
2026-08-17 10:52:00,24704.480000000098,24704.480000000098
2026-08-17 11:52:00,24704.480000000098,24704.480000000098
2026-08-17 12:52:00,24704.480000000098,24704.480000000098
2026-08-17 13:52:00,24704.480000000098,24704.480000000098
2026-08-17 14:52:00,24704.480000000098,24704.480000000098
2026-08-17 15:52:00,24729.90000000008,24708.840000000084
2026-08-17 16:52:00,24761.73000000008,24931.130000000077
2026-08-17 17:52:00,24825.42000000008,25055.930000000073
2026-08-17 18:52:00,24825.42000000008,25092.330000000078
2026-08-17 19:52:00,24952.80000000008,25100.32000000008
2026-08-17 20:52:00,24952.80000000008,25080.160000000076
2026-08-17 21:52:00,24952.80000000008,25036.60000000008
2026-08-17 22:52:00,24952.80000000008,25079.76000000008
2026-08-17 23:52:00,24952.80000000008,25070.520000000077
2026-08-18 01:53:00,24950.80000000008,25062.240000000078
2026-08-18 02:53:00,24950.80000000008,25099.720000000078
2026-08-18 03:53:00,24950.80000000008,25123.720000000078
2026-08-18 04:53:00,24950.80000000008,25028.96000000008
2026-08-18 05:53:00,24950.80000000008,24998.840000000077
2026-08-18 06:53:00,24950.80000000008,24980.720000000078
2026-08-18 07:53:00,24950.80000000008,24985.32000000008
2026-08-18 08:53:00,24950.80000000008,24992.60000000008
2026-08-18 09:53:00,24950.80000000008,25000.76000000008
2026-08-18 10:53:00,24950.80000000008,25000.520000000077
2026-08-18 11:53:00,24950.80000000008,24978.76000000008
2026-08-18 12:53:00,24950.80000000008,24980.60000000008
2026-08-18 13:53:00,24950.80000000008,24996.000000000076
2026-08-18 14:53:00,24950.80000000008,24969.96000000008
2026-08-18 15:53:00,24950.80000000008,24986.92000000008
2026-08-18 16:53:00,24950.400000000078,24950.400000000078
2026-08-18 17:53:00,24463.240000000103,24463.240000000103
2026-08-18 18:53:00,24463.240000000103,24463.240000000103
2026-08-18 19:53:00,24463.240000000103,24463.240000000103
2026-08-18 20:53:00,24463.240000000103,24463.240000000103
2026-08-18 21:53:00,24463.240000000103,24463.240000000103
2026-08-18 22:53:00,24463.240000000103,24463.240000000103
2026-08-18 23:53:00,24463.240000000103,24463.240000000103
2026-08-19 01:54:00,24463.240000000103,24463.240000000103
2026-08-19 02:54:00,24463.240000000103,24463.240000000103
2026-08-19 03:54:00,24463.240000000103,24463.240000000103
2026-08-19 04:54:00,24939.370000000097,25334.77000000009
2026-08-19 05:54:00,24939.370000000097,25345.120000000086
2026-08-19 06:54:00,24939.370000000097,25370.92000000009
2026-08-19 07:54:00,24939.370000000097,25208.320000000087
2026-08-19 08:54:00,24939.370000000097,25066.870000000097
2026-08-19 09:54:00,24939.370000000097,25249.870000000094
2026-08-19 10:54:00,24939.370000000097,25366.420000000086
2026-08-19 11:54:00,24939.370000000097,25409.170000000093
2026-08-19 12:54:00,24939.370000000097,25430.170000000086
2026-08-19 13:54:00,25226.650000000096,25550.010000000097
2026-08-19 14:54:00,25580.73000000009,25580.73000000009
2026-08-19 15:54:00,24832.990000000063,24832.990000000063
2026-08-19 16:54:00,24832.990000000063,24832.990000000063
2026-08-19 17:54:00,24832.990000000063,24832.990000000063
2026-08-19 18:54:00,24832.990000000063,24832.990000000063
2026-08-19 19:54:00,24832.990000000063,24832.990000000063
2026-08-19 20:54:00,24832.990000000063,24832.990000000063
2026-08-19 21:54:00,24832.990000000063,24832.990000000063
2026-08-19 22:54:00,24832.990000000063,24832.990000000063
2026-08-19 23:54:00,24832.990000000063,24832.990000000063
2026-08-20 01:55:00,24832.990000000063,24832.990000000063
2026-08-20 02:55:00,24887.810000000063,24887.810000000063
2026-08-20 03:55:00,24887.810000000063,24887.810000000063
2026-08-20 04:55:00,24882.630000000063,24819.320000000065
2026-08-20 05:55:00,24943.870000000057,25010.470000000052
2026-08-20 06:55:00,24943.870000000057,25131.370000000057
2026-08-20 07:55:00,24942.37000000005,24942.37000000005
2026-08-20 08:55:00,24942.37000000005,24942.37000000005
2026-08-20 09:55:00,24942.37000000005,24942.37000000005
2026-08-20 10:55:00,24942.37000000005,24942.37000000005
2026-08-20 11:55:00,24942.37000000005,24942.37000000005
2026-08-20 12:55:00,24942.37000000005,24942.37000000005
2026-08-20 13:55:00,24942.37000000005,24942.37000000005
2026-08-20 14:55:00,24942.37000000005,24942.37000000005
2026-08-20 15:55:00,24942.37000000005,24942.37000000005
2026-08-20 16:55:00,24942.37000000005,24942.37000000005
2026-08-20 17:55:00,24942.37000000005,24942.37000000005
2026-08-20 18:55:00,24942.37000000005,24942.37000000005
2026-08-20 19:55:00,24942.37000000005,24942.37000000005
2026-08-20 20:55:00,24942.37000000005,24942.37000000005
2026-08-20 21:55:00,24942.37000000005,24942.37000000005
2026-08-20 22:55:00,24942.37000000005,24942.37000000005
2026-08-20 23:55:00,24942.37000000005,24942.37000000005
2026-08-21 01:56:00,24942.37000000005,24942.37000000005
2026-08-21 02:56:00,24942.37000000005,24942.37000000005
2026-08-21 03:56:00,24942.37000000005,24942.37000000005
2026-08-21 04:56:00,24942.37000000005,24942.37000000005
2026-08-21 05:56:00,24942.37000000005,24942.37000000005
2026-08-21 06:56:00,24938.59000000005,24982.600000000028
2026-08-21 07:56:00,25036.510000000042,25187.26000000003
2026-08-21 08:56:00,25035.01000000004,25035.01000000004
2026-08-21 09:56:00,25035.01000000004,25035.01000000004
2026-08-21 10:56:00,25035.01000000004,25035.01000000004
2026-08-21 11:56:00,25035.01000000004,25035.01000000004
2026-08-21 12:56:00,25035.01000000004,25035.01000000004
2026-08-21 13:56:00,25035.01000000004,25035.01000000004
2026-08-21 14:56:00,25035.01000000004,25035.01000000004
2026-08-21 15:56:00,25062.250000000015,25062.250000000015
2026-08-21 16:56:00,25062.250000000015,25062.250000000015
2026-08-21 17:56:00,25062.250000000015,25062.250000000015
2026-08-21 18:56:00,25062.250000000015,25062.250000000015
2026-08-21 19:56:00,25062.250000000015,25062.250000000015
2026-08-21 20:56:00,25062.250000000015,25062.250000000015
2026-08-21 21:56:00,25062.250000000015,25062.250000000015
2026-08-21 22:56:00,25062.250000000015,25062.250000000015
2026-08-21 23:56:00,25062.250000000015,25062.250000000015
2026-08-24 01:57:00,25062.250000000015,25062.250000000015
2026-08-24 02:57:00,25062.250000000015,25062.250000000015
2026-08-24 03:57:00,25060.150000000016,24991.60000000002
2026-08-24 04:57:00,24822.250000000022,24822.250000000022
2026-08-24 05:57:00,24822.250000000022,24822.250000000022
2026-08-24 06:57:00,24822.250000000022,24822.250000000022
2026-08-24 07:57:00,24822.250000000022,24822.250000000022
2026-08-24 08:57:00,24822.250000000022,24822.250000000022
2026-08-24 09:57:00,24822.250000000022,24822.250000000022
2026-08-24 10:57:00,24822.250000000022,24822.250000000022
2026-08-24 11:57:00,24822.250000000022,24822.250000000022
2026-08-24 12:57:00,24822.250000000022,24822.250000000022
2026-08-24 13:57:00,24822.250000000022,24822.250000000022
2026-08-24 14:57:00,24822.250000000022,24822.250000000022
2026-08-24 15:57:00,24822.250000000022,24822.250000000022
2026-08-24 16:57:00,24822.250000000022,24822.250000000022
2026-08-24 17:57:00,24822.250000000022,24822.250000000022
2026-08-24 18:57:00,24822.250000000022,24822.250000000022
2026-08-24 19:57:00,24822.250000000022,24822.250000000022
2026-08-24 20:57:00,24822.250000000022,24822.250000000022
2026-08-24 21:57:00,24926.09000000003,24926.09000000003
2026-08-24 22:57:00,24926.09000000003,24926.09000000003
2026-08-24 23:57:00,24926.09000000003,24926.09000000003
2026-08-25 01:58:00,24926.09000000003,24926.09000000003
2026-08-25 02:58:00,24926.09000000003,24926.09000000003
2026-08-25 03:58:00,24926.09000000003,24926.09000000003
2026-08-25 04:58:00,24926.09000000003,24926.09000000003
2026-08-25 05:58:00,24926.09000000003,24926.09000000003
2026-08-25 06:58:00,24926.09000000003,24926.09000000003
2026-08-25 07:58:00,24926.09000000003,24926.09000000003
2026-08-25 08:58:00,24926.09000000003,24926.09000000003
2026-08-25 09:58:00,24926.09000000003,24926.09000000003
2026-08-25 10:58:00,24926.09000000003,24926.09000000003
2026-08-25 11:58:00,24926.09000000003,24926.09000000003
2026-08-25 12:58:00,24926.09000000003,24926.09000000003
2026-08-25 13:58:00,24926.09000000003,24926.09000000003
2026-08-25 14:58:00,24926.09000000003,24926.09000000003
2026-08-25 15:58:00,24926.09000000003,24926.09000000003
2026-08-25 16:58:00,24926.09000000003,24926.09000000003
2026-08-25 17:58:00,24926.09000000003,24926.09000000003
2026-08-25 18:58:00,24924.97000000003,24948.490000000027
2026-08-25 19:58:00,24924.97000000003,25025.770000000033
2026-08-25 20:58:00,24960.97000000003,24997.51000000003
2026-08-25 21:58:00,24960.37000000004,24960.37000000004
2026-08-25 22:58:00,24960.37000000004,24960.37000000004
2026-08-25 23:58:00,24960.37000000004,24960.37000000004
2026-08-26 01:59:00,24960.37000000004,24960.37000000004
2026-08-26 02:59:00,24960.37000000004,24960.37000000004
2026-08-26 03:59:00,24960.37000000004,24960.37000000004
2026-08-26 04:59:00,24960.37000000004,24960.37000000004
2026-08-26 05:59:00,24960.37000000004,24960.37000000004
2026-08-26 06:59:00,24960.37000000004,24960.37000000004
2026-08-26 07:59:00,24960.37000000004,24960.37000000004
2026-08-26 08:59:00,24960.37000000004,24960.37000000004
2026-08-26 09:59:00,24960.37000000004,24960.37000000004
2026-08-26 10:59:00,24960.37000000004,24960.37000000004
2026-08-26 11:59:00,24988.950000000037,25073.910000000025
2026-08-26 12:59:00,24987.15000000003,24987.15000000003
2026-08-26 13:59:00,24987.15000000003,24987.15000000003
2026-08-26 14:59:00,24987.15000000003,24987.15000000003
2026-08-26 15:59:00,24987.15000000003,24987.15000000003
2026-08-26 16:59:00,24987.15000000003,24987.15000000003
2026-08-26 17:59:00,24987.15000000003,24987.15000000003
2026-08-26 18:59:00,24987.15000000003,24987.15000000003
2026-08-26 19:59:00,24987.15000000003,24987.15000000003
2026-08-26 20:59:00,24987.15000000003,24987.15000000003
2026-08-26 21:59:00,24987.15000000003,24987.15000000003
2026-08-26 22:59:00,24987.15000000003,24987.15000000003
2026-08-27 01:00:00,24987.15000000003,24987.15000000003
2026-08-27 02:00:00,24985.47000000003,24995.43000000003
2026-08-27 03:00:00,24985.47000000003,24821.43000000003
2026-08-27 04:00:00,24985.47000000003,25050.51000000003
2026-08-27 05:00:00,24740.790000000023,24740.790000000023
2026-08-27 06:00:00,24740.790000000023,24740.790000000023
2026-08-27 07:00:00,24740.790000000023,24740.790000000023
2026-08-27 08:00:00,24740.790000000023,24740.790000000023
2026-08-27 09:00:00,24513.890000000007,24513.890000000007
2026-08-27 10:00:00,24513.890000000007,24513.890000000007
2026-08-27 11:00:00,24513.890000000007,24513.890000000007
2026-08-27 12:00:00,24513.890000000007,24513.890000000007
2026-08-27 13:00:00,24513.890000000007,24513.890000000007
2026-08-27 14:00:00,24513.890000000007,24513.890000000007
2026-08-27 15:00:00,24513.890000000007,24513.890000000007
2026-08-27 16:00:00,24513.890000000007,24513.890000000007
2026-08-27 17:00:00,24540.21000000002,24540.21000000002
2026-08-27 18:00:00,24540.21000000002,24540.21000000002
2026-08-27 19:00:00,24540.21000000002,24540.21000000002
2026-08-27 20:00:00,24540.21000000002,24540.21000000002
2026-08-27 21:00:00,24540.21000000002,24540.21000000002
2026-08-27 22:00:00,24540.21000000002,24540.21000000002
2026-08-27 23:00:00,24540.21000000002,24540.21000000002
2026-08-28 01:01:00,24540.21000000002,24540.21000000002
2026-08-28 02:01:00,24540.21000000002,24540.21000000002
2026-08-28 03:01:00,24535.17000000002,24537.330000000034
2026-08-28 04:01:00,24568.92000000004,24568.92000000004
2026-08-28 05:01:00,24568.92000000004,24568.92000000004
2026-08-28 06:01:00,24568.92000000004,24568.92000000004
2026-08-28 07:01:00,24568.92000000004,24568.92000000004
2026-08-28 08:01:00,24568.92000000004,24568.92000000004
2026-08-28 09:01:00,24568.92000000004,24568.92000000004
2026-08-28 10:01:00,24568.92000000004,24568.92000000004
2026-08-28 11:01:00,24568.92000000004,24568.92000000004
2026-08-28 12:01:00,24568.92000000004,24568.92000000004
2026-08-28 13:01:00,24568.92000000004,24568.92000000004
2026-08-28 14:01:00,24568.92000000004,24568.92000000004
2026-08-28 15:01:00,24560.660000000036,24300.470000000045
2026-08-28 16:01:00,24625.600000000006,24625.600000000006
2026-08-28 17:01:00,24625.600000000006,24625.600000000006
2026-08-28 18:01:00,24625.600000000006,24625.600000000006
2026-08-28 19:01:00,24625.600000000006,24625.600000000006
2026-08-28 20:01:00,24625.600000000006,24625.600000000006
2026-08-28 21:01:00,24625.600000000006,24625.600000000006
2026-08-28 22:01:00,24625.600000000006,24625.600000000006
2026-08-28 23:01:00,24625.600000000006,24625.600000000006
2026-08-31 01:02:00,24625.600000000006,24625.600000000006
2026-08-31 02:02:00,24625.600000000006,24625.600000000006
2026-08-31 03:02:00,24625.600000000006,24625.600000000006
2026-08-31 04:02:00,24625.600000000006,24625.600000000006
2026-08-31 05:02:00,24625.600000000006,24625.600000000006
2026-08-31 06:02:00,24623.640000000003,24724.640000000003
2026-08-31 07:02:00,24646.360000000004,24659.670000000002
2026-08-31 08:02:00,24676.32,24943.279999999984
2026-08-31 09:02:00,24877.859999999993,25242.619999999988
2026-08-31 10:02:00,24877.859999999993,25308.76999999998
2026-08-31 11:02:00,24877.859999999993,25526.539999999997
2026-08-31 12:02:00,24877.859999999993,25300.369999999988
2026-08-31 13:02:00,24877.859999999993,25462.90999999998
2026-08-31 14:02:00,24938.27999999999,25663.93999999998
2026-08-31 15:02:00,25341.95999999999,25722.859999999986
2026-08-31 16:02:00,25341.95999999999,25528.659999999985
2026-08-31 17:02:00,25341.359999999993,25379.399999999994
2026-08-31 18:02:00,25341.359999999993,25413.519999999993
2026-08-31 19:02:00,25341.359999999993,25423.319999999992
2026-08-31 20:02:00,25341.359999999993,25429.59999999999
2026-08-31 21:02:00,25341.359999999993,25426.159999999993
2026-08-31 22:02:00,25341.359999999993,25421.919999999995
2026-08-31 23:02:00,25341.359999999993,25513.43999999999
2026-09-01 01:03:00,25339.359999999993,25502.11999999999
2026-09-01 02:03:00,25339.359999999993,25481.27999999999
2026-09-01 03:03:00,25339.359999999993,25500.919999999995
2026-09-01 04:03:00,25339.359999999993,25490.359999999993
2026-09-01 05:03:00,25339.359999999993,25473.999999999993
2026-09-01 06:03:00,25339.359999999993,25452.879999999994
2026-09-01 07:03:00,25339.359999999993,25440.239999999994
2026-09-01 08:03:00,25339.359999999993,25410.959999999992
2026-09-01 09:03:00,25339.359999999993,25439.879999999994
2026-09-01 10:03:00,25339.359999999993,25422.199999999993
2026-09-01 11:03:00,25339.359999999993,25345.839999999993
2026-09-01 12:03:00,25338.959999999995,25338.959999999995
2026-09-01 13:03:00,25338.959999999995,25338.959999999995
2026-09-01 14:03:00,25338.959999999995,25338.959999999995
2026-09-01 15:03:00,25338.959999999995,25338.959999999995
2026-09-01 16:03:00,25338.959999999995,25338.959999999995
2026-09-01 17:03:00,25338.959999999995,25338.959999999995
2026-09-01 18:03:00,25338.959999999995,25338.959999999995
2026-09-01 19:03:00,25338.959999999995,25338.959999999995
2026-09-01 20:03:00,25338.959999999995,25338.959999999995
2026-09-01 21:03:00,25338.959999999995,25338.959999999995
2026-09-01 22:03:00,25338.959999999995,25338.959999999995
2026-09-01 23:03:00,25338.959999999995,25338.959999999995
2026-09-02 01:04:00,25338.959999999995,25338.959999999995
2026-09-02 02:04:00,25338.959999999995,25338.959999999995
2026-09-02 03:04:00,25338.959999999995,25338.959999999995
2026-09-02 04:04:00,25338.959999999995,25338.959999999995
2026-09-02 05:04:00,25338.959999999995,25338.959999999995
2026-09-02 06:04:00,25338.959999999995,25338.959999999995
2026-09-02 07:04:00,25338.959999999995,25338.959999999995
2026-09-02 08:04:00,25338.959999999995,25338.959999999995
2026-09-02 09:04:00,25338.959999999995,25338.959999999995
2026-09-02 10:04:00,25338.959999999995,25338.959999999995
2026-09-02 11:04:00,25338.959999999995,25338.959999999995
2026-09-02 12:04:00,25338.959999999995,25338.959999999995
2026-09-02 13:04:00,25338.959999999995,25338.959999999995
2026-09-02 14:04:00,25338.959999999995,25338.959999999995
2026-09-02 15:04:00,25338.959999999995,25338.959999999995
2026-09-02 16:04:00,25338.959999999995,25338.959999999995
2026-09-02 17:04:00,25338.959999999995,25338.959999999995
2026-09-02 18:04:00,25079.260000000002,25079.260000000002
2026-09-02 19:04:00,25079.260000000002,25079.260000000002
2026-09-02 20:04:00,25079.260000000002,25079.260000000002
2026-09-02 21:04:00,25079.260000000002,25079.260000000002
2026-09-02 22:04:00,25079.260000000002,25079.260000000002
2026-09-02 23:04:00,25079.260000000002,25079.260000000002
2026-09-03 01:05:00,25079.260000000002,25079.260000000002
2026-09-03 02:05:00,25079.260000000002,25079.260000000002
2026-09-03 03:05:00,25079.260000000002,25079.260000000002
2026-09-03 04:05:00,25079.260000000002,25079.260000000002
2026-09-03 05:05:00,25079.260000000002,25079.260000000002
2026-09-03 06:05:00,25079.260000000002,25079.260000000002
2026-09-03 07:05:00,25079.260000000002,25079.260000000002
2026-09-03 08:05:00,25079.260000000002,25079.260000000002
2026-09-03 09:05:00,25079.260000000002,25079.260000000002
2026-09-03 10:05:00,25079.260000000002,25079.260000000002
2026-09-03 11:05:00,25079.260000000002,25079.260000000002
2026-09-03 12:05:00,25079.260000000002,25079.260000000002
2026-09-03 13:05:00,25079.260000000002,25079.260000000002
2026-09-03 14:05:00,25079.260000000002,25079.260000000002
2026-09-03 15:05:00,25079.260000000002,25079.260000000002
2026-09-03 16:05:00,25078.420000000002,25053.280000000006
2026-09-03 17:05:00,25100.460000000003,25202.06
2026-09-03 18:05:00,25099.960000000006,25099.960000000006
2026-09-03 19:05:00,25135.150000000005,25260.790000000005
2026-09-03 20:05:00,25135.150000000005,25273.660000000007
2026-09-03 21:05:00,25135.150000000005,25302.460000000006
2026-09-03 22:05:00,25208.890000000007,25377.430000000008
2026-09-03 23:05:00,25208.890000000007,25394.950000000008
2026-09-04 01:06:00,25209.790000000008,25372.15000000001
2026-09-04 02:06:00,25209.790000000008,25395.67000000001
2026-09-04 03:06:00,25209.790000000008,25339.09000000001
2026-09-04 04:06:00,25209.790000000008,25368.610000000008
2026-09-04 05:06:00,25209.790000000008,25354.990000000005
2026-09-04 06:06:00,25209.790000000008,25390.570000000007
2026-09-04 07:06:00,25209.790000000008,25424.110000000008
2026-09-04 08:06:00,25209.790000000008,25418.41000000001
2026-09-04 09:06:00,25209.790000000008,25406.05000000001
2026-09-04 10:06:00,25209.790000000008,25437.43000000001
2026-09-04 11:06:00,25209.790000000008,25330.93000000001
2026-09-04 12:06:00,25209.790000000008,25386.31000000001
2026-09-04 13:06:00,25209.790000000008,25416.250000000007
2026-09-04 14:06:00,25209.790000000008,25408.87000000001
2026-09-04 15:06:00,25209.790000000008,25415.530000000006
2026-09-04 16:06:00,25391.74,25391.74
2026-09-04 17:06:00,25391.74,25391.74
2026-09-04 18:06:00,25391.74,25391.74
2026-09-04 19:06:00,25391.74,25391.74
2026-09-04 20:06:00,25391.74,25391.74
2026-09-04 21:06:00,25391.74,25391.74
2026-09-04 22:06:00,25391.74,25391.74
2026-09-04 23:06:00,25391.74,25391.74
2026-09-04 23:58:00,25391.74,25391.74
