time,balance,equity
2025-09-01 01:00:00,10000.0,10000.0
2025-09-01 02:00:00,10000.0,10000.0
2025-09-01 03:00:00,10000.0,10000.0
2025-09-01 04:00:00,10000.0,10000.0
2025-09-01 05:00:00,10000.0,10000.0
2025-09-01 06:00:00,10000.0,10000.0
2025-09-01 07:00:00,10000.0,10000.0
2025-09-01 08:00:00,10000.0,10000.0
2025-09-01 09:00:00,10000.0,10000.0
2025-09-01 10:00:00,10000.0,10000.0
2025-09-01 11:00:00,10000.0,10000.0
2025-09-01 12:00:00,10000.0,10000.0
2025-09-01 13:00:00,10000.0,10000.0
2025-09-01 14:00:00,10000.0,10000.0
2025-09-01 15:00:00,10000.0,10000.0
2025-09-01 16:00:00,10000.0,10000.0
2025-09-01 17:00:00,10000.0,10000.0
2025-09-01 18:00:00,10031.67,10082.820000000002
2025-09-01 19:00:00,10031.67,10106.249999999996
2025-09-01 20:00:00,10031.67,10069.619999999999
2025-09-01 21:00:00,10031.67,10061.039999999995
2025-09-02 01:29:00,10033.32,10054.0
2025-09-02 02:29:00,10032.220000000001,10032.220000000001
2025-09-02 03:29:00,10032.220000000001,10032.220000000001
2025-09-02 04:29:00,10032.220000000001,10032.220000000001
2025-09-02 05:29:00,10032.220000000001,10032.220000000001
2025-09-02 06:29:00,10032.220000000001,10032.220000000001
2025-09-02 07:29:00,10032.220000000001,10032.220000000001
2025-09-02 08:29:00,10032.220000000001,10032.220000000001
2025-09-02 09:29:00,10032.220000000001,10032.220000000001
2025-09-02 10:29:00,10032.220000000001,10032.220000000001
2025-09-02 11:29:00,10032.220000000001,10032.220000000001
2025-09-02 12:29:00,10032.220000000001,10032.220000000001
2025-09-02 13:29:00,10032.220000000001,10032.220000000001
2025-09-02 14:29:00,10032.220000000001,10032.220000000001
2025-09-02 15:29:00,10032.220000000001,10032.220000000001
2025-09-02 16:29:00,10032.220000000001,10032.220000000001
2025-09-02 17:29:00,10032.220000000001,10032.220000000001
2025-09-02 18:29:00,10032.220000000001,10032.220000000001
2025-09-02 19:29:00,10032.220000000001,10032.220000000001
2025-09-02 20:29:00,10032.220000000001,10032.220000000001
2025-09-02 21:29:00,10032.220000000001,10032.220000000001
2025-09-02 22:29:00,10032.220000000001,10032.220000000001
2025-09-02 23:29:00,10032.220000000001,10032.220000000001
2025-09-03 01:30:00,10032.220000000001,10032.220000000001
2025-09-03 02:30:00,10031.03,9973.059999999996
2025-09-03 03:30:00,10120.229999999998,10142.279999999997
2025-09-03 04:30:00,10120.229999999998,10160.879999999996
2025-09-03 05:30:00,10120.229999999998,10165.879999999996
2025-09-03 06:30:00,10119.729999999996,10119.729999999996
2025-09-03 07:30:00,10119.729999999996,10119.729999999996
2025-09-03 08:30:00,10119.729999999996,10119.729999999996
2025-09-03 09:30:00,10119.729999999996,10119.729999999996
2025-09-03 10:30:00,10119.729999999996,10119.729999999996
2025-09-03 11:30:00,10119.729999999996,10119.729999999996
2025-09-03 12:30:00,10119.729999999996,10119.729999999996
2025-09-03 13:30:00,10119.729999999996,10119.729999999996
2025-09-03 14:30:00,10119.729999999996,10119.729999999996
2025-09-03 15:30:00,10119.729999999996,10119.729999999996
2025-09-03 16:30:00,10119.729999999996,10119.729999999996
2025-09-03 17:30:00,10119.729999999996,10119.729999999996
2025-09-03 18:30:00,10119.729999999996,10119.729999999996
2025-09-03 19:30:00,10119.729999999996,10119.729999999996
2025-09-03 20:30:00,10119.729999999996,10119.729999999996
2025-09-03 21:30:00,10119.729999999996,10119.729999999996
2025-09-03 22:30:00,10119.729999999996,10119.729999999996
2025-09-03 23:30:00,10119.729999999996,10119.729999999996
2025-09-04 01:31:00,10119.729999999996,10119.729999999996
2025-09-04 02:31:00,10119.729999999996,10119.729999999996
2025-09-04 03:31:00,10119.729999999996,10119.729999999996
2025-09-04 04:31:00,10119.729999999996,10119.729999999996
2025-09-04 05:31:00,10119.729999999996,10119.729999999996
2025-09-04 06:31:00,10119.729999999996,10119.729999999996
2025-09-04 07:31:00,10119.729999999996,10119.729999999996
2025-09-04 08:31:00,10119.729999999996,10119.729999999996
2025-09-04 09:31:00,10119.729999999996,10119.729999999996
2025-09-04 10:31:00,10119.729999999996,10119.729999999996
2025-09-04 11:31:00,10119.729999999996,10119.729999999996
2025-09-04 12:31:00,10119.729999999996,10119.729999999996
2025-09-04 13:31:00,10119.729999999996,10119.729999999996
2025-09-04 14:31:00,10119.729999999996,10119.729999999996
2025-09-04 15:31:00,10119.729999999996,10119.729999999996
2025-09-04 16:31:00,10119.729999999996,10119.729999999996
2025-09-04 17:31:00,10119.729999999996,10119.729999999996
2025-09-04 18:31:00,10119.729999999996,10119.729999999996
2025-09-04 19:31:00,10119.729999999996,10119.729999999996
2025-09-04 20:31:00,10119.729999999996,10119.729999999996
2025-09-04 21:31:00,10119.729999999996,10119.729999999996
2025-09-04 22:31:00,10119.729999999996,10119.729999999996
2025-09-04 23:31:00,10119.729999999996,10119.729999999996
2025-09-05 01:32:00,10119.729999999996,10119.729999999996
2025-09-05 02:32:00,10119.729999999996,10119.729999999996
2025-09-05 03:32:00,10119.729999999996,10119.729999999996
2025-09-05 04:32:00,10119.729999999996,10119.729999999996
2025-09-05 05:32:00,10119.729999999996,10119.729999999996
2025-09-05 06:32:00,10119.729999999996,10119.729999999996
2025-09-05 07:32:00,10119.729999999996,10119.729999999996
2025-09-05 08:32:00,10119.729999999996,10119.729999999996
2025-09-05 09:32:00,10119.729999999996,10119.729999999996
2025-09-05 10:32:00,10119.729999999996,10119.729999999996
2025-09-05 11:32:00,10119.729999999996,10119.729999999996
2025-09-05 12:32:00,10119.729999999996,10119.729999999996
2025-09-05 13:32:00,10119.729999999996,10119.729999999996
2025-09-05 14:32:00,10119.729999999996,10119.729999999996
2025-09-05 15:32:00,10119.729999999996,10119.729999999996
2025-09-05 16:32:00,10119.729999999996,10119.729999999996
2025-09-05 17:32:00,10119.729999999996,10119.729999999996
2025-09-05 18:32:00,10119.729999999996,10119.729999999996
2025-09-05 19:32:00,10119.729999999996,10119.729999999996
2025-09-05 20:32:00,10119.729999999996,10119.729999999996
2025-09-05 21:32:00,10119.729999999996,10119.729999999996
2025-09-05 22:32:00,10119.729999999996,10119.729999999996
2025-09-05 23:32:00,10119.729999999996,10119.729999999996
2025-09-08 01:33:00,10119.729999999996,10119.729999999996
2025-09-08 02:33:00,10119.729999999996,10119.729999999996
2025-09-08 03:33:00,10119.729999999996,10119.729999999996
2025-09-08 04:33:00,10119.729999999996,10119.729999999996
2025-09-08 05:33:00,10119.729999999996,10119.729999999996
2025-09-08 06:33:00,10119.729999999996,10119.729999999996
2025-09-08 07:33:00,10119.729999999996,10119.729999999996
2025-09-08 08:33:00,10119.729999999996,10119.729999999996
2025-09-08 09:33:00,10119.729999999996,10119.729999999996
2025-09-08 10:33:00,10119.729999999996,10119.729999999996
2025-09-08 11:33:00,10119.729999999996,10119.729999999996
2025-09-08 12:33:00,10119.729999999996,10119.729999999996
2025-09-08 13:33:00,10119.729999999996,10119.729999999996
2025-09-08 14:33:00,10119.729999999996,10119.729999999996
2025-09-08 15:33:00,10119.729999999996,10119.729999999996
2025-09-08 16:33:00,10119.729999999996,10119.729999999996
2025-09-08 17:33:00,10119.729999999996,10119.729999999996
2025-09-08 18:33:00,10119.729999999996,10119.729999999996
2025-09-08 19:33:00,10119.729999999996,10119.729999999996
2025-09-08 20:33:00,10119.729999999996,10119.729999999996
2025-09-08 21:33:00,10119.729999999996,10119.729999999996
2025-09-08 22:33:00,10119.729999999996,10119.729999999996
2025-09-08 23:33:00,10119.729999999996,10119.729999999996
2025-09-09 01:34:00,10119.729999999996,10119.729999999996
2025-09-09 02:34:00,10119.729999999996,10119.729999999996
2025-09-09 03:34:00,10119.729999999996,10119.729999999996
2025-09-09 04:34:00,10119.729999999996,10119.729999999996
2025-09-09 05:34:00,10119.729999999996,10119.729999999996
2025-09-09 06:34:00,10119.729999999996,10119.729999999996
2025-09-09 07:34:00,10119.729999999996,10119.729999999996
2025-09-09 08:34:00,10119.729999999996,10119.729999999996
2025-09-09 09:34:00,10119.729999999996,10119.729999999996
2025-09-09 10:34:00,10119.729999999996,10119.729999999996
2025-09-09 11:34:00,10119.729999999996,10119.729999999996
2025-09-09 12:34:00,10119.729999999996,10119.729999999996
2025-09-09 13:34:00,10119.729999999996,10119.729999999996
2025-09-09 14:34:00,10119.729999999996,10119.729999999996
2025-09-09 15:34:00,10119.729999999996,10119.729999999996
2025-09-09 16:34:00,10119.729999999996,10119.729999999996
2025-09-09 17:34:00,10119.729999999996,10119.729999999996
2025-09-09 18:34:00,10119.729999999996,10119.729999999996
2025-09-09 19:34:00,10119.729999999996,10119.729999999996
2025-09-09 20:34:00,10119.729999999996,10119.729999999996
2025-09-09 21:34:00,10119.729999999996,10119.729999999996
2025-09-09 22:34:00,10119.729999999996,10119.729999999996
2025-09-09 23:34:00,10119.729999999996,10119.729999999996
2025-09-10 01:35:00,10119.729999999996,10119.729999999996
2025-09-10 02:35:00,10119.729999999996,10119.729999999996
2025-09-10 03:35:00,10119.729999999996,10119.729999999996
2025-09-10 04:35:00,10119.729999999996,10119.729999999996
2025-09-10 05:35:00,10119.729999999996,10119.729999999996
2025-09-10 06:35:00,10119.729999999996,10119.729999999996
2025-09-10 07:35:00,10119.729999999996,10119.729999999996
2025-09-10 08:35:00,10119.729999999996,10119.729999999996
2025-09-10 09:35:00,10119.729999999996,10119.729999999996
2025-09-10 10:35:00,10119.729999999996,10119.729999999996
2025-09-10 11:35:00,10119.729999999996,10119.729999999996
2025-09-10 12:35:00,10119.729999999996,10119.729999999996
2025-09-10 13:35:00,10119.729999999996,10119.729999999996
2025-09-10 14:35:00,10130.909999999996,10176.909999999996
2025-09-10 15:35:00,10155.089999999997,10203.529999999997
2025-09-10 16:35:00,10203.479999999996,10226.959999999995
2025-09-10 17:35:00,10203.479999999996,10212.159999999996
2025-09-10 18:35:00,10203.479999999996,10250.319999999996
2025-09-10 19:35:00,10203.479999999996,10270.519999999997
2025-09-10 20:35:00,10203.479999999996,10249.839999999997
2025-09-10 21:35:00,10203.479999999996,10241.999999999996
2025-09-10 22:35:00,10203.479999999996,10285.239999999996
2025-09-10 23:35:00,10203.479999999996,10273.679999999997
2025-09-11 01:36:00,10204.079999999996,10270.199999999997
2025-09-11 02:36:00,10204.079999999996,10261.799999999996
2025-09-11 03:36:00,10204.079999999996,10256.359999999995
2025-09-11 04:36:00,10204.079999999996,10258.719999999996
2025-09-11 05:36:00,10204.079999999996,10281.479999999996
2025-09-11 06:36:00,10204.079999999996,10304.119999999995
2025-09-11 07:36:00,10204.079999999996,10304.359999999995
2025-09-11 08:36:00,10254.819999999996,10436.279999999997
2025-09-11 09:36:00,10382.46,10382.46
2025-09-11 10:36:00,10382.46,10382.46
2025-09-11 11:36:00,10382.46,10382.46
2025-09-11 12:36:00,10382.46,10382.46
2025-09-11 13:36:00,10382.46,10382.46
2025-09-11 14:36:00,10382.46,10382.46
2025-09-11 15:36:00,10382.46,10382.46
2025-09-11 16:36:00,10382.46,10382.46
2025-09-11 17:36:00,10382.46,10382.46
2025-09-11 18:36:00,10382.46,10382.46
2025-09-11 19:36:00,10382.46,10382.46
2025-09-11 20:36:00,10382.46,10382.46
2025-09-11 21:36:00,10382.46,10382.46
2025-09-11 22:36:00,10382.46,10382.46
2025-09-11 23:36:00,10382.46,10382.46
2025-09-12 01:37:00,10382.46,10382.46
2025-09-12 02:37:00,10382.46,10382.46
2025-09-12 03:37:00,10382.46,10382.46
2025-09-12 04:37:00,10382.46,10382.46
2025-09-12 05:37:00,10382.46,10382.46
2025-09-12 06:37:00,10382.46,10382.46
2025-09-12 07:37:00,10382.46,10382.46
2025-09-12 08:37:00,10382.46,10382.46
2025-09-12 09:37:00,10382.46,10382.46
2025-09-12 10:37:00,10382.46,10382.46
2025-09-12 11:37:00,10382.46,10382.46
2025-09-12 12:37:00,10382.46,10382.46
2025-09-12 13:37:00,10382.46,10382.46
2025-09-12 14:37:00,10382.46,10382.46
2025-09-12 15:37:00,10382.46,10382.46
2025-09-12 16:37:00,10382.46,10382.46
2025-09-12 17:37:00,10382.46,10382.46
2025-09-12 18:37:00,10381.619999999999,10388.94
2025-09-12 19:37:00,10381.619999999999,10391.94
2025-09-12 20:37:00,10381.619999999999,10427.460000000001
2025-09-12 21:37:00,10381.619999999999,10408.980000000001
2025-09-12 22:37:00,10381.619999999999,10365.18
2025-09-12 23:37:00,10381.619999999999,10334.099999999999
2025-09-15 01:38:00,10375.619999999999,10319.220000000001
2025-09-15 02:38:00,10282.380000000001,10282.380000000001
2025-09-15 03:38:00,10282.380000000001,10282.380000000001
2025-09-15 04:38:00,10282.380000000001,10282.380000000001
2025-09-15 05:38:00,10282.380000000001,10282.380000000001
2025-09-15 06:38:00,10282.380000000001,10282.380000000001
2025-09-15 07:38:00,10282.380000000001,10282.380000000001
2025-09-15 08:38:00,10282.380000000001,10282.380000000001
2025-09-15 09:38:00,10282.380000000001,10282.380000000001
2025-09-15 10:38:00,10281.26,10303.500000000005
2025-09-15 11:38:00,10299.460000000001,10327.540000000003
2025-09-15 12:38:00,10298.260000000002,10298.260000000002
2025-09-15 13:38:00,10298.260000000002,10298.260000000002
2025-09-15 14:38:00,10298.260000000002,10298.260000000002
2025-09-15 15:38:00,10298.260000000002,10298.260000000002
2025-09-15 16:38:00,10298.260000000002,10298.260000000002
2025-09-15 17:38:00,10298.260000000002,10298.260000000002
2025-09-15 18:38:00,10298.260000000002,10298.260000000002
2025-09-15 19:38:00,10298.260000000002,10298.260000000002
2025-09-15 20:38:00,10298.260000000002,10298.260000000002
2025-09-15 21:38:00,10298.260000000002,10298.260000000002
2025-09-15 22:38:00,10298.260000000002,10298.260000000002
2025-09-15 23:38:00,10298.260000000002,10298.260000000002
2025-09-16 01:39:00,10350.56,10475.329999999998
2025-09-16 02:39:00,10350.56,10467.89
2025-09-16 03:39:00,10423.7,10578.230000000001
2025-09-16 04:39:00,10449.84,10543.069999999996
2025-09-16 05:39:00,10455.119999999995,10545.149999999994
2025-09-16 06:39:00,10454.419999999995,10544.239999999994
2025-09-16 07:39:00,10454.419999999995,10523.359999999993
2025-09-16 08:39:00,10454.419999999995,10544.779999999995
2025-09-16 09:39:00,10454.419999999995,10588.249999999993
2025-09-16 10:39:00,10454.419999999995,10594.099999999995
2025-09-16 11:39:00,10454.419999999995,10642.249999999993
2025-09-16 12:39:00,10673.839999999997,10673.839999999997
2025-09-16 13:39:00,10673.839999999997,10673.839999999997
2025-09-16 14:39:00,10673.839999999997,10673.839999999997
2025-09-16 15:39:00,10673.839999999997,10673.839999999997
2025-09-16 16:39:00,10673.839999999997,10673.839999999997
2025-09-16 17:39:00,10673.839999999997,10673.839999999997
2025-09-16 18:39:00,10673.839999999997,10673.839999999997
2025-09-16 19:39:00,10673.839999999997,10673.839999999997
2025-09-16 20:39:00,10673.839999999997,10673.839999999997
2025-09-16 21:39:00,10673.839999999997,10673.839999999997
2025-09-16 22:39:00,10673.839999999997,10673.839999999997
2025-09-16 23:39:00,10673.839999999997,10673.839999999997
2025-09-17 01:40:00,10673.839999999997,10673.839999999997
2025-09-17 02:40:00,10673.839999999997,10673.839999999997
2025-09-17 03:40:00,10673.839999999997,10673.839999999997
2025-09-17 04:40:00,10673.839999999997,10673.839999999997
2025-09-17 05:40:00,10673.839999999997,10673.839999999997
2025-09-17 06:40:00,10682.389999999987,10682.389999999987
2025-09-17 07:40:00,10682.389999999987,10682.389999999987
2025-09-17 08:40:00,10682.389999999987,10682.389999999987
2025-09-17 09:40:00,10682.389999999987,10682.389999999987
2025-09-17 10:40:00,10682.389999999987,10682.389999999987
2025-09-17 11:40:00,10682.389999999987,10682.389999999987
2025-09-17 12:40:00,10682.389999999987,10682.389999999987
2025-09-17 13:40:00,10682.389999999987,10682.389999999987
2025-09-17 14:40:00,10682.389999999987,10682.389999999987
2025-09-17 15:40:00,10682.389999999987,10682.389999999987
2025-09-17 16:40:00,10682.389999999987,10682.389999999987
2025-09-17 17:40:00,10682.389999999987,10682.389999999987
2025-09-17 18:40:00,10682.389999999987,10682.389999999987
2025-09-17 19:40:00,10682.389999999987,10682.389999999987
2025-09-17 20:40:00,10682.389999999987,10682.389999999987
2025-09-17 21:40:00,10682.389999999987,10682.389999999987
2025-09-17 22:40:00,10682.389999999987,10682.389999999987
2025-09-17 23:40:00,10682.389999999987,10682.389999999987
2025-09-18 01:41:00,10682.389999999987,10682.389999999987
2025-09-18 02:41:00,10682.389999999987,10682.389999999987
2025-09-18 03:41:00,10682.389999999987,10682.389999999987
2025-09-18 04:41:00,10682.389999999987,10682.389999999987
2025-09-18 05:41:00,10682.389999999987,10682.389999999987
2025-09-18 06:41:00,10682.389999999987,10682.389999999987
2025-09-18 07:41:00,10682.389999999987,10682.389999999987
2025-09-18 08:41:00,10682.389999999987,10682.389999999987
2025-09-18 09:41:00,10682.389999999987,10682.389999999987
2025-09-18 10:41:00,10552.169999999984,10552.169999999984
2025-09-18 11:41:00,10552.169999999984,10552.169999999984
2025-09-18 12:41:00,10552.169999999984,10552.169999999984
2025-09-18 13:41:00,10552.169999999984,10552.169999999984
2025-09-18 14:41:00,10552.169999999984,10552.169999999984
2025-09-18 15:41:00,10552.169999999984,10552.169999999984
2025-09-18 16:41:00,10552.169999999984,10552.169999999984
2025-09-18 17:41:00,10552.169999999984,10552.169999999984
2025-09-18 18:41:00,10552.169999999984,10552.169999999984
2025-09-18 19:41:00,10552.169999999984,10552.169999999984
2025-09-18 20:41:00,10552.169999999984,10552.169999999984
2025-09-18 21:41:00,10552.169999999984,10552.169999999984
2025-09-18 22:41:00,10552.169999999984,10552.169999999984
2025-09-18 23:41:00,10552.169999999984,10552.169999999984
2025-09-19 01:42:00,10552.169999999984,10552.169999999984
2025-09-19 02:42:00,10552.169999999984,10552.169999999984
2025-09-19 03:42:00,10552.169999999984,10552.169999999984
2025-09-19 04:42:00,10552.169999999984,10552.169999999984
2025-09-19 05:42:00,10552.169999999984,10552.169999999984
2025-09-19 06:42:00,10552.169999999984,10552.169999999984
2025-09-19 07:42:00,10552.169999999984,10552.169999999984
2025-09-19 08:42:00,10552.169999999984,10552.169999999984
2025-09-19 09:42:00,10552.169999999984,10552.169999999984
2025-09-19 10:42:00,10552.169999999984,10552.169999999984
2025-09-19 11:42:00,10552.169999999984,10552.169999999984
2025-09-19 12:42:00,10552.169999999984,10552.169999999984
2025-09-19 13:42:00,10552.169999999984,10552.169999999984
2025-09-19 14:42:00,10552.169999999984,10552.169999999984
2025-09-19 15:42:00,10552.169999999984,10552.169999999984
2025-09-19 16:42:00,10552.169999999984,10552.169999999984
2025-09-19 17:42:00,10552.169999999984,10552.169999999984
2025-09-19 18:42:00,10552.169999999984,10552.169999999984
2025-09-19 19:42:00,10552.169999999984,10552.169999999984
2025-09-19 20:42:00,10552.169999999984,10552.169999999984
2025-09-19 21:42:00,10552.169999999984,10552.169999999984
2025-09-19 22:42:00,10552.169999999984,10552.169999999984
2025-09-19 23:42:00,10552.169999999984,10552.169999999984
2025-09-22 01:43:00,10552.169999999984,10552.169999999984
2025-09-22 02:43:00,10552.169999999984,10552.169999999984
2025-09-22 03:43:00,10552.169999999984,10552.169999999984
2025-09-22 04:43:00,10552.169999999984,10552.169999999984
2025-09-22 05:43:00,10552.169999999984,10552.169999999984
2025-09-22 06:43:00,10552.169999999984,10552.169999999984
2025-09-22 07:43:00,10552.169999999984,10552.169999999984
2025-09-22 08:43:00,10552.169999999984,10552.169999999984
2025-09-22 09:43:00,10552.169999999984,10552.169999999984
2025-09-22 10:43:00,10552.169999999984,10552.169999999984
2025-09-22 11:43:00,10552.169999999984,10552.169999999984
2025-09-22 12:43:00,10552.169999999984,10552.169999999984
2025-09-22 13:43:00,10552.169999999984,10552.169999999984
2025-09-22 14:43:00,10552.169999999984,10552.169999999984
2025-09-22 15:43:00,10552.169999999984,10552.169999999984
2025-09-22 16:43:00,10552.169999999984,10552.169999999984
2025-09-22 17:43:00,10552.169999999984,10552.169999999984
2025-09-22 18:43:00,10552.169999999984,10552.169999999984
2025-09-22 19:43:00,10552.169999999984,10552.169999999984
2025-09-22 20:43:00,10552.169999999984,10552.169999999984
2025-09-22 21:43:00,10552.169999999984,10552.169999999984
2025-09-22 22:43:00,10594.239999999983,10712.159999999956
2025-09-22 23:43:00,10674.04999999998,10887.899999999976
2025-09-23 01:44:00,10480.999999999962,10480.999999999962
2025-09-23 02:44:00,10480.999999999962,10480.999999999962
2025-09-23 03:44:00,10480.999999999962,10480.999999999962
2025-09-23 04:44:00,10480.999999999962,10480.999999999962
2025-09-23 05:44:00,10480.999999999962,10480.999999999962
2025-09-23 06:44:00,10480.999999999962,10480.999999999962
2025-09-23 07:44:00,10480.999999999962,10480.999999999962
2025-09-23 08:44:00,10480.999999999962,10480.999999999962
2025-09-23 09:44:00,10480.999999999962,10480.999999999962
2025-09-23 10:44:00,10480.999999999962,10480.999999999962
2025-09-23 11:44:00,10480.999999999962,10480.999999999962
2025-09-23 12:44:00,10480.999999999962,10480.999999999962
2025-09-23 13:44:00,10480.999999999962,10480.999999999962
2025-09-23 14:44:00,10480.999999999962,10480.999999999962
2025-09-23 15:44:00,10480.999999999962,10480.999999999962
2025-09-23 16:44:00,10480.999999999962,10480.999999999962
2025-09-23 17:44:00,10480.999999999962,10480.999999999962
2025-09-23 18:44:00,10480.999999999962,10480.999999999962
2025-09-23 19:44:00,10508.979999999961,10685.97999999996
2025-09-23 20:44:00,10690.089999999964,10815.049999999965
2025-09-23 21:44:00,10690.089999999964,10841.119999999964
2025-09-23 22:44:00,10593.409999999963,10593.409999999963
2025-09-23 23:44:00,10593.409999999963,10593.409999999963
2025-09-24 01:45:00,10593.409999999963,10593.409999999963
2025-09-24 02:45:00,10593.409999999963,10593.409999999963
2025-09-24 03:45:00,10593.409999999963,10593.409999999963
2025-09-24 04:45:00,10593.409999999963,10593.409999999963
2025-09-24 05:45:00,10593.409999999963,10593.409999999963
2025-09-24 06:45:00,10593.409999999963,10593.409999999963
2025-09-24 07:45:00,10593.409999999963,10593.409999999963
2025-09-24 08:45:00,10593.409999999963,10593.409999999963
2025-09-24 09:45:00,10593.409999999963,10593.409999999963
2025-09-24 10:45:00,10593.409999999963,10593.409999999963
2025-09-24 11:45:00,10593.409999999963,10593.409999999963
2025-09-24 12:45:00,10593.409999999963,10593.409999999963
2025-09-24 13:45:00,10593.409999999963,10593.409999999963
2025-09-24 14:45:00,10593.409999999963,10593.409999999963
2025-09-24 15:45:00,10593.409999999963,10593.409999999963
2025-09-24 16:45:00,10593.409999999963,10593.409999999963
2025-09-24 17:45:00,10593.409999999963,10593.409999999963
2025-09-24 18:45:00,10593.409999999963,10593.409999999963
2025-09-24 19:45:00,10593.409999999963,10593.409999999963
2025-09-24 20:45:00,10593.409999999963,10593.409999999963
2025-09-24 21:45:00,10593.409999999963,10593.409999999963
2025-09-24 22:45:00,10593.409999999963,10593.409999999963
2025-09-24 23:45:00,10593.409999999963,10593.409999999963
2025-09-25 01:46:00,10593.409999999963,10593.409999999963
2025-09-25 02:46:00,10593.409999999963,10593.409999999963
2025-09-25 03:46:00,10593.409999999963,10593.409999999963
2025-09-25 04:46:00,10593.409999999963,10593.409999999963
2025-09-25 05:46:00,10593.409999999963,10593.409999999963
2025-09-25 06:46:00,10593.409999999963,10593.409999999963
2025-09-25 07:46:00,10593.409999999963,10593.409999999963
2025-09-25 08:46:00,10593.409999999963,10593.409999999963
2025-09-25 09:46:00,10593.409999999963,10593.409999999963
2025-09-25 10:46:00,10593.409999999963,10593.409999999963
2025-09-25 11:46:00,10593.409999999963,10593.409999999963
2025-09-25 12:46:00,10593.409999999963,10593.409999999963
2025-09-25 13:46:00,10593.409999999963,10593.409999999963
2025-09-25 14:46:00,10593.409999999963,10593.409999999963
2025-09-25 15:46:00,10593.409999999963,10593.409999999963
2025-09-25 16:46:00,10593.409999999963,10593.409999999963
2025-09-25 17:46:00,10631.649999999961,10680.29999999996
2025-09-25 18:46:00,10630.949999999963,10630.949999999963
2025-09-25 19:46:00,10630.949999999963,10630.949999999963
2025-09-25 20:46:00,10630.949999999963,10630.949999999963
2025-09-25 21:46:00,10369.529999999973,10369.529999999973
2025-09-25 22:46:00,10369.529999999973,10369.529999999973
2025-09-25 23:46:00,10369.529999999973,10369.529999999973
2025-09-26 01:47:00,10369.529999999973,10369.529999999973
2025-09-26 02:47:00,10369.529999999973,10369.529999999973
2025-09-26 03:47:00,10369.529999999973,10369.529999999973
2025-09-26 04:47:00,10369.529999999973,10369.529999999973
2025-09-26 05:47:00,10369.529999999973,10369.529999999973
2025-09-26 06:47:00,10369.529999999973,10369.529999999973
2025-09-26 07:47:00,10369.529999999973,10369.529999999973
2025-09-26 08:47:00,10373.459999999974,10393.799999999976
2025-09-26 09:47:00,10382.159999999974,10382.159999999974
2025-09-26 10:47:00,10382.159999999974,10382.159999999974
2025-09-26 11:47:00,10382.159999999974,10382.159999999974
2025-09-26 12:47:00,10382.159999999974,10382.159999999974
2025-09-26 13:47:00,10378.099999999975,10365.919999999973
2025-09-26 14:47:00,10507.459999999985,10626.33999999999
2025-09-26 15:47:00,10676.419999999991,10676.419999999991
2025-09-26 16:47:00,10676.419999999991,10676.419999999991
2025-09-26 17:47:00,10676.419999999991,10676.419999999991
2025-09-26 18:47:00,10676.419999999991,10676.419999999991
2025-09-26 19:47:00,10676.419999999991,10676.419999999991
2025-09-26 20:47:00,10676.419999999991,10676.419999999991
2025-09-26 21:47:00,10676.419999999991,10676.419999999991
2025-09-26 22:47:00,10676.419999999991,10676.419999999991
2025-09-26 23:47:00,10676.419999999991,10676.419999999991
2025-09-29 01:48:00,10676.419999999991,10676.419999999991
2025-09-29 02:48:00,10676.419999999991,10676.419999999991
2025-09-29 03:48:00,10676.419999999991,10676.419999999991
2025-09-29 04:48:00,10676.419999999991,10676.419999999991
2025-09-29 05:48:00,10676.419999999991,10676.419999999991
2025-09-29 06:48:00,10676.419999999991,10676.419999999991
2025-09-29 07:48:00,10676.419999999991,10676.419999999991
2025-09-29 08:48:00,10676.419999999991,10676.419999999991
2025-09-29 09:48:00,10676.419999999991,10676.419999999991
2025-09-29 10:48:00,10676.419999999991,10676.419999999991
2025-09-29 11:48:00,10676.419999999991,10676.419999999991
2025-09-29 12:48:00,10676.419999999991,10676.419999999991
2025-09-29 13:48:00,10676.419999999991,10676.419999999991
2025-09-29 14:48:00,10676.419999999991,10676.419999999991
2025-09-29 15:48:00,10676.419999999991,10676.419999999991
2025-09-29 16:48:00,10676.419999999991,10676.419999999991
2025-09-29 17:48:00,10676.419999999991,10676.419999999991
2025-09-29 18:48:00,10676.419999999991,10676.419999999991
2025-09-29 19:48:00,10676.419999999991,10676.419999999991
2025-09-29 20:48:00,10676.419999999991,10676.419999999991
2025-09-29 21:48:00,10676.419999999991,10676.419999999991
2025-09-29 22:48:00,10676.419999999991,10676.419999999991
2025-09-29 23:48:00,10676.419999999991,10676.419999999991
2025-09-30 01:49:00,10676.419999999991,10676.419999999991
2025-09-30 02:49:00,10676.419999999991,10676.419999999991
2025-09-30 03:49:00,10676.419999999991,10676.419999999991
2025-09-30 04:49:00,10676.419999999991,10676.419999999991
2025-09-30 05:49:00,10676.419999999991,10676.419999999991
2025-09-30 06:49:00,10676.419999999991,10676.419999999991
2025-09-30 07:49:00,10676.419999999991,10676.419999999991
2025-09-30 08:49:00,10676.419999999991,10676.419999999991
2025-09-30 09:49:00,10676.419999999991,10676.419999999991
2025-09-30 10:49:00,10676.419999999991,10676.419999999991
2025-09-30 11:49:00,10676.419999999991,10676.419999999991
2025-09-30 12:49:00,10676.419999999991,10676.419999999991
2025-09-30 13:49:00,10676.419999999991,10676.419999999991
2025-09-30 14:49:00,10676.419999999991,10676.419999999991
2025-09-30 15:49:00,10676.419999999991,10676.419999999991
2025-09-30 16:49:00,10676.13999999999,10653.699999999992
2025-09-30 17:49:00,10613.579999999993,10613.579999999993
2025-09-30 18:49:00,10629.859999999991,10636.57999999999
2025-09-30 19:49:00,10634.719999999992,10612.109999999988
2025-09-30 20:49:00,10634.719999999992,10659.609999999988
2025-09-30 21:49:00,10634.719999999992,10612.109999999988
2025-09-30 22:49:00,10513.259999999991,10547.939999999991
2025-09-30 23:49:00,10513.259999999991,10554.339999999991
2025-10-01 01:50:00,10533.31999999999,10556.29999999999
2025-10-01 02:50:00,10533.31999999999,10557.839999999991
2025-10-01 03:50:00,10533.31999999999,10559.10999999999
2025-10-01 04:50:00,10533.31999999999,10563.95999999999
2025-10-01 05:50:00,10533.31999999999,10562.009999999991
2025-10-01 06:50:00,10533.31999999999,10558.14999999999
2025-10-01 07:50:00,10533.31999999999,10557.05999999999
2025-10-01 08:50:00,10533.31999999999,10559.009999999991
2025-10-01 09:50:00,10533.31999999999,10558.39999999999
2025-10-01 10:50:00,10533.31999999999,10570.14999999999
2025-10-01 11:50:00,10579.44999999999,10579.44999999999
2025-10-01 12:50:00,10579.44999999999,10579.44999999999
2025-10-01 13:50:00,10579.44999999999,10579.44999999999
2025-10-01 14:50:00,10579.44999999999,10579.44999999999
2025-10-01 15:50:00,10579.44999999999,10579.44999999999
2025-10-01 16:50:00,10579.44999999999,10579.44999999999
2025-10-01 17:50:00,10579.44999999999,10579.44999999999
2025-10-01 18:50:00,10579.44999999999,10579.44999999999
2025-10-01 19:50:00,10579.44999999999,10579.44999999999
2025-10-01 20:50:00,10579.44999999999,10579.44999999999
2025-10-01 21:50:00,10579.44999999999,10579.44999999999
2025-10-01 22:50:00,10579.44999999999,10579.44999999999
2025-10-01 23:50:00,10579.44999999999,10579.44999999999
2025-10-02 01:51:00,10579.44999999999,10579.44999999999
2025-10-02 02:51:00,10579.44999999999,10579.44999999999
2025-10-02 03:51:00,10579.44999999999,10579.44999999999
2025-10-02 04:51:00,10579.44999999999,10579.44999999999
2025-10-02 05:51:00,10579.44999999999,10579.44999999999
2025-10-02 06:51:00,10579.44999999999,10579.44999999999
2025-10-02 07:51:00,10579.44999999999,10579.44999999999
2025-10-02 08:51:00,10579.44999999999,10579.44999999999
2025-10-02 09:51:00,10579.44999999999,10579.44999999999
2025-10-02 10:51:00,10579.44999999999,10579.44999999999
2025-10-02 11:51:00,10579.44999999999,10579.44999999999
2025-10-02 12:51:00,10579.44999999999,10579.44999999999
2025-10-02 13:51:00,10601.879999999997,10601.879999999997
2025-10-02 14:51:00,10601.879999999997,10601.879999999997
2025-10-02 15:51:00,10601.879999999997,10601.879999999997
2025-10-02 16:51:00,10601.879999999997,10601.879999999997
2025-10-02 17:51:00,10601.879999999997,10601.879999999997
2025-10-02 18:51:00,10601.879999999997,10601.879999999997
2025-10-02 19:51:00,10601.879999999997,10601.879999999997
2025-10-02 20:51:00,10601.879999999997,10601.879999999997
2025-10-02 21:51:00,10601.879999999997,10601.879999999997
2025-10-02 22:51:00,10601.879999999997,10601.879999999997
2025-10-02 23:51:00,10601.879999999997,10601.879999999997
2025-10-03 01:52:00,10601.879999999997,10601.879999999997
2025-10-03 02:52:00,10601.879999999997,10601.879999999997
2025-10-03 03:52:00,10601.879999999997,10601.879999999997
2025-10-03 04:52:00,10601.879999999997,10601.879999999997
2025-10-03 05:52:00,10601.879999999997,10601.879999999997
2025-10-03 06:52:00,10601.879999999997,10601.879999999997
2025-10-03 07:52:00,10601.879999999997,10601.879999999997
2025-10-03 08:52:00,10601.879999999997,10601.879999999997
2025-10-03 09:52:00,10601.879999999997,10601.879999999997
2025-10-03 10:52:00,10601.529999999997,10603.079999999996
2025-10-03 11:52:00,10601.529999999997,10614.129999999997
2025-10-03 12:52:00,10601.529999999997,10612.379999999997
2025-10-03 13:52:00,10600.759999999997,10578.399999999994
2025-10-03 14:52:00,10625.959999999995,10651.399999999996
2025-10-03 15:52:00,10625.259999999995,10595.009999999997
2025-10-03 16:52:00,10513.909999999993,10513.909999999993
2025-10-03 17:52:00,10513.909999999993,10513.909999999993
2025-10-03 18:52:00,10513.909999999993,10513.909999999993
2025-10-03 19:52:00,10513.909999999993,10513.909999999993
2025-10-03 20:52:00,10513.909999999993,10513.909999999993
2025-10-03 21:52:00,10513.909999999993,10513.909999999993
2025-10-03 22:52:00,10513.909999999993,10513.909999999993
2025-10-03 23:52:00,10513.909999999993,10513.909999999993
2025-10-06 01:53:00,10513.909999999993,10513.909999999993
2025-10-06 02:53:00,10513.909999999993,10513.909999999993
2025-10-06 03:53:00,10513.909999999993,10513.909999999993
2025-10-06 04:53:00,10513.909999999993,10513.909999999993
2025-10-06 05:53:00,10513.909999999993,10513.909999999993
2025-10-06 06:53:00,10513.909999999993,10513.909999999993
2025-10-06 07:53:00,10513.909999999993,10513.909999999993
2025-10-06 08:53:00,10513.909999999993,10513.909999999993
2025-10-06 09:53:00,10513.909999999993,10513.909999999993
2025-10-06 10:53:00,10513.909999999993,10513.909999999993
2025-10-06 11:53:00,10513.909999999993,10513.909999999993
2025-10-06 12:53:00,10513.909999999993,10513.909999999993
2025-10-06 13:53:00,10513.909999999993,10513.909999999993
2025-10-06 14:53:00,10513.909999999993,10513.909999999993
2025-10-06 15:53:00,10513.909999999993,10513.909999999993
2025-10-06 16:53:00,10513.909999999993,10513.909999999993
2025-10-06 17:53:00,10513.909999999993,10513.909999999993
2025-10-06 18:53:00,10513.909999999993,10513.909999999993
2025-10-06 19:53:00,10513.909999999993,10513.909999999993
2025-10-06 20:53:00,10513.909999999993,10513.909999999993
2025-10-06 21:53:00,10513.909999999993,10513.909999999993
2025-10-06 22:53:00,10513.909999999993,10513.909999999993
2025-10-06 23:53:00,10513.909999999993,10513.909999999993
2025-10-07 01:54:00,10513.909999999993,10513.909999999993
2025-10-07 02:54:00,10513.909999999993,10513.909999999993
2025-10-07 03:54:00,10513.909999999993,10513.909999999993
2025-10-07 04:54:00,10513.909999999993,10513.909999999993
2025-10-07 05:54:00,10513.909999999993,10513.909999999993
2025-10-07 06:54:00,10513.909999999993,10513.909999999993
2025-10-07 07:54:00,10513.909999999993,10513.909999999993
2025-10-07 08:54:00,10513.909999999993,10513.909999999993
2025-10-07 09:54:00,10513.909999999993,10513.909999999993
2025-10-07 10:54:00,10513.909999999993,10513.909999999993
2025-10-07 11:54:00,10513.909999999993,10513.909999999993
2025-10-07 12:54:00,10513.909999999993,10513.909999999993
2025-10-07 13:54:00,10513.909999999993,10513.909999999993
2025-10-07 14:54:00,10513.909999999993,10513.909999999993
2025-10-07 15:54:00,10513.909999999993,10513.909999999993
2025-10-07 16:54:00,10513.909999999993,10513.909999999993
2025-10-07 17:54:00,10513.909999999993,10513.909999999993
2025-10-07 18:54:00,10513.909999999993,10513.909999999993
2025-10-07 19:54:00,10513.909999999993,10513.909999999993
2025-10-07 20:54:00,10513.909999999993,10513.909999999993
2025-10-07 21:54:00,10513.909999999993,10513.909999999993
2025-10-07 22:54:00,10513.909999999993,10513.909999999993
2025-10-07 23:54:00,10513.909999999993,10513.909999999993
2025-10-08 01:55:00,10513.909999999993,10513.909999999993
2025-10-08 02:55:00,10513.909999999993,10513.909999999993
2025-10-08 03:55:00,10513.909999999993,10513.909999999993
2025-10-08 04:55:00,10513.909999999993,10513.909999999993
2025-10-08 05:55:00,10513.909999999993,10513.909999999993
2025-10-08 06:55:00,10513.909999999993,10513.909999999993
2025-10-08 07:55:00,10513.909999999993,10513.909999999993
2025-10-08 08:55:00,10513.909999999993,10513.909999999993
2025-10-08 09:55:00,10513.909999999993,10513.909999999993
2025-10-08 10:55:00,10513.909999999993,10513.909999999993
2025-10-08 11:55:00,10513.909999999993,10513.909999999993
2025-10-08 12:55:00,10513.909999999993,10513.909999999993
2025-10-08 13:55:00,10513.909999999993,10513.909999999993
2025-10-08 14:55:00,10513.909999999993,10513.909999999993
2025-10-08 15:55:00,10513.909999999993,10513.909999999993
2025-10-08 16:55:00,10513.909999999993,10513.909999999993
2025-10-08 17:55:00,10513.909999999993,10513.909999999993
2025-10-08 18:55:00,10513.909999999993,10513.909999999993
2025-10-08 19:55:00,10513.909999999993,10513.909999999993
2025-10-08 20:55:00,10416.679999999997,10416.679999999997
2025-10-08 21:55:00,10416.679999999997,10416.679999999997
2025-10-08 22:55:00,10416.679999999997,10416.679999999997
2025-10-08 23:55:00,10416.679999999997,10416.679999999997
2025-10-09 01:56:00,10416.679999999997,10416.679999999997
2025-10-09 02:56:00,10416.679999999997,10416.679999999997
2025-10-09 03:56:00,10416.679999999997,10416.679999999997
2025-10-09 04:56:00,10465.519999999995,10498.549999999992
2025-10-09 05:56:00,10464.619999999992,10464.619999999992
2025-10-09 06:56:00,10464.619999999992,10464.619999999992
2025-10-09 07:56:00,10464.619999999992,10464.619999999992
2025-10-09 08:56:00,10464.619999999992,10464.619999999992
2025-10-09 09:56:00,10464.619999999992,10464.619999999992
2025-10-09 10:56:00,10464.619999999992,10464.619999999992
2025-10-09 11:56:00,10464.619999999992,10464.619999999992
2025-10-09 12:56:00,10464.619999999992,10464.619999999992
2025-10-09 13:56:00,10464.619999999992,10464.619999999992
2025-10-09 14:56:00,10464.619999999992,10464.619999999992
2025-10-09 15:56:00,10463.429999999991,10436.059999999998
2025-10-09 16:56:00,10371.799999999994,10371.799999999994
2025-10-09 17:56:00,10371.799999999994,10371.799999999994
2025-10-09 18:56:00,10371.799999999994,10371.799999999994
2025-10-09 19:56:00,10371.799999999994,10371.799999999994
2025-10-09 20:56:00,10371.799999999994,10371.799999999994
2025-10-09 21:56:00,10371.799999999994,10371.799999999994
2025-10-09 22:56:00,10371.729999999994,10370.069999999994
2025-10-09 23:56:00,10371.729999999994,10370.129999999994
2025-10-10 01:57:00,10384.059999999996,10423.259999999998
2025-10-10 02:57:00,10408.979999999998,10468.719999999998
2025-10-10 03:57:00,10459.96,10462.060000000001
2025-10-10 04:57:00,10473.949999999999,10542.289999999999
2025-10-10 05:57:00,10473.549999999997,10524.329999999998
2025-10-10 06:57:00,10473.349999999997,10552.009999999998
2025-10-10 07:57:00,10502.099999999997,10559.559999999998
2025-10-10 08:57:00,10502.099999999997,10537.629999999997
2025-10-10 09:57:00,10502.099999999997,10548.939999999997
2025-10-10 10:57:00,10502.099999999997,10526.919999999996
2025-10-10 11:57:00,10501.899999999996,10483.269999999997
2025-10-10 12:57:00,10501.899999999996,10478.979999999996
2025-10-10 13:57:00,10501.899999999996,10481.049999999996
2025-10-10 14:57:00,10557.019999999995,10579.639999999994
2025-10-10 15:57:00,10556.219999999996,10544.829999999996
2025-10-10 16:57:00,10556.219999999996,10553.579999999996
2025-10-10 17:57:00,10563.669999999995,10552.559999999994
2025-10-10 18:57:00,10528.039999999994,10528.039999999994
2025-10-10 19:57:00,10528.039999999994,10528.039999999994
2025-10-10 20:57:00,10528.039999999994,10528.039999999994
2025-10-10 21:57:00,10528.039999999994,10528.039999999994
2025-10-10 22:57:00,10528.039999999994,10528.039999999994
2025-10-10 23:57:00,10528.039999999994,10528.039999999994
2025-10-13 01:58:00,10527.829999999994,10491.799999999996
2025-10-13 02:58:00,10469.089999999995,10469.089999999995
2025-10-13 03:58:00,10469.089999999995,10469.089999999995
2025-10-13 04:58:00,10469.089999999995,10469.089999999995
2025-10-13 05:58:00,10469.089999999995,10469.089999999995
2025-10-13 06:58:00,10469.089999999995,10469.089999999995
2025-10-13 07:58:00,10469.089999999995,10469.089999999995
2025-10-13 08:58:00,10469.089999999995,10469.089999999995
2025-10-13 09:58:00,10469.089999999995,10469.089999999995
2025-10-13 10:58:00,10469.089999999995,10469.089999999995
2025-10-13 11:58:00,10469.089999999995,10469.089999999995
2025-10-13 12:58:00,10469.089999999995,10469.089999999995
2025-10-13 13:58:00,10469.089999999995,10469.089999999995
2025-10-13 14:58:00,10469.089999999995,10469.089999999995
2025-10-13 15:58:00,10469.089999999995,10469.089999999995
2025-10-13 16:58:00,10469.089999999995,10469.089999999995
2025-10-13 17:58:00,10469.089999999995,10469.089999999995
2025-10-13 18:58:00,10469.089999999995,10469.089999999995
2025-10-13 19:58:00,10469.089999999995,10469.089999999995
2025-10-13 20:58:00,10469.089999999995,10469.089999999995
2025-10-13 21:58:00,10469.089999999995,10469.089999999995
2025-10-13 22:58:00,10469.089999999995,10469.089999999995
2025-10-13 23:58:00,10469.089999999995,10469.089999999995
2025-10-14 01:59:00,10469.089999999995,10469.089999999995
2025-10-14 02:59:00,10469.089999999995,10469.089999999995
2025-10-14 03:59:00,10469.089999999995,10469.089999999995
2025-10-14 04:59:00,10375.360000000002,10375.360000000002
2025-10-14 05:59:00,10375.360000000002,10375.360000000002
2025-10-14 06:59:00,10375.360000000002,10375.360000000002
2025-10-14 07:59:00,10375.360000000002,10375.360000000002
2025-10-14 08:59:00,10375.360000000002,10375.360000000002
2025-10-14 09:59:00,10375.360000000002,10375.360000000002
2025-10-14 10:59:00,10375.360000000002,10375.360000000002
2025-10-14 11:59:00,10375.080000000004,10347.000000000004
2025-10-14 12:59:00,10375.080000000004,10414.000000000004
2025-10-14 13:59:00,10375.080000000004,10396.640000000003
2025-10-14 14:59:00,10375.080000000004,10401.440000000002
2025-10-14 15:59:00,10375.080000000004,10497.2
2025-10-14 16:59:00,10442.400000000001,10545.399999999998
2025-10-14 17:59:00,10519.960000000001,10551.279999999999
2025-10-14 18:59:00,10519.960000000001,10516.239999999998
2025-10-14 19:59:00,10519.960000000001,10507.04
2025-10-14 20:59:00,10519.960000000001,10475.52
2025-10-14 21:59:00,10519.960000000001,10475.36
2025-10-14 22:59:00,10519.960000000001,10502.400000000001
2025-10-15 01:00:00,10521.760000000002,10494.800000000003
2025-10-15 02:00:00,10521.060000000001,10456.62000000001
2025-10-15 03:00:00,10521.060000000001,10430.720000000005
2025-10-15 04:00:00,10521.060000000001,10323.900000000005
2025-10-15 05:00:00,10171.020000000004,10171.020000000004
2025-10-15 06:00:00,10170.460000000005,10201.58
2025-10-15 07:00:00,10209.940000000004,10260.500000000002
2025-10-15 08:00:00,10209.540000000003,10209.540000000003
2025-10-15 09:00:00,10209.540000000003,10209.540000000003
2025-10-15 10:00:00,10209.540000000003,10209.540000000003
2025-10-15 11:00:00,10209.540000000003,10209.540000000003
2025-10-15 12:00:00,10209.540000000003,10209.540000000003
2025-10-15 13:00:00,10209.540000000003,10209.540000000003
2025-10-15 14:00:00,10209.540000000003,10209.540000000003
2025-10-15 15:00:00,10209.540000000003,10209.540000000003
2025-10-15 16:00:00,10209.540000000003,10209.540000000003
2025-10-15 17:00:00,10209.540000000003,10209.540000000003
2025-10-15 18:00:00,10209.540000000003,10209.540000000003
2025-10-15 19:00:00,10288.690000000002,10358.550000000007
2025-10-15 20:00:00,10288.690000000002,10396.140000000005
2025-10-15 21:00:00,10288.690000000002,10413.010000000004
2025-10-15 22:00:00,10449.620000000008,10449.620000000008
2025-10-15 23:00:00,10449.620000000008,10449.620000000008
2025-10-16 01:01:00,10449.620000000008,10449.620000000008
2025-10-16 02:01:00,10449.620000000008,10449.620000000008
2025-10-16 03:01:00,10449.620000000008,10449.620000000008
2025-10-16 04:01:00,10449.620000000008,10449.620000000008
2025-10-16 05:01:00,10449.620000000008,10449.620000000008
2025-10-16 06:01:00,10449.620000000008,10449.620000000008
2025-10-16 07:01:00,10449.620000000008,10449.620000000008
2025-10-16 08:01:00,10449.620000000008,10449.620000000008
2025-10-16 09:01:00,10449.620000000008,10449.620000000008
2025-10-16 10:01:00,10449.620000000008,10449.620000000008
2025-10-16 11:01:00,10449.620000000008,10449.620000000008
2025-10-16 12:01:00,10449.620000000008,10449.620000000008
2025-10-16 13:01:00,10449.620000000008,10449.620000000008
2025-10-16 14:01:00,10449.620000000008,10449.620000000008
2025-10-16 15:01:00,10449.620000000008,10449.620000000008
2025-10-16 16:01:00,10466.220000000007,10587.660000000007
2025-10-16 17:01:00,10571.610000000006,10684.760000000006
2025-10-16 18:01:00,10581.200000000004,10791.640000000009
2025-10-16 19:01:00,10601.920000000004,10946.54
2025-10-16 20:01:00,10936.429999999988,11079.529999999988
2025-10-16 21:01:00,11143.529999999988,11143.529999999988
2025-10-16 22:01:00,11143.529999999988,11143.529999999988
2025-10-16 23:01:00,11143.529999999988,11143.529999999988
2025-10-17 01:02:00,11143.529999999988,11143.529999999988
2025-10-17 02:02:00,11143.529999999988,11143.529999999988
2025-10-17 03:02:00,11143.529999999988,11143.529999999988
2025-10-17 04:02:00,11143.529999999988,11143.529999999988
2025-10-17 05:02:00,11143.529999999988,11143.529999999988
2025-10-17 06:02:00,11143.529999999988,11143.529999999988
2025-10-17 07:02:00,11143.529999999988,11143.529999999988
2025-10-17 08:02:00,11143.529999999988,11143.529999999988
2025-10-17 09:02:00,11143.529999999988,11143.529999999988
2025-10-17 10:02:00,11143.529999999988,11143.529999999988
2025-10-17 11:02:00,11143.529999999988,11143.529999999988
2025-10-17 12:02:00,11143.529999999988,11143.529999999988
2025-10-17 13:02:00,11143.529999999988,11143.529999999988
2025-10-17 14:02:00,11143.529999999988,11143.529999999988
2025-10-17 15:02:00,11143.529999999988,11143.529999999988
2025-10-17 16:02:00,11143.529999999988,11143.529999999988
2025-10-17 17:02:00,11143.529999999988,11143.529999999988
2025-10-17 18:02:00,11143.529999999988,11143.529999999988
2025-10-17 19:02:00,11143.529999999988,11143.529999999988
2025-10-17 20:02:00,11143.529999999988,11143.529999999988
2025-10-17 21:02:00,11143.529999999988,11143.529999999988
2025-10-17 22:02:00,11143.529999999988,11143.529999999988
2025-10-17 23:02:00,11143.529999999988,11143.529999999988
2025-10-20 01:03:00,11143.529999999988,11143.529999999988
2025-10-20 02:03:00,11143.529999999988,11143.529999999988
2025-10-20 03:03:00,11143.529999999988,11143.529999999988
2025-10-20 04:03:00,11143.529999999988,11143.529999999988
2025-10-20 05:03:00,11143.529999999988,11143.529999999988
2025-10-20 06:03:00,11143.529999999988,11143.529999999988
2025-10-20 07:03:00,11143.529999999988,11143.529999999988
2025-10-20 08:03:00,11143.529999999988,11143.529999999988
2025-10-20 09:03:00,11143.529999999988,11143.529999999988
2025-10-20 10:03:00,11143.529999999988,11143.529999999988
2025-10-20 11:03:00,11143.529999999988,11143.529999999988
2025-10-20 12:03:00,11143.529999999988,11143.529999999988
2025-10-20 13:03:00,11143.529999999988,11143.529999999988
2025-10-20 14:03:00,11253.849999999984,11364.409999999982
2025-10-20 15:03:00,11403.76999999998,11677.45999999998
2025-10-20 16:03:00,11790.639999999974,11790.639999999974
2025-10-20 17:03:00,11790.639999999974,11790.639999999974
2025-10-20 18:03:00,11790.639999999974,11790.639999999974
2025-10-20 19:03:00,11790.639999999974,11790.639999999974
2025-10-20 20:03:00,11790.639999999974,11790.639999999974
2025-10-20 21:03:00,11790.639999999974,11790.639999999974
2025-10-20 22:03:00,11790.639999999974,11790.639999999974
2025-10-20 23:03:00,11790.639999999974,11790.639999999974
2025-10-21 01:04:00,11682.039999999975,11681.399999999976
2025-10-21 02:04:00,11688.769999999975,11688.769999999975
2025-10-21 03:04:00,11688.769999999975,11688.769999999975
2025-10-21 04:04:00,11688.769999999975,11688.769999999975
2025-10-21 05:04:00,11688.769999999975,11688.769999999975
2025-10-21 06:04:00,11688.769999999975,11688.769999999975
2025-10-21 07:04:00,11688.769999999975,11688.769999999975
2025-10-21 08:04:00,11688.769999999975,11688.769999999975
2025-10-21 09:04:00,11688.769999999975,11688.769999999975
2025-10-21 10:04:00,11688.769999999975,11688.769999999975
2025-10-21 11:04:00,11406.439999999973,11406.439999999973
2025-10-21 12:04:00,11406.439999999973,11406.439999999973
2025-10-21 13:04:00,11406.439999999973,11406.439999999973
2025-10-21 14:04:00,11406.439999999973,11406.439999999973
2025-10-21 15:04:00,11406.439999999973,11406.439999999973
2025-10-21 16:04:00,11406.439999999973,11406.439999999973
2025-10-21 17:04:00,11406.439999999973,11406.439999999973
2025-10-21 18:04:00,11406.439999999973,11406.439999999973
2025-10-21 19:04:00,11406.439999999973,11406.439999999973
2025-10-21 20:04:00,11406.369999999974,11391.959999999974
2025-10-21 21:04:00,11406.369999999974,11410.149999999974
2025-10-21 22:04:00,11406.369999999974,11409.759999999973
2025-10-21 23:04:00,11406.369999999974,11401.669999999973
2025-10-22 01:05:00,11404.869999999974,11403.489999999974
2025-10-22 02:05:00,11404.869999999974,11405.039999999974
2025-10-22 03:05:00,11367.829999999974,11367.829999999974
2025-10-22 04:05:00,11367.829999999974,11367.829999999974
2025-10-22 05:05:00,11367.829999999974,11367.829999999974
2025-10-22 06:05:00,11367.829999999974,11367.829999999974
2025-10-22 07:05:00,11367.829999999974,11367.829999999974
2025-10-22 08:05:00,11367.829999999974,11367.829999999974
2025-10-22 09:05:00,11367.829999999974,11367.829999999974
2025-10-22 10:05:00,11367.829999999974,11367.829999999974
2025-10-22 11:05:00,11367.829999999974,11367.829999999974
2025-10-22 12:05:00,11367.829999999974,11367.829999999974
2025-10-22 13:05:00,11367.829999999974,11367.829999999974
2025-10-22 14:05:00,11367.829999999974,11367.829999999974
2025-10-22 15:05:00,11367.829999999974,11367.829999999974
2025-10-22 16:05:00,11367.829999999974,11367.829999999974
2025-10-22 17:05:00,11376.939999999973,11376.939999999973
2025-10-22 18:05:00,11376.939999999973,11376.939999999973
2025-10-22 19:05:00,11376.939999999973,11376.939999999973
2025-10-22 20:05:00,11376.939999999973,11376.939999999973
2025-10-22 21:05:00,11376.939999999973,11376.939999999973
2025-10-22 22:05:00,11376.939999999973,11376.939999999973
2025-10-22 23:05:00,11376.939999999973,11376.939999999973
2025-10-23 01:06:00,11376.939999999973,11376.939999999973
2025-10-23 02:06:00,11376.939999999973,11376.939999999973
2025-10-23 03:06:00,11376.939999999973,11376.939999999973
2025-10-23 04:06:00,11376.939999999973,11376.939999999973
2025-10-23 05:06:00,11287.679999999971,11287.679999999971
2025-10-23 06:06:00,11287.679999999971,11287.679999999971
2025-10-23 07:06:00,11287.679999999971,11287.679999999971
2025-10-23 08:06:00,11287.679999999971,11287.679999999971
2025-10-23 09:06:00,11287.39999999997,11266.159999999969
2025-10-23 10:06:00,11240.979999999972,11274.63999999997
2025-10-23 11:06:00,11266.359999999971,11288.22999999997
2025-10-23 12:06:00,11266.359999999971,11285.699999999972
2025-10-23 13:06:00,11266.359999999971,11279.859999999971
2025-10-23 14:06:00,11277.139999999974,11294.879999999972
2025-10-23 15:06:00,11277.139999999974,11298.129999999972
2025-10-23 16:06:00,11277.039999999974,11277.039999999974
2025-10-23 17:06:00,11277.039999999974,11277.039999999974
2025-10-23 18:06:00,11277.039999999974,11277.039999999974
2025-10-23 19:06:00,11277.039999999974,11277.039999999974
2025-10-23 20:06:00,11277.039999999974,11277.039999999974
2025-10-23 21:06:00,11277.039999999974,11277.039999999974
2025-10-23 22:06:00,11277.039999999974,11277.039999999974
2025-10-23 23:06:00,11277.039999999974,11277.039999999974
2025-10-24 01:07:00,11277.039999999974,11277.039999999974
2025-10-24 02:07:00,11277.039999999974,11277.039999999974
2025-10-24 03:07:00,11277.039999999974,11277.039999999974
2025-10-24 04:07:00,11277.039999999974,11277.039999999974
2025-10-24 05:07:00,11277.039999999974,11277.039999999974
2025-10-24 06:07:00,11277.039999999974,11277.039999999974
2025-10-24 07:07:00,11277.039999999974,11277.039999999974
2025-10-24 08:07:00,11277.039999999974,11277.039999999974
2025-10-24 09:07:00,11277.039999999974,11277.039999999974
2025-10-24 10:07:00,11277.039999999974,11277.039999999974
2025-10-24 11:07:00,11277.039999999974,11277.039999999974
2025-10-24 12:07:00,11277.039999999974,11277.039999999974
2025-10-24 13:07:00,11277.039999999974,11277.039999999974
2025-10-24 14:07:00,11277.039999999974,11277.039999999974
2025-10-24 15:07:00,11277.039999999974,11277.039999999974
2025-10-24 16:07:00,11277.039999999974,11277.039999999974
2025-10-24 17:07:00,11285.359999999973,11325.109999999971
2025-10-24 18:07:00,11302.839999999973,11359.279999999972
2025-10-24 19:07:00,11302.839999999973,11412.199999999973
2025-10-24 20:07:00,11302.839999999973,11397.239999999974
2025-10-24 21:07:00,11302.439999999971,11302.439999999971
2025-10-24 22:07:00,11302.439999999971,11302.439999999971
2025-10-24 23:07:00,11302.439999999971,11302.439999999971
2025-10-27 00:08:00,11302.439999999971,11302.439999999971
2025-10-27 01:08:00,11203.439999999968,11203.439999999968
2025-10-27 02:08:00,11203.439999999968,11203.439999999968
2025-10-27 03:08:00,11203.439999999968,11203.439999999968
2025-10-27 04:08:00,11203.439999999968,11203.439999999968
2025-10-27 05:08:00,11203.439999999968,11203.439999999968
2025-10-27 06:08:00,11203.439999999968,11203.439999999968
2025-10-27 07:08:00,11203.439999999968,11203.439999999968
2025-10-27 08:08:00,11203.439999999968,11203.439999999968
2025-10-27 09:08:00,11203.439999999968,11203.439999999968
2025-10-27 10:08:00,11203.439999999968,11203.439999999968
2025-10-27 11:08:00,11203.439999999968,11203.439999999968
2025-10-27 12:08:00,11203.439999999968,11203.439999999968
2025-10-27 13:08:00,11203.439999999968,11203.439999999968
2025-10-27 14:08:00,11203.439999999968,11203.439999999968
2025-10-27 15:08:00,11203.439999999968,11203.439999999968
2025-10-27 16:08:00,11203.439999999968,11203.439999999968
2025-10-27 17:08:00,11203.439999999968,11203.439999999968
2025-10-27 18:08:00,11203.439999999968,11203.439999999968
2025-10-27 19:08:00,11203.439999999968,11203.439999999968
2025-10-27 20:08:00,11203.439999999968,11203.439999999968
2025-10-27 21:08:00,11203.439999999968,11203.439999999968
2025-10-27 22:08:00,11203.439999999968,11203.439999999968
2025-10-28 00:09:00,11203.439999999968,11203.439999999968
2025-10-28 01:09:00,11203.439999999968,11203.439999999968
2025-10-28 02:09:00,11203.439999999968,11203.439999999968
2025-10-28 03:09:00,11203.439999999968,11203.439999999968
2025-10-28 04:09:00,11203.439999999968,11203.439999999968
2025-10-28 05:09:00,11203.439999999968,11203.439999999968
2025-10-28 06:09:00,11203.439999999968,11203.439999999968
2025-10-28 07:09:00,11203.439999999968,11203.439999999968
2025-10-28 08:09:00,11203.439999999968,11203.439999999968
2025-10-28 09:09:00,11203.439999999968,11203.439999999968
2025-10-28 10:09:00,11203.439999999968,11203.439999999968
2025-10-28 11:09:00,11203.439999999968,11203.439999999968
2025-10-28 12:09:00,11203.439999999968,11203.439999999968
2025-10-28 13:09:00,11203.439999999968,11203.439999999968
2025-10-28 14:09:00,11203.439999999968,11203.439999999968
2025-10-28 15:09:00,11203.439999999968,11203.439999999968
2025-10-28 16:09:00,11203.439999999968,11203.439999999968
2025-10-28 17:09:00,11203.439999999968,11203.439999999968
2025-10-28 18:09:00,11203.439999999968,11203.439999999968
2025-10-28 19:09:00,11203.439999999968,11203.439999999968
2025-10-28 20:09:00,11203.439999999968,11203.439999999968
2025-10-28 21:09:00,11203.439999999968,11203.439999999968
2025-10-28 22:09:00,11203.439999999968,11203.439999999968
2025-10-29 00:10:00,11257.85999999997,11458.02999999997
2025-10-29 01:10:00,11342.659999999969,11446.55999999997
2025-10-29 02:10:00,11342.659999999969,11516.50999999997
2025-10-29 03:10:00,11591.05999999997,11591.05999999997
2025-10-29 04:10:00,11591.05999999997,11591.05999999997
2025-10-29 05:10:00,11591.05999999997,11591.05999999997
2025-10-29 06:10:00,11591.05999999997,11591.05999999997
2025-10-29 07:10:00,11591.05999999997,11591.05999999997
2025-10-29 08:10:00,11591.05999999997,11591.05999999997
2025-10-29 09:10:00,11591.05999999997,11591.05999999997
2025-10-29 10:10:00,11591.05999999997,11591.05999999997
2025-10-29 11:10:00,11591.05999999997,11591.05999999997
2025-10-29 12:10:00,11591.05999999997,11591.05999999997
2025-10-29 13:10:00,11591.05999999997,11591.05999999997
2025-10-29 14:10:00,11591.05999999997,11591.05999999997
2025-10-29 15:10:00,11591.05999999997,11591.05999999997
2025-10-29 16:10:00,11591.05999999997,11591.05999999997
2025-10-29 17:10:00,11591.05999999997,11591.05999999997
2025-10-29 18:10:00,11538.949999999968,11538.949999999968
2025-10-29 19:10:00,11538.949999999968,11538.949999999968
2025-10-29 20:10:00,11538.949999999968,11538.949999999968
2025-10-29 21:10:00,11538.949999999968,11538.949999999968
2025-10-29 22:10:00,11538.949999999968,11538.949999999968
2025-10-30 00:11:00,11538.949999999968,11538.949999999968
2025-10-30 01:11:00,11538.949999999968,11538.949999999968
2025-10-30 02:11:00,11538.949999999968,11538.949999999968
2025-10-30 03:11:00,11538.949999999968,11538.949999999968
2025-10-30 04:11:00,11538.949999999968,11538.949999999968
2025-10-30 05:11:00,11538.949999999968,11538.949999999968
2025-10-30 06:11:00,11538.949999999968,11538.949999999968
2025-10-30 07:11:00,11538.949999999968,11538.949999999968
2025-10-30 08:11:00,11538.949999999968,11538.949999999968
2025-10-30 09:11:00,11538.949999999968,11538.949999999968
2025-10-30 10:11:00,11538.949999999968,11538.949999999968
2025-10-30 11:11:00,11538.949999999968,11538.949999999968
2025-10-30 12:11:00,11538.949999999968,11538.949999999968
2025-10-30 13:11:00,11489.509999999966,11489.509999999966
2025-10-30 14:11:00,11489.509999999966,11489.509999999966
2025-10-30 15:11:00,11489.509999999966,11489.509999999966
2025-10-30 16:11:00,11489.509999999966,11489.509999999966
2025-10-30 17:11:00,11489.509999999966,11489.509999999966
2025-10-30 18:11:00,11489.509999999966,11489.509999999966
2025-10-30 19:11:00,11489.509999999966,11489.509999999966
2025-10-30 20:11:00,11489.509999999966,11489.509999999966
2025-10-30 21:11:00,11489.509999999966,11489.509999999966
2025-10-30 22:11:00,11489.509999999966,11489.509999999966
2025-10-31 00:12:00,11489.509999999966,11489.509999999966
2025-10-31 01:12:00,11489.509999999966,11489.509999999966
2025-10-31 02:12:00,11502.889999999967,11534.089999999966
2025-10-31 03:12:00,11520.999999999967,11520.999999999967
2025-10-31 04:12:00,11520.999999999967,11520.999999999967
2025-10-31 05:12:00,11520.999999999967,11520.999999999967
2025-10-31 06:12:00,11520.999999999967,11520.999999999967
2025-10-31 07:12:00,11520.999999999967,11520.999999999967
2025-10-31 08:12:00,11520.999999999967,11520.999999999967
2025-10-31 09:12:00,11520.999999999967,11520.999999999967
2025-10-31 10:12:00,11520.999999999967,11520.999999999967
2025-10-31 11:12:00,11520.999999999967,11520.999999999967
2025-10-31 12:12:00,11520.999999999967,11520.999999999967
2025-10-31 13:12:00,11520.999999999967,11520.999999999967
2025-10-31 14:12:00,11520.999999999967,11520.999999999967
2025-10-31 15:12:00,11520.999999999967,11520.999999999967
2025-10-31 16:12:00,11520.999999999967,11520.999999999967
2025-10-31 17:12:00,11520.999999999967,11520.999999999967
2025-10-31 18:12:00,11520.999999999967,11520.999999999967
2025-10-31 19:12:00,11520.859999999968,11524.639999999967
2025-10-31 20:12:00,11432.249999999969,11362.90999999997
2025-10-31 21:12:00,11432.249999999969,11379.829999999969
2025-10-31 22:12:00,11446.449999999968,11448.569999999967
2025-11-03 01:13:00,11451.739999999967,11441.179999999968
2025-11-03 02:13:00,11451.739999999967,11484.099999999966
2025-11-03 03:13:00,11476.989999999967,11479.639999999967
2025-11-03 04:13:00,11476.889999999967,11476.889999999967
2025-11-03 05:13:00,11476.889999999967,11476.889999999967
2025-11-03 06:13:00,11476.889999999967,11476.889999999967
2025-11-03 07:13:00,11476.889999999967,11476.889999999967
2025-11-03 08:13:00,11476.889999999967,11476.889999999967
2025-11-03 09:13:00,11476.889999999967,11476.889999999967
2025-11-03 10:13:00,11476.889999999967,11476.889999999967
2025-11-03 11:13:00,11476.889999999967,11476.889999999967
2025-11-03 12:13:00,11476.889999999967,11476.889999999967
2025-11-03 13:13:00,11476.889999999967,11476.889999999967
2025-11-03 14:13:00,11476.119999999966,11473.699999999964
2025-11-03 15:13:00,11481.659999999962,11481.659999999962
2025-11-03 16:13:00,11481.659999999962,11481.659999999962
2025-11-03 17:13:00,11481.659999999962,11481.659999999962
2025-11-03 18:13:00,11481.659999999962,11481.659999999962
2025-11-03 19:13:00,11481.659999999962,11481.659999999962
2025-11-03 20:13:00,11481.659999999962,11481.659999999962
2025-11-03 21:13:00,11481.659999999962,11481.659999999962
2025-11-03 22:13:00,11481.659999999962,11481.659999999962
2025-11-03 23:13:00,11481.659999999962,11481.659999999962
2025-11-04 01:14:00,11481.659999999962,11481.659999999962
2025-11-04 02:14:00,11481.659999999962,11481.659999999962
2025-11-04 03:14:00,11530.029999999962,11600.139999999963
2025-11-04 04:14:00,11551.449999999964,11551.449999999964
2025-11-04 05:14:00,11551.449999999964,11551.449999999964
2025-11-04 06:14:00,11551.449999999964,11551.449999999964
2025-11-04 07:14:00,11551.449999999964,11551.449999999964
2025-11-04 08:14:00,11551.449999999964,11551.449999999964
2025-11-04 09:14:00,11551.449999999964,11551.449999999964
2025-11-04 10:14:00,11551.449999999964,11551.449999999964
2025-11-04 11:14:00,11551.449999999964,11551.449999999964
2025-11-04 12:14:00,11551.449999999964,11551.449999999964
2025-11-04 13:14:00,11551.449999999964,11551.449999999964
2025-11-04 14:14:00,11551.449999999964,11551.449999999964
2025-11-04 15:14:00,11551.449999999964,11551.449999999964
2025-11-04 16:14:00,11551.449999999964,11551.449999999964
2025-11-04 17:14:00,11551.449999999964,11551.449999999964
2025-11-04 18:14:00,11551.449999999964,11551.449999999964
2025-11-04 19:14:00,11551.449999999964,11551.449999999964
2025-11-04 20:14:00,11551.449999999964,11551.449999999964
2025-11-04 21:14:00,11551.449999999964,11551.449999999964
2025-11-04 22:14:00,11551.449999999964,11551.449999999964
2025-11-04 23:14:00,11551.449999999964,11551.449999999964
2025-11-05 01:15:00,11551.449999999964,11551.449999999964
2025-11-05 02:15:00,11551.449999999964,11551.449999999964
2025-11-05 03:15:00,11551.449999999964,11551.449999999964
2025-11-05 04:15:00,11551.449999999964,11551.449999999964
2025-11-05 05:15:00,11551.449999999964,11551.449999999964
2025-11-05 06:15:00,11551.449999999964,11551.449999999964
2025-11-05 07:15:00,11551.449999999964,11551.449999999964
2025-11-05 08:15:00,11551.449999999964,11551.449999999964
2025-11-05 09:15:00,11551.449999999964,11551.449999999964
2025-11-05 10:15:00,11551.449999999964,11551.449999999964
2025-11-05 11:15:00,11551.449999999964,11551.449999999964
2025-11-05 12:15:00,11551.449999999964,11551.449999999964
2025-11-05 13:15:00,11551.449999999964,11551.449999999964
2025-11-05 14:15:00,11551.449999999964,11551.449999999964
2025-11-05 15:15:00,11551.449999999964,11551.449999999964
2025-11-05 16:15:00,11551.449999999964,11551.449999999964
2025-11-05 17:15:00,11551.449999999964,11551.449999999964
2025-11-05 18:15:00,11551.449999999964,11551.449999999964
2025-11-05 19:15:00,11551.449999999964,11551.449999999964
2025-11-05 20:15:00,11551.449999999964,11551.449999999964
2025-11-05 21:15:00,11551.449999999964,11551.449999999964
2025-11-05 22:15:00,11551.449999999964,11551.449999999964
2025-11-05 23:15:00,11551.449999999964,11551.449999999964
2025-11-06 01:16:00,11551.449999999964,11551.449999999964
2025-11-06 02:16:00,11448.309999999967,11448.309999999967
2025-11-06 03:16:00,11448.309999999967,11448.309999999967
2025-11-06 04:16:00,11448.309999999967,11448.309999999967
2025-11-06 05:16:00,11448.309999999967,11448.309999999967
2025-11-06 06:16:00,11448.309999999967,11448.309999999967
2025-11-06 07:16:00,11448.309999999967,11448.309999999967
2025-11-06 08:16:00,11448.309999999967,11448.309999999967
2025-11-06 09:16:00,11448.309999999967,11448.309999999967
2025-11-06 10:16:00,11448.309999999967,11448.309999999967
2025-11-06 11:16:00,11448.309999999967,11448.309999999967
2025-11-06 12:16:00,11448.309999999967,11448.309999999967
2025-11-06 13:16:00,11448.309999999967,11448.309999999967
2025-11-06 14:16:00,11448.309999999967,11448.309999999967
2025-11-06 15:16:00,11458.659999999967,11508.009999999966
2025-11-06 16:16:00,11496.549999999963,11496.549999999963
2025-11-06 17:16:00,11496.549999999963,11496.549999999963
2025-11-06 18:16:00,11496.549999999963,11496.549999999963
2025-11-06 19:16:00,11496.549999999963,11496.549999999963
2025-11-06 20:16:00,11496.549999999963,11496.549999999963
2025-11-06 21:16:00,11496.549999999963,11496.549999999963
2025-11-06 22:16:00,11496.549999999963,11496.549999999963
2025-11-06 23:16:00,11496.549999999963,11496.549999999963
2025-11-07 01:17:00,11496.549999999963,11496.549999999963
2025-11-07 02:17:00,11496.549999999963,11496.549999999963
2025-11-07 03:17:00,11496.549999999963,11496.549999999963
2025-11-07 04:17:00,11496.549999999963,11496.549999999963
2025-11-07 05:17:00,11496.549999999963,11496.549999999963
2025-11-07 06:17:00,11496.549999999963,11496.549999999963
2025-11-07 07:17:00,11496.549999999963,11496.549999999963
2025-11-07 08:17:00,11496.549999999963,11496.549999999963
2025-11-07 09:17:00,11496.549999999963,11496.549999999963
2025-11-07 10:17:00,11496.549999999963,11496.549999999963
2025-11-07 11:17:00,11496.549999999963,11496.549999999963
2025-11-07 12:17:00,11496.549999999963,11496.549999999963
2025-11-07 13:17:00,11496.549999999963,11496.549999999963
2025-11-07 14:17:00,11496.549999999963,11496.549999999963
2025-11-07 15:17:00,11496.549999999963,11496.549999999963
2025-11-07 16:17:00,11496.549999999963,11496.549999999963
2025-11-07 17:17:00,11496.549999999963,11496.549999999963
2025-11-07 18:17:00,11496.549999999963,11496.549999999963
2025-11-07 19:17:00,11496.549999999963,11496.549999999963
2025-11-07 20:17:00,11496.549999999963,11496.549999999963
2025-11-07 21:17:00,11496.549999999963,11496.549999999963
2025-11-07 22:17:00,11496.549999999963,11496.549999999963
2025-11-07 23:17:00,11496.549999999963,11496.549999999963
2025-11-10 01:18:00,11496.549999999963,11496.549999999963
2025-11-10 02:18:00,11496.549999999963,11496.549999999963
2025-11-10 03:18:00,11496.549999999963,11496.549999999963
2025-11-10 04:18:00,11496.199999999963,11516.749999999964
2025-11-10 05:18:00,11500.569999999963,11511.329999999964
2025-11-10 06:18:00,11509.309999999963,11540.899999999963
2025-11-10 07:18:00,11509.309999999963,11537.629999999963
2025-11-10 08:18:00,11566.119999999963,11566.119999999963
2025-11-10 09:18:00,11566.119999999963,11566.119999999963
2025-11-10 10:18:00,11566.119999999963,11566.119999999963
2025-11-10 11:18:00,11566.119999999963,11566.119999999963
2025-11-10 12:18:00,11566.119999999963,11566.119999999963
2025-11-10 13:18:00,11566.119999999963,11566.119999999963
2025-11-10 14:18:00,11566.119999999963,11566.119999999963
2025-11-10 15:18:00,11566.119999999963,11566.119999999963
2025-11-10 16:18:00,11566.119999999963,11566.119999999963
2025-11-10 17:18:00,11566.119999999963,11566.119999999963
2025-11-10 18:18:00,11566.119999999963,11566.119999999963
2025-11-10 19:18:00,11566.119999999963,11566.119999999963
2025-11-10 20:18:00,11566.119999999963,11566.119999999963
2025-11-10 21:18:00,11566.119999999963,11566.119999999963
2025-11-10 22:18:00,11566.119999999963,11566.119999999963
2025-11-10 23:18:00,11566.119999999963,11566.119999999963
2025-11-11 01:19:00,11566.119999999963,11566.119999999963
2025-11-11 02:19:00,11566.119999999963,11566.119999999963
2025-11-11 03:19:00,11566.119999999963,11566.119999999963
2025-11-11 04:19:00,11566.119999999963,11566.119999999963
2025-11-11 05:19:00,11566.119999999963,11566.119999999963
2025-11-11 06:19:00,11566.119999999963,11566.119999999963
2025-11-11 07:19:00,11566.119999999963,11566.119999999963
2025-11-11 08:19:00,11566.119999999963,11566.119999999963
2025-11-11 09:19:00,11566.119999999963,11566.119999999963
2025-11-11 10:19:00,11566.119999999963,11566.119999999963
2025-11-11 11:19:00,11566.119999999963,11566.119999999963
2025-11-11 12:19:00,11566.119999999963,11566.119999999963
2025-11-11 13:19:00,11566.119999999963,11566.119999999963
2025-11-11 14:19:00,11566.119999999963,11566.119999999963
2025-11-11 15:19:00,11566.119999999963,11566.119999999963
2025-11-11 16:19:00,11566.119999999963,11566.119999999963
2025-11-11 17:19:00,11566.119999999963,11566.119999999963
2025-11-11 18:19:00,11566.119999999963,11566.119999999963
2025-11-11 19:19:00,11566.119999999963,11566.119999999963
2025-11-11 20:19:00,11566.119999999963,11566.119999999963
2025-11-11 21:19:00,11566.119999999963,11566.119999999963
2025-11-11 22:19:00,11566.119999999963,11566.119999999963
2025-11-11 23:19:00,11566.119999999963,11566.119999999963
2025-11-12 01:20:00,11566.119999999963,11566.119999999963
2025-11-12 02:20:00,11566.119999999963,11566.119999999963
2025-11-12 03:20:00,11566.119999999963,11566.119999999963
2025-11-12 04:20:00,11566.119999999963,11566.119999999963
2025-11-12 05:20:00,11566.119999999963,11566.119999999963
2025-11-12 06:20:00,11566.119999999963,11566.119999999963
2025-11-12 07:20:00,11566.119999999963,11566.119999999963
2025-11-12 08:20:00,11566.119999999963,11566.119999999963
2025-11-12 09:20:00,11566.119999999963,11566.119999999963
2025-11-12 10:20:00,11566.119999999963,11566.119999999963
2025-11-12 11:20:00,11566.119999999963,11566.119999999963
2025-11-12 12:20:00,11566.119999999963,11566.119999999963
2025-11-12 13:20:00,11566.119999999963,11566.119999999963
2025-11-12 14:20:00,11566.119999999963,11566.119999999963
2025-11-12 15:20:00,11566.119999999963,11566.119999999963
2025-11-12 16:20:00,11566.119999999963,11566.119999999963
2025-11-12 17:20:00,11566.119999999963,11566.119999999963
2025-11-12 18:20:00,11566.119999999963,11566.119999999963
2025-11-12 19:20:00,11566.119999999963,11566.119999999963
2025-11-12 20:20:00,11566.119999999963,11566.119999999963
2025-11-12 21:20:00,11566.119999999963,11566.119999999963
2025-11-12 22:20:00,11566.119999999963,11566.119999999963
2025-11-12 23:20:00,11566.119999999963,11566.119999999963
2025-11-13 01:21:00,11566.119999999963,11566.119999999963
2025-11-13 02:21:00,11566.119999999963,11566.119999999963
2025-11-13 03:21:00,11566.119999999963,11566.119999999963
2025-11-13 04:21:00,11566.119999999963,11566.119999999963
2025-11-13 05:21:00,11566.119999999963,11566.119999999963
2025-11-13 06:21:00,11566.119999999963,11566.119999999963
2025-11-13 07:21:00,11566.119999999963,11566.119999999963
2025-11-13 08:21:00,11566.119999999963,11566.119999999963
2025-11-13 09:21:00,11566.119999999963,11566.119999999963
2025-11-13 10:21:00,11566.119999999963,11566.119999999963
2025-11-13 11:21:00,11566.119999999963,11566.119999999963
2025-11-13 12:21:00,11566.119999999963,11566.119999999963
2025-11-13 13:21:00,11566.119999999963,11566.119999999963
2025-11-13 14:21:00,11566.119999999963,11566.119999999963
2025-11-13 15:21:00,11574.459999999963,11574.459999999963
2025-11-13 16:21:00,11574.459999999963,11574.459999999963
2025-11-13 17:21:00,11574.459999999963,11574.459999999963
2025-11-13 18:21:00,11574.459999999963,11574.459999999963
2025-11-13 19:21:00,11574.459999999963,11574.459999999963
2025-11-13 20:21:00,11574.459999999963,11574.459999999963
2025-11-13 21:21:00,11572.429999999962,11445.179999999957
2025-11-13 22:21:00,11617.579999999962,11656.579999999969
2025-11-13 23:21:00,11720.959999999961,11991.39999999997
2025-11-14 01:22:00,11711.959999999961,12059.259999999962
2025-11-14 02:22:00,11817.07999999996,12191.999999999965
2025-11-14 03:22:00,11817.07999999996,12084.199999999955
2025-11-14 04:22:00,11873.56999999996,12287.009999999962
2025-11-14 05:22:00,12272.409999999962,12400.56999999996
2025-11-14 06:22:00,12322.959999999963,12390.679999999964
2025-11-14 07:22:00,12322.959999999963,12364.759999999964
2025-11-14 08:22:00,12322.959999999963,12354.799999999963
2025-11-14 09:22:00,12338.459999999963,12338.459999999963
2025-11-14 10:22:00,12338.459999999963,12338.459999999963
2025-11-14 11:22:00,12338.459999999963,12338.459999999963
2025-11-14 12:22:00,12338.459999999963,12338.459999999963
2025-11-14 13:22:00,12338.459999999963,12338.459999999963
2025-11-14 14:22:00,12338.459999999963,12338.459999999963
2025-11-14 15:22:00,12338.459999999963,12338.459999999963
2025-11-14 16:22:00,12338.459999999963,12338.459999999963
2025-11-14 17:22:00,12338.459999999963,12338.459999999963
2025-11-14 18:22:00,12350.83999999996,12350.83999999996
2025-11-14 19:22:00,12350.83999999996,12350.83999999996
2025-11-14 20:22:00,12350.83999999996,12350.83999999996
2025-11-14 21:22:00,12350.83999999996,12350.83999999996
2025-11-14 22:22:00,12350.83999999996,12350.83999999996
2025-11-14 23:22:00,12350.83999999996,12350.83999999996
2025-11-17 01:23:00,12350.83999999996,12350.83999999996
2025-11-17 02:23:00,12350.83999999996,12350.83999999996
2025-11-17 03:23:00,12350.83999999996,12350.83999999996
2025-11-17 04:23:00,12350.83999999996,12350.83999999996
2025-11-17 05:23:00,12350.83999999996,12350.83999999996
2025-11-17 06:23:00,12350.83999999996,12350.83999999996
2025-11-17 07:23:00,12350.83999999996,12350.83999999996
2025-11-17 08:23:00,12350.209999999961,12386.209999999961
2025-11-17 09:23:00,12378.86999999996,12520.829999999958
2025-11-17 10:23:00,12436.18999999996,12576.839999999958
2025-11-17 11:23:00,12436.18999999996,12578.73999999996
2025-11-17 12:23:00,12436.18999999996,12591.539999999959
2025-11-17 13:23:00,12436.18999999996,12506.539999999959
2025-11-17 14:23:00,12436.18999999996,12551.939999999959
2025-11-17 15:23:00,12436.18999999996,12565.33999999996
2025-11-17 16:23:00,12436.18999999996,12490.08999999996
2025-11-17 17:23:00,12436.18999999996,12513.73999999996
2025-11-17 18:23:00,12435.689999999959,12435.689999999959
2025-11-17 19:23:00,12435.689999999959,12435.689999999959
2025-11-17 20:23:00,12435.689999999959,12435.689999999959
2025-11-17 21:23:00,12435.689999999959,12435.689999999959
2025-11-17 22:23:00,12435.689999999959,12435.689999999959
2025-11-17 23:23:00,12435.689999999959,12435.689999999959
2025-11-18 01:24:00,12435.689999999959,12435.689999999959
2025-11-18 02:24:00,12435.689999999959,12435.689999999959
2025-11-18 03:24:00,12435.689999999959,12435.689999999959
2025-11-18 04:24:00,12435.689999999959,12435.689999999959
2025-11-18 05:24:00,12435.689999999959,12435.689999999959
2025-11-18 06:24:00,12435.689999999959,12435.689999999959
2025-11-18 07:24:00,12435.689999999959,12435.689999999959
2025-11-18 08:24:00,12435.689999999959,12435.689999999959
2025-11-18 09:24:00,12435.689999999959,12435.689999999959
2025-11-18 10:24:00,12435.689999999959,12435.689999999959
2025-11-18 11:24:00,12323.31999999996,12323.31999999996
2025-11-18 12:24:00,12323.31999999996,12323.31999999996
2025-11-18 13:24:00,12323.31999999996,12323.31999999996
2025-11-18 14:24:00,12323.31999999996,12323.31999999996
2025-11-18 15:24:00,12323.31999999996,12323.31999999996
2025-11-18 16:24:00,12323.31999999996,12323.31999999996
2025-11-18 17:24:00,12323.31999999996,12323.31999999996
2025-11-18 18:24:00,12323.31999999996,12323.31999999996
2025-11-18 19:24:00,12323.31999999996,12323.31999999996
2025-11-18 20:24:00,12323.31999999996,12323.31999999996
2025-11-18 21:24:00,12323.31999999996,12323.31999999996
2025-11-18 22:24:00,12323.31999999996,12323.31999999996
2025-11-18 23:24:00,12323.31999999996,12323.31999999996
2025-11-19 01:25:00,12323.31999999996,12323.31999999996
2025-11-19 02:25:00,12323.31999999996,12323.31999999996
2025-11-19 03:25:00,12323.31999999996,12323.31999999996
2025-11-19 04:25:00,12323.31999999996,12323.31999999996
2025-11-19 05:25:00,12323.31999999996,12323.31999999996
2025-11-19 06:25:00,12323.31999999996,12323.31999999996
2025-11-19 07:25:00,12323.31999999996,12323.31999999996
2025-11-19 08:25:00,12323.31999999996,12323.31999999996
2025-11-19 09:25:00,12325.10999999996,12450.059999999967
2025-11-19 10:25:00,12412.189999999966,12412.189999999966
2025-11-19 11:25:00,12412.189999999966,12412.189999999966
2025-11-19 12:25:00,12412.189999999966,12412.189999999966
2025-11-19 13:25:00,12412.189999999966,12412.189999999966
2025-11-19 14:25:00,12412.189999999966,12412.189999999966
2025-11-19 15:25:00,12430.16999999997,12467.899999999972
2025-11-19 16:25:00,12468.089999999971,12519.849999999973
2025-11-19 17:25:00,12467.289999999974,12467.289999999974
2025-11-19 18:25:00,12310.429999999982,12310.429999999982
2025-11-19 19:25:00,12310.429999999982,12310.429999999982
2025-11-19 20:25:00,12310.429999999982,12310.429999999982
2025-11-19 21:25:00,12310.429999999982,12310.429999999982
2025-11-19 22:25:00,12310.429999999982,12310.429999999982
2025-11-19 23:25:00,12310.429999999982,12310.429999999982
2025-11-20 01:26:00,12310.429999999982,12310.429999999982
2025-11-20 02:26:00,12309.589999999982,12232.62999999998
2025-11-20 03:26:00,12323.289999999983,12364.469999999988
2025-11-20 04:26:00,12551.349999999982,12699.49999999998
2025-11-20 05:26:00,12604.019999999982,12767.53999999998
2025-11-20 06:26:00,12604.019999999982,12771.959999999981
2025-11-20 07:26:00,12604.019999999982,12764.299999999981
2025-11-20 08:26:00,12604.019999999982,12754.93999999998
2025-11-20 09:26:00,12604.019999999982,12755.28999999998
2025-11-20 10:26:00,12362.719999999983,12539.499999999982
2025-11-20 11:26:00,12362.719999999983,12476.109999999982
2025-11-20 12:26:00,12362.719999999983,12476.019999999982
2025-11-20 13:26:00,12362.719999999983,12506.589999999982
2025-11-20 14:26:00,12362.719999999983,12446.319999999983
2025-11-20 15:26:00,12362.719999999983,12396.399999999983
2025-11-20 16:26:00,12362.719999999983,12415.089999999984
2025-11-20 17:26:00,12362.419999999982,12362.419999999982
2025-11-20 18:26:00,12362.419999999982,12362.419999999982
2025-11-20 19:26:00,12388.77999999998,12439.179999999978
2025-11-20 20:26:00,12388.179999999978,12388.179999999978
2025-11-20 21:26:00,12388.179999999978,12388.179999999978
2025-11-20 22:26:00,12388.179999999978,12388.179999999978
2025-11-20 23:26:00,12388.179999999978,12388.179999999978
2025-11-21 01:27:00,12388.179999999978,12388.179999999978
2025-11-21 02:27:00,12386.849999999979,12447.45999999998
2025-11-21 03:27:00,12405.589999999973,12405.589999999973
2025-11-21 04:27:00,12405.589999999973,12405.589999999973
2025-11-21 05:27:00,12405.589999999973,12405.589999999973
2025-11-21 06:27:00,12405.589999999973,12405.589999999973
2025-11-21 07:27:00,12405.589999999973,12405.589999999973
2025-11-21 08:27:00,12405.589999999973,12405.589999999973
2025-11-21 09:27:00,12405.589999999973,12405.589999999973
2025-11-21 10:27:00,12404.679999999973,12375.039999999975
2025-11-21 11:27:00,12423.719999999976,12423.719999999976
2025-11-21 12:27:00,12423.719999999976,12423.719999999976
2025-11-21 13:27:00,12423.719999999976,12423.719999999976
2025-11-21 14:27:00,12423.719999999976,12423.719999999976
2025-11-21 15:27:00,12423.719999999976,12423.719999999976
2025-11-21 16:27:00,12423.719999999976,12423.719999999976
2025-11-21 17:27:00,12423.719999999976,12423.719999999976
2025-11-21 18:27:00,12512.489999999969,12697.769999999968
2025-11-21 19:27:00,12835.269999999966,12931.509999999966
2025-11-21 20:27:00,12835.269999999966,12925.389999999965
2025-11-21 21:27:00,12835.269999999966,12957.589999999966
2025-11-21 22:27:00,12835.269999999966,12888.229999999965
2025-11-21 23:27:00,12846.809999999965,12846.809999999965
2025-11-24 01:28:00,12846.809999999965,12846.809999999965
2025-11-24 02:28:00,12846.809999999965,12846.809999999965
2025-11-24 03:28:00,12846.809999999965,12846.809999999965
2025-11-24 04:28:00,12846.809999999965,12846.809999999965
2025-11-24 05:28:00,12846.809999999965,12846.809999999965
2025-11-24 06:28:00,12846.809999999965,12846.809999999965
2025-11-24 07:28:00,12846.809999999965,12846.809999999965
2025-11-24 08:28:00,12846.809999999965,12846.809999999965
2025-11-24 09:28:00,12846.809999999965,12846.809999999965
2025-11-24 10:28:00,12846.809999999965,12846.809999999965
2025-11-24 11:28:00,12846.809999999965,12846.809999999965
2025-11-24 12:28:00,12846.809999999965,12846.809999999965
2025-11-24 13:28:00,12846.809999999965,12846.809999999965
2025-11-24 14:28:00,12846.809999999965,12846.809999999965
2025-11-24 15:28:00,12846.809999999965,12846.809999999965
2025-11-24 16:28:00,12846.809999999965,12846.809999999965
2025-11-24 17:28:00,12846.809999999965,12846.809999999965
2025-11-24 18:28:00,12846.809999999965,12846.809999999965
2025-11-24 19:28:00,12846.809999999965,12846.809999999965
2025-11-24 20:28:00,12846.809999999965,12846.809999999965
2025-11-24 21:28:00,12846.809999999965,12846.809999999965
2025-11-24 22:28:00,12846.809999999965,12846.809999999965
2025-11-24 23:28:00,12846.809999999965,12846.809999999965
2025-11-25 01:29:00,12846.809999999965,12846.809999999965
2025-11-25 02:29:00,12846.809999999965,12846.809999999965
2025-11-25 03:29:00,12846.809999999965,12846.809999999965
2025-11-25 04:29:00,12846.809999999965,12846.809999999965
2025-11-25 05:29:00,12846.809999999965,12846.809999999965
2025-11-25 06:29:00,12846.809999999965,12846.809999999965
2025-11-25 07:29:00,12846.809999999965,12846.809999999965
2025-11-25 08:29:00,12846.809999999965,12846.809999999965
2025-11-25 09:29:00,12846.809999999965,12846.809999999965
2025-11-25 10:29:00,12846.809999999965,12846.809999999965
2025-11-25 11:29:00,12957.199999999968,13203.359999999975
2025-11-25 12:29:00,13069.479999999967,13318.839999999975
2025-11-25 13:29:00,13069.479999999967,13336.839999999975
2025-11-25 14:29:00,13069.479999999967,13339.839999999975
2025-11-25 15:29:00,13107.63999999997,13534.59999999997
2025-11-25 16:29:00,13488.719999999972,13537.059999999972
2025-11-25 17:29:00,13498.559999999972,13498.559999999972
2025-11-25 18:29:00,13498.559999999972,13498.559999999972
2025-11-25 19:29:00,13498.559999999972,13498.559999999972
2025-11-25 20:29:00,13498.559999999972,13498.559999999972
2025-11-25 21:29:00,13498.559999999972,13498.559999999972
2025-11-25 22:29:00,13498.559999999972,13498.559999999972
2025-11-25 23:29:00,13498.559999999972,13498.559999999972
2025-11-26 01:30:00,13498.559999999972,13498.559999999972
2025-11-26 02:30:00,13498.559999999972,13498.559999999972
2025-11-26 03:30:00,13498.559999999972,13498.559999999972
2025-11-26 04:30:00,13498.559999999972,13498.559999999972
2025-11-26 05:30:00,13498.559999999972,13498.559999999972
2025-11-26 06:30:00,13498.559999999972,13498.559999999972
2025-11-26 07:30:00,13498.559999999972,13498.559999999972
2025-11-26 08:30:00,13498.559999999972,13498.559999999972
2025-11-26 09:30:00,13498.559999999972,13498.559999999972
2025-11-26 10:30:00,13498.559999999972,13498.559999999972
2025-11-26 11:30:00,13498.559999999972,13498.559999999972
2025-11-26 12:30:00,13498.559999999972,13498.559999999972
2025-11-26 13:30:00,13498.559999999972,13498.559999999972
2025-11-26 14:30:00,13498.559999999972,13498.559999999972
2025-11-26 15:30:00,13498.559999999972,13498.559999999972
2025-11-26 16:30:00,13498.559999999972,13498.559999999972
2025-11-26 17:30:00,13498.559999999972,13498.559999999972
2025-11-26 18:30:00,13498.559999999972,13498.559999999972
2025-11-26 19:30:00,13498.559999999972,13498.559999999972
2025-11-26 20:30:00,13498.559999999972,13498.559999999972
2025-11-26 21:30:00,13498.559999999972,13498.559999999972
2025-11-26 22:30:00,13498.559999999972,13498.559999999972
2025-11-26 23:30:00,13498.559999999972,13498.559999999972
2025-11-27 01:31:00,13498.559999999972,13498.559999999972
2025-11-27 02:31:00,13498.559999999972,13498.559999999972
2025-11-27 03:31:00,13498.559999999972,13498.559999999972
2025-11-27 04:31:00,13498.559999999972,13498.559999999972
2025-11-27 05:31:00,13498.559999999972,13498.559999999972
2025-11-27 06:31:00,13498.559999999972,13498.559999999972
2025-11-27 07:31:00,13498.559999999972,13498.559999999972
2025-11-27 08:31:00,13498.559999999972,13498.559999999972
2025-11-27 09:31:00,13498.559999999972,13498.559999999972
2025-11-27 10:31:00,13498.559999999972,13498.559999999972
2025-11-27 11:31:00,13498.559999999972,13498.559999999972
2025-11-27 12:31:00,13498.559999999972,13498.559999999972
2025-11-27 13:31:00,13498.559999999972,13498.559999999972
2025-11-27 14:31:00,13498.559999999972,13498.559999999972
2025-11-27 15:31:00,13498.559999999972,13498.559999999972
2025-11-27 16:31:00,13498.559999999972,13498.559999999972
2025-11-27 17:31:00,13498.559999999972,13498.559999999972
2025-11-27 18:31:00,13498.559999999972,13498.559999999972
2025-11-27 19:31:00,13498.559999999972,13498.559999999972
2025-11-27 20:31:00,13498.559999999972,13498.559999999972
2025-11-28 01:00:00,13498.559999999972,13498.559999999972
2025-11-28 02:00:00,13498.559999999972,13498.559999999972
2025-11-28 03:00:00,13498.559999999972,13498.559999999972
2025-11-28 04:00:00,13498.559999999972,13498.559999999972
2025-11-28 05:00:00,13498.559999999972,13498.559999999972
2025-11-28 06:00:00,13498.559999999972,13498.559999999972
2025-11-28 07:00:00,13498.559999999972,13498.559999999972
2025-11-28 08:00:00,13694.329999999974,13694.329999999974
2025-11-28 09:00:00,13694.329999999974,13694.329999999974
2025-11-28 10:00:00,13694.329999999974,13694.329999999974
2025-11-28 11:00:00,13694.329999999974,13694.329999999974
2025-11-28 12:00:00,13694.329999999974,13694.329999999974
2025-11-28 13:00:00,13694.329999999974,13694.329999999974
2025-11-28 14:00:00,13692.719999999974,13708.589999999964
2025-11-28 15:00:00,13771.019999999968,13834.539999999964
2025-11-28 16:00:00,13782.779999999962,13782.779999999962
2025-11-28 17:00:00,13782.779999999962,13782.779999999962
2025-11-28 18:00:00,13781.309999999963,13756.529999999957
2025-11-28 19:00:00,13794.459999999957,13794.459999999957
2025-11-28 20:00:00,13794.459999999957,13794.459999999957
2025-11-28 21:00:00,13794.459999999957,13794.459999999957
2025-12-01 01:14:00,13794.459999999957,13794.459999999957
2025-12-01 02:14:00,13794.459999999957,13794.459999999957
2025-12-01 03:14:00,13794.459999999957,13794.459999999957
2025-12-01 04:14:00,13794.459999999957,13794.459999999957
2025-12-01 05:14:00,13794.459999999957,13794.459999999957
2025-12-01 06:14:00,13794.459999999957,13794.459999999957
2025-12-01 07:14:00,13794.459999999957,13794.459999999957
2025-12-01 08:14:00,13793.059999999958,13799.659999999956
2025-12-01 09:14:00,13854.959999999955,13854.959999999955
2025-12-01 10:14:00,13854.959999999955,13854.959999999955
2025-12-01 11:14:00,13854.959999999955,13854.959999999955
2025-12-01 12:14:00,13854.959999999955,13854.959999999955
2025-12-01 13:14:00,13854.959999999955,13854.959999999955
2025-12-01 14:14:00,13854.959999999955,13854.959999999955
2025-12-01 15:14:00,13854.959999999955,13854.959999999955
2025-12-01 16:14:00,13854.959999999955,13854.959999999955
2025-12-01 17:14:00,13854.959999999955,13854.959999999955
2025-12-01 18:14:00,13854.959999999955,13854.959999999955
2025-12-01 19:14:00,13854.959999999955,13854.959999999955
2025-12-01 20:14:00,13854.959999999955,13854.959999999955
2025-12-01 21:14:00,13854.959999999955,13854.959999999955
2025-12-01 22:14:00,13854.959999999955,13854.959999999955
2025-12-01 23:14:00,13854.959999999955,13854.959999999955
2025-12-02 01:15:00,13854.959999999955,13854.959999999955
2025-12-02 02:15:00,13854.959999999955,13854.959999999955
2025-12-02 03:15:00,13854.959999999955,13854.959999999955
2025-12-02 04:15:00,13854.959999999955,13854.959999999955
2025-12-02 05:15:00,13854.959999999955,13854.959999999955
2025-12-02 06:15:00,13854.959999999955,13854.959999999955
2025-12-02 07:15:00,13854.959999999955,13854.959999999955
2025-12-02 08:15:00,13854.959999999955,13854.959999999955
2025-12-02 09:15:00,13854.959999999955,13854.959999999955
2025-12-02 10:15:00,13854.959999999955,13854.959999999955
2025-12-02 11:15:00,13854.959999999955,13854.959999999955
2025-12-02 12:15:00,13941.529999999968,13964.559999999969
2025-12-02 13:15:00,13951.119999999974,13951.119999999974
2025-12-02 14:15:00,13825.359999999973,13825.359999999973
2025-12-02 15:15:00,13825.359999999973,13825.359999999973
2025-12-02 16:15:00,13825.359999999973,13825.359999999973
2025-12-02 17:15:00,13825.359999999973,13825.359999999973
2025-12-02 18:15:00,13825.359999999973,13825.359999999973
2025-12-02 19:15:00,13825.359999999973,13825.359999999973
2025-12-02 20:15:00,13825.359999999973,13825.359999999973
2025-12-02 21:15:00,13825.359999999973,13825.359999999973
2025-12-02 22:15:00,13824.729999999974,13826.619999999974
2025-12-02 23:15:00,13736.509999999973,13722.799999999976
2025-12-03 01:16:00,13785.259999999966,13756.579999999965
2025-12-03 02:16:00,13785.259999999966,13755.939999999966
2025-12-03 03:16:00,13785.259999999966,13726.059999999965
2025-12-03 04:16:00,13701.77999999997,13701.77999999997
2025-12-03 05:16:00,13701.77999999997,13701.77999999997
2025-12-03 06:16:00,13701.77999999997,13701.77999999997
2025-12-03 07:16:00,13701.77999999997,13701.77999999997
2025-12-03 08:16:00,13701.77999999997,13701.77999999997
2025-12-03 09:16:00,13701.77999999997,13701.77999999997
2025-12-03 10:16:00,13701.77999999997,13701.77999999997
2025-12-03 11:16:00,13701.77999999997,13701.77999999997
2025-12-03 12:16:00,13701.77999999997,13701.77999999997
2025-12-03 13:16:00,13701.77999999997,13701.77999999997
2025-12-03 14:16:00,13701.77999999997,13701.77999999997
2025-12-03 15:16:00,13701.77999999997,13701.77999999997
2025-12-03 16:16:00,13701.77999999997,13701.77999999997
2025-12-03 17:16:00,13701.77999999997,13701.77999999997
2025-12-03 18:16:00,13701.77999999997,13701.77999999997
2025-12-03 19:16:00,13576.57999999996,13576.57999999996
2025-12-03 20:16:00,13576.57999999996,13576.57999999996
2025-12-03 21:16:00,13576.57999999996,13576.57999999996
2025-12-03 22:16:00,13576.57999999996,13576.57999999996
2025-12-03 23:16:00,13576.57999999996,13576.57999999996
2025-12-04 01:17:00,13576.57999999996,13576.57999999996
2025-12-04 02:17:00,13576.57999999996,13576.57999999996
2025-12-04 03:17:00,13576.57999999996,13576.57999999996
2025-12-04 04:17:00,13576.57999999996,13576.57999999996
2025-12-04 05:17:00,13576.57999999996,13576.57999999996
2025-12-04 06:17:00,13576.57999999996,13576.57999999996
2025-12-04 07:17:00,13576.57999999996,13576.57999999996
2025-12-04 08:17:00,13576.57999999996,13576.57999999996
2025-12-04 09:17:00,13576.57999999996,13576.57999999996
2025-12-04 10:17:00,13576.57999999996,13576.57999999996
2025-12-04 11:17:00,13576.57999999996,13576.57999999996
2025-12-04 12:17:00,13576.57999999996,13576.57999999996
2025-12-04 13:17:00,13576.57999999996,13576.57999999996
2025-12-04 14:17:00,13576.57999999996,13576.57999999996
2025-12-04 15:17:00,13576.57999999996,13576.57999999996
2025-12-04 16:17:00,13576.57999999996,13576.57999999996
2025-12-04 17:17:00,13576.57999999996,13576.57999999996
2025-12-04 18:17:00,13576.57999999996,13576.57999999996
2025-12-04 19:17:00,13576.57999999996,13576.57999999996
2025-12-04 20:17:00,13576.57999999996,13576.57999999996
2025-12-04 21:17:00,13576.57999999996,13576.57999999996
2025-12-04 22:17:00,13576.57999999996,13576.57999999996
2025-12-04 23:17:00,13576.57999999996,13576.57999999996
2025-12-05 01:18:00,13576.57999999996,13576.57999999996
2025-12-05 02:18:00,13576.57999999996,13576.57999999996
2025-12-05 03:18:00,13576.57999999996,13576.57999999996
2025-12-05 04:18:00,13576.57999999996,13576.57999999996
2025-12-05 05:18:00,13576.57999999996,13576.57999999996
2025-12-05 06:18:00,13576.57999999996,13576.57999999996
2025-12-05 07:18:00,13576.57999999996,13576.57999999996
2025-12-05 08:18:00,13576.57999999996,13576.57999999996
2025-12-05 09:18:00,13576.57999999996,13576.57999999996
2025-12-05 10:18:00,13576.57999999996,13576.57999999996
2025-12-05 11:18:00,13576.57999999996,13576.57999999996
2025-12-05 12:18:00,13576.57999999996,13576.57999999996
2025-12-05 13:18:00,13576.57999999996,13576.57999999996
2025-12-05 14:18:00,13576.57999999996,13576.57999999996
2025-12-05 15:18:00,13576.57999999996,13576.57999999996
2025-12-05 16:18:00,13576.57999999996,13576.57999999996
2025-12-05 17:18:00,13576.57999999996,13576.57999999996
2025-12-05 18:18:00,13828.839999999962,13828.839999999962
2025-12-05 19:18:00,13828.839999999962,13828.839999999962
2025-12-05 20:18:00,13828.839999999962,13828.839999999962
2025-12-05 21:18:00,13828.839999999962,13828.839999999962
2025-12-05 22:18:00,13828.839999999962,13828.839999999962
2025-12-05 23:18:00,13828.839999999962,13828.839999999962
2025-12-08 01:19:00,13828.839999999962,13828.839999999962
2025-12-08 02:19:00,13828.839999999962,13828.839999999962
2025-12-08 03:19:00,13828.839999999962,13828.839999999962
2025-12-08 04:19:00,13828.839999999962,13828.839999999962
2025-12-08 05:19:00,13828.839999999962,13828.839999999962
2025-12-08 06:19:00,13828.839999999962,13828.839999999962
2025-12-08 07:19:00,13828.839999999962,13828.839999999962
2025-12-08 08:19:00,13828.839999999962,13828.839999999962
2025-12-08 09:19:00,13828.839999999962,13828.839999999962
2025-12-08 10:19:00,13828.839999999962,13828.839999999962
2025-12-08 11:19:00,13828.839999999962,13828.839999999962
2025-12-08 12:19:00,13828.839999999962,13828.839999999962
2025-12-08 13:19:00,13828.839999999962,13828.839999999962
2025-12-08 14:19:00,13828.839999999962,13828.839999999962
2025-12-08 15:19:00,13828.839999999962,13828.839999999962
2025-12-08 16:19:00,13828.839999999962,13828.839999999962
2025-12-08 17:19:00,13828.839999999962,13828.839999999962
2025-12-08 18:19:00,13828.839999999962,13828.839999999962
2025-12-08 19:19:00,13828.839999999962,13828.839999999962
2025-12-08 20:19:00,13828.839999999962,13828.839999999962
2025-12-08 21:19:00,13828.839999999962,13828.839999999962
2025-12-08 22:19:00,13828.839999999962,13828.839999999962
2025-12-08 23:19:00,13828.839999999962,13828.839999999962
2025-12-09 01:20:00,13828.839999999962,13828.839999999962
2025-12-09 02:20:00,13828.839999999962,13828.839999999962
2025-12-09 03:20:00,13828.839999999962,13828.839999999962
2025-12-09 04:20:00,13828.839999999962,13828.839999999962
2025-12-09 05:20:00,13828.839999999962,13828.839999999962
2025-12-09 06:20:00,13828.839999999962,13828.839999999962
2025-12-09 07:20:00,13828.839999999962,13828.839999999962
2025-12-09 08:20:00,13828.839999999962,13828.839999999962
2025-12-09 09:20:00,13828.839999999962,13828.839999999962
2025-12-09 10:20:00,13828.839999999962,13828.839999999962
2025-12-09 11:20:00,13575.259999999955,13575.259999999955
2025-12-09 12:20:00,13575.259999999955,13575.259999999955
2025-12-09 13:20:00,13575.259999999955,13575.259999999955
2025-12-09 14:20:00,13573.929999999955,13546.75999999995
2025-12-09 15:20:00,13591.569999999954,13620.069999999949
2025-12-09 16:20:00,13590.069999999949,13590.069999999949
2025-12-09 17:20:00,13590.069999999949,13590.069999999949
2025-12-09 18:20:00,13590.069999999949,13590.069999999949
2025-12-09 19:20:00,13590.069999999949,13590.069999999949
2025-12-09 20:20:00,13590.069999999949,13590.069999999949
2025-12-09 21:20:00,13590.069999999949,13590.069999999949
2025-12-09 22:20:00,13590.069999999949,13590.069999999949
2025-12-09 23:20:00,13590.069999999949,13590.069999999949
2025-12-10 01:21:00,13590.069999999949,13590.069999999949
2025-12-10 02:21:00,13590.069999999949,13590.069999999949
2025-12-10 03:21:00,13590.069999999949,13590.069999999949
2025-12-10 04:21:00,13590.069999999949,13590.069999999949
2025-12-10 05:21:00,13590.069999999949,13590.069999999949
2025-12-10 06:21:00,13590.069999999949,13590.069999999949
2025-12-10 07:21:00,13590.069999999949,13590.069999999949
2025-12-10 08:21:00,13529.01999999995,13529.01999999995
2025-12-10 09:21:00,13529.01999999995,13529.01999999995
2025-12-10 10:21:00,13529.01999999995,13529.01999999995
2025-12-10 11:21:00,13529.01999999995,13529.01999999995
2025-12-10 12:21:00,13529.01999999995,13529.01999999995
2025-12-10 13:21:00,13529.01999999995,13529.01999999995
2025-12-10 14:21:00,13529.01999999995,13529.01999999995
2025-12-10 15:21:00,13529.01999999995,13529.01999999995
2025-12-10 16:21:00,13529.01999999995,13529.01999999995
2025-12-10 17:21:00,13529.01999999995,13529.01999999995
2025-12-10 18:21:00,13529.01999999995,13529.01999999995
2025-12-10 19:21:00,13529.01999999995,13529.01999999995
2025-12-10 20:21:00,13529.01999999995,13529.01999999995
2025-12-10 21:21:00,13529.01999999995,13529.01999999995
2025-12-10 22:21:00,13528.039999999948,13470.439999999946
2025-12-10 23:21:00,13544.659999999947,13628.219999999945
2025-12-11 01:22:00,13546.459999999948,13612.379999999943
2025-12-11 02:22:00,13544.819999999945,13457.01999999995
2025-12-11 03:22:00,13544.819999999945,13529.979999999941
2025-12-11 04:22:00,13566.179999999946,13610.219999999948
2025-12-11 05:22:00,13683.649999999943,13827.019999999946
2025-12-11 06:22:00,13683.649999999943,13827.019999999946
2025-12-11 07:22:00,13683.649999999943,13827.019999999946
2025-12-11 08:22:00,13813.36999999994,13848.30999999994
2025-12-11 09:22:00,13813.36999999994,13855.98999999994
2025-12-11 10:22:00,13813.36999999994,13868.709999999941
2025-12-11 11:22:00,13813.36999999994,13864.269999999942
2025-12-11 12:22:00,13840.239999999942,13863.889999999945
2025-12-11 13:22:00,13839.739999999943,13839.739999999943
2025-12-11 14:22:00,13839.739999999943,13839.739999999943
2025-12-11 15:22:00,13839.739999999943,13839.739999999943
2025-12-11 16:22:00,13839.739999999943,13839.739999999943
2025-12-11 17:22:00,13839.739999999943,13839.739999999943
2025-12-11 18:22:00,13839.739999999943,13839.739999999943
2025-12-11 19:22:00,13839.739999999943,13839.739999999943
2025-12-11 20:22:00,13839.739999999943,13839.739999999943
2025-12-11 21:22:00,13836.519999999944,13917.019999999968
2025-12-11 22:22:00,13886.209999999948,13886.209999999948
2025-12-11 23:22:00,13886.209999999948,13886.209999999948
2025-12-12 01:23:00,13886.209999999948,13886.209999999948
2025-12-12 02:23:00,13886.209999999948,13886.209999999948
2025-12-12 03:23:00,13886.209999999948,13886.209999999948
2025-12-12 04:23:00,13886.209999999948,13886.209999999948
2025-12-12 05:23:00,13886.209999999948,13886.209999999948
2025-12-12 06:23:00,13886.209999999948,13886.209999999948
2025-12-12 07:23:00,13886.209999999948,13886.209999999948
2025-12-12 08:23:00,13886.209999999948,13886.209999999948
2025-12-12 09:23:00,13886.209999999948,13886.209999999948
2025-12-12 10:23:00,13886.209999999948,13886.209999999948
2025-12-12 11:23:00,13886.209999999948,13886.209999999948
2025-12-12 12:23:00,13886.209999999948,13886.209999999948
2025-12-12 13:23:00,13886.209999999948,13886.209999999948
2025-12-12 14:23:00,13886.209999999948,13886.209999999948
2025-12-12 15:23:00,13886.209999999948,13886.209999999948
2025-12-12 16:23:00,13886.209999999948,13886.209999999948
2025-12-12 17:23:00,13886.209999999948,13886.209999999948
2025-12-12 18:23:00,13886.209999999948,13886.209999999948
2025-12-12 19:23:00,13886.209999999948,13886.209999999948
2025-12-12 20:23:00,13886.209999999948,13886.209999999948
2025-12-12 21:23:00,13886.209999999948,13886.209999999948
2025-12-12 22:23:00,13886.209999999948,13886.209999999948
2025-12-12 23:23:00,13886.209999999948,13886.209999999948
2025-12-15 01:24:00,13886.209999999948,13886.209999999948
2025-12-15 02:24:00,13886.209999999948,13886.209999999948
2025-12-15 03:24:00,13886.209999999948,13886.209999999948
2025-12-15 04:24:00,13886.209999999948,13886.209999999948
2025-12-15 05:24:00,13912.069999999947,13974.369999999932
2025-12-15 06:24:00,13910.669999999942,13910.669999999942
2025-12-15 07:24:00,13910.669999999942,13910.669999999942
2025-12-15 08:24:00,13910.669999999942,13910.669999999942
2025-12-15 09:24:00,13910.669999999942,13910.669999999942
2025-12-15 10:24:00,14112.169999999938,14232.049999999943
2025-12-15 11:24:00,14332.229999999932,14332.229999999932
2025-12-15 12:24:00,14332.229999999932,14332.229999999932
2025-12-15 13:24:00,14332.229999999932,14332.229999999932
2025-12-15 14:24:00,14332.229999999932,14332.229999999932
2025-12-15 15:24:00,14332.229999999932,14332.229999999932
2025-12-15 16:24:00,14332.229999999932,14332.229999999932
2025-12-15 17:24:00,14332.229999999932,14332.229999999932
2025-12-15 18:24:00,14332.229999999932,14332.229999999932
2025-12-15 19:24:00,14332.229999999932,14332.229999999932
2025-12-15 20:24:00,14332.229999999932,14332.229999999932
2025-12-15 21:24:00,14332.229999999932,14332.229999999932
2025-12-15 22:24:00,14332.229999999932,14332.229999999932
2025-12-15 23:24:00,14332.229999999932,14332.229999999932
2025-12-16 01:25:00,14332.229999999932,14332.229999999932
2025-12-16 02:25:00,14332.229999999932,14332.229999999932
2025-12-16 03:25:00,14332.229999999932,14332.229999999932
2025-12-16 04:25:00,14332.229999999932,14332.229999999932
2025-12-16 05:25:00,14332.229999999932,14332.229999999932
2025-12-16 06:25:00,14332.229999999932,14332.229999999932
2025-12-16 07:25:00,14332.229999999932,14332.229999999932
2025-12-16 08:25:00,14332.229999999932,14332.229999999932
2025-12-16 09:25:00,14332.229999999932,14332.229999999932
2025-12-16 10:25:00,14332.229999999932,14332.229999999932
2025-12-16 11:25:00,14332.229999999932,14332.229999999932
2025-12-16 12:25:00,14332.229999999932,14332.229999999932
2025-12-16 13:25:00,14332.229999999932,14332.229999999932
2025-12-16 14:25:00,14332.229999999932,14332.229999999932
2025-12-16 15:25:00,14330.689999999933,14186.14999999992
2025-12-16 16:25:00,13972.819999999932,13972.819999999932
2025-12-16 17:25:00,13972.819999999932,13972.819999999932
2025-12-16 18:25:00,13972.819999999932,13972.819999999932
2025-12-16 19:25:00,13972.819999999932,13972.819999999932
2025-12-16 20:25:00,13972.819999999932,13972.819999999932
2025-12-16 21:25:00,13972.819999999932,13972.819999999932
2025-12-16 22:25:00,13972.819999999932,13972.819999999932
2025-12-16 23:25:00,13972.819999999932,13972.819999999932
2025-12-17 01:26:00,13972.819999999932,13972.819999999932
2025-12-17 02:26:00,13972.819999999932,13972.819999999932
2025-12-17 03:26:00,13972.819999999932,13972.819999999932
2025-12-17 04:26:00,13972.819999999932,13972.819999999932
2025-12-17 05:26:00,13972.819999999932,13972.819999999932
2025-12-17 06:26:00,13972.819999999932,13972.819999999932
2025-12-17 07:26:00,13972.819999999932,13972.819999999932
2025-12-17 08:26:00,13972.819999999932,13972.819999999932
2025-12-17 09:26:00,13972.819999999932,13972.819999999932
2025-12-17 10:26:00,13972.819999999932,13972.819999999932
2025-12-17 11:26:00,13972.819999999932,13972.819999999932
2025-12-17 12:26:00,13972.819999999932,13972.819999999932
2025-12-17 13:26:00,13972.819999999932,13972.819999999932
2025-12-17 14:26:00,13972.819999999932,13972.819999999932
2025-12-17 15:26:00,13972.819999999932,13972.819999999932
2025-12-17 16:26:00,13972.819999999932,13972.819999999932
2025-12-17 17:26:00,13972.819999999932,13972.819999999932
2025-12-17 18:26:00,13972.819999999932,13972.819999999932
2025-12-17 19:26:00,13972.819999999932,13972.819999999932
2025-12-17 20:26:00,13972.819999999932,13972.819999999932
2025-12-17 21:26:00,13972.819999999932,13972.819999999932
2025-12-17 22:26:00,13972.819999999932,13972.819999999932
2025-12-17 23:26:00,13972.819999999932,13972.819999999932
2025-12-18 01:27:00,13972.819999999932,13972.819999999932
2025-12-18 02:27:00,13972.819999999932,13972.819999999932
2025-12-18 03:27:00,13972.819999999932,13972.819999999932
2025-12-18 04:27:00,13972.819999999932,13972.819999999932
2025-12-18 05:27:00,13972.819999999932,13972.819999999932
2025-12-18 06:27:00,13972.819999999932,13972.819999999932
2025-12-18 07:27:00,13972.819999999932,13972.819999999932
2025-12-18 08:27:00,13972.819999999932,13972.819999999932
2025-12-18 09:27:00,13972.819999999932,13972.819999999932
2025-12-18 10:27:00,13972.819999999932,13972.819999999932
2025-12-18 11:27:00,13972.819999999932,13972.819999999932
2025-12-18 12:27:00,13972.819999999932,13972.819999999932
2025-12-18 13:27:00,13972.819999999932,13972.819999999932
2025-12-18 14:27:00,13972.819999999932,13972.819999999932
2025-12-18 15:27:00,13972.819999999932,13972.819999999932
2025-12-18 16:27:00,13972.819999999932,13972.819999999932
2025-12-18 17:27:00,14007.259999999944,14007.259999999944
2025-12-18 18:27:00,14007.259999999944,14007.259999999944
2025-12-18 19:27:00,14007.259999999944,14007.259999999944
2025-12-18 20:27:00,14007.259999999944,14007.259999999944
2025-12-18 21:27:00,14007.259999999944,14007.259999999944
2025-12-18 22:27:00,14007.259999999944,14007.259999999944
2025-12-18 23:27:00,14007.259999999944,14007.259999999944
2025-12-19 01:28:00,14007.259999999944,14007.259999999944
2025-12-19 02:28:00,14007.259999999944,14007.259999999944
2025-12-19 03:28:00,14007.259999999944,14007.259999999944
2025-12-19 04:28:00,14007.259999999944,14007.259999999944
2025-12-19 05:28:00,14007.259999999944,14007.259999999944
2025-12-19 06:28:00,14007.259999999944,14007.259999999944
2025-12-19 07:28:00,14007.259999999944,14007.259999999944
2025-12-19 08:28:00,14007.259999999944,14007.259999999944
2025-12-19 09:28:00,14007.259999999944,14007.259999999944
2025-12-19 10:28:00,14007.259999999944,14007.259999999944
2025-12-19 11:28:00,14007.259999999944,14007.259999999944
2025-12-19 12:28:00,14007.259999999944,14007.259999999944
2025-12-19 13:28:00,14007.259999999944,14007.259999999944
2025-12-19 14:28:00,14007.259999999944,14007.259999999944
2025-12-19 15:28:00,14007.259999999944,14007.259999999944
2025-12-19 16:28:00,14007.259999999944,14007.259999999944
2025-12-19 17:28:00,14006.699999999944,14035.259999999942
2025-12-19 18:28:00,14006.699999999944,13968.699999999944
2025-12-19 19:28:00,14006.699999999944,13924.779999999946
2025-12-19 20:28:00,13890.53999999994,13890.53999999994
2025-12-19 21:28:00,13890.53999999994,13890.53999999994
2025-12-19 22:28:00,13890.53999999994,13890.53999999994
2025-12-19 23:28:00,13890.53999999994,13890.53999999994
2025-12-22 01:29:00,13890.53999999994,13890.53999999994
2025-12-22 02:29:00,13890.53999999994,13890.53999999994
2025-12-22 03:29:00,13890.53999999994,13890.53999999994
2025-12-22 04:29:00,13890.53999999994,13890.53999999994
2025-12-22 05:29:00,13890.53999999994,13890.53999999994
2025-12-22 06:29:00,13890.53999999994,13890.53999999994
2025-12-22 07:29:00,13890.53999999994,13890.53999999994
2025-12-22 08:29:00,13890.53999999994,13890.53999999994
2025-12-22 09:29:00,13890.53999999994,13890.53999999994
2025-12-22 10:29:00,13890.53999999994,13890.53999999994
2025-12-22 11:29:00,13890.53999999994,13890.53999999994
2025-12-22 12:29:00,13890.53999999994,13890.53999999994
2025-12-22 13:29:00,13890.53999999994,13890.53999999994
2025-12-22 14:29:00,13890.53999999994,13890.53999999994
2025-12-22 15:29:00,13890.53999999994,13890.53999999994
2025-12-22 16:29:00,13890.53999999994,13890.53999999994
2025-12-22 17:29:00,13890.53999999994,13890.53999999994
2025-12-22 18:29:00,13890.53999999994,13890.53999999994
2025-12-22 19:29:00,13890.53999999994,13890.53999999994
2025-12-22 20:29:00,13890.53999999994,13890.53999999994
2025-12-22 21:29:00,13890.53999999994,13890.53999999994
2025-12-22 22:29:00,13890.53999999994,13890.53999999994
2025-12-22 23:29:00,13890.53999999994,13890.53999999994
2025-12-23 01:30:00,13890.53999999994,13890.53999999994
2025-12-23 02:30:00,13890.53999999994,13890.53999999994
2025-12-23 03:30:00,13890.53999999994,13890.53999999994
2025-12-23 04:30:00,13890.53999999994,13890.53999999994
2025-12-23 05:30:00,13890.53999999994,13890.53999999994
2025-12-23 06:30:00,13890.53999999994,13890.53999999994
2025-12-23 07:30:00,13890.53999999994,13890.53999999994
2025-12-23 08:30:00,13890.53999999994,13890.53999999994
2025-12-23 09:30:00,13890.53999999994,13890.53999999994
2025-12-23 10:30:00,13890.53999999994,13890.53999999994
2025-12-23 11:30:00,13890.53999999994,13890.53999999994
2025-12-23 12:30:00,13890.53999999994,13890.53999999994
2025-12-23 13:30:00,13890.53999999994,13890.53999999994
2025-12-23 14:30:00,13890.53999999994,13890.53999999994
2025-12-23 15:30:00,13890.53999999994,13890.53999999994
2025-12-23 16:30:00,13890.53999999994,13890.53999999994
2025-12-23 17:30:00,13890.53999999994,13890.53999999994
2025-12-23 18:30:00,13890.53999999994,13890.53999999994
2025-12-23 19:30:00,13890.53999999994,13890.53999999994
2025-12-23 20:30:00,13890.53999999994,13890.53999999994
2025-12-23 21:30:00,13890.53999999994,13890.53999999994
2025-12-23 22:30:00,13890.53999999994,13890.53999999994
2025-12-23 23:30:00,13890.53999999994,13890.53999999994
2025-12-24 01:31:00,13917.619999999943,14027.399999999947
2025-12-24 02:31:00,14155.899999999949,14155.899999999949
2025-12-24 03:31:00,14155.899999999949,14155.899999999949
2025-12-24 04:31:00,14155.899999999949,14155.899999999949
2025-12-24 05:31:00,14155.899999999949,14155.899999999949
2025-12-24 06:31:00,14155.899999999949,14155.899999999949
2025-12-24 07:31:00,14155.899999999949,14155.899999999949
2025-12-24 08:31:00,14155.899999999949,14155.899999999949
2025-12-24 09:31:00,14155.899999999949,14155.899999999949
2025-12-24 10:31:00,14155.899999999949,14155.899999999949
2025-12-24 11:31:00,14155.899999999949,14155.899999999949
2025-12-24 12:31:00,14155.899999999949,14155.899999999949
2025-12-24 13:31:00,14155.899999999949,14155.899999999949
2025-12-24 14:31:00,14155.899999999949,14155.899999999949
2025-12-24 15:31:00,14155.899999999949,14155.899999999949
2025-12-24 16:31:00,14155.899999999949,14155.899999999949
2025-12-24 17:31:00,14155.899999999949,14155.899999999949
2025-12-24 18:31:00,14155.899999999949,14155.899999999949
2025-12-24 19:31:00,14155.899999999949,14155.899999999949
2025-12-24 20:31:00,14155.899999999949,14155.899999999949
2025-12-26 01:45:00,14155.899999999949,14155.899999999949
2025-12-26 02:45:00,14155.899999999949,14155.899999999949
2025-12-26 03:45:00,14155.899999999949,14155.899999999949
2025-12-26 04:45:00,14155.899999999949,14155.899999999949
2025-12-26 05:45:00,14155.899999999949,14155.899999999949
2025-12-26 06:45:00,14155.899999999949,14155.899999999949
2025-12-26 07:45:00,14155.899999999949,14155.899999999949
2025-12-26 08:45:00,14155.899999999949,14155.899999999949
2025-12-26 09:45:00,14155.899999999949,14155.899999999949
2025-12-26 10:45:00,14155.899999999949,14155.899999999949
2025-12-26 11:45:00,14155.899999999949,14155.899999999949
2025-12-26 12:45:00,14155.899999999949,14155.899999999949
2025-12-26 13:45:00,14155.899999999949,14155.899999999949
2025-12-26 14:45:00,14155.899999999949,14155.899999999949
2025-12-26 15:45:00,14155.899999999949,14155.899999999949
2025-12-26 16:45:00,14155.899999999949,14155.899999999949
2025-12-26 17:45:00,14155.899999999949,14155.899999999949
2025-12-26 18:45:00,14155.899999999949,14155.899999999949
2025-12-26 19:45:00,14155.899999999949,14155.899999999949
2025-12-26 20:45:00,14155.899999999949,14155.899999999949
2025-12-26 21:45:00,14155.899999999949,14155.899999999949
2025-12-26 22:45:00,14155.899999999949,14155.899999999949
2025-12-26 23:45:00,14155.899999999949,14155.899999999949
2025-12-29 01:46:00,14155.899999999949,14155.899999999949
2025-12-29 02:46:00,14155.899999999949,14155.899999999949
2025-12-29 03:46:00,14155.899999999949,14155.899999999949
2025-12-29 04:46:00,14155.899999999949,14155.899999999949
2025-12-29 05:46:00,14155.899999999949,14155.899999999949
2025-12-29 06:46:00,14155.899999999949,14155.899999999949
2025-12-29 07:46:00,14155.899999999949,14155.899999999949
2025-12-29 08:46:00,14155.899999999949,14155.899999999949
2025-12-29 09:46:00,14155.899999999949,14155.899999999949
2025-12-29 10:46:00,14155.899999999949,14155.899999999949
2025-12-29 11:46:00,14155.899999999949,14155.899999999949
2025-12-29 12:46:00,14155.899999999949,14155.899999999949
2025-12-29 13:46:00,14155.899999999949,14155.899999999949
2025-12-29 14:46:00,14155.899999999949,14155.899999999949
2025-12-29 15:46:00,14155.899999999949,14155.899999999949
2025-12-29 16:46:00,14155.899999999949,14155.899999999949
2025-12-29 17:46:00,14155.899999999949,14155.899999999949
2025-12-29 18:46:00,14155.899999999949,14155.899999999949
2025-12-29 19:46:00,14282.979999999945,14567.949999999939
2025-12-29 20:46:00,14282.979999999945,14456.509999999951
2025-12-29 21:46:00,14282.979999999945,14429.489999999947
2025-12-29 22:46:00,14282.279999999942,14367.399999999941
2025-12-29 23:46:00,14282.279999999942,14381.959999999941
2025-12-30 01:47:00,14282.62999999994,14282.62999999994
2025-12-30 02:47:00,14282.62999999994,14282.62999999994
2025-12-30 03:47:00,14282.62999999994,14282.62999999994
2025-12-30 04:47:00,14282.62999999994,14282.62999999994
2025-12-30 05:47:00,14282.62999999994,14282.62999999994
2025-12-30 06:47:00,14282.62999999994,14282.62999999994
2025-12-30 07:47:00,14282.62999999994,14282.62999999994
2025-12-30 08:47:00,14282.62999999994,14282.62999999994
2025-12-30 09:47:00,14282.62999999994,14282.62999999994
2025-12-30 10:47:00,14282.62999999994,14282.62999999994
2025-12-30 11:47:00,14282.62999999994,14282.62999999994
2025-12-30 12:47:00,14282.41999999994,14307.589999999942
2025-12-30 13:47:00,14282.41999999994,14299.549999999943
2025-12-30 14:47:00,14282.41999999994,14255.11999999994
2025-12-30 15:47:00,14282.41999999994,14309.80999999994
2025-12-30 16:47:00,14302.77999999994,14368.35999999994
2025-12-30 17:47:00,14302.77999999994,14353.51999999994
2025-12-30 18:47:00,14302.77999999994,14347.33999999994
2025-12-30 19:47:00,14302.77999999994,14349.279999999942
2025-12-30 20:47:00,14302.77999999994,14351.599999999942
2025-12-30 21:47:00,14302.77999999994,14374.619999999943
2025-12-30 22:47:00,14302.77999999994,14385.779999999942
2025-12-30 23:47:00,14302.77999999994,14384.519999999942
2025-12-31 01:48:00,14303.67999999994,14410.03999999994
2025-12-31 02:48:00,14303.67999999994,14406.379999999941
2025-12-31 03:48:00,14303.67999999994,14342.419999999942
2025-12-31 04:48:00,14303.67999999994,14366.939999999942
2025-12-31 05:48:00,14303.67999999994,14385.11999999994
2025-12-31 06:48:00,14303.67999999994,14392.879999999941
2025-12-31 07:48:00,14303.67999999994,14454.939999999942
2025-12-31 08:48:00,14466.59999999994,14466.59999999994
2025-12-31 09:48:00,14466.59999999994,14466.59999999994
2025-12-31 10:48:00,14466.59999999994,14466.59999999994
2025-12-31 11:48:00,14466.59999999994,14466.59999999994
2025-12-31 12:48:00,14466.59999999994,14466.59999999994
2025-12-31 13:48:00,14466.03999999994,14461.159999999943
2025-12-31 14:48:00,14491.979999999938,14491.979999999938
2025-12-31 15:48:00,14491.979999999938,14491.979999999938
2025-12-31 16:48:00,14491.979999999938,14491.979999999938
2025-12-31 17:48:00,14491.979999999938,14491.979999999938
2025-12-31 18:48:00,14513.03999999993,14513.03999999993
2025-12-31 19:48:00,14513.03999999993,14513.03999999993
2025-12-31 20:48:00,14513.03999999993,14513.03999999993
2025-12-31 21:48:00,14513.03999999993,14513.03999999993
2025-12-31 22:48:00,14513.03999999993,14513.03999999993
2025-12-31 23:48:00,14513.03999999993,14513.03999999993
2026-01-02 01:49:00,14513.03999999993,14513.03999999993
2026-01-02 02:49:00,14513.03999999993,14513.03999999993
2026-01-02 03:49:00,14513.03999999993,14513.03999999993
2026-01-02 04:49:00,14513.03999999993,14513.03999999993
2026-01-02 05:49:00,14513.03999999993,14513.03999999993
2026-01-02 06:49:00,14513.03999999993,14513.03999999993
2026-01-02 07:49:00,14513.03999999993,14513.03999999993
2026-01-02 08:49:00,14513.03999999993,14513.03999999993
2026-01-02 09:49:00,14513.03999999993,14513.03999999993
2026-01-02 10:49:00,14513.03999999993,14513.03999999993
2026-01-02 11:49:00,14513.03999999993,14513.03999999993
2026-01-02 12:49:00,14513.03999999993,14513.03999999993
2026-01-02 13:49:00,14513.03999999993,14513.03999999993
2026-01-02 14:49:00,14513.03999999993,14513.03999999993
2026-01-02 15:49:00,14513.03999999993,14513.03999999993
2026-01-02 16:49:00,14611.899999999918,14611.899999999918
2026-01-02 17:49:00,14611.899999999918,14611.899999999918
2026-01-02 18:49:00,14257.389999999918,14257.389999999918
2026-01-02 19:49:00,14257.389999999918,14257.389999999918
2026-01-02 20:49:00,14257.389999999918,14257.389999999918
2026-01-02 21:49:00,14257.389999999918,14257.389999999918
2026-01-02 22:49:00,14257.389999999918,14257.389999999918
2026-01-02 23:49:00,14257.389999999918,14257.389999999918
2026-01-05 01:50:00,14257.389999999918,14257.389999999918
2026-01-05 02:50:00,14257.389999999918,14257.389999999918
2026-01-05 03:50:00,14257.389999999918,14257.389999999918
2026-01-05 04:50:00,14257.389999999918,14257.389999999918
2026-01-05 05:50:00,14257.389999999918,14257.389999999918
2026-01-05 06:50:00,14257.389999999918,14257.389999999918
2026-01-05 07:50:00,14257.389999999918,14257.389999999918
2026-01-05 08:50:00,14256.54999999992,14282.34999999992
2026-01-05 09:50:00,14256.54999999992,14262.549999999925
2026-01-05 10:50:00,14255.779999999919,14084.809999999929
2026-01-05 11:50:00,14255.779999999919,14027.539999999914
2026-01-05 12:50:00,14255.779999999919,13987.059999999929
2026-01-05 13:50:00,14274.699999999919,14261.25999999992
2026-01-05 14:50:00,14326.829999999918,14648.479999999914
2026-01-05 15:50:00,14326.829999999918,14503.219999999903
2026-01-05 16:50:00,14325.529999999913,14260.549999999908
2026-01-05 17:50:00,14204.99999999991,14204.99999999991
2026-01-05 18:50:00,14204.99999999991,14204.99999999991
2026-01-05 19:50:00,14204.99999999991,14204.99999999991
2026-01-05 20:50:00,14204.99999999991,14204.99999999991
2026-01-05 21:50:00,14204.99999999991,14204.99999999991
2026-01-05 22:50:00,14204.99999999991,14204.99999999991
2026-01-05 23:50:00,14204.99999999991,14204.99999999991
2026-01-06 01:51:00,14204.99999999991,14204.99999999991
2026-01-06 02:51:00,14204.99999999991,14204.99999999991
2026-01-06 03:51:00,14204.99999999991,14204.99999999991
2026-01-06 04:51:00,14204.99999999991,14204.99999999991
2026-01-06 05:51:00,14204.99999999991,14204.99999999991
2026-01-06 06:51:00,14204.99999999991,14204.99999999991
2026-01-06 07:51:00,14204.99999999991,14204.99999999991
2026-01-06 08:51:00,14204.99999999991,14204.99999999991
2026-01-06 09:51:00,14204.99999999991,14204.99999999991
2026-01-06 10:51:00,14204.99999999991,14204.99999999991
2026-01-06 11:51:00,14204.99999999991,14204.99999999991
2026-01-06 12:51:00,14204.99999999991,14204.99999999991
2026-01-06 13:51:00,14204.99999999991,14204.99999999991
2026-01-06 14:51:00,14204.99999999991,14204.99999999991
2026-01-06 15:51:00,14204.99999999991,14204.99999999991
2026-01-06 16:51:00,14204.99999999991,14204.99999999991
2026-01-06 17:51:00,14143.069999999916,14143.069999999916
2026-01-06 18:51:00,14143.069999999916,14143.069999999916
2026-01-06 19:51:00,14143.069999999916,14143.069999999916
2026-01-06 20:51:00,14143.069999999916,14143.069999999916
2026-01-06 21:51:00,14143.069999999916,14143.069999999916
2026-01-06 22:51:00,14143.069999999916,14143.069999999916
2026-01-06 23:51:00,14143.069999999916,14143.069999999916
2026-01-07 01:52:00,14143.069999999916,14143.069999999916
2026-01-07 02:52:00,14143.069999999916,14143.069999999916
2026-01-07 03:52:00,14143.069999999916,14143.069999999916
2026-01-07 04:52:00,14143.069999999916,14143.069999999916
2026-01-07 05:52:00,14143.069999999916,14143.069999999916
2026-01-07 06:52:00,14143.069999999916,14143.069999999916
2026-01-07 07:52:00,14143.069999999916,14143.069999999916
2026-01-07 08:52:00,14143.069999999916,14143.069999999916
2026-01-07 09:52:00,14143.069999999916,14143.069999999916
2026-01-07 10:52:00,14143.069999999916,14143.069999999916
2026-01-07 11:52:00,14143.069999999916,14143.069999999916
2026-01-07 12:52:00,14143.069999999916,14143.069999999916
2026-01-07 13:52:00,14143.069999999916,14143.069999999916
2026-01-07 14:52:00,14143.069999999916,14143.069999999916
2026-01-07 15:52:00,14143.069999999916,14143.069999999916
2026-01-07 16:52:00,14143.069999999916,14143.069999999916
2026-01-07 17:52:00,14143.069999999916,14143.069999999916
2026-01-07 18:52:00,14143.069999999916,14143.069999999916
2026-01-07 19:52:00,14143.069999999916,14143.069999999916
2026-01-07 20:52:00,14143.069999999916,14143.069999999916
2026-01-07 21:52:00,14143.069999999916,14143.069999999916
2026-01-07 22:52:00,14143.069999999916,14143.069999999916
2026-01-07 23:52:00,14143.069999999916,14143.069999999916
2026-01-08 01:53:00,14143.069999999916,14143.069999999916
2026-01-08 02:53:00,14143.069999999916,14143.069999999916
2026-01-08 03:53:00,14143.069999999916,14143.069999999916
2026-01-08 04:53:00,14143.069999999916,14143.069999999916
2026-01-08 05:53:00,14143.069999999916,14143.069999999916
2026-01-08 06:53:00,14143.069999999916,14143.069999999916
2026-01-08 07:53:00,14142.649999999916,14137.129999999916
2026-01-08 08:53:00,14154.509999999915,14226.059999999918
2026-01-08 09:53:00,14154.509999999915,14215.259999999913
2026-01-08 10:53:00,14154.509999999915,14197.759999999913
2026-01-08 11:53:00,14154.509999999915,14212.309999999918
2026-01-08 12:53:00,14154.509999999915,14212.609999999913
2026-01-08 13:53:00,14154.509999999915,14178.359999999913
2026-01-08 14:53:00,14154.009999999913,14154.009999999913
2026-01-08 15:53:00,14154.009999999913,14154.009999999913
2026-01-08 16:53:00,14154.009999999913,14154.009999999913
2026-01-08 17:53:00,14154.009999999913,14154.009999999913
2026-01-08 18:53:00,14154.009999999913,14154.009999999913
2026-01-08 19:53:00,14154.009999999913,14154.009999999913
2026-01-08 20:53:00,14154.009999999913,14154.009999999913
2026-01-08 21:53:00,14154.009999999913,14154.009999999913
2026-01-08 22:53:00,14154.009999999913,14154.009999999913
2026-01-08 23:53:00,14154.009999999913,14154.009999999913
2026-01-09 01:54:00,14154.009999999913,14154.009999999913
2026-01-09 02:54:00,14154.009999999913,14154.009999999913
2026-01-09 03:54:00,14154.009999999913,14154.009999999913
2026-01-09 04:54:00,14154.009999999913,14154.009999999913
2026-01-09 05:54:00,14154.009999999913,14154.009999999913
2026-01-09 06:54:00,14154.009999999913,14154.009999999913
2026-01-09 07:54:00,14154.009999999913,14154.009999999913
2026-01-09 08:54:00,14154.009999999913,14154.009999999913
2026-01-09 09:54:00,14154.009999999913,14154.009999999913
2026-01-09 10:54:00,14154.009999999913,14154.009999999913
2026-01-09 11:54:00,14154.009999999913,14154.009999999913
2026-01-09 12:54:00,14154.009999999913,14154.009999999913
2026-01-09 13:54:00,14154.009999999913,14154.009999999913
2026-01-09 14:54:00,14154.009999999913,14154.009999999913
2026-01-09 15:54:00,14159.29999999991,14159.29999999991
2026-01-09 16:54:00,14159.29999999991,14159.29999999991
2026-01-09 17:54:00,14159.29999999991,14159.29999999991
2026-01-09 18:54:00,14159.29999999991,14159.29999999991
2026-01-09 19:54:00,14157.82999999991,14143.969999999914
2026-01-09 20:54:00,14280.679999999911,14333.11999999991
2026-01-09 21:54:00,14280.679999999911,14356.999999999913
2026-01-09 22:54:00,14403.499999999913,14403.499999999913
2026-01-09 23:54:00,14403.499999999913,14403.499999999913
2026-01-12 01:55:00,14403.499999999913,14403.499999999913
2026-01-12 02:55:00,14403.499999999913,14403.499999999913
2026-01-12 03:55:00,14403.499999999913,14403.499999999913
2026-01-12 04:55:00,14403.499999999913,14403.499999999913
2026-01-12 05:55:00,14403.499999999913,14403.499999999913
2026-01-12 06:55:00,14403.499999999913,14403.499999999913
2026-01-12 07:55:00,14403.499999999913,14403.499999999913
2026-01-12 08:55:00,14403.499999999913,14403.499999999913
2026-01-12 09:55:00,14403.499999999913,14403.499999999913
2026-01-12 10:55:00,14403.499999999913,14403.499999999913
2026-01-12 11:55:00,14403.499999999913,14403.499999999913
2026-01-12 12:55:00,14403.499999999913,14403.499999999913
2026-01-12 13:55:00,14403.499999999913,14403.499999999913
2026-01-12 14:55:00,14403.499999999913,14403.499999999913
2026-01-12 15:55:00,14403.499999999913,14403.499999999913
2026-01-12 16:55:00,14414.969999999925,14414.969999999925
2026-01-12 17:55:00,14414.969999999925,14414.969999999925
2026-01-12 18:55:00,14414.969999999925,14414.969999999925
2026-01-12 19:55:00,14442.489999999949,14442.489999999949
2026-01-12 20:55:00,14442.489999999949,14442.489999999949
2026-01-12 21:55:00,14442.489999999949,14442.489999999949
2026-01-12 22:55:00,14442.209999999948,14439.689999999948
2026-01-12 23:55:00,14442.209999999948,14430.169999999947
2026-01-13 01:56:00,14446.349999999946,14446.349999999946
2026-01-13 02:56:00,14493.929999999942,14532.689999999942
2026-01-13 03:56:00,14512.709999999937,14512.709999999937
2026-01-13 04:56:00,14512.709999999937,14512.709999999937
2026-01-13 05:56:00,14512.709999999937,14512.709999999937
2026-01-13 06:56:00,14512.709999999937,14512.709999999937
2026-01-13 07:56:00,14512.709999999937,14512.709999999937
2026-01-13 08:56:00,14512.709999999937,14512.709999999937
2026-01-13 09:56:00,14512.709999999937,14512.709999999937
2026-01-13 10:56:00,14512.709999999937,14512.709999999937
2026-01-13 11:56:00,14512.709999999937,14512.709999999937
2026-01-13 12:56:00,14512.709999999937,14512.709999999937
2026-01-13 13:56:00,14512.709999999937,14512.709999999937
2026-01-13 14:56:00,14512.709999999937,14512.709999999937
2026-01-13 15:56:00,14512.709999999937,14512.709999999937
2026-01-13 16:56:00,14512.709999999937,14512.709999999937
2026-01-13 17:56:00,14512.709999999937,14512.709999999937
2026-01-13 18:56:00,14512.709999999937,14512.709999999937
2026-01-13 19:56:00,14512.709999999937,14512.709999999937
2026-01-13 20:56:00,14512.709999999937,14512.709999999937
2026-01-13 21:56:00,14512.709999999937,14512.709999999937
2026-01-13 22:56:00,14512.709999999937,14512.709999999937
2026-01-13 23:56:00,14512.709999999937,14512.709999999937
2026-01-14 01:57:00,14512.709999999937,14512.709999999937
2026-01-14 02:57:00,14512.709999999937,14512.709999999937
2026-01-14 03:57:00,14512.709999999937,14512.709999999937
2026-01-14 04:57:00,14512.709999999937,14512.709999999937
2026-01-14 05:57:00,14512.709999999937,14512.709999999937
2026-01-14 06:57:00,14512.709999999937,14512.709999999937
2026-01-14 07:57:00,14510.119999999937,14431.679999999942
2026-01-14 08:57:00,14532.239999999929,14532.239999999929
2026-01-14 09:57:00,14532.239999999929,14532.239999999929
2026-01-14 10:57:00,14532.239999999929,14532.239999999929
2026-01-14 11:57:00,14532.239999999929,14532.239999999929
2026-01-14 12:57:00,14530.27999999993,14589.359999999946
2026-01-14 13:57:00,14544.27999999994,14544.27999999994
2026-01-14 14:57:00,14544.27999999994,14544.27999999994
2026-01-14 15:57:00,14544.27999999994,14544.27999999994
2026-01-14 16:57:00,14544.27999999994,14544.27999999994
2026-01-14 17:57:00,14544.27999999994,14544.27999999994
2026-01-14 18:57:00,14544.27999999994,14544.27999999994
2026-01-14 19:57:00,14544.27999999994,14544.27999999994
2026-01-14 20:57:00,14544.27999999994,14544.27999999994
2026-01-14 21:57:00,14544.27999999994,14544.27999999994
2026-01-14 22:57:00,14544.27999999994,14544.27999999994
2026-01-14 23:57:00,14544.27999999994,14544.27999999994
2026-01-15 01:58:00,14365.779999999935,14365.779999999935
2026-01-15 02:58:00,14365.779999999935,14365.779999999935
2026-01-15 03:58:00,14365.779999999935,14365.779999999935
2026-01-15 04:58:00,14365.779999999935,14365.779999999935
2026-01-15 05:58:00,14365.779999999935,14365.779999999935
2026-01-15 06:58:00,14365.779999999935,14365.779999999935
2026-01-15 07:58:00,14365.779999999935,14365.779999999935
2026-01-15 08:58:00,14365.779999999935,14365.779999999935
2026-01-15 09:58:00,14365.779999999935,14365.779999999935
2026-01-15 10:58:00,14365.779999999935,14365.779999999935
2026-01-15 11:58:00,14365.779999999935,14365.779999999935
2026-01-15 12:58:00,14365.779999999935,14365.779999999935
2026-01-15 13:58:00,14365.779999999935,14365.779999999935
2026-01-15 14:58:00,14365.779999999935,14365.779999999935
2026-01-15 15:58:00,14365.779999999935,14365.779999999935
2026-01-15 16:58:00,14365.779999999935,14365.779999999935
2026-01-15 17:58:00,14365.779999999935,14365.779999999935
2026-01-15 18:58:00,14365.779999999935,14365.779999999935
2026-01-15 19:58:00,14365.779999999935,14365.779999999935
2026-01-15 20:58:00,14365.779999999935,14365.779999999935
2026-01-15 21:58:00,14365.779999999935,14365.779999999935
2026-01-15 22:58:00,14365.779999999935,14365.779999999935
2026-01-15 23:58:00,14365.779999999935,14365.779999999935
2026-01-16 01:59:00,14365.779999999935,14365.779999999935
2026-01-16 02:59:00,14365.779999999935,14365.779999999935
2026-01-16 03:59:00,14365.779999999935,14365.779999999935
2026-01-16 04:59:00,14365.779999999935,14365.779999999935
2026-01-16 05:59:00,14365.779999999935,14365.779999999935
2026-01-16 06:59:00,14365.779999999935,14365.779999999935
2026-01-16 07:59:00,14365.779999999935,14365.779999999935
2026-01-16 08:59:00,14365.779999999935,14365.779999999935
2026-01-16 09:59:00,14365.779999999935,14365.779999999935
2026-01-16 10:59:00,14365.779999999935,14365.779999999935
2026-01-16 11:59:00,14365.779999999935,14365.779999999935
2026-01-16 12:59:00,14365.779999999935,14365.779999999935
2026-01-16 13:59:00,14365.779999999935,14365.779999999935
2026-01-16 14:59:00,14365.779999999935,14365.779999999935
2026-01-16 15:59:00,14365.779999999935,14365.779999999935
2026-01-16 16:59:00,14365.779999999935,14365.779999999935
2026-01-16 17:59:00,14365.779999999935,14365.779999999935
2026-01-16 18:59:00,14365.779999999935,14365.779999999935
2026-01-16 19:59:00,14365.779999999935,14365.779999999935
2026-01-16 20:59:00,14365.779999999935,14365.779999999935
2026-01-16 21:59:00,14365.779999999935,14365.779999999935
2026-01-16 22:59:00,14365.779999999935,14365.779999999935
2026-01-19 01:00:00,14365.779999999935,14365.779999999935
2026-01-19 02:00:00,14365.779999999935,14365.779999999935
2026-01-19 03:00:00,14365.779999999935,14365.779999999935
2026-01-19 04:00:00,14365.709999999935,14361.209999999935
2026-01-19 05:00:00,14365.219999999936,14452.129999999936
2026-01-19 06:00:00,14365.219999999936,14397.089999999935
2026-01-19 07:00:00,14365.219999999936,14445.169999999936
2026-01-19 08:00:00,14365.219999999936,14488.289999999932
2026-01-19 09:00:00,14365.219999999936,14531.169999999936
2026-01-19 10:00:00,14365.219999999936,14465.24999999993
2026-01-19 11:00:00,14365.219999999936,14434.049999999934
2026-01-19 12:00:00,14365.219999999936,14476.369999999933
2026-01-19 13:00:00,14365.219999999936,14440.929999999931
2026-01-19 14:00:00,14365.219999999936,14426.449999999935
2026-01-19 15:00:00,14365.219999999936,14511.089999999935
2026-01-19 16:00:00,14365.219999999936,14466.209999999937
2026-01-19 17:00:00,14365.219999999936,14472.049999999934
2026-01-19 18:00:00,14365.219999999936,14531.489999999936
2026-01-19 19:00:00,14365.219999999936,14510.929999999931
2026-01-19 20:00:00,14365.219999999936,14533.329999999933
2026-01-19 21:00:00,14365.219999999936,14535.169999999936
2026-01-20 01:06:00,14361.219999999936,14476.369999999933
2026-01-20 02:06:00,14361.219999999936,14453.169999999936
2026-01-20 03:06:00,14361.219999999936,14485.409999999934
2026-01-20 04:06:00,14361.219999999936,14492.449999999935
2026-01-20 05:06:00,14361.219999999936,14463.489999999936
2026-01-20 06:06:00,14389.529999999935,14579.489999999932
2026-01-20 07:06:00,14389.529999999935,14711.859999999931
2026-01-20 08:06:00,14502.769999999935,14811.529999999935
2026-01-20 09:06:00,14502.769999999935,14795.779999999933
2026-01-20 10:06:00,14502.769999999935,14825.579999999933
2026-01-20 11:06:00,14502.769999999935,14883.429999999935
2026-01-20 12:06:00,14502.769999999935,14887.579999999936
2026-01-20 13:06:00,14501.369999999935,14725.579999999933
2026-01-20 14:06:00,14366.169999999951,14753.87999999995
2026-01-20 15:06:00,14366.169999999951,14716.729999999949
2026-01-20 16:06:00,14451.099999999951,14770.169999999951
2026-01-20 17:06:00,14451.099999999951,14807.009999999951
2026-01-20 18:06:00,14476.329999999938,14785.039999999937
2026-01-20 19:06:00,14476.329999999938,14851.479999999936
2026-01-20 20:06:00,14476.329999999938,14902.479999999936
2026-01-20 21:06:00,14476.329999999938,14892.519999999937
2026-01-20 22:06:00,14476.329999999938,14881.639999999936
2026-01-20 23:06:00,14476.329999999938,14893.759999999938
2026-01-21 01:07:00,14470.329999999938,14895.479999999936
2026-01-21 02:07:00,14470.329999999938,14947.719999999937
2026-01-21 03:07:00,14894.979999999938,15031.729999999938
2026-01-21 04:07:00,15054.259999999937,15054.259999999937
2026-01-21 05:07:00,15054.259999999937,15054.259999999937
2026-01-21 06:07:00,15054.259999999937,15054.259999999937
2026-01-21 07:07:00,15054.259999999937,15054.259999999937
2026-01-21 08:07:00,15054.259999999937,15054.259999999937
2026-01-21 09:07:00,14985.619999999939,14985.619999999939
2026-01-21 10:07:00,14985.619999999939,14985.619999999939
2026-01-21 11:07:00,14985.619999999939,14985.619999999939
2026-01-21 12:07:00,15005.859999999939,15042.659999999942
2026-01-21 13:07:00,15005.859999999939,15069.559999999938
2026-01-21 14:07:00,15004.859999999935,15004.859999999935
2026-01-21 15:07:00,15004.859999999935,15004.859999999935
2026-01-21 16:07:00,15004.859999999935,15004.859999999935
2026-01-21 17:07:00,15004.859999999935,15004.859999999935
2026-01-21 18:07:00,15089.939999999933,15396.019999999935
2026-01-21 19:07:00,15157.859999999935,15157.859999999935
2026-01-21 20:07:00,15238.929999999942,15428.249999999942
2026-01-21 21:07:00,15523.789999999943,15601.069999999943
2026-01-21 22:07:00,15537.309999999943,15537.309999999943
2026-01-21 23:07:00,15537.309999999943,15537.309999999943
2026-01-22 01:08:00,15537.309999999943,15537.309999999943
2026-01-22 02:08:00,15537.309999999943,15537.309999999943
2026-01-22 03:08:00,15537.309999999943,15537.309999999943
2026-01-22 04:08:00,15537.309999999943,15537.309999999943
2026-01-22 05:08:00,15537.309999999943,15537.309999999943
2026-01-22 06:08:00,15537.309999999943,15537.309999999943
2026-01-22 07:08:00,15537.309999999943,15537.309999999943
2026-01-22 08:08:00,15536.819999999943,15510.919999999938
2026-01-22 09:08:00,15536.819999999943,15439.169999999938
2026-01-22 10:08:00,15410.259999999944,15410.259999999944
2026-01-22 11:08:00,15410.259999999944,15410.259999999944
2026-01-22 12:08:00,15473.419999999946,15609.219999999948
2026-01-22 13:08:00,15581.849999999946,15817.109999999946
2026-01-22 14:08:00,15639.239999999947,15772.439999999948
2026-01-22 15:08:00,15850.819999999942,15896.319999999934
2026-01-22 16:08:00,15872.519999999933,15872.519999999933
2026-01-22 17:08:00,15872.519999999933,15872.519999999933
2026-01-22 18:08:00,15872.519999999933,15872.519999999933
2026-01-22 19:08:00,15872.519999999933,15872.519999999933
2026-01-22 20:08:00,15872.519999999933,15872.519999999933
2026-01-22 21:08:00,15872.519999999933,15872.519999999933
2026-01-22 22:08:00,15872.519999999933,15872.519999999933
2026-01-22 23:08:00,15887.019999999931,15962.75999999993
2026-01-23 01:09:00,16084.01999999993,16084.01999999993
2026-01-23 02:09:00,16084.01999999993,16084.01999999993
2026-01-23 03:09:00,16083.03999999993,16099.97999999993
2026-01-23 04:09:00,16099.369999999935,16099.369999999935
2026-01-23 05:09:00,16099.369999999935,16099.369999999935
2026-01-23 06:09:00,16099.369999999935,16099.369999999935
2026-01-23 07:09:00,16099.369999999935,16099.369999999935
2026-01-23 08:09:00,16099.369999999935,16099.369999999935
2026-01-23 09:09:00,16099.369999999935,16099.369999999935
2026-01-23 10:09:00,16099.369999999935,16099.369999999935
2026-01-23 11:09:00,16099.369999999935,16099.369999999935
2026-01-23 12:09:00,16099.369999999935,16099.369999999935
2026-01-23 13:09:00,16099.369999999935,16099.369999999935
2026-01-23 14:09:00,16099.369999999935,16099.369999999935
2026-01-23 15:09:00,16099.369999999935,16099.369999999935
2026-01-23 16:09:00,16099.369999999935,16099.369999999935
2026-01-23 17:09:00,16099.369999999935,16099.369999999935
2026-01-23 18:09:00,16099.369999999935,16099.369999999935
2026-01-23 19:09:00,16099.369999999935,16099.369999999935
2026-01-23 20:09:00,16114.639999999934,16187.239999999936
2026-01-23 21:09:00,16146.37999999993,16146.37999999993
2026-01-23 22:09:00,16146.37999999993,16146.37999999993
2026-01-23 23:09:00,16146.37999999993,16146.37999999993
2026-01-26 01:10:00,16146.37999999993,16146.37999999993
2026-01-26 02:10:00,16146.37999999993,16146.37999999993
2026-01-26 03:10:00,16146.37999999993,16146.37999999993
2026-01-26 04:10:00,16146.37999999993,16146.37999999993
2026-01-26 05:10:00,16146.37999999993,16146.37999999993
2026-01-26 06:10:00,16146.37999999993,16146.37999999993
2026-01-26 07:10:00,16159.509999999926,16159.509999999926
2026-01-26 08:10:00,16159.509999999926,16159.509999999926
2026-01-26 09:10:00,16159.509999999926,16159.509999999926
2026-01-26 10:10:00,16159.509999999926,16159.509999999926
2026-01-26 11:10:00,16159.509999999926,16159.509999999926
2026-01-26 12:10:00,16159.509999999926,16159.509999999926
2026-01-26 13:10:00,16158.249999999925,16158.969999999925
2026-01-26 14:10:00,16212.68999999992,16212.68999999992
2026-01-26 15:10:00,16212.68999999992,16212.68999999992
2026-01-26 16:10:00,16212.68999999992,16212.68999999992
2026-01-26 17:10:00,16212.68999999992,16212.68999999992
2026-01-26 18:10:00,16212.68999999992,16212.68999999992
2026-01-26 19:10:00,16212.68999999992,16212.68999999992
2026-01-26 20:10:00,16212.68999999992,16212.68999999992
2026-01-26 21:10:00,16392.369999999915,16649.649999999914
2026-01-26 22:10:00,16390.76999999991,16390.76999999991
2026-01-26 23:10:00,16390.76999999991,16390.76999999991
2026-01-27 01:11:00,16586.759999999915,16684.619999999915
2026-01-27 02:11:00,16586.759999999915,16739.969999999917
2026-01-27 03:11:00,16377.659999999914,16568.279999999915
2026-01-27 04:11:00,16605.559999999914,16709.369999999915
2026-01-27 05:11:00,16622.189999999915,16718.189999999915
2026-01-27 06:11:00,16622.189999999915,16750.649999999914
2026-01-27 07:11:00,16622.189999999915,16668.629999999914
2026-01-27 08:11:00,16655.449999999917,16792.59999999992
2026-01-27 09:11:00,16655.449999999917,16854.999999999916
2026-01-27 10:11:00,16655.449999999917,16810.599999999915
2026-01-27 11:11:00,16655.449999999917,16819.099999999915
2026-01-27 12:11:00,16655.449999999917,16857.249999999916
2026-01-27 13:11:00,16655.449999999917,16829.649999999918
2026-01-27 14:11:00,16718.179999999917,16991.27999999991
2026-01-27 15:11:00,16803.729999999916,17073.64999999991
2026-01-27 16:11:00,16803.129999999914,16865.929999999913
2026-01-27 17:11:00,16802.62999999991,16802.62999999991
2026-01-27 18:11:00,16802.62999999991,16802.62999999991
2026-01-27 19:11:00,16802.62999999991,16802.62999999991
2026-01-27 20:11:00,16802.62999999991,16802.62999999991
2026-01-27 21:11:00,16802.62999999991,16802.62999999991
2026-01-27 22:11:00,16802.62999999991,16802.62999999991
2026-01-27 23:11:00,16802.62999999991,16802.62999999991
2026-01-28 01:12:00,16802.62999999991,16802.62999999991
2026-01-28 02:12:00,16802.62999999991,16802.62999999991
2026-01-28 03:12:00,16802.62999999991,16802.62999999991
2026-01-28 04:12:00,16802.62999999991,16802.62999999991
2026-01-28 05:12:00,16802.62999999991,16802.62999999991
2026-01-28 06:12:00,16802.62999999991,16802.62999999991
2026-01-28 07:12:00,16802.62999999991,16802.62999999991
2026-01-28 08:12:00,16802.62999999991,16802.62999999991
2026-01-28 09:12:00,16802.62999999991,16802.62999999991
2026-01-28 10:12:00,16802.62999999991,16802.62999999991
2026-01-28 11:12:00,16802.62999999991,16802.62999999991
2026-01-28 12:12:00,16802.62999999991,16802.62999999991
2026-01-28 13:12:00,16802.62999999991,16802.62999999991
2026-01-28 14:12:00,16802.62999999991,16802.62999999991
2026-01-28 15:12:00,16802.62999999991,16802.62999999991
2026-01-28 16:12:00,16802.62999999991,16802.62999999991
2026-01-28 17:12:00,16653.989999999907,16653.989999999907
2026-01-28 18:12:00,16653.989999999907,16653.989999999907
2026-01-28 19:12:00,16653.989999999907,16653.989999999907
2026-01-28 20:12:00,16653.989999999907,16653.989999999907
2026-01-28 21:12:00,16653.989999999907,16653.989999999907
2026-01-28 22:12:00,16653.989999999907,16653.989999999907
2026-01-28 23:12:00,16653.989999999907,16653.989999999907
2026-01-29 01:13:00,16653.989999999907,16653.989999999907
2026-01-29 02:13:00,16653.989999999907,16653.989999999907
2026-01-29 03:13:00,16653.989999999907,16653.989999999907
2026-01-29 04:13:00,16653.989999999907,16653.989999999907
2026-01-29 05:13:00,16653.989999999907,16653.989999999907
2026-01-29 06:13:00,16653.989999999907,16653.989999999907
2026-01-29 07:13:00,16653.989999999907,16653.989999999907
2026-01-29 08:13:00,16653.989999999907,16653.989999999907
2026-01-29 09:13:00,16653.989999999907,16653.989999999907
2026-01-29 10:13:00,16653.989999999907,16653.989999999907
2026-01-29 11:13:00,16587.339999999906,16587.339999999906
2026-01-29 12:13:00,16587.339999999906,16587.339999999906
2026-01-29 13:13:00,16587.339999999906,16587.339999999906
2026-01-29 14:13:00,16587.339999999906,16587.339999999906
2026-01-29 15:13:00,16587.339999999906,16587.339999999906
2026-01-29 16:13:00,16587.339999999906,16587.339999999906
2026-01-29 17:13:00,16587.339999999906,16587.339999999906
2026-01-29 18:13:00,16587.339999999906,16587.339999999906
2026-01-29 19:13:00,16587.339999999906,16587.339999999906
2026-01-29 20:13:00,16547.819999999905,16547.819999999905
2026-01-29 21:13:00,16547.819999999905,16547.819999999905
2026-01-29 22:13:00,16547.819999999905,16547.819999999905
2026-01-29 23:13:00,16547.819999999905,16547.819999999905
2026-01-30 01:14:00,16652.339999999906,16814.509999999904
2026-01-30 02:14:00,16652.339999999906,16838.059999999903
2026-01-30 03:14:00,16731.419999999907,16849.719999999907
2026-01-30 04:14:00,16731.419999999907,16946.22999999991
2026-01-30 05:14:00,16731.349999999908,17009.779999999908
2026-01-30 06:14:00,16731.349999999908,16944.319999999905
2026-01-30 07:14:00,16731.349999999908,16924.099999999908
2026-01-30 08:14:00,16731.349999999908,16990.439999999908
2026-01-30 09:14:00,16731.349999999908,17026.319999999905
2026-01-30 10:14:00,16731.349999999908,17080.859999999906
2026-01-30 11:14:00,17048.869999999908,17233.379999999906
2026-01-30 12:14:00,17048.869999999908,17223.419999999907
2026-01-30 13:14:00,17048.869999999908,17141.959999999908
2026-01-30 14:14:00,17048.869999999908,17133.279999999908
2026-01-30 15:14:00,17048.869999999908,17186.209999999908
2026-01-30 16:14:00,17048.869999999908,17208.919999999907
2026-01-30 17:14:00,17048.869999999908,17234.259999999907
2026-01-30 18:14:00,17048.869999999908,17231.599999999908
2026-01-30 19:14:00,17322.08999999991,17322.08999999991
2026-01-30 20:14:00,17322.08999999991,17322.08999999991
2026-01-30 21:14:00,17322.08999999991,17322.08999999991
2026-01-30 22:14:00,17322.08999999991,17322.08999999991
2026-01-30 23:14:00,17322.08999999991,17322.08999999991
2026-02-02 01:15:00,17321.94999999991,17287.869999999908
2026-02-02 02:15:00,17389.48999999991,17359.29999999991
2026-02-02 03:15:00,17487.59999999991,17767.45999999991
2026-02-02 04:15:00,17487.59999999991,17639.29999999991
2026-02-02 05:15:00,17487.59999999991,17760.23999999991
2026-02-02 06:15:00,17487.59999999991,17763.95999999991
2026-02-02 07:15:00,17487.59999999991,17791.27999999991
2026-02-02 08:15:00,17487.59999999991,18020.09999999991
2026-02-02 09:15:00,18273.259999999915,18273.259999999915
2026-02-02 10:15:00,18273.259999999915,18273.259999999915
2026-02-02 11:15:00,18273.259999999915,18273.259999999915
2026-02-02 12:15:00,18273.259999999915,18273.259999999915
2026-02-02 13:15:00,18273.259999999915,18273.259999999915
2026-02-02 14:15:00,18273.259999999915,18273.259999999915
2026-02-02 15:15:00,18273.259999999915,18273.259999999915
2026-02-02 16:15:00,18273.259999999915,18273.259999999915
2026-02-02 17:15:00,18273.259999999915,18273.259999999915
2026-02-02 18:15:00,18273.259999999915,18273.259999999915
2026-02-02 19:15:00,18273.259999999915,18273.259999999915
2026-02-02 20:15:00,18273.259999999915,18273.259999999915
2026-02-02 21:15:00,18273.259999999915,18273.259999999915
2026-02-02 22:15:00,18273.259999999915,18273.259999999915
2026-02-02 23:15:00,18273.259999999915,18273.259999999915
2026-02-03 01:16:00,18273.259999999915,18273.259999999915
2026-02-03 02:16:00,18273.259999999915,18273.259999999915
2026-02-03 03:16:00,18273.259999999915,18273.259999999915
2026-02-03 04:16:00,18273.259999999915,18273.259999999915
2026-02-03 05:16:00,18273.259999999915,18273.259999999915
2026-02-03 06:16:00,18273.259999999915,18273.259999999915
2026-02-03 07:16:00,18273.259999999915,18273.259999999915
2026-02-03 08:16:00,18273.259999999915,18273.259999999915
2026-02-03 09:16:00,18273.259999999915,18273.259999999915
2026-02-03 10:16:00,18273.259999999915,18273.259999999915
2026-02-03 11:16:00,18273.259999999915,18273.259999999915
2026-02-03 12:16:00,18273.259999999915,18273.259999999915
2026-02-03 13:16:00,18273.259999999915,18273.259999999915
2026-02-03 14:16:00,18273.259999999915,18273.259999999915
2026-02-03 15:16:00,18273.259999999915,18273.259999999915
2026-02-03 16:16:00,18273.259999999915,18273.259999999915
2026-02-03 17:16:00,18273.259999999915,18273.259999999915
2026-02-03 18:16:00,18273.259999999915,18273.259999999915
2026-02-03 19:16:00,18273.259999999915,18273.259999999915
2026-02-03 20:16:00,18273.259999999915,18273.259999999915
2026-02-03 21:16:00,18273.259999999915,18273.259999999915
2026-02-03 22:16:00,18273.259999999915,18273.259999999915
2026-02-03 23:16:00,18273.259999999915,18273.259999999915
2026-02-04 01:17:00,18273.259999999915,18273.259999999915
2026-02-04 02:17:00,18273.259999999915,18273.259999999915
2026-02-04 03:17:00,18273.259999999915,18273.259999999915
2026-02-04 04:17:00,18273.259999999915,18273.259999999915
2026-02-04 05:17:00,18273.259999999915,18273.259999999915
2026-02-04 06:17:00,18273.259999999915,18273.259999999915
2026-02-04 07:17:00,18273.259999999915,18273.259999999915
2026-02-04 08:17:00,18273.259999999915,18273.259999999915
2026-02-04 09:17:00,18273.259999999915,18273.259999999915
2026-02-04 10:17:00,18273.259999999915,18273.259999999915
2026-02-04 11:17:00,18273.259999999915,18273.259999999915
2026-02-04 12:17:00,18273.259999999915,18273.259999999915
2026-02-04 13:17:00,18273.259999999915,18273.259999999915
2026-02-04 14:17:00,18273.259999999915,18273.259999999915
2026-02-04 15:17:00,18273.259999999915,18273.259999999915
2026-02-04 16:17:00,18273.259999999915,18273.259999999915
2026-02-04 17:17:00,18273.259999999915,18273.259999999915
2026-02-04 18:17:00,18273.259999999915,18273.259999999915
2026-02-04 19:17:00,18273.259999999915,18273.259999999915
2026-02-04 20:17:00,18273.259999999915,18273.259999999915
2026-02-04 21:17:00,18273.259999999915,18273.259999999915
2026-02-04 22:17:00,18273.259999999915,18273.259999999915
2026-02-04 23:17:00,18273.259999999915,18273.259999999915
2026-02-05 01:18:00,18273.259999999915,18273.259999999915
2026-02-05 02:18:00,18273.259999999915,18273.259999999915
2026-02-05 03:18:00,18273.259999999915,18273.259999999915
2026-02-05 04:18:00,18273.259999999915,18273.259999999915
2026-02-05 05:18:00,18273.259999999915,18273.259999999915
2026-02-05 06:18:00,18273.259999999915,18273.259999999915
2026-02-05 07:18:00,18273.259999999915,18273.259999999915
2026-02-05 08:18:00,18273.259999999915,18273.259999999915
2026-02-05 09:18:00,18273.259999999915,18273.259999999915
2026-02-05 10:18:00,18273.259999999915,18273.259999999915
2026-02-05 11:18:00,18273.259999999915,18273.259999999915
2026-02-05 12:18:00,18273.259999999915,18273.259999999915
2026-02-05 13:18:00,18273.259999999915,18273.259999999915
2026-02-05 14:18:00,18273.259999999915,18273.259999999915
2026-02-05 15:18:00,18273.259999999915,18273.259999999915
2026-02-05 16:18:00,18273.259999999915,18273.259999999915
2026-02-05 17:18:00,18273.259999999915,18273.259999999915
2026-02-05 18:18:00,18273.259999999915,18273.259999999915
2026-02-05 19:18:00,18273.259999999915,18273.259999999915
2026-02-05 20:18:00,18273.259999999915,18273.259999999915
2026-02-05 21:18:00,18273.259999999915,18273.259999999915
2026-02-05 22:18:00,18273.259999999915,18273.259999999915
2026-02-05 23:18:00,18273.259999999915,18273.259999999915
2026-02-06 01:19:00,18273.259999999915,18273.259999999915
2026-02-06 02:19:00,18273.259999999915,18273.259999999915
2026-02-06 03:19:00,18273.259999999915,18273.259999999915
2026-02-06 04:19:00,18273.259999999915,18273.259999999915
2026-02-06 05:19:00,18273.259999999915,18273.259999999915
2026-02-06 06:19:00,18273.259999999915,18273.259999999915
2026-02-06 07:19:00,18273.259999999915,18273.259999999915
2026-02-06 08:19:00,18273.259999999915,18273.259999999915
2026-02-06 09:19:00,18273.259999999915,18273.259999999915
2026-02-06 10:19:00,18273.259999999915,18273.259999999915
2026-02-06 11:19:00,18273.259999999915,18273.259999999915
2026-02-06 12:19:00,18273.259999999915,18273.259999999915
2026-02-06 13:19:00,18273.259999999915,18273.259999999915
2026-02-06 14:19:00,18273.259999999915,18273.259999999915
2026-02-06 15:19:00,18273.259999999915,18273.259999999915
2026-02-06 16:19:00,18273.259999999915,18273.259999999915
2026-02-06 17:19:00,18272.979999999916,18266.499999999913
2026-02-06 18:19:00,18272.979999999916,18280.939999999915
2026-02-06 19:19:00,18294.229999999916,18294.229999999916
2026-02-06 20:19:00,18294.229999999916,18294.229999999916
2026-02-06 21:19:00,18294.229999999916,18294.229999999916
2026-02-06 22:19:00,18294.229999999916,18294.229999999916
2026-02-06 23:19:00,18294.229999999916,18294.229999999916
2026-02-09 01:20:00,18294.229999999916,18294.229999999916
2026-02-09 02:20:00,18294.229999999916,18294.229999999916
2026-02-09 03:20:00,18323.69999999991,18323.69999999991
2026-02-09 04:20:00,18323.69999999991,18323.69999999991
2026-02-09 05:20:00,18323.69999999991,18323.69999999991
2026-02-09 06:20:00,18323.69999999991,18323.69999999991
2026-02-09 07:20:00,18323.69999999991,18323.69999999991
2026-02-09 08:20:00,18323.69999999991,18323.69999999991
2026-02-09 09:20:00,18323.69999999991,18323.69999999991
2026-02-09 10:20:00,18323.69999999991,18323.69999999991
2026-02-09 11:20:00,18323.69999999991,18323.69999999991
2026-02-09 12:20:00,18323.69999999991,18323.69999999991
2026-02-09 13:20:00,18323.69999999991,18323.69999999991
2026-02-09 14:20:00,18323.69999999991,18323.69999999991
2026-02-09 15:20:00,18323.69999999991,18323.69999999991
2026-02-09 16:20:00,18323.69999999991,18323.69999999991
2026-02-09 17:20:00,18323.69999999991,18323.69999999991
2026-02-09 18:20:00,18323.69999999991,18323.69999999991
2026-02-09 19:20:00,18323.69999999991,18323.69999999991
2026-02-09 20:20:00,18341.22999999991,18336.159999999916
2026-02-09 21:20:00,18371.37999999991,18521.679999999906
2026-02-09 22:20:00,18431.67999999991,18631.109999999906
2026-02-09 23:20:00,18431.67999999991,18513.859999999906
2026-02-10 01:21:00,18430.979999999912,18430.979999999912
2026-02-10 02:21:00,18430.34999999991,18464.279999999915
2026-02-10 03:21:00,18494.06999999991,18578.419999999907
2026-02-10 04:21:00,18493.56999999991,18493.56999999991
2026-02-10 05:21:00,18493.56999999991,18493.56999999991
2026-02-10 06:21:00,18493.56999999991,18493.56999999991
2026-02-10 07:21:00,18493.56999999991,18493.56999999991
2026-02-10 08:21:00,18493.56999999991,18493.56999999991
2026-02-10 09:21:00,18493.56999999991,18493.56999999991
2026-02-10 10:21:00,18493.56999999991,18493.56999999991
2026-02-10 11:21:00,18493.56999999991,18493.56999999991
2026-02-10 12:21:00,18493.56999999991,18493.56999999991
2026-02-10 13:21:00,18493.56999999991,18493.56999999991
2026-02-10 14:21:00,18493.56999999991,18493.56999999991
2026-02-10 15:21:00,18493.56999999991,18493.56999999991
2026-02-10 16:21:00,18493.56999999991,18493.56999999991
2026-02-10 17:21:00,18493.56999999991,18493.56999999991
2026-02-10 18:21:00,18493.56999999991,18493.56999999991
2026-02-10 19:21:00,18493.56999999991,18493.56999999991
2026-02-10 20:21:00,18493.56999999991,18493.56999999991
2026-02-10 21:21:00,18493.56999999991,18493.56999999991
2026-02-10 22:21:00,18493.56999999991,18493.56999999991
2026-02-10 23:21:00,18493.56999999991,18493.56999999991
2026-02-11 01:22:00,18493.56999999991,18493.56999999991
2026-02-11 02:22:00,18493.56999999991,18493.56999999991
2026-02-11 03:22:00,18493.56999999991,18493.56999999991
2026-02-11 04:22:00,18493.56999999991,18493.56999999991
2026-02-11 05:22:00,18493.56999999991,18493.56999999991
2026-02-11 06:22:00,18493.56999999991,18493.56999999991
2026-02-11 07:22:00,18493.56999999991,18493.56999999991
2026-02-11 08:22:00,18493.56999999991,18493.56999999991
2026-02-11 09:22:00,18493.56999999991,18493.56999999991
2026-02-11 10:22:00,18493.56999999991,18493.56999999991
2026-02-11 11:22:00,18493.56999999991,18493.56999999991
2026-02-11 12:22:00,18493.56999999991,18493.56999999991
2026-02-11 13:22:00,18493.56999999991,18493.56999999991
2026-02-11 14:22:00,18493.56999999991,18493.56999999991
2026-02-11 15:22:00,18493.56999999991,18493.56999999991
2026-02-11 16:22:00,18493.56999999991,18493.56999999991
2026-02-11 17:22:00,18493.56999999991,18493.56999999991
2026-02-11 18:22:00,18493.56999999991,18493.56999999991
2026-02-11 19:22:00,18493.56999999991,18493.56999999991
2026-02-11 20:22:00,18493.56999999991,18493.56999999991
2026-02-11 21:22:00,18493.56999999991,18493.56999999991
2026-02-11 22:22:00,18493.56999999991,18493.56999999991
2026-02-11 23:22:00,18493.56999999991,18493.56999999991
2026-02-12 01:23:00,18493.56999999991,18493.56999999991
2026-02-12 02:23:00,18493.56999999991,18493.56999999991
2026-02-12 03:23:00,18493.56999999991,18493.56999999991
2026-02-12 04:23:00,18493.56999999991,18493.56999999991
2026-02-12 05:23:00,18493.56999999991,18493.56999999991
2026-02-12 06:23:00,18493.56999999991,18493.56999999991
2026-02-12 07:23:00,18493.56999999991,18493.56999999991
2026-02-12 08:23:00,18493.56999999991,18493.56999999991
2026-02-12 09:23:00,18493.56999999991,18493.56999999991
2026-02-12 10:23:00,18493.56999999991,18493.56999999991
2026-02-12 11:23:00,18493.56999999991,18493.56999999991
2026-02-12 12:23:00,18517.27999999991,18660.16999999991
2026-02-12 13:23:00,18566.68999999991,18698.849999999915
2026-02-12 14:23:00,18566.68999999991,18699.88999999991
2026-02-12 15:23:00,18665.019999999913,18665.019999999913
2026-02-12 16:23:00,18665.019999999913,18665.019999999913
2026-02-12 17:23:00,18665.019999999913,18665.019999999913
2026-02-12 18:23:00,18665.019999999913,18665.019999999913
2026-02-12 19:23:00,18665.019999999913,18665.019999999913
2026-02-12 20:23:00,18665.019999999913,18665.019999999913
2026-02-12 21:23:00,18665.019999999913,18665.019999999913
2026-02-12 22:23:00,18665.019999999913,18665.019999999913
2026-02-12 23:23:00,18665.019999999913,18665.019999999913
2026-02-13 01:24:00,18665.019999999913,18665.019999999913
2026-02-13 02:24:00,18665.019999999913,18665.019999999913
2026-02-13 03:24:00,18665.019999999913,18665.019999999913
2026-02-13 04:24:00,18664.879999999914,18662.91999999991
2026-02-13 05:24:00,18664.879999999914,18677.979999999912
2026-02-13 06:24:00,18664.879999999914,18651.41999999991
2026-02-13 07:24:00,18664.879999999914,18664.899999999914
2026-02-13 08:24:00,18664.249999999913,18656.909999999913
2026-02-13 09:24:00,18688.809999999914,18750.009999999915
2026-02-13 10:24:00,18737.929999999913,18826.80999999991
2026-02-13 11:24:00,18737.929999999913,18826.20999999991
2026-02-13 12:24:00,18774.279999999915,18798.019999999917
2026-02-13 13:24:00,18774.279999999915,18860.239999999914
2026-02-13 14:24:00,18774.279999999915,18796.45999999991
2026-02-13 15:24:00,18774.279999999915,18799.799999999916
2026-02-13 16:24:00,18774.279999999915,18736.099999999915
2026-02-13 17:24:00,18774.279999999915,18734.45999999991
2026-02-13 18:24:00,18785.479999999912,18861.319999999912
2026-02-13 19:24:00,18843.89999999991,18882.859999999913
2026-02-13 20:24:00,18843.89999999991,18911.819999999912
2026-02-13 21:24:00,18728.13999999991,18953.579999999907
2026-02-13 22:24:00,18728.13999999991,18902.05999999991
2026-02-13 23:24:00,18728.13999999991,18904.05999999991
2026-02-16 01:25:00,19576.1399999999,19576.1399999999
2026-02-16 02:25:00,19576.1399999999,19576.1399999999
2026-02-16 03:25:00,19576.1399999999,19576.1399999999
2026-02-16 04:25:00,19576.1399999999,19576.1399999999
2026-02-16 05:25:00,19576.1399999999,19576.1399999999
2026-02-16 06:25:00,19576.1399999999,19576.1399999999
2026-02-16 07:25:00,19576.1399999999,19576.1399999999
2026-02-16 08:25:00,19576.1399999999,19576.1399999999
2026-02-16 09:25:00,19576.1399999999,19576.1399999999
2026-02-16 10:25:00,19731.569999999898,19772.8799999999
2026-02-16 11:25:00,19754.249999999894,19754.249999999894
2026-02-16 12:25:00,19754.249999999894,19754.249999999894
2026-02-16 13:25:00,19754.249999999894,19754.249999999894
2026-02-16 14:25:00,19754.249999999894,19754.249999999894
2026-02-16 15:25:00,19754.249999999894,19754.249999999894
2026-02-16 16:25:00,19754.249999999894,19754.249999999894
2026-02-16 17:25:00,19751.309999999892,19873.94999999986
2026-02-16 18:25:00,19805.409999999876,19805.409999999876
2026-02-16 19:25:00,19805.409999999876,19805.409999999876
2026-02-16 20:25:00,19805.409999999876,19805.409999999876
2026-02-16 21:25:00,19805.409999999876,19805.409999999876
2026-02-17 01:54:00,19805.409999999876,19805.409999999876
2026-02-17 02:54:00,19805.409999999876,19805.409999999876
2026-02-17 03:54:00,19805.409999999876,19805.409999999876
2026-02-17 04:54:00,19805.409999999876,19805.409999999876
2026-02-17 05:54:00,19805.409999999876,19805.409999999876
2026-02-17 06:54:00,19805.409999999876,19805.409999999876
2026-02-17 07:54:00,19805.409999999876,19805.409999999876
2026-02-17 08:54:00,19805.409999999876,19805.409999999876
2026-02-17 09:54:00,19805.409999999876,19805.409999999876
2026-02-17 10:54:00,19805.409999999876,19805.409999999876
2026-02-17 11:54:00,19805.409999999876,19805.409999999876
2026-02-17 12:54:00,19805.409999999876,19805.409999999876
2026-02-17 13:54:00,19805.409999999876,19805.409999999876
2026-02-17 14:54:00,19805.409999999876,19805.409999999876
2026-02-17 15:54:00,19805.409999999876,19805.409999999876
2026-02-17 16:54:00,19805.409999999876,19805.409999999876
2026-02-17 17:54:00,19805.409999999876,19805.409999999876
2026-02-17 18:54:00,19805.409999999876,19805.409999999876
2026-02-17 19:54:00,19805.409999999876,19805.409999999876
2026-02-17 20:54:00,19805.409999999876,19805.409999999876
2026-02-17 21:54:00,19805.409999999876,19805.409999999876
2026-02-17 22:54:00,19805.409999999876,19805.409999999876
2026-02-17 23:54:00,19805.409999999876,19805.409999999876
2026-02-18 01:55:00,19805.409999999876,19805.409999999876
2026-02-18 02:55:00,19805.409999999876,19805.409999999876
2026-02-18 03:55:00,19805.409999999876,19805.409999999876
2026-02-18 04:55:00,19805.409999999876,19805.409999999876
2026-02-18 05:55:00,19805.409999999876,19805.409999999876
2026-02-18 06:55:00,19805.409999999876,19805.409999999876
2026-02-18 07:55:00,19805.409999999876,19805.409999999876
2026-02-18 08:55:00,19805.409999999876,19805.409999999876
2026-02-18 09:55:00,19805.409999999876,19805.409999999876
2026-02-18 10:55:00,19805.409999999876,19805.409999999876
2026-02-18 11:55:00,19805.409999999876,19805.409999999876
2026-02-18 12:55:00,19805.409999999876,19805.409999999876
2026-02-18 13:55:00,19805.409999999876,19805.409999999876
2026-02-18 14:55:00,19805.409999999876,19805.409999999876
2026-02-18 15:55:00,19805.409999999876,19805.409999999876
2026-02-18 16:55:00,19805.409999999876,19805.409999999876
2026-02-18 17:55:00,19805.409999999876,19805.409999999876
2026-02-18 18:55:00,19805.409999999876,19805.409999999876
2026-02-18 19:55:00,19805.409999999876,19805.409999999876
2026-02-18 20:55:00,19805.409999999876,19805.409999999876
2026-02-18 21:55:00,19803.729999999876,19850.289999999888
2026-02-18 22:55:00,19851.50999999988,19893.449999999877
2026-02-18 23:55:00,19849.70999999989,19849.70999999989
2026-02-19 01:56:00,19849.70999999989,19849.70999999989
2026-02-19 02:56:00,19849.70999999989,19849.70999999989
2026-02-19 03:56:00,19849.70999999989,19849.70999999989
2026-02-19 04:56:00,19849.70999999989,19849.70999999989
2026-02-19 05:56:00,19849.70999999989,19849.70999999989
2026-02-19 06:56:00,19849.70999999989,19849.70999999989
2026-02-19 07:56:00,19849.70999999989,19849.70999999989
2026-02-19 08:56:00,19849.70999999989,19849.70999999989
2026-02-19 09:56:00,19847.46999999989,19731.94999999987
2026-02-19 10:56:00,19667.309999999885,19667.309999999885
2026-02-19 11:56:00,19667.309999999885,19667.309999999885
2026-02-19 12:56:00,19667.309999999885,19667.309999999885
2026-02-19 13:56:00,19667.309999999885,19667.309999999885
2026-02-19 14:56:00,19667.309999999885,19667.309999999885
2026-02-19 15:56:00,19667.309999999885,19667.309999999885
2026-02-19 16:56:00,19667.309999999885,19667.309999999885
2026-02-19 17:56:00,19667.309999999885,19667.309999999885
2026-02-19 18:56:00,19921.85999999989,19921.85999999989
2026-02-19 19:56:00,19921.85999999989,19921.85999999989
2026-02-19 20:56:00,19921.85999999989,19921.85999999989
2026-02-19 21:56:00,19921.85999999989,19921.85999999989
2026-02-19 22:56:00,19921.85999999989,19921.85999999989
2026-02-19 23:56:00,19921.85999999989,19921.85999999989
2026-02-20 01:57:00,19921.85999999989,19921.85999999989
2026-02-20 02:57:00,19921.85999999989,19921.85999999989
2026-02-20 03:57:00,19921.85999999989,19921.85999999989
2026-02-20 04:57:00,19921.85999999989,19921.85999999989
2026-02-20 05:57:00,19921.85999999989,19921.85999999989
2026-02-20 06:57:00,19921.85999999989,19921.85999999989
2026-02-20 07:57:00,19921.85999999989,19921.85999999989
2026-02-20 08:57:00,19921.85999999989,19921.85999999989
2026-02-20 09:57:00,19921.85999999989,19921.85999999989
2026-02-20 10:57:00,19921.85999999989,19921.85999999989
2026-02-20 11:57:00,19921.85999999989,19921.85999999989
2026-02-20 12:57:00,19921.85999999989,19921.85999999989
2026-02-20 13:57:00,19921.85999999989,19921.85999999989
2026-02-20 14:57:00,19921.85999999989,19921.85999999989
2026-02-20 15:57:00,19921.85999999989,19921.85999999989
2026-02-20 16:57:00,19921.85999999989,19921.85999999989
2026-02-20 17:57:00,19745.909999999887,19745.909999999887
2026-02-20 18:57:00,19745.909999999887,19745.909999999887
2026-02-20 19:57:00,19745.909999999887,19745.909999999887
2026-02-20 20:57:00,19745.909999999887,19745.909999999887
2026-02-20 21:57:00,19745.909999999887,19745.909999999887
2026-02-20 22:57:00,19745.909999999887,19745.909999999887
2026-02-20 23:57:00,19745.909999999887,19745.909999999887
2026-02-23 01:58:00,19745.909999999887,19745.909999999887
2026-02-23 02:58:00,19745.909999999887,19745.909999999887
2026-02-23 03:58:00,19745.909999999887,19745.909999999887
2026-02-23 04:58:00,19745.909999999887,19745.909999999887
2026-02-23 05:58:00,19745.909999999887,19745.909999999887
2026-02-23 06:58:00,19745.909999999887,19745.909999999887
2026-02-23 07:58:00,19745.909999999887,19745.909999999887
2026-02-23 08:58:00,19745.909999999887,19745.909999999887
2026-02-23 09:58:00,19745.909999999887,19745.909999999887
2026-02-23 10:58:00,19745.909999999887,19745.909999999887
2026-02-23 11:58:00,19745.909999999887,19745.909999999887
2026-02-23 12:58:00,19745.909999999887,19745.909999999887
2026-02-23 13:58:00,19745.909999999887,19745.909999999887
2026-02-23 14:58:00,19745.909999999887,19745.909999999887
2026-02-23 15:58:00,19745.909999999887,19745.909999999887
2026-02-23 16:58:00,19745.909999999887,19745.909999999887
2026-02-23 17:58:00,19745.909999999887,19745.909999999887
2026-02-23 18:58:00,19745.909999999887,19745.909999999887
2026-02-23 19:58:00,19814.43999999989,20070.889999999883
2026-02-23 20:58:00,19814.43999999989,20120.569999999898
2026-02-23 21:58:00,19955.62999999989,20269.70999999989
2026-02-23 22:58:00,20167.449999999888,20535.549999999883
2026-02-23 23:58:00,20302.26999999988,20586.84999999988
2026-02-24 01:59:00,20751.639999999883,20751.639999999883
2026-02-24 02:59:00,20751.639999999883,20751.639999999883
2026-02-24 03:59:00,20427.30999999988,20427.30999999988
2026-02-24 04:59:00,20427.30999999988,20427.30999999988
2026-02-24 05:59:00,20427.30999999988,20427.30999999988
2026-02-24 06:59:00,20427.30999999988,20427.30999999988
2026-02-24 07:59:00,20427.30999999988,20427.30999999988
2026-02-24 08:59:00,20427.30999999988,20427.30999999988
2026-02-24 09:59:00,20435.89999999988,20435.89999999988
2026-02-24 10:59:00,20435.89999999988,20435.89999999988
2026-02-24 11:59:00,20435.89999999988,20435.89999999988
2026-02-24 12:59:00,20435.89999999988,20435.89999999988
2026-02-24 13:59:00,20435.89999999988,20435.89999999988
2026-02-24 14:59:00,20435.89999999988,20435.89999999988
2026-02-24 15:59:00,20435.89999999988,20435.89999999988
2026-02-24 16:59:00,20435.89999999988,20435.89999999988
2026-02-24 17:59:00,20435.89999999988,20435.89999999988
2026-02-24 18:59:00,20435.89999999988,20435.89999999988
2026-02-24 19:59:00,20435.89999999988,20435.89999999988
2026-02-24 20:59:00,20435.89999999988,20435.89999999988
2026-02-24 21:59:00,20454.169999999893,20454.169999999893
2026-02-24 22:59:00,20454.169999999893,20454.169999999893
2026-02-25 01:00:00,20454.169999999893,20454.169999999893
2026-02-25 02:00:00,20265.169999999893,20265.169999999893
2026-02-25 03:00:00,20265.169999999893,20265.169999999893
2026-02-25 04:00:00,20265.169999999893,20265.169999999893
2026-02-25 05:00:00,20281.92999999989,20402.88999999989
2026-02-25 06:00:00,20281.92999999989,20357.129999999896
2026-02-25 07:00:00,20281.1299999999,20281.1299999999
2026-02-25 08:00:00,20281.1299999999,20281.1299999999
2026-02-25 09:00:00,20281.1299999999,20281.1299999999
2026-02-25 10:00:00,20281.1299999999,20281.1299999999
2026-02-25 11:00:00,20281.1299999999,20281.1299999999
2026-02-25 12:00:00,20281.1299999999,20281.1299999999
2026-02-25 13:00:00,20281.1299999999,20281.1299999999
2026-02-25 14:00:00,20308.009999999915,20308.009999999915
2026-02-25 15:00:00,20308.009999999915,20308.009999999915
2026-02-25 16:00:00,20308.009999999915,20308.009999999915
2026-02-25 17:00:00,20308.009999999915,20308.009999999915
2026-02-25 18:00:00,20308.009999999915,20308.009999999915
2026-02-25 19:00:00,20306.329999999914,20301.28999999989
2026-02-25 20:00:00,20377.679999999906,20433.929999999906
2026-02-25 21:00:00,20420.99999999991,20476.349999999908
2026-02-25 22:00:00,20511.24999999991,20511.24999999991
2026-02-25 23:00:00,20511.24999999991,20511.24999999991
2026-02-26 01:01:00,20511.24999999991,20511.24999999991
2026-02-26 02:01:00,20511.24999999991,20511.24999999991
2026-02-26 03:01:00,20511.24999999991,20511.24999999991
2026-02-26 04:01:00,20527.56999999991,20644.36999999991
2026-02-26 05:01:00,20526.769999999913,20526.769999999913
2026-02-26 06:01:00,20526.769999999913,20526.769999999913
2026-02-26 07:01:00,20526.769999999913,20526.769999999913
2026-02-26 08:01:00,20526.769999999913,20526.769999999913
2026-02-26 09:01:00,20526.769999999913,20526.769999999913
2026-02-26 10:01:00,20526.769999999913,20526.769999999913
2026-02-26 11:01:00,20526.769999999913,20526.769999999913
2026-02-26 12:01:00,20526.769999999913,20526.769999999913
2026-02-26 13:01:00,20526.769999999913,20526.769999999913
2026-02-26 14:01:00,20526.769999999913,20526.769999999913
2026-02-26 15:01:00,20526.769999999913,20526.769999999913
2026-02-26 16:01:00,20526.769999999913,20526.769999999913
2026-02-26 17:01:00,20526.769999999913,20526.769999999913
2026-02-26 18:01:00,20526.769999999913,20526.769999999913
2026-02-26 19:01:00,20526.769999999913,20526.769999999913
2026-02-26 20:01:00,20526.20999999991,20498.44999999991
2026-02-26 21:01:00,20526.20999999991,20615.329999999914
2026-02-26 22:01:00,20557.269999999913,20657.52999999991
2026-02-26 23:01:00,20557.269999999913,20706.309999999914
2026-02-27 01:02:00,20554.269999999913,20592.609999999913
2026-02-27 02:02:00,20554.269999999913,20609.769999999913
2026-02-27 03:02:00,20553.66999999992,20553.66999999992
2026-02-27 04:02:00,20569.809999999918,20569.809999999918
2026-02-27 05:02:00,20569.809999999918,20569.809999999918
2026-02-27 06:02:00,20594.589999999902,20594.589999999902
2026-02-27 07:02:00,20594.589999999902,20594.589999999902
2026-02-27 08:02:00,20594.589999999902,20594.589999999902
2026-02-27 09:02:00,20594.589999999902,20594.589999999902
2026-02-27 10:02:00,20594.589999999902,20594.589999999902
2026-02-27 11:02:00,20594.589999999902,20594.589999999902
2026-02-27 12:02:00,20594.589999999902,20594.589999999902
2026-02-27 13:02:00,20594.589999999902,20594.589999999902
2026-02-27 14:02:00,20594.589999999902,20594.589999999902
2026-02-27 15:02:00,20594.589999999902,20594.589999999902
2026-02-27 16:02:00,20594.589999999902,20594.589999999902
2026-02-27 17:02:00,20594.589999999902,20594.589999999902
2026-02-27 18:02:00,20594.589999999902,20594.589999999902
2026-02-27 19:02:00,20594.589999999902,20594.589999999902
2026-02-27 20:02:00,20594.589999999902,20594.589999999902
2026-02-27 21:02:00,20594.589999999902,20594.589999999902
2026-02-27 22:02:00,20594.589999999902,20594.589999999902
2026-02-27 23:02:00,20594.589999999902,20594.589999999902
2026-03-02 01:03:00,20594.589999999902,20594.589999999902
2026-03-02 02:03:00,20594.589999999902,20594.589999999902
2026-03-02 03:03:00,20594.029999999904,20392.54999999991
2026-03-02 04:03:00,20594.029999999904,20451.509999999907
2026-03-02 05:03:00,20594.029999999904,20683.589999999902
2026-03-02 06:03:00,20594.029999999904,20765.189999999908
2026-03-02 07:03:00,20594.029999999904,20672.309999999903
2026-03-02 08:03:00,20594.029999999904,20771.429999999906
2026-03-02 09:03:00,20655.479999999905,20933.489999999903
2026-03-02 10:03:00,20778.389999999905,21022.529999999904
2026-03-02 11:03:00,20778.389999999905,20993.969999999907
2026-03-02 12:03:00,20778.389999999905,20946.689999999904
2026-03-02 13:03:00,20778.389999999905,20965.449999999906
2026-03-02 14:03:00,20778.389999999905,20949.649999999907
2026-03-02 15:03:00,20778.389999999905,21006.129999999906
2026-03-02 16:03:00,20778.389999999905,20949.209999999905
2026-03-02 17:03:00,20851.72999999991,20851.72999999991
2026-03-02 18:03:00,20851.72999999991,20851.72999999991
2026-03-02 19:03:00,20851.72999999991,20851.72999999991
2026-03-02 20:03:00,20851.72999999991,20851.72999999991
2026-03-02 21:03:00,20851.72999999991,20851.72999999991
2026-03-02 22:03:00,20851.72999999991,20851.72999999991
2026-03-02 23:03:00,20851.72999999991,20851.72999999991
2026-03-03 01:04:00,20851.72999999991,20851.72999999991
2026-03-03 02:04:00,20851.72999999991,20851.72999999991
2026-03-03 03:04:00,20851.58999999991,20836.44999999991
2026-03-03 04:04:00,20909.109999999913,20946.409999999913
2026-03-03 05:04:00,20914.789999999914,20887.729999999916
2026-03-03 06:04:00,20914.789999999914,20895.609999999913
2026-03-03 07:04:00,20914.789999999914,20901.52999999991
2026-03-03 08:04:00,20948.379999999914,20987.089999999913
2026-03-03 09:04:00,20948.379999999914,20989.469999999914
2026-03-03 10:04:00,20948.379999999914,20971.869999999915
2026-03-03 11:04:00,20948.379999999914,21014.339999999913
2026-03-03 12:04:00,21032.359999999913,21032.359999999913
2026-03-03 13:04:00,21032.359999999913,21032.359999999913
2026-03-03 14:04:00,21032.359999999913,21032.359999999913
2026-03-03 15:04:00,21031.799999999912,21010.199999999913
2026-03-03 16:04:00,20846.91999999991,20846.91999999991
2026-03-03 17:04:00,20846.91999999991,20846.91999999991
2026-03-03 18:04:00,20768.199999999913,20768.199999999913
2026-03-03 19:04:00,20768.199999999913,20768.199999999913
2026-03-03 20:04:00,20768.199999999913,20768.199999999913
2026-03-03 21:04:00,20768.199999999913,20768.199999999913
2026-03-03 22:04:00,20768.199999999913,20768.199999999913
2026-03-03 23:04:00,20768.199999999913,20768.199999999913
2026-03-04 01:05:00,20768.199999999913,20768.199999999913
2026-03-04 02:05:00,20768.199999999913,20768.199999999913
2026-03-04 03:05:00,20768.199999999913,20768.199999999913
2026-03-04 04:05:00,20768.199999999913,20768.199999999913
2026-03-04 05:05:00,20768.199999999913,20768.199999999913
2026-03-04 06:05:00,20768.199999999913,20768.199999999913
2026-03-04 07:05:00,20768.199999999913,20768.199999999913
2026-03-04 08:05:00,20768.199999999913,20768.199999999913
2026-03-04 09:05:00,20768.199999999913,20768.199999999913
2026-03-04 10:05:00,20768.199999999913,20768.199999999913
2026-03-04 11:05:00,20768.199999999913,20768.199999999913
2026-03-04 12:05:00,20768.199999999913,20768.199999999913
2026-03-04 13:05:00,20768.199999999913,20768.199999999913
2026-03-04 14:05:00,20768.199999999913,20768.199999999913
2026-03-04 15:05:00,20768.199999999913,20768.199999999913
2026-03-04 16:05:00,20799.139999999912,20859.319999999912
2026-03-04 17:05:00,20798.53999999991,20798.53999999991
2026-03-04 18:05:00,20855.30999999991,20919.77999999991
2026-03-04 19:05:00,20855.30999999991,20956.669999999907
2026-03-04 20:05:00,20932.00999999991,21081.05999999991
2026-03-04 21:05:00,20932.00999999991,21096.00999999991
2026-03-04 22:05:00,20932.00999999991,21075.009999999915
2026-03-04 23:05:00,20932.00999999991,21049.75999999991
2026-03-05 01:06:00,20932.75999999991,20986.809999999914
2026-03-05 02:06:00,20932.259999999915,20932.259999999915
2026-03-05 03:06:00,20932.259999999915,20932.259999999915
2026-03-05 04:06:00,20932.259999999915,20932.259999999915
2026-03-05 05:06:00,20932.259999999915,20932.259999999915
2026-03-05 06:06:00,20932.259999999915,20932.259999999915
2026-03-05 07:06:00,20932.259999999915,20932.259999999915
2026-03-05 08:06:00,20932.259999999915,20932.259999999915
2026-03-05 09:06:00,20932.259999999915,20932.259999999915
2026-03-05 10:06:00,20932.259999999915,20932.259999999915
2026-03-05 11:06:00,20932.259999999915,20932.259999999915
2026-03-05 12:06:00,20932.259999999915,20932.259999999915
2026-03-05 13:06:00,20932.259999999915,20932.259999999915
2026-03-05 14:06:00,20932.259999999915,20932.259999999915
2026-03-05 15:06:00,20955.619999999904,20955.619999999904
2026-03-05 16:06:00,20955.619999999904,20955.619999999904
2026-03-05 17:06:00,20955.619999999904,20955.619999999904
2026-03-05 18:06:00,20955.619999999904,20955.619999999904
2026-03-05 19:06:00,20955.619999999904,20955.619999999904
2026-03-05 20:06:00,20955.619999999904,20955.619999999904
2026-03-05 21:06:00,20955.619999999904,20955.619999999904
2026-03-05 22:06:00,20955.619999999904,20955.619999999904
2026-03-05 23:06:00,20955.619999999904,20955.619999999904
2026-03-06 01:07:00,20955.619999999904,20955.619999999904
2026-03-06 02:07:00,20955.619999999904,20955.619999999904
2026-03-06 03:07:00,20955.619999999904,20955.619999999904
2026-03-06 04:07:00,20955.619999999904,20955.619999999904
2026-03-06 05:07:00,20955.619999999904,20955.619999999904
2026-03-06 06:07:00,20955.619999999904,20955.619999999904
2026-03-06 07:07:00,20955.619999999904,20955.619999999904
2026-03-06 08:07:00,20770.65999999991,20770.65999999991
2026-03-06 09:07:00,20770.65999999991,20770.65999999991
2026-03-06 10:07:00,20949.829999999914,21185.02999999993
2026-03-06 11:07:00,20947.72999999993,20947.72999999993
2026-03-06 12:07:00,20947.72999999993,20947.72999999993
2026-03-06 13:07:00,20947.72999999993,20947.72999999993
2026-03-06 14:07:00,20947.72999999993,20947.72999999993
2026-03-06 15:07:00,20947.72999999993,20947.72999999993
2026-03-06 16:07:00,20947.72999999993,20947.72999999993
2026-03-06 17:07:00,20947.72999999993,20947.72999999993
2026-03-06 18:07:00,20947.72999999993,20947.72999999993
2026-03-06 19:07:00,20980.93999999993,20998.43999999993
2026-03-06 20:07:00,20980.93999999993,21093.35999999993
2026-03-06 21:07:00,21048.61999999993,21242.51999999993
2026-03-06 22:07:00,21048.61999999993,21214.169999999933
2026-03-06 23:07:00,21048.61999999993,21239.719999999932
2026-03-09 00:08:00,21182.17999999993,21182.17999999993
2026-03-09 01:08:00,21182.17999999993,21182.17999999993
2026-03-09 02:08:00,21182.17999999993,21182.17999999993
2026-03-09 03:08:00,21182.17999999993,21182.17999999993
2026-03-09 04:08:00,21182.17999999993,21182.17999999993
2026-03-09 05:08:00,21182.17999999993,21182.17999999993
2026-03-09 06:08:00,21182.17999999993,21182.17999999993
2026-03-09 07:08:00,21182.17999999993,21182.17999999993
2026-03-09 08:08:00,21182.17999999993,21182.17999999993
2026-03-09 09:08:00,21182.17999999993,21182.17999999993
2026-03-09 10:08:00,21182.17999999993,21182.17999999993
2026-03-09 11:08:00,21182.17999999993,21182.17999999993
2026-03-09 12:08:00,21182.17999999993,21182.17999999993
2026-03-09 13:08:00,21182.17999999993,21182.17999999993
2026-03-09 14:08:00,21182.17999999993,21182.17999999993
2026-03-09 15:08:00,21182.17999999993,21182.17999999993
2026-03-09 16:08:00,21182.17999999993,21182.17999999993
2026-03-09 17:08:00,21182.17999999993,21182.17999999993
2026-03-09 18:08:00,21182.17999999993,21182.17999999993
2026-03-09 19:08:00,21182.17999999993,21182.17999999993
2026-03-09 20:08:00,21182.17999999993,21182.17999999993
2026-03-09 21:08:00,21182.17999999993,21182.17999999993
2026-03-09 22:08:00,21182.17999999993,21182.17999999993
2026-03-10 00:09:00,21182.17999999993,21182.17999999993
2026-03-10 01:09:00,21182.17999999993,21182.17999999993
2026-03-10 02:09:00,21182.17999999993,21182.17999999993
2026-03-10 03:09:00,21182.17999999993,21182.17999999993
2026-03-10 04:09:00,21182.17999999993,21182.17999999993
2026-03-10 05:09:00,21182.17999999993,21182.17999999993
2026-03-10 06:09:00,21179.51999999993,21163.17999999992
2026-03-10 07:09:00,21364.37999999992,21468.329999999918
2026-03-10 08:09:00,21364.37999999992,21558.089999999916
2026-03-10 09:09:00,21364.37999999992,21526.079999999918
2026-03-10 10:09:00,21622.549999999916,21622.549999999916
2026-03-10 11:09:00,21622.549999999916,21622.549999999916
2026-03-10 12:09:00,21622.549999999916,21622.549999999916
2026-03-10 13:09:00,21622.549999999916,21622.549999999916
2026-03-10 14:09:00,21622.549999999916,21622.549999999916
2026-03-10 15:09:00,21622.549999999916,21622.549999999916
2026-03-10 16:09:00,21622.549999999916,21622.549999999916
2026-03-10 17:09:00,21622.549999999916,21622.549999999916
2026-03-10 18:09:00,21622.549999999916,21622.549999999916
2026-03-10 19:09:00,21622.549999999916,21622.549999999916
2026-03-10 20:09:00,21622.549999999916,21622.549999999916
2026-03-10 21:09:00,21622.549999999916,21622.549999999916
2026-03-10 22:09:00,21622.549999999916,21622.549999999916
2026-03-11 00:10:00,21622.549999999916,21622.549999999916
2026-03-11 01:10:00,21622.549999999916,21622.549999999916
2026-03-11 02:10:00,21622.549999999916,21622.549999999916
2026-03-11 03:10:00,21622.549999999916,21622.549999999916
2026-03-11 04:10:00,21621.079999999914,21535.60999999992
2026-03-11 05:10:00,21642.629999999925,21642.629999999925
2026-03-11 06:10:00,21642.629999999925,21642.629999999925
2026-03-11 07:10:00,21642.629999999925,21642.629999999925
2026-03-11 08:10:00,21642.629999999925,21642.629999999925
2026-03-11 09:10:00,21642.629999999925,21642.629999999925
2026-03-11 10:10:00,21642.629999999925,21642.629999999925
2026-03-11 11:10:00,21642.629999999925,21642.629999999925
2026-03-11 12:10:00,21642.629999999925,21642.629999999925
2026-03-11 13:10:00,21642.629999999925,21642.629999999925
2026-03-11 14:10:00,21642.629999999925,21642.629999999925
2026-03-11 15:10:00,21642.629999999925,21642.629999999925
2026-03-11 16:10:00,21642.629999999925,21642.629999999925
2026-03-11 17:10:00,21642.629999999925,21642.629999999925
2026-03-11 18:10:00,21642.629999999925,21642.629999999925
2026-03-11 19:10:00,21642.629999999925,21642.629999999925
2026-03-11 20:10:00,21818.449999999924,22140.76999999993
2026-03-11 21:10:00,21911.14999999992,22180.45999999993
2026-03-11 22:10:00,21997.699999999924,22278.89999999993
2026-03-12 00:11:00,21989.699999999924,22178.739999999925
2026-03-12 01:11:00,22040.499999999927,22040.499999999927
2026-03-12 02:11:00,22040.499999999927,22040.499999999927
2026-03-12 03:11:00,22040.499999999927,22040.499999999927
2026-03-12 04:11:00,22040.499999999927,22040.499999999927
2026-03-12 05:11:00,22040.499999999927,22040.499999999927
2026-03-12 06:11:00,22040.499999999927,22040.499999999927
2026-03-12 07:11:00,22040.499999999927,22040.499999999927
2026-03-12 08:11:00,22040.499999999927,22040.499999999927
2026-03-12 09:11:00,22040.499999999927,22040.499999999927
2026-03-12 10:11:00,22040.499999999927,22040.499999999927
2026-03-12 11:11:00,22040.499999999927,22040.499999999927
2026-03-12 12:11:00,22040.499999999927,22040.499999999927
2026-03-12 13:11:00,22040.499999999927,22040.499999999927
2026-03-12 14:11:00,22040.499999999927,22040.499999999927
2026-03-12 15:11:00,22040.499999999927,22040.499999999927
2026-03-12 16:11:00,22040.499999999927,22040.499999999927
2026-03-12 17:11:00,22040.499999999927,22040.499999999927
2026-03-12 18:11:00,22040.499999999927,22040.499999999927
2026-03-12 19:11:00,22040.499999999927,22040.499999999927
2026-03-12 20:11:00,22040.499999999927,22040.499999999927
2026-03-12 21:11:00,22040.499999999927,22040.499999999927
2026-03-12 22:11:00,22040.499999999927,22040.499999999927
2026-03-13 00:12:00,22040.499999999927,22040.499999999927
2026-03-13 01:12:00,22040.499999999927,22040.499999999927
2026-03-13 02:12:00,22040.499999999927,22040.499999999927
2026-03-13 03:12:00,22040.499999999927,22040.499999999927
2026-03-13 04:12:00,22040.499999999927,22040.499999999927
2026-03-13 05:12:00,21845.409999999934,21845.409999999934
2026-03-13 06:12:00,21845.409999999934,21845.409999999934
2026-03-13 07:12:00,21845.409999999934,21845.409999999934
2026-03-13 08:12:00,21845.409999999934,21845.409999999934
2026-03-13 09:12:00,21845.409999999934,21845.409999999934
2026-03-13 10:12:00,21845.409999999934,21845.409999999934
2026-03-13 11:12:00,21845.409999999934,21845.409999999934
2026-03-13 12:12:00,21845.409999999934,21845.409999999934
2026-03-13 13:12:00,21845.409999999934,21845.409999999934
2026-03-13 14:12:00,21845.409999999934,21845.409999999934
2026-03-13 15:12:00,21845.409999999934,21845.409999999934
2026-03-13 16:12:00,21845.409999999934,21845.409999999934
2026-03-13 17:12:00,21896.169999999933,22205.319999999927
2026-03-13 18:12:00,21894.66999999994,21894.66999999994
2026-03-13 19:12:00,21894.66999999994,21894.66999999994
2026-03-13 20:12:00,21894.66999999994,21894.66999999994
2026-03-13 21:12:00,21894.66999999994,21894.66999999994
2026-03-13 22:12:00,21894.66999999994,21894.66999999994
2026-03-16 00:13:00,21894.66999999994,21894.66999999994
2026-03-16 01:13:00,21894.66999999994,21894.66999999994
2026-03-16 02:13:00,21894.66999999994,21894.66999999994
2026-03-16 03:13:00,21894.66999999994,21894.66999999994
2026-03-16 04:13:00,21894.66999999994,21894.66999999994
2026-03-16 05:13:00,21894.66999999994,21894.66999999994
2026-03-16 06:13:00,21894.66999999994,21894.66999999994
2026-03-16 07:13:00,21894.66999999994,21894.66999999994
2026-03-16 08:13:00,21894.66999999994,21894.66999999994
2026-03-16 09:13:00,21893.89999999994,21892.46999999994
2026-03-16 10:13:00,21801.38999999994,21801.38999999994
2026-03-16 11:13:00,21801.38999999994,21801.38999999994
2026-03-16 12:13:00,21801.38999999994,21801.38999999994
2026-03-16 13:13:00,21801.38999999994,21801.38999999994
2026-03-16 14:13:00,21801.38999999994,21801.38999999994
2026-03-16 15:13:00,21801.38999999994,21801.38999999994
2026-03-16 16:13:00,21801.38999999994,21801.38999999994
2026-03-16 17:13:00,21801.38999999994,21801.38999999994
2026-03-16 18:13:00,21801.38999999994,21801.38999999994
2026-03-16 19:13:00,21801.38999999994,21801.38999999994
2026-03-16 20:13:00,21801.38999999994,21801.38999999994
2026-03-16 21:13:00,21801.38999999994,21801.38999999994
2026-03-16 22:13:00,21801.38999999994,21801.38999999994
2026-03-17 00:14:00,21801.38999999994,21801.38999999994
2026-03-17 01:14:00,21801.38999999994,21801.38999999994
2026-03-17 02:14:00,21801.38999999994,21801.38999999994
2026-03-17 03:14:00,21801.38999999994,21801.38999999994
2026-03-17 04:14:00,21801.38999999994,21801.38999999994
2026-03-17 05:14:00,21801.38999999994,21801.38999999994
2026-03-17 06:14:00,21801.38999999994,21801.38999999994
2026-03-17 07:14:00,21801.38999999994,21801.38999999994
2026-03-17 08:14:00,21945.589999999946,21945.589999999946
2026-03-17 09:14:00,21945.589999999946,21945.589999999946
2026-03-17 10:14:00,21945.589999999946,21945.589999999946
2026-03-17 11:14:00,21945.589999999946,21945.589999999946
2026-03-17 12:14:00,21945.589999999946,21945.589999999946
2026-03-17 13:14:00,21945.589999999946,21945.589999999946
2026-03-17 14:14:00,21945.589999999946,21945.589999999946
2026-03-17 15:14:00,21945.589999999946,21945.589999999946
2026-03-17 16:14:00,21945.589999999946,21945.589999999946
2026-03-17 17:14:00,21945.589999999946,21945.589999999946
2026-03-17 18:14:00,21945.589999999946,21945.589999999946
2026-03-17 19:14:00,21945.589999999946,21945.589999999946
2026-03-17 20:14:00,21945.589999999946,21945.589999999946
2026-03-17 21:14:00,21945.589999999946,21945.589999999946
2026-03-17 22:14:00,21945.589999999946,21945.589999999946
2026-03-18 00:15:00,21945.589999999946,21945.589999999946
2026-03-18 01:15:00,21945.589999999946,21945.589999999946
2026-03-18 02:15:00,21945.589999999946,21945.589999999946
2026-03-18 03:15:00,21945.589999999946,21945.589999999946
2026-03-18 04:15:00,21945.589999999946,21945.589999999946
2026-03-18 05:15:00,21945.589999999946,21945.589999999946
2026-03-18 06:15:00,21945.589999999946,21945.589999999946
2026-03-18 07:15:00,21945.589999999946,21945.589999999946
2026-03-18 08:15:00,21945.589999999946,21945.589999999946
2026-03-18 09:15:00,21945.589999999946,21945.589999999946
2026-03-18 10:15:00,21945.589999999946,21945.589999999946
2026-03-18 11:15:00,21945.589999999946,21945.589999999946
2026-03-18 12:15:00,22045.249999999956,22045.249999999956
2026-03-18 13:15:00,22045.249999999956,22045.249999999956
2026-03-18 14:15:00,22045.249999999956,22045.249999999956
2026-03-18 15:15:00,22045.249999999956,22045.249999999956
2026-03-18 16:15:00,22045.249999999956,22045.249999999956
2026-03-18 17:15:00,22045.249999999956,22045.249999999956
2026-03-18 18:15:00,22045.249999999956,22045.249999999956
2026-03-18 19:15:00,22045.249999999956,22045.249999999956
2026-03-18 20:15:00,22045.249999999956,22045.249999999956
2026-03-18 21:15:00,22045.249999999956,22045.249999999956
2026-03-18 22:15:00,22045.249999999956,22045.249999999956
2026-03-19 00:16:00,22045.249999999956,22045.249999999956
2026-03-19 01:16:00,22045.249999999956,22045.249999999956
2026-03-19 02:16:00,22045.249999999956,22045.249999999956
2026-03-19 03:16:00,22045.249999999956,22045.249999999956
2026-03-19 04:16:00,22045.249999999956,22045.249999999956
2026-03-19 05:16:00,22045.249999999956,22045.249999999956
2026-03-19 06:16:00,22045.249999999956,22045.249999999956
2026-03-19 07:16:00,22045.249999999956,22045.249999999956
2026-03-19 08:16:00,22045.249999999956,22045.249999999956
2026-03-19 09:16:00,22045.249999999956,22045.249999999956
2026-03-19 10:16:00,22045.249999999956,22045.249999999956
2026-03-19 11:16:00,22045.249999999956,22045.249999999956
2026-03-19 12:16:00,22045.249999999956,22045.249999999956
2026-03-19 13:16:00,22045.249999999956,22045.249999999956
2026-03-19 14:16:00,22045.249999999956,22045.249999999956
2026-03-19 15:16:00,22045.249999999956,22045.249999999956
2026-03-19 16:16:00,22045.249999999956,22045.249999999956
2026-03-19 17:16:00,22045.249999999956,22045.249999999956
2026-03-19 18:16:00,22045.249999999956,22045.249999999956
2026-03-19 19:16:00,22045.249999999956,22045.249999999956
2026-03-19 20:16:00,22045.249999999956,22045.249999999956
2026-03-19 21:16:00,22045.249999999956,22045.249999999956
2026-03-19 22:16:00,22045.249999999956,22045.249999999956
2026-03-20 00:17:00,22045.249999999956,22045.249999999956
2026-03-20 01:17:00,22045.249999999956,22045.249999999956
2026-03-20 02:17:00,22044.479999999956,21928.649999999958
2026-03-20 03:17:00,22064.479999999952,22064.479999999952
2026-03-20 04:17:00,22064.479999999952,22064.479999999952
2026-03-20 05:17:00,22064.479999999952,22064.479999999952
2026-03-20 06:17:00,22064.479999999952,22064.479999999952
2026-03-20 07:17:00,22136.169999999955,22371.859999999975
2026-03-20 08:17:00,22209.029999999977,22209.029999999977
2026-03-20 09:17:00,22209.029999999977,22209.029999999977
2026-03-20 10:17:00,22209.029999999977,22209.029999999977
2026-03-20 11:17:00,22209.029999999977,22209.029999999977
2026-03-20 12:17:00,22209.029999999977,22209.029999999977
2026-03-20 13:17:00,22209.029999999977,22209.029999999977
2026-03-20 14:17:00,22209.029999999977,22209.029999999977
2026-03-20 15:17:00,22209.029999999977,22209.029999999977
2026-03-20 16:17:00,22209.029999999977,22209.029999999977
2026-03-20 17:17:00,22209.029999999977,22209.029999999977
2026-03-20 18:17:00,22209.029999999977,22209.029999999977
2026-03-20 19:17:00,22209.029999999977,22209.029999999977
2026-03-20 20:17:00,22209.029999999977,22209.029999999977
2026-03-20 21:17:00,22209.029999999977,22209.029999999977
2026-03-20 22:17:00,22209.029999999977,22209.029999999977
2026-03-23 00:18:00,22209.029999999977,22209.029999999977
2026-03-23 01:18:00,22209.029999999977,22209.029999999977
2026-03-23 02:18:00,22209.029999999977,22209.029999999977
2026-03-23 03:18:00,22209.029999999977,22209.029999999977
2026-03-23 04:18:00,22209.029999999977,22209.029999999977
2026-03-23 05:18:00,22209.029999999977,22209.029999999977
2026-03-23 06:18:00,22209.029999999977,22209.029999999977
2026-03-23 07:18:00,22209.029999999977,22209.029999999977
2026-03-23 08:18:00,22209.029999999977,22209.029999999977
2026-03-23 09:18:00,22209.029999999977,22209.029999999977
2026-03-23 10:18:00,22209.029999999977,22209.029999999977
2026-03-23 11:18:00,22208.259999999977,22221.349999999984
2026-03-23 12:18:00,22412.639999999978,22472.68999999998
2026-03-23 13:18:00,22412.13999999998,22412.13999999998
2026-03-23 14:18:00,22412.13999999998,22412.13999999998
2026-03-23 15:18:00,22412.13999999998,22412.13999999998
2026-03-23 16:18:00,22412.13999999998,22412.13999999998
2026-03-23 17:18:00,22412.13999999998,22412.13999999998
2026-03-23 18:18:00,22412.13999999998,22412.13999999998
2026-03-23 19:18:00,22412.13999999998,22412.13999999998
2026-03-23 20:18:00,22412.13999999998,22412.13999999998
2026-03-23 21:18:00,22412.13999999998,22412.13999999998
2026-03-23 22:18:00,22412.13999999998,22412.13999999998
2026-03-24 00:19:00,22412.13999999998,22412.13999999998
2026-03-24 01:19:00,22412.13999999998,22412.13999999998
2026-03-24 02:19:00,22412.13999999998,22412.13999999998
2026-03-24 03:19:00,22412.13999999998,22412.13999999998
2026-03-24 04:19:00,22412.13999999998,22412.13999999998
2026-03-24 05:19:00,22412.13999999998,22412.13999999998
2026-03-24 06:19:00,22411.50999999998,22386.129999999983
2026-03-24 07:19:00,22435.24999999999,22435.24999999999
2026-03-24 08:19:00,22435.24999999999,22435.24999999999
2026-03-24 09:19:00,22435.24999999999,22435.24999999999
2026-03-24 10:19:00,22435.24999999999,22435.24999999999
2026-03-24 11:19:00,22435.24999999999,22435.24999999999
2026-03-24 12:19:00,22435.24999999999,22435.24999999999
2026-03-24 13:19:00,22435.24999999999,22435.24999999999
2026-03-24 14:19:00,22435.24999999999,22435.24999999999
2026-03-24 15:19:00,22435.24999999999,22435.24999999999
2026-03-24 16:19:00,22435.24999999999,22435.24999999999
2026-03-24 17:19:00,22435.24999999999,22435.24999999999
2026-03-24 18:19:00,22435.24999999999,22435.24999999999
2026-03-24 19:19:00,22435.24999999999,22435.24999999999
2026-03-24 20:19:00,22585.34999999999,22899.589999999982
2026-03-24 21:19:00,22805.88999999999,23060.009999999984
2026-03-24 22:19:00,22805.88999999999,23074.169999999987
2026-03-25 00:20:00,23243.96999999999,23454.06999999999
2026-03-25 01:20:00,23461.78999999999,23461.78999999999
2026-03-25 02:20:00,23461.78999999999,23461.78999999999
2026-03-25 03:20:00,23668.219999999998,23863.179999999997
2026-03-25 04:20:00,23940.460000000003,23940.460000000003
2026-03-25 05:20:00,23940.460000000003,23940.460000000003
2026-03-25 06:20:00,23940.460000000003,23940.460000000003
2026-03-25 07:20:00,23940.460000000003,23940.460000000003
2026-03-25 08:20:00,23642.110000000015,23642.110000000015
2026-03-25 09:20:00,23642.110000000015,23642.110000000015
2026-03-25 10:20:00,23642.110000000015,23642.110000000015
2026-03-25 11:20:00,23642.110000000015,23642.110000000015
2026-03-25 12:20:00,23854.15000000002,24187.77000000002
2026-03-25 13:20:00,23854.15000000002,24366.41000000002
2026-03-25 14:20:00,24152.03000000002,24425.150000000023
2026-03-25 15:20:00,23944.410000000025,23944.410000000025
2026-03-25 16:20:00,23944.410000000025,23944.410000000025
2026-03-25 17:20:00,23649.450000000026,23649.450000000026
2026-03-25 18:20:00,23649.450000000026,23649.450000000026
2026-03-25 19:20:00,23649.450000000026,23649.450000000026
2026-03-25 20:20:00,23649.450000000026,23649.450000000026
2026-03-25 21:20:00,23649.450000000026,23649.450000000026
2026-03-25 22:20:00,23649.450000000026,23649.450000000026
2026-03-26 00:21:00,23649.450000000026,23649.450000000026
2026-03-26 01:21:00,23649.450000000026,23649.450000000026
2026-03-26 02:21:00,23649.450000000026,23649.450000000026
2026-03-26 03:21:00,23649.450000000026,23649.450000000026
2026-03-26 04:21:00,23649.450000000026,23649.450000000026
2026-03-26 05:21:00,23649.450000000026,23649.450000000026
2026-03-26 06:21:00,23649.450000000026,23649.450000000026
2026-03-26 07:21:00,23649.450000000026,23649.450000000026
2026-03-26 08:21:00,23648.680000000026,23470.04000000002
2026-03-26 09:21:00,23648.680000000026,23626.020000000022
2026-03-26 10:21:00,23648.680000000026,23609.85000000002
2026-03-26 11:21:00,23648.680000000026,23484.230000000018
2026-03-26 12:21:00,23648.680000000026,23536.700000000023
2026-03-26 13:21:00,23648.680000000026,23659.79000000002
2026-03-26 14:21:00,23648.680000000026,23537.800000000025
2026-03-26 15:21:00,23648.680000000026,23609.630000000023
2026-03-26 16:21:00,23648.680000000026,23707.200000000023
2026-03-26 17:21:00,23694.69000000003,23694.69000000003
2026-03-26 18:21:00,23694.69000000003,23694.69000000003
2026-03-26 19:21:00,23694.69000000003,23694.69000000003
2026-03-26 20:21:00,23694.69000000003,23694.69000000003
2026-03-26 21:21:00,23694.69000000003,23694.69000000003
2026-03-26 22:21:00,23694.69000000003,23694.69000000003
2026-03-27 00:22:00,23694.69000000003,23694.69000000003
2026-03-27 01:22:00,23694.69000000003,23694.69000000003
2026-03-27 02:22:00,23694.69000000003,23694.69000000003
2026-03-27 03:22:00,23694.69000000003,23694.69000000003
2026-03-27 04:22:00,23694.69000000003,23694.69000000003
2026-03-27 05:22:00,23694.69000000003,23694.69000000003
2026-03-27 06:22:00,23694.69000000003,23694.69000000003
2026-03-27 07:22:00,23694.69000000003,23694.69000000003
2026-03-27 08:22:00,23694.69000000003,23694.69000000003
2026-03-27 09:22:00,23694.69000000003,23694.69000000003
2026-03-27 10:22:00,23694.69000000003,23694.69000000003
2026-03-27 11:22:00,23694.69000000003,23694.69000000003
2026-03-27 12:22:00,23694.69000000003,23694.69000000003
2026-03-27 13:22:00,23694.69000000003,23694.69000000003
2026-03-27 14:22:00,23694.69000000003,23694.69000000003
2026-03-27 15:22:00,23694.69000000003,23694.69000000003
2026-03-27 16:22:00,23694.69000000003,23694.69000000003
2026-03-27 17:22:00,23694.69000000003,23694.69000000003
2026-03-27 18:22:00,23694.69000000003,23694.69000000003
2026-03-27 19:22:00,23692.730000000032,23565.050000000047
2026-03-27 20:22:00,23692.730000000032,23846.450000000026
2026-03-27 21:22:00,23799.810000000034,24245.09000000003
2026-03-27 22:22:00,23797.610000000048,23797.610000000048
2026-03-30 01:23:00,23797.610000000048,23797.610000000048
2026-03-30 02:23:00,23797.610000000048,23797.610000000048
2026-03-30 03:23:00,23796.42000000005,23821.24000000005
2026-03-30 04:23:00,23998.040000000055,23998.040000000055
2026-03-30 05:23:00,23998.040000000055,23998.040000000055
2026-03-30 06:23:00,23998.040000000055,23998.040000000055
2026-03-30 07:23:00,23998.040000000055,23998.040000000055
2026-03-30 08:23:00,23998.040000000055,23998.040000000055
2026-03-30 09:23:00,23998.040000000055,23998.040000000055
2026-03-30 10:23:00,23998.040000000055,23998.040000000055
2026-03-30 11:23:00,23998.040000000055,23998.040000000055
2026-03-30 12:23:00,23998.040000000055,23998.040000000055
2026-03-30 13:23:00,23998.040000000055,23998.040000000055
2026-03-30 14:23:00,23998.040000000055,23998.040000000055
2026-03-30 15:23:00,23998.040000000055,23998.040000000055
2026-03-30 16:23:00,23998.040000000055,23998.040000000055
2026-03-30 17:23:00,23998.040000000055,23998.040000000055
2026-03-30 18:23:00,23998.040000000055,23998.040000000055
2026-03-30 19:23:00,23998.040000000055,23998.040000000055
2026-03-30 20:23:00,23998.040000000055,23998.040000000055
2026-03-30 21:23:00,23998.040000000055,23998.040000000055
2026-03-30 22:23:00,23998.040000000055,23998.040000000055
2026-03-30 23:23:00,23998.040000000055,23998.040000000055
2026-03-31 01:24:00,23998.040000000055,23998.040000000055
2026-03-31 02:24:00,23998.040000000055,23998.040000000055
2026-03-31 03:24:00,23998.040000000055,23998.040000000055
2026-03-31 04:24:00,23998.040000000055,23998.040000000055
2026-03-31 05:24:00,23998.040000000055,23998.040000000055
2026-03-31 06:24:00,23996.220000000056,23658.29000000006
2026-03-31 07:24:00,23695.92000000005,23610.270000000048
2026-03-31 08:24:00,23695.92000000005,23672.67000000006
2026-03-31 09:24:00,23724.120000000054,23724.120000000054
2026-03-31 10:24:00,23747.390000000054,23811.99000000005
2026-03-31 11:24:00,24018.180000000055,24018.180000000055
2026-03-31 12:24:00,24018.180000000055,24018.180000000055
2026-03-31 13:24:00,24018.180000000055,24018.180000000055
2026-03-31 14:24:00,24018.180000000055,24018.180000000055
2026-03-31 15:24:00,24018.180000000055,24018.180000000055
2026-03-31 16:24:00,24018.180000000055,24018.180000000055
2026-03-31 17:24:00,24018.180000000055,24018.180000000055
2026-03-31 18:24:00,24018.180000000055,24018.180000000055
2026-03-31 19:24:00,24018.180000000055,24018.180000000055
2026-03-31 20:24:00,24018.180000000055,24018.180000000055
2026-03-31 21:24:00,24018.180000000055,24018.180000000055
2026-03-31 22:24:00,24018.180000000055,24018.180000000055
2026-03-31 23:24:00,24018.180000000055,24018.180000000055
2026-04-01 01:25:00,24018.180000000055,24018.180000000055
2026-04-01 02:25:00,24018.180000000055,24018.180000000055
2026-04-01 03:25:00,24018.180000000055,24018.180000000055
2026-04-01 04:25:00,24018.180000000055,24018.180000000055
2026-04-01 05:25:00,24018.180000000055,24018.180000000055
2026-04-01 06:25:00,24018.180000000055,24018.180000000055
2026-04-01 07:25:00,24018.180000000055,24018.180000000055
2026-04-01 08:25:00,24018.180000000055,24018.180000000055
2026-04-01 09:25:00,24018.180000000055,24018.180000000055
2026-04-01 10:25:00,24047.42000000005,24047.42000000005
2026-04-01 11:25:00,24047.42000000005,24047.42000000005
2026-04-01 12:25:00,24047.42000000005,24047.42000000005
2026-04-01 13:25:00,24047.42000000005,24047.42000000005
2026-04-01 14:25:00,24047.42000000005,24047.42000000005
2026-04-01 15:25:00,24047.42000000005,24047.42000000005
2026-04-01 16:25:00,24047.42000000005,24047.42000000005
2026-04-01 17:25:00,24047.42000000005,24047.42000000005
2026-04-01 18:25:00,24047.42000000005,24047.42000000005
2026-04-01 19:25:00,24047.21000000005,24065.870000000046
2026-04-01 20:25:00,24047.21000000005,24038.63000000005
2026-04-01 21:25:00,24047.21000000005,24125.99000000005
2026-04-01 22:25:00,24047.21000000005,24109.040000000048
2026-04-01 23:25:00,24047.21000000005,24105.470000000052
2026-04-02 01:26:00,24047.66000000005,24085.25000000005
2026-04-02 02:26:00,24047.17000000005,24021.230000000047
2026-04-02 03:26:00,23843.06000000004,23825.210000000043
2026-04-02 04:26:00,23894.20000000004,24084.56000000004
2026-04-02 05:26:00,23894.20000000004,24078.640000000043
2026-04-02 06:26:00,23894.20000000004,24066.960000000043
2026-04-02 07:26:00,23894.20000000004,24121.08000000004
2026-04-02 08:26:00,23894.20000000004,24104.78000000004
2026-04-02 09:26:00,24303.36000000004,24303.36000000004
2026-04-02 10:26:00,24303.36000000004,24303.36000000004
2026-04-02 11:26:00,24303.36000000004,24303.36000000004
2026-04-02 12:26:00,24303.36000000004,24303.36000000004
2026-04-02 13:26:00,24303.36000000004,24303.36000000004
2026-04-02 14:26:00,24303.36000000004,24303.36000000004
2026-04-02 15:26:00,24303.36000000004,24303.36000000004
2026-04-02 16:26:00,24303.36000000004,24303.36000000004
2026-04-02 17:26:00,24303.36000000004,24303.36000000004
2026-04-02 18:26:00,24303.36000000004,24303.36000000004
2026-04-02 19:26:00,24303.36000000004,24303.36000000004
2026-04-02 20:26:00,24303.36000000004,24303.36000000004
2026-04-02 21:26:00,24303.36000000004,24303.36000000004
2026-04-02 22:26:00,24303.36000000004,24303.36000000004
2026-04-02 23:26:00,24303.36000000004,24303.36000000004
2026-04-06 01:27:00,24317.870000000043,24477.950000000033
2026-04-06 02:27:00,24479.30000000004,24479.30000000004
2026-04-06 03:27:00,24479.30000000004,24479.30000000004
2026-04-06 04:27:00,24479.30000000004,24479.30000000004
2026-04-06 05:27:00,24479.30000000004,24479.30000000004
2026-04-06 06:27:00,24479.30000000004,24479.30000000004
2026-04-06 07:27:00,24479.30000000004,24479.30000000004
2026-04-06 08:27:00,24479.30000000004,24479.30000000004
2026-04-06 09:27:00,24479.30000000004,24479.30000000004
2026-04-06 10:27:00,24511.19000000003,24511.19000000003
2026-04-06 11:27:00,24511.19000000003,24511.19000000003
2026-04-06 12:27:00,24511.19000000003,24511.19000000003
2026-04-06 13:27:00,24510.910000000033,24575.87000000003
2026-04-06 14:27:00,24510.910000000033,24569.35000000003
2026-04-06 15:27:00,24546.11000000003,24548.97000000003
2026-04-06 16:27:00,24546.11000000003,24573.69000000003
2026-04-06 17:27:00,24546.11000000003,24626.850000000028
2026-04-06 18:27:00,24559.900000000034,24671.020000000033
2026-04-06 19:27:00,24559.900000000034,24669.910000000033
2026-04-06 20:27:00,24559.900000000034,24694.060000000034
2026-04-06 21:27:00,24559.900000000034,24680.62000000003
2026-04-06 22:27:00,24559.900000000034,24724.060000000034
2026-04-06 23:27:00,24559.900000000034,24700.270000000033
2026-04-07 01:28:00,24560.350000000035,24689.44000000003
2026-04-07 02:28:00,24560.350000000035,24705.310000000034
2026-04-07 03:28:00,24560.350000000035,24696.550000000032
2026-04-07 04:28:00,24631.720000000034,24733.980000000032
2026-04-07 05:28:00,24631.720000000034,24772.700000000033
2026-04-07 06:28:00,24631.720000000034,24752.460000000032
2026-04-07 07:28:00,24631.720000000034,24739.58000000003
2026-04-07 08:28:00,24631.720000000034,24774.740000000034
2026-04-07 09:28:00,24631.720000000034,24756.08000000003
2026-04-07 10:28:00,24631.720000000034,24756.820000000032
2026-04-07 11:28:00,24674.340000000033,24674.340000000033
2026-04-07 12:28:00,24674.340000000033,24674.340000000033
2026-04-07 13:28:00,24674.340000000033,24674.340000000033
2026-04-07 14:28:00,24674.340000000033,24674.340000000033
2026-04-07 15:28:00,24674.340000000033,24674.340000000033
2026-04-07 16:28:00,24674.340000000033,24674.340000000033
2026-04-07 17:28:00,24674.340000000033,24674.340000000033
2026-04-07 18:28:00,24674.340000000033,24674.340000000033
2026-04-07 19:28:00,24674.340000000033,24674.340000000033
2026-04-07 20:28:00,24674.340000000033,24674.340000000033
2026-04-07 21:28:00,24674.340000000033,24674.340000000033
2026-04-07 22:28:00,24674.340000000033,24674.340000000033
2026-04-07 23:28:00,24674.060000000034,24673.260000000035
2026-04-08 01:29:00,24677.000000000033,24579.900000000034
2026-04-08 02:29:00,23931.860000000044,23931.860000000044
2026-04-08 03:29:00,23931.860000000044,23931.860000000044
2026-04-08 04:29:00,23930.880000000045,23837.360000000055
2026-04-08 05:29:00,24024.600000000042,24111.000000000044
2026-04-08 06:29:00,24073.800000000047,24073.800000000047
2026-04-08 07:29:00,24073.800000000047,24073.800000000047
2026-04-08 08:29:00,24073.800000000047,24073.800000000047
2026-04-08 09:29:00,24073.800000000047,24073.800000000047
2026-04-08 10:29:00,24073.800000000047,24073.800000000047
2026-04-08 11:29:00,24073.800000000047,24073.800000000047
2026-04-08 12:29:00,24073.800000000047,24073.800000000047
2026-04-08 13:29:00,24073.800000000047,24073.800000000047
2026-04-08 14:29:00,24073.800000000047,24073.800000000047
2026-04-08 15:29:00,24073.800000000047,24073.800000000047
2026-04-08 16:29:00,24073.800000000047,24073.800000000047
2026-04-08 17:29:00,24073.800000000047,24073.800000000047
2026-04-08 18:29:00,23917.400000000056,23917.400000000056
2026-04-08 19:29:00,23917.400000000056,23917.400000000056
2026-04-08 20:29:00,23917.400000000056,23917.400000000056
2026-04-08 21:29:00,23917.400000000056,23917.400000000056
2026-04-08 22:29:00,23917.400000000056,23917.400000000056
2026-04-08 23:29:00,23917.400000000056,23917.400000000056
2026-04-09 01:30:00,23917.400000000056,23917.400000000056
2026-04-09 02:30:00,23917.400000000056,23917.400000000056
2026-04-09 03:30:00,23917.400000000056,23917.400000000056
2026-04-09 04:30:00,23917.400000000056,23917.400000000056
2026-04-09 05:30:00,23917.400000000056,23917.400000000056
2026-04-09 06:30:00,23917.400000000056,23917.400000000056
2026-04-09 07:30:00,23917.400000000056,23917.400000000056
2026-04-09 08:30:00,23917.400000000056,23917.400000000056
2026-04-09 09:30:00,23917.400000000056,23917.400000000056
2026-04-09 10:30:00,23917.400000000056,23917.400000000056
2026-04-09 11:30:00,23917.400000000056,23917.400000000056
2026-04-09 12:30:00,23917.400000000056,23917.400000000056
2026-04-09 13:30:00,23915.790000000055,23759.39000000005
2026-04-09 14:30:00,23704.190000000057,23704.190000000057
2026-04-09 15:30:00,23704.190000000057,23704.190000000057
2026-04-09 16:30:00,23704.190000000057,23704.190000000057
2026-04-09 17:30:00,23704.190000000057,23704.190000000057
2026-04-09 18:30:00,23704.190000000057,23704.190000000057
2026-04-09 19:30:00,23704.190000000057,23704.190000000057
2026-04-09 20:30:00,23704.190000000057,23704.190000000057
2026-04-09 21:30:00,23704.190000000057,23704.190000000057
2026-04-09 22:30:00,23704.190000000057,23704.190000000057
2026-04-09 23:30:00,23704.190000000057,23704.190000000057
2026-04-10 01:31:00,23704.190000000057,23704.190000000057
2026-04-10 02:31:00,23704.190000000057,23704.190000000057
2026-04-10 03:31:00,23704.190000000057,23704.190000000057
2026-04-10 04:31:00,23704.190000000057,23704.190000000057
2026-04-10 05:31:00,23704.190000000057,23704.190000000057
2026-04-10 06:31:00,23704.190000000057,23704.190000000057
2026-04-10 07:31:00,23704.190000000057,23704.190000000057
2026-04-10 08:31:00,23704.190000000057,23704.190000000057
2026-04-10 09:31:00,23712.330000000053,23712.330000000053
2026-04-10 10:31:00,23712.330000000053,23712.330000000053
2026-04-10 11:31:00,23712.330000000053,23712.330000000053
2026-04-10 12:31:00,23712.330000000053,23712.330000000053
2026-04-10 13:31:00,23712.330000000053,23712.330000000053
2026-04-10 14:31:00,23712.330000000053,23712.330000000053
2026-04-10 15:31:00,23712.330000000053,23712.330000000053
2026-04-10 16:31:00,23712.330000000053,23712.330000000053
2026-04-10 17:31:00,23712.330000000053,23712.330000000053
2026-04-10 18:31:00,23712.330000000053,23712.330000000053
2026-04-10 19:31:00,23919.790000000063,24062.870000000068
2026-04-10 20:31:00,24124.890000000072,24124.890000000072
2026-04-10 21:31:00,24124.890000000072,24124.890000000072
2026-04-10 22:31:00,24124.890000000072,24124.890000000072
2026-04-10 23:31:00,24124.890000000072,24124.890000000072
2026-04-13 01:32:00,24124.890000000072,24124.890000000072
2026-04-13 02:32:00,24124.890000000072,24124.890000000072
2026-04-13 03:32:00,24124.890000000072,24124.890000000072
2026-04-13 04:32:00,24124.890000000072,24124.890000000072
2026-04-13 05:32:00,24124.890000000072,24124.890000000072
2026-04-13 06:32:00,24124.890000000072,24124.890000000072
2026-04-13 07:32:00,24124.890000000072,24124.890000000072
2026-04-13 08:32:00,24124.890000000072,24124.890000000072
2026-04-13 09:32:00,24124.890000000072,24124.890000000072
2026-04-13 10:32:00,24124.890000000072,24124.890000000072
2026-04-13 11:32:00,24124.890000000072,24124.890000000072
2026-04-13 12:32:00,24124.890000000072,24124.890000000072
2026-04-13 13:32:00,24124.890000000072,24124.890000000072
2026-04-13 14:32:00,24124.890000000072,24124.890000000072
2026-04-13 15:32:00,24124.890000000072,24124.890000000072
2026-04-13 16:32:00,24124.890000000072,24124.890000000072
2026-04-13 17:32:00,24124.890000000072,24124.890000000072
2026-04-13 18:32:00,24124.890000000072,24124.890000000072
2026-04-13 19:32:00,24124.26000000007,24112.56000000007
2026-04-13 20:32:00,24024.540000000074,24024.540000000074
2026-04-13 21:32:00,24024.540000000074,24024.540000000074
2026-04-13 22:32:00,24024.540000000074,24024.540000000074
2026-04-13 23:32:00,24024.540000000074,24024.540000000074
2026-04-14 01:33:00,24024.540000000074,24024.540000000074
2026-04-14 02:33:00,24024.540000000074,24024.540000000074
2026-04-14 03:33:00,24024.540000000074,24024.540000000074
2026-04-14 04:33:00,24024.540000000074,24024.540000000074
2026-04-14 05:33:00,24024.540000000074,24024.540000000074
2026-04-14 06:33:00,24024.540000000074,24024.540000000074
2026-04-14 07:33:00,24024.540000000074,24024.540000000074
2026-04-14 08:33:00,24024.540000000074,24024.540000000074
2026-04-14 09:33:00,24024.540000000074,24024.540000000074
2026-04-14 10:33:00,24024.540000000074,24024.540000000074
2026-04-14 11:33:00,24024.540000000074,24024.540000000074
2026-04-14 12:33:00,24024.540000000074,24024.540000000074
2026-04-14 13:33:00,24024.540000000074,24024.540000000074
2026-04-14 14:33:00,24024.540000000074,24024.540000000074
2026-04-14 15:33:00,24024.540000000074,24024.540000000074
2026-04-14 16:33:00,24024.540000000074,24024.540000000074
2026-04-14 17:33:00,24024.540000000074,24024.540000000074
2026-04-14 18:33:00,24024.540000000074,24024.540000000074
2026-04-14 19:33:00,24024.540000000074,24024.540000000074
2026-04-14 20:33:00,24024.540000000074,24024.540000000074
2026-04-14 21:33:00,24024.540000000074,24024.540000000074
2026-04-14 22:33:00,24024.540000000074,24024.540000000074
2026-04-14 23:33:00,24024.540000000074,24024.540000000074
2026-04-15 01:34:00,24368.190000000053,24368.190000000053
2026-04-15 02:34:00,24368.190000000053,24368.190000000053
2026-04-15 03:34:00,24368.190000000053,24368.190000000053
2026-04-15 04:34:00,24368.190000000053,24368.190000000053
2026-04-15 05:34:00,24368.190000000053,24368.190000000053
2026-04-15 06:34:00,24368.190000000053,24368.190000000053
2026-04-15 07:34:00,24368.190000000053,24368.190000000053
2026-04-15 08:34:00,24368.190000000053,24368.190000000053
2026-04-15 09:34:00,24387.60000000007,24387.60000000007
2026-04-15 10:34:00,24387.60000000007,24387.60000000007
2026-04-15 11:34:00,24387.60000000007,24387.60000000007
2026-04-15 12:34:00,24387.60000000007,24387.60000000007
2026-04-15 13:34:00,24387.60000000007,24387.60000000007
2026-04-15 14:34:00,24387.60000000007,24387.60000000007
2026-04-15 15:34:00,24410.230000000076,24410.230000000076
2026-04-15 16:34:00,24410.230000000076,24410.230000000076
2026-04-15 17:34:00,24410.230000000076,24410.230000000076
2026-04-15 18:34:00,24410.230000000076,24410.230000000076
2026-04-15 19:34:00,24410.230000000076,24410.230000000076
2026-04-15 20:34:00,24410.230000000076,24410.230000000076
2026-04-15 21:34:00,24410.230000000076,24410.230000000076
2026-04-15 22:34:00,24410.230000000076,24410.230000000076
2026-04-15 23:34:00,24410.230000000076,24410.230000000076
2026-04-16 01:35:00,24410.230000000076,24410.230000000076
2026-04-16 02:35:00,24410.230000000076,24410.230000000076
2026-04-16 03:35:00,24410.230000000076,24410.230000000076
2026-04-16 04:35:00,24410.230000000076,24410.230000000076
2026-04-16 05:35:00,24410.230000000076,24410.230000000076
2026-04-16 06:35:00,24410.230000000076,24410.230000000076
2026-04-16 07:35:00,24410.230000000076,24410.230000000076
2026-04-16 08:35:00,24410.230000000076,24410.230000000076
2026-04-16 09:35:00,24410.230000000076,24410.230000000076
2026-04-16 10:35:00,24410.230000000076,24410.230000000076
2026-04-16 11:35:00,24410.230000000076,24410.230000000076
2026-04-16 12:35:00,24410.230000000076,24410.230000000076
2026-04-16 13:35:00,24410.230000000076,24410.230000000076
2026-04-16 14:35:00,24410.230000000076,24410.230000000076
2026-04-16 15:35:00,24432.470000000063,24432.470000000063
2026-04-16 16:35:00,24432.470000000063,24432.470000000063
2026-04-16 17:35:00,24432.470000000063,24432.470000000063
2026-04-16 18:35:00,24432.470000000063,24432.470000000063
2026-04-16 19:35:00,24432.470000000063,24432.470000000063
2026-04-16 20:35:00,24432.470000000063,24432.470000000063
2026-04-16 21:35:00,24432.470000000063,24432.470000000063
2026-04-16 22:35:00,24432.470000000063,24432.470000000063
2026-04-16 23:35:00,24432.470000000063,24432.470000000063
2026-04-17 01:36:00,24432.470000000063,24432.470000000063
2026-04-17 02:36:00,24432.470000000063,24432.470000000063
2026-04-17 03:36:00,24432.470000000063,24432.470000000063
2026-04-17 04:36:00,24432.470000000063,24432.470000000063
2026-04-17 05:36:00,24432.470000000063,24432.470000000063
2026-04-17 06:36:00,24577.51000000007,24642.010000000068
2026-04-17 07:36:00,24577.51000000007,24693.910000000076
2026-04-17 08:36:00,24752.810000000078,24752.810000000078
2026-04-17 09:36:00,24752.810000000078,24752.810000000078
2026-04-17 10:36:00,24752.810000000078,24752.810000000078
2026-04-17 11:36:00,24752.810000000078,24752.810000000078
2026-04-17 12:36:00,24752.810000000078,24752.810000000078
2026-04-17 13:36:00,24752.810000000078,24752.810000000078
2026-04-17 14:36:00,24752.810000000078,24752.810000000078
2026-04-17 15:36:00,24752.810000000078,24752.810000000078
2026-04-17 16:36:00,24752.810000000078,24752.810000000078
2026-04-17 17:36:00,24752.810000000078,24752.810000000078
2026-04-17 18:36:00,24752.810000000078,24752.810000000078
2026-04-17 19:36:00,24752.810000000078,24752.810000000078
2026-04-17 20:36:00,24752.810000000078,24752.810000000078
2026-04-17 21:36:00,24752.810000000078,24752.810000000078
2026-04-17 22:36:00,24752.810000000078,24752.810000000078
2026-04-17 23:36:00,24752.810000000078,24752.810000000078
2026-04-20 01:37:00,24752.810000000078,24752.810000000078
2026-04-20 02:37:00,24752.810000000078,24752.810000000078
2026-04-20 03:37:00,24752.810000000078,24752.810000000078
2026-04-20 04:37:00,24752.810000000078,24752.810000000078
2026-04-20 05:37:00,24752.810000000078,24752.810000000078
2026-04-20 06:37:00,24752.810000000078,24752.810000000078
2026-04-20 07:37:00,24750.570000000076,24759.850000000075
2026-04-20 08:37:00,24808.410000000073,24968.010000000064
2026-04-20 09:37:00,25018.20000000007,25102.05000000007
2026-04-20 10:37:00,25251.290000000074,25251.290000000074
2026-04-20 11:37:00,25251.290000000074,25251.290000000074
2026-04-20 12:37:00,25251.290000000074,25251.290000000074
2026-04-20 13:37:00,25251.290000000074,25251.290000000074
2026-04-20 14:37:00,25251.290000000074,25251.290000000074
2026-04-20 15:37:00,25271.66000000006,25271.66000000006
2026-04-20 16:37:00,25383.32000000005,25383.32000000005
2026-04-20 17:37:00,25383.32000000005,25383.32000000005
2026-04-20 18:37:00,25383.32000000005,25383.32000000005
2026-04-20 19:37:00,25383.32000000005,25383.32000000005
2026-04-20 20:37:00,25383.32000000005,25383.32000000005
2026-04-20 21:37:00,25381.29000000005,25395.21000000004
2026-04-20 22:37:00,25381.29000000005,25410.000000000044
2026-04-20 23:37:00,25381.29000000005,25305.020000000048
2026-04-21 01:38:00,25069.830000000053,25069.830000000053
2026-04-21 02:38:00,25069.830000000053,25069.830000000053
2026-04-21 03:38:00,25069.830000000053,25069.830000000053
2026-04-21 04:38:00,25069.830000000053,25069.830000000053
2026-04-21 05:38:00,25069.830000000053,25069.830000000053
2026-04-21 06:38:00,25069.830000000053,25069.830000000053
2026-04-21 07:38:00,25069.830000000053,25069.830000000053
2026-04-21 08:38:00,25069.830000000053,25069.830000000053
2026-04-21 09:38:00,25069.830000000053,25069.830000000053
2026-04-21 10:38:00,25069.830000000053,25069.830000000053
2026-04-21 11:38:00,25069.830000000053,25069.830000000053
2026-04-21 12:38:00,25069.830000000053,25069.830000000053
2026-04-21 13:38:00,25069.830000000053,25069.830000000053
2026-04-21 14:38:00,25069.830000000053,25069.830000000053
2026-04-21 15:38:00,25387.290000000066,25387.290000000066
2026-04-21 16:38:00,25387.290000000066,25387.290000000066
2026-04-21 17:38:00,25387.290000000066,25387.290000000066
2026-04-21 18:38:00,25409.170000000067,25452.180000000066
2026-04-21 19:38:00,25408.070000000072,25408.070000000072
2026-04-21 20:38:00,25408.070000000072,25408.070000000072
2026-04-21 21:38:00,25408.070000000072,25408.070000000072
2026-04-21 22:38:00,25408.070000000072,25408.070000000072
2026-04-21 23:38:00,25408.070000000072,25408.070000000072
2026-04-22 01:39:00,25408.070000000072,25408.070000000072
2026-04-22 02:39:00,25408.070000000072,25408.070000000072
2026-04-22 03:39:00,25408.070000000072,25408.070000000072
2026-04-22 04:39:00,25408.070000000072,25408.070000000072
2026-04-22 05:39:00,25408.070000000072,25408.070000000072
2026-04-22 06:39:00,25408.070000000072,25408.070000000072
2026-04-22 07:39:00,25408.070000000072,25408.070000000072
2026-04-22 08:39:00,25408.070000000072,25408.070000000072
2026-04-22 09:39:00,25408.070000000072,25408.070000000072
2026-04-22 10:39:00,25408.070000000072,25408.070000000072
2026-04-22 11:39:00,25408.070000000072,25408.070000000072
2026-04-22 12:39:00,25408.070000000072,25408.070000000072
2026-04-22 13:39:00,25408.070000000072,25408.070000000072
2026-04-22 14:39:00,25408.070000000072,25408.070000000072
2026-04-22 15:39:00,25408.070000000072,25408.070000000072
2026-04-22 16:39:00,25408.070000000072,25408.070000000072
2026-04-22 17:39:00,25408.070000000072,25408.070000000072
2026-04-22 18:39:00,25408.070000000072,25408.070000000072
2026-04-22 19:39:00,25408.070000000072,25408.070000000072
2026-04-22 20:39:00,25408.070000000072,25408.070000000072
2026-04-22 21:39:00,25408.070000000072,25408.070000000072
2026-04-22 22:39:00,25408.070000000072,25408.070000000072
2026-04-22 23:39:00,25408.070000000072,25408.070000000072
2026-04-23 01:40:00,25408.070000000072,25408.070000000072
2026-04-23 02:40:00,25408.070000000072,25408.070000000072
2026-04-23 03:40:00,25592.830000000075,25889.750000000076
2026-04-23 04:40:00,25592.830000000075,25776.440000000075
2026-04-23 05:40:00,25682.660000000076,25682.660000000076
2026-04-23 06:40:00,25682.660000000076,25682.660000000076
2026-04-23 07:40:00,25682.660000000076,25682.660000000076
2026-04-23 08:40:00,25682.660000000076,25682.660000000076
2026-04-23 09:40:00,25682.660000000076,25682.660000000076
2026-04-23 10:40:00,25682.660000000076,25682.660000000076
2026-04-23 11:40:00,25682.660000000076,25682.660000000076
2026-04-23 12:40:00,25682.660000000076,25682.660000000076
2026-04-23 13:40:00,25682.660000000076,25682.660000000076
2026-04-23 14:40:00,25682.660000000076,25682.660000000076
2026-04-23 15:40:00,25355.09000000012,25355.09000000012
2026-04-23 16:40:00,25355.09000000012,25355.09000000012
2026-04-23 17:40:00,25400.480000000112,25400.480000000112
2026-04-23 18:40:00,25400.480000000112,25400.480000000112
2026-04-23 19:40:00,25400.480000000112,25400.480000000112
2026-04-23 20:40:00,25400.480000000112,25400.480000000112
2026-04-23 21:40:00,25400.480000000112,25400.480000000112
2026-04-23 22:40:00,25400.480000000112,25400.480000000112
2026-04-23 23:40:00,25400.480000000112,25400.480000000112
2026-04-24 01:41:00,25400.480000000112,25400.480000000112
2026-04-24 02:41:00,25400.480000000112,25400.480000000112
2026-04-24 03:41:00,25400.480000000112,25400.480000000112
2026-04-24 04:41:00,25400.480000000112,25400.480000000112
2026-04-24 05:41:00,25400.480000000112,25400.480000000112
2026-04-24 06:41:00,25400.480000000112,25400.480000000112
2026-04-24 07:41:00,25400.480000000112,25400.480000000112
2026-04-24 08:41:00,25400.480000000112,25400.480000000112
2026-04-24 09:41:00,25400.480000000112,25400.480000000112
2026-04-24 10:41:00,25400.480000000112,25400.480000000112
2026-04-24 11:41:00,25400.480000000112,25400.480000000112
2026-04-24 12:41:00,25400.480000000112,25400.480000000112
2026-04-24 13:41:00,25400.480000000112,25400.480000000112
2026-04-24 14:41:00,25400.480000000112,25400.480000000112
2026-04-24 15:41:00,25400.480000000112,25400.480000000112
2026-04-24 16:41:00,25729.410000000094,25729.410000000094
2026-04-24 17:41:00,25729.410000000094,25729.410000000094
2026-04-24 18:41:00,25729.410000000094,25729.410000000094
2026-04-24 19:41:00,25729.410000000094,25729.410000000094
2026-04-24 20:41:00,25729.410000000094,25729.410000000094
2026-04-24 21:41:00,25729.410000000094,25729.410000000094
2026-04-24 22:41:00,25729.410000000094,25729.410000000094
2026-04-24 23:41:00,25729.410000000094,25729.410000000094
2026-04-27 01:42:00,25484.31000000011,25484.31000000011
2026-04-27 02:42:00,25484.31000000011,25484.31000000011
2026-04-27 03:42:00,25484.31000000011,25484.31000000011
2026-04-27 04:42:00,25337.270000000113,25337.270000000113
2026-04-27 05:42:00,25337.270000000113,25337.270000000113
2026-04-27 06:42:00,25337.270000000113,25337.270000000113
2026-04-27 07:42:00,25337.270000000113,25337.270000000113
2026-04-27 08:42:00,25337.270000000113,25337.270000000113
2026-04-27 09:42:00,25337.270000000113,25337.270000000113
2026-04-27 10:42:00,25337.270000000113,25337.270000000113
2026-04-27 11:42:00,25337.270000000113,25337.270000000113
2026-04-27 12:42:00,25337.270000000113,25337.270000000113
2026-04-27 13:42:00,25337.270000000113,25337.270000000113
2026-04-27 14:42:00,25337.270000000113,25337.270000000113
2026-04-27 15:42:00,25337.270000000113,25337.270000000113
2026-04-27 16:42:00,25337.270000000113,25337.270000000113
2026-04-27 17:42:00,25337.270000000113,25337.270000000113
2026-04-27 18:42:00,25337.270000000113,25337.270000000113
2026-04-27 19:42:00,25337.270000000113,25337.270000000113
2026-04-27 20:42:00,25337.270000000113,25337.270000000113
2026-04-27 21:42:00,25337.270000000113,25337.270000000113
2026-04-27 22:42:00,25337.270000000113,25337.270000000113
2026-04-27 23:42:00,25337.270000000113,25337.270000000113
2026-04-28 01:43:00,25337.270000000113,25337.270000000113
2026-04-28 02:43:00,25337.270000000113,25337.270000000113
2026-04-28 03:43:00,25337.270000000113,25337.270000000113
2026-04-28 04:43:00,25337.270000000113,25337.270000000113
2026-04-28 05:43:00,25337.270000000113,25337.270000000113
2026-04-28 06:43:00,25337.270000000113,25337.270000000113
2026-04-28 07:43:00,25337.270000000113,25337.270000000113
2026-04-28 08:43:00,25337.270000000113,25337.270000000113
2026-04-28 09:43:00,25337.270000000113,25337.270000000113
2026-04-28 10:43:00,25337.270000000113,25337.270000000113
2026-04-28 11:43:00,25337.270000000113,25337.270000000113
2026-04-28 12:43:00,25337.270000000113,25337.270000000113
2026-04-28 13:43:00,25337.270000000113,25337.270000000113
2026-04-28 14:43:00,25337.270000000113,25337.270000000113
2026-04-28 15:43:00,25337.270000000113,25337.270000000113
2026-04-28 16:43:00,25337.270000000113,25337.270000000113
2026-04-28 17:43:00,25412.500000000116,25469.540000000117
2026-04-28 18:43:00,25422.26000000012,25422.26000000012
2026-04-28 19:43:00,25422.26000000012,25422.26000000012
2026-04-28 20:43:00,25422.26000000012,25422.26000000012
2026-04-28 21:43:00,25422.26000000012,25422.26000000012
2026-04-28 22:43:00,25422.26000000012,25422.26000000012
2026-04-28 23:43:00,25422.26000000012,25422.26000000012
2026-04-29 01:44:00,25422.26000000012,25422.26000000012
2026-04-29 02:44:00,25422.26000000012,25422.26000000012
2026-04-29 03:44:00,25422.26000000012,25422.26000000012
2026-04-29 04:44:00,25422.26000000012,25422.26000000012
2026-04-29 05:44:00,25422.26000000012,25422.26000000012
2026-04-29 06:44:00,25422.26000000012,25422.26000000012
2026-04-29 07:44:00,25422.26000000012,25422.26000000012
2026-04-29 08:44:00,25422.26000000012,25422.26000000012
2026-04-29 09:44:00,25532.26000000012,25532.26000000012
2026-04-29 10:44:00,25532.26000000012,25532.26000000012
2026-04-29 11:44:00,25532.26000000012,25532.26000000012
2026-04-29 12:44:00,25296.320000000127,25296.320000000127
2026-04-29 13:44:00,25306.31000000013,25373.150000000136
2026-04-29 14:44:00,25347.410000000134,25347.410000000134
2026-04-29 15:44:00,25347.410000000134,25347.410000000134
2026-04-29 16:44:00,25347.410000000134,25347.410000000134
2026-04-29 17:44:00,25347.410000000134,25347.410000000134
2026-04-29 18:44:00,25347.410000000134,25347.410000000134
2026-04-29 19:44:00,25347.410000000134,25347.410000000134
2026-04-29 20:44:00,25347.410000000134,25347.410000000134
2026-04-29 21:44:00,25347.410000000134,25347.410000000134
2026-04-29 22:44:00,25347.410000000134,25347.410000000134
2026-04-29 23:44:00,25347.410000000134,25347.410000000134
2026-04-30 01:45:00,25347.410000000134,25347.410000000134
2026-04-30 02:45:00,25347.410000000134,25347.410000000134
2026-04-30 03:45:00,25347.410000000134,25347.410000000134
2026-04-30 04:45:00,25347.410000000134,25347.410000000134
2026-04-30 05:45:00,25347.410000000134,25347.410000000134
2026-04-30 06:45:00,25347.410000000134,25347.410000000134
2026-04-30 07:45:00,25347.410000000134,25347.410000000134
2026-04-30 08:45:00,25347.410000000134,25347.410000000134
2026-04-30 09:45:00,25347.410000000134,25347.410000000134
2026-04-30 10:45:00,25347.410000000134,25347.410000000134
2026-04-30 11:45:00,25347.410000000134,25347.410000000134
2026-04-30 12:45:00,25347.410000000134,25347.410000000134
2026-04-30 13:45:00,25347.410000000134,25347.410000000134
2026-04-30 14:45:00,25347.410000000134,25347.410000000134
2026-04-30 15:45:00,25347.410000000134,25347.410000000134
2026-04-30 16:45:00,25347.410000000134,25347.410000000134
2026-04-30 17:45:00,25347.410000000134,25347.410000000134
2026-04-30 18:45:00,25347.410000000134,25347.410000000134
2026-04-30 19:45:00,25347.410000000134,25347.410000000134
2026-04-30 20:45:00,25347.410000000134,25347.410000000134
2026-04-30 21:45:00,25347.410000000134,25347.410000000134
2026-04-30 22:45:00,25347.410000000134,25347.410000000134
2026-04-30 23:45:00,25347.410000000134,25347.410000000134
2026-05-01 01:46:00,25347.410000000134,25347.410000000134
2026-05-01 02:46:00,25347.410000000134,25347.410000000134
2026-05-01 03:46:00,25347.410000000134,25347.410000000134
2026-05-01 04:46:00,25347.410000000134,25347.410000000134
2026-05-01 05:46:00,25347.410000000134,25347.410000000134
2026-05-01 06:46:00,25347.410000000134,25347.410000000134
2026-05-01 07:46:00,25347.410000000134,25347.410000000134
2026-05-01 08:46:00,25347.410000000134,25347.410000000134
2026-05-01 09:46:00,25347.410000000134,25347.410000000134
2026-05-01 10:46:00,25347.410000000134,25347.410000000134
2026-05-01 11:46:00,25347.410000000134,25347.410000000134
2026-05-01 12:46:00,25347.410000000134,25347.410000000134
2026-05-01 13:46:00,25347.410000000134,25347.410000000134
2026-05-01 14:46:00,25347.410000000134,25347.410000000134
2026-05-01 15:46:00,25347.410000000134,25347.410000000134
2026-05-01 16:46:00,25347.410000000134,25347.410000000134
2026-05-01 17:46:00,25347.410000000134,25347.410000000134
2026-05-01 18:46:00,25347.410000000134,25347.410000000134
2026-05-01 19:46:00,25347.410000000134,25347.410000000134
2026-05-01 20:46:00,25347.410000000134,25347.410000000134
2026-05-01 21:46:00,25454.890000000138,25454.890000000138
2026-05-01 22:46:00,25454.890000000138,25454.890000000138
2026-05-01 23:46:00,25454.890000000138,25454.890000000138
2026-05-04 01:47:00,25454.890000000138,25454.890000000138
2026-05-04 02:47:00,25454.890000000138,25454.890000000138
2026-05-04 03:47:00,25454.890000000138,25454.890000000138
2026-05-04 04:47:00,25454.890000000138,25454.890000000138
2026-05-04 05:47:00,25454.890000000138,25454.890000000138
2026-05-04 06:47:00,25454.890000000138,25454.890000000138
2026-05-04 07:47:00,25454.890000000138,25454.890000000138
2026-05-04 08:47:00,25454.890000000138,25454.890000000138
2026-05-04 09:47:00,25454.890000000138,25454.890000000138
2026-05-04 10:47:00,25454.890000000138,25454.890000000138
2026-05-04 11:47:00,25454.890000000138,25454.890000000138
2026-05-04 12:47:00,25454.890000000138,25454.890000000138
2026-05-04 13:47:00,25454.890000000138,25454.890000000138
2026-05-04 14:47:00,25454.890000000138,25454.890000000138
2026-05-04 15:47:00,25454.890000000138,25454.890000000138
2026-05-04 16:47:00,25454.890000000138,25454.890000000138
2026-05-04 17:47:00,25454.890000000138,25454.890000000138
2026-05-04 18:47:00,25454.890000000138,25454.890000000138
2026-05-04 19:47:00,25454.890000000138,25454.890000000138
2026-05-04 20:47:00,25454.890000000138,25454.890000000138
2026-05-04 21:47:00,25454.890000000138,25454.890000000138
2026-05-04 22:47:00,25454.890000000138,25454.890000000138
2026-05-04 23:47:00,25454.890000000138,25454.890000000138
2026-05-05 01:48:00,25454.890000000138,25454.890000000138
2026-05-05 02:48:00,25454.890000000138,25454.890000000138
2026-05-05 03:48:00,25454.890000000138,25454.890000000138
2026-05-05 04:48:00,25454.890000000138,25454.890000000138
2026-05-05 05:48:00,25454.890000000138,25454.890000000138
2026-05-05 06:48:00,25454.890000000138,25454.890000000138
2026-05-05 07:48:00,25454.890000000138,25454.890000000138
2026-05-05 08:48:00,25454.890000000138,25454.890000000138
2026-05-05 09:48:00,25454.890000000138,25454.890000000138
2026-05-05 10:48:00,25454.890000000138,25454.890000000138
2026-05-05 11:48:00,25454.890000000138,25454.890000000138
2026-05-05 12:48:00,25454.890000000138,25454.890000000138
2026-05-05 13:48:00,25454.890000000138,25454.890000000138
2026-05-05 14:48:00,25672.480000000138,25972.36000000014
2026-05-05 15:48:00,25993.640000000134,25993.640000000134
2026-05-05 16:48:00,25991.680000000135,26018.28000000013
2026-05-05 17:48:00,26091.92000000013,26091.92000000013
2026-05-05 18:48:00,26091.92000000013,26091.92000000013
2026-05-05 19:48:00,26091.92000000013,26091.92000000013
2026-05-05 20:48:00,26091.92000000013,26091.92000000013
2026-05-05 21:48:00,26091.92000000013,26091.92000000013
2026-05-05 22:48:00,26091.92000000013,26091.92000000013
2026-05-05 23:48:00,26091.92000000013,26091.92000000013
2026-05-06 01:49:00,26086.74000000013,25846.24000000013
2026-05-06 02:49:00,27311.960000000097,27311.960000000097
2026-05-06 03:49:00,27311.960000000097,27311.960000000097
2026-05-06 04:49:00,27311.960000000097,27311.960000000097
2026-05-06 05:49:00,27311.960000000097,27311.960000000097
2026-05-06 06:49:00,27311.960000000097,27311.960000000097
2026-05-06 07:49:00,27311.960000000097,27311.960000000097
2026-05-06 08:49:00,27311.960000000097,27311.960000000097
2026-05-06 09:49:00,27311.960000000097,27311.960000000097
2026-05-06 10:49:00,27311.960000000097,27311.960000000097
2026-05-06 11:49:00,27311.960000000097,27311.960000000097
2026-05-06 12:49:00,27311.960000000097,27311.960000000097
2026-05-06 13:49:00,27311.960000000097,27311.960000000097
2026-05-06 14:49:00,27311.960000000097,27311.960000000097
2026-05-06 15:49:00,27344.090000000106,27344.090000000106
2026-05-06 16:49:00,27344.090000000106,27344.090000000106
2026-05-06 17:49:00,27344.090000000106,27344.090000000106
2026-05-06 18:49:00,27344.090000000106,27344.090000000106
2026-05-06 19:49:00,27344.090000000106,27344.090000000106
2026-05-06 20:49:00,27344.090000000106,27344.090000000106
2026-05-06 21:49:00,27344.090000000106,27344.090000000106
2026-05-06 22:49:00,27344.090000000106,27344.090000000106
2026-05-06 23:49:00,27344.090000000106,27344.090000000106
2026-05-07 01:50:00,27344.090000000106,27344.090000000106
2026-05-07 02:50:00,27344.090000000106,27344.090000000106
2026-05-07 03:50:00,27344.090000000106,27344.090000000106
2026-05-07 04:50:00,27344.090000000106,27344.090000000106
2026-05-07 05:50:00,27344.090000000106,27344.090000000106
2026-05-07 06:50:00,27344.090000000106,27344.090000000106
2026-05-07 07:50:00,27344.090000000106,27344.090000000106
2026-05-07 08:50:00,27344.090000000106,27344.090000000106
2026-05-07 09:50:00,27344.090000000106,27344.090000000106
2026-05-07 10:50:00,27344.090000000106,27344.090000000106
2026-05-07 11:50:00,27344.090000000106,27344.090000000106
2026-05-07 12:50:00,27344.090000000106,27344.090000000106
2026-05-07 13:50:00,27375.450000000106,27486.8500000001
2026-05-07 14:50:00,27373.4500000001,27373.4500000001
2026-05-07 15:50:00,27373.4500000001,27373.4500000001
2026-05-07 16:50:00,27373.4500000001,27373.4500000001
2026-05-07 17:50:00,27373.4500000001,27373.4500000001
2026-05-07 18:50:00,27373.4500000001,27373.4500000001
2026-05-07 19:50:00,27373.4500000001,27373.4500000001
2026-05-07 20:50:00,27373.4500000001,27373.4500000001
2026-05-07 21:50:00,27373.4500000001,27373.4500000001
2026-05-07 22:50:00,27373.4500000001,27373.4500000001
2026-05-07 23:50:00,27373.4500000001,27373.4500000001
2026-05-08 01:51:00,27373.4500000001,27373.4500000001
2026-05-08 02:51:00,27373.4500000001,27373.4500000001
2026-05-08 03:51:00,27373.4500000001,27373.4500000001
2026-05-08 04:51:00,27373.4500000001,27373.4500000001
2026-05-08 05:51:00,27122.600000000108,27122.600000000108
2026-05-08 06:51:00,27122.600000000108,27122.600000000108
2026-05-08 07:51:00,27122.600000000108,27122.600000000108
2026-05-08 08:51:00,27122.600000000108,27122.600000000108
2026-05-08 09:51:00,27122.600000000108,27122.600000000108
2026-05-08 10:51:00,27122.600000000108,27122.600000000108
2026-05-08 11:51:00,27122.600000000108,27122.600000000108
2026-05-08 12:51:00,27122.600000000108,27122.600000000108
2026-05-08 13:51:00,27122.600000000108,27122.600000000108
2026-05-08 14:51:00,27122.600000000108,27122.600000000108
2026-05-08 15:51:00,27136.820000000098,27136.820000000098
2026-05-08 16:51:00,27136.820000000098,27136.820000000098
2026-05-08 17:51:00,27264.3600000001,27533.0600000001
2026-05-08 18:51:00,27264.3600000001,27604.060000000092
2026-05-08 19:51:00,27264.3600000001,27583.760000000097
2026-05-08 20:51:00,27264.3600000001,27510.860000000095
2026-05-08 21:51:00,27264.3600000001,27475.660000000098
2026-05-08 22:51:00,27264.3600000001,27458.760000000097
2026-05-08 23:51:00,27264.3600000001,27560.360000000095
2026-05-11 01:52:00,27513.0200000001,27833.7800000001
2026-05-11 02:52:00,27513.0200000001,27804.440000000097
2026-05-11 03:52:00,27513.0200000001,27922.820000000098
2026-05-11 04:52:00,27560.9500000001,28106.140000000087
2026-05-11 05:52:00,27660.3100000001,28248.180000000102
2026-05-11 06:52:00,27660.3100000001,28291.310000000092
2026-05-11 07:52:00,27660.3100000001,28416.5200000001
2026-05-11 08:52:00,28374.250000000102,28699.470000000103
2026-05-11 09:52:00,28374.250000000102,28529.930000000102
2026-05-11 10:52:00,28374.250000000102,28617.500000000102
2026-05-11 11:52:00,28374.250000000102,28588.2400000001
2026-05-11 12:52:00,28374.250000000102,28656.21000000011
2026-05-11 13:52:00,28374.250000000102,28608.680000000102
2026-05-11 14:52:00,28374.250000000102,28576.200000000106
2026-05-11 15:52:00,28374.250000000102,28432.350000000104
2026-05-11 16:52:00,28373.550000000105,28373.550000000105
2026-05-11 17:52:00,28373.550000000105,28373.550000000105
2026-05-11 18:52:00,28373.550000000105,28373.550000000105
2026-05-11 19:52:00,28371.310000000103,28477.550000000123
2026-05-11 20:52:00,28424.510000000108,28691.390000000127
2026-05-11 21:52:00,28530.91000000011,28765.950000000117
2026-05-11 22:52:00,28530.91000000011,28853.950000000117
2026-05-11 23:52:00,28530.91000000011,28877.950000000117
2026-05-12 01:53:00,28739.63000000011,29063.63000000011
2026-05-12 02:53:00,29165.070000000112,29165.070000000112
2026-05-12 03:53:00,29165.070000000112,29165.070000000112
2026-05-12 04:53:00,29165.070000000112,29165.070000000112
2026-05-12 05:53:00,29165.070000000112,29165.070000000112
2026-05-12 06:53:00,29165.070000000112,29165.070000000112
2026-05-12 07:53:00,29165.070000000112,29165.070000000112
2026-05-12 08:53:00,29165.070000000112,29165.070000000112
2026-05-12 09:53:00,29165.070000000112,29165.070000000112
2026-05-12 10:53:00,29165.070000000112,29165.070000000112
2026-05-12 11:53:00,29165.070000000112,29165.070000000112
2026-05-12 12:53:00,29165.070000000112,29165.070000000112
2026-05-12 13:53:00,29165.070000000112,29165.070000000112
2026-05-12 14:53:00,29165.070000000112,29165.070000000112
2026-05-12 15:53:00,29165.070000000112,29165.070000000112
2026-05-12 16:53:00,29165.070000000112,29165.070000000112
2026-05-12 17:53:00,29373.37000000012,29373.37000000012
2026-05-12 18:53:00,29373.37000000012,29373.37000000012
2026-05-12 19:53:00,29373.37000000012,29373.37000000012
2026-05-12 20:53:00,29373.37000000012,29373.37000000012
2026-05-12 21:53:00,29373.37000000012,29373.37000000012
2026-05-12 22:53:00,29373.37000000012,29373.37000000012
2026-05-12 23:53:00,29368.75000000012,29374.69000000013
2026-05-13 01:54:00,29407.91000000015,29407.91000000015
2026-05-13 02:54:00,29407.91000000015,29407.91000000015
2026-05-13 03:54:00,29407.91000000015,29407.91000000015
2026-05-13 04:54:00,29407.91000000015,29407.91000000015
2026-05-13 05:54:00,29407.91000000015,29407.91000000015
2026-05-13 06:54:00,29407.91000000015,29407.91000000015
2026-05-13 07:54:00,29407.91000000015,29407.91000000015
2026-05-13 08:54:00,29407.91000000015,29407.91000000015
2026-05-13 09:54:00,29407.91000000015,29407.91000000015
2026-05-13 10:54:00,29407.91000000015,29407.91000000015
2026-05-13 11:54:00,29407.91000000015,29407.91000000015
2026-05-13 12:54:00,29407.91000000015,29407.91000000015
2026-05-13 13:54:00,29407.91000000015,29407.91000000015
2026-05-13 14:54:00,29407.91000000015,29407.91000000015
2026-05-13 15:54:00,29407.91000000015,29407.91000000015
2026-05-13 16:54:00,29407.91000000015,29407.91000000015
2026-05-13 17:54:00,29407.91000000015,29407.91000000015
2026-05-13 18:54:00,29407.91000000015,29407.91000000015
2026-05-13 19:54:00,29407.91000000015,29407.91000000015
2026-05-13 20:54:00,29407.91000000015,29407.91000000015
2026-05-13 21:54:00,29407.91000000015,29407.91000000015
2026-05-13 22:54:00,29407.91000000015,29407.91000000015
2026-05-13 23:54:00,29407.91000000015,29407.91000000015
2026-05-14 01:55:00,29407.91000000015,29407.91000000015
2026-05-14 02:55:00,29407.91000000015,29407.91000000015
2026-05-14 03:55:00,29407.91000000015,29407.91000000015
2026-05-14 04:55:00,29407.91000000015,29407.91000000015
2026-05-14 05:55:00,29407.91000000015,29407.91000000015
2026-05-14 06:55:00,29407.91000000015,29407.91000000015
2026-05-14 07:55:00,29407.91000000015,29407.91000000015
2026-05-14 08:55:00,29407.91000000015,29407.91000000015
2026-05-14 09:55:00,29660.060000000147,30012.710000000116
2026-05-14 10:55:00,30334.20000000012,30334.20000000012
2026-05-14 11:55:00,30334.20000000012,30334.20000000012
2026-05-14 12:55:00,30334.20000000012,30334.20000000012
2026-05-14 13:55:00,30334.20000000012,30334.20000000012
2026-05-14 14:55:00,30334.20000000012,30334.20000000012
2026-05-14 15:55:00,30334.20000000012,30334.20000000012
2026-05-14 16:55:00,30334.20000000012,30334.20000000012
2026-05-14 17:55:00,30334.20000000012,30334.20000000012
2026-05-14 18:55:00,30334.20000000012,30334.20000000012
2026-05-14 19:55:00,30334.20000000012,30334.20000000012
2026-05-14 20:55:00,30334.20000000012,30334.20000000012
2026-05-14 21:55:00,30334.20000000012,30334.20000000012
2026-05-14 22:55:00,30334.20000000012,30334.20000000012
2026-05-14 23:55:00,30334.20000000012,30334.20000000012
2026-05-15 01:56:00,30334.20000000012,30334.20000000012
2026-05-15 02:56:00,30334.20000000012,30334.20000000012
2026-05-15 03:56:00,30334.20000000012,30334.20000000012
2026-05-15 04:56:00,30360.01000000011,30360.01000000011
2026-05-15 05:56:00,30360.01000000011,30360.01000000011
2026-05-15 06:56:00,30360.01000000011,30360.01000000011
2026-05-15 07:56:00,30360.01000000011,30360.01000000011
2026-05-15 08:56:00,30360.01000000011,30360.01000000011
2026-05-15 09:56:00,30360.01000000011,30360.01000000011
2026-05-15 10:56:00,30360.01000000011,30360.01000000011
2026-05-15 11:56:00,30360.01000000011,30360.01000000011
2026-05-15 12:56:00,30360.01000000011,30360.01000000011
2026-05-15 13:56:00,30360.01000000011,30360.01000000011
2026-05-15 14:56:00,30360.01000000011,30360.01000000011
2026-05-15 15:56:00,30360.01000000011,30360.01000000011
2026-05-15 16:56:00,30360.01000000011,30360.01000000011
2026-05-15 17:56:00,30360.01000000011,30360.01000000011
2026-05-15 18:56:00,30360.01000000011,30360.01000000011
2026-05-15 19:56:00,30360.01000000011,30360.01000000011
2026-05-15 20:56:00,30360.01000000011,30360.01000000011
2026-05-15 21:56:00,30360.01000000011,30360.01000000011
2026-05-15 22:56:00,30360.01000000011,30360.01000000011
2026-05-15 23:56:00,30360.01000000011,30360.01000000011
2026-05-18 01:57:00,30360.01000000011,30360.01000000011
2026-05-18 02:57:00,30360.01000000011,30360.01000000011
2026-05-18 03:57:00,30360.01000000011,30360.01000000011
2026-05-18 04:57:00,30360.01000000011,30360.01000000011
2026-05-18 05:57:00,30360.01000000011,30360.01000000011
2026-05-18 06:57:00,30360.01000000011,30360.01000000011
2026-05-18 07:57:00,30360.01000000011,30360.01000000011
2026-05-18 08:57:00,30360.01000000011,30360.01000000011
2026-05-18 09:57:00,30360.01000000011,30360.01000000011
2026-05-18 10:57:00,30360.01000000011,30360.01000000011
2026-05-18 11:57:00,30360.01000000011,30360.01000000011
2026-05-18 12:57:00,30360.01000000011,30360.01000000011
2026-05-18 13:57:00,30360.01000000011,30360.01000000011
2026-05-18 14:57:00,30360.01000000011,30360.01000000011
2026-05-18 15:57:00,30360.01000000011,30360.01000000011
2026-05-18 16:57:00,30360.01000000011,30360.01000000011
2026-05-18 17:57:00,30394.480000000098,30394.480000000098
2026-05-18 18:57:00,30394.480000000098,30394.480000000098
2026-05-18 19:57:00,30394.480000000098,30394.480000000098
2026-05-18 20:57:00,30394.480000000098,30394.480000000098
2026-05-18 21:57:00,30394.480000000098,30394.480000000098
2026-05-18 22:57:00,30502.390000000098,30543.4300000001
2026-05-18 23:57:00,30501.19000000009,30501.19000000009
2026-05-19 01:58:00,30501.19000000009,30501.19000000009
2026-05-19 02:58:00,30501.19000000009,30501.19000000009
2026-05-19 03:58:00,30501.19000000009,30501.19000000009
2026-05-19 04:58:00,30501.19000000009,30501.19000000009
2026-05-19 05:58:00,30501.19000000009,30501.19000000009
2026-05-19 06:58:00,30501.19000000009,30501.19000000009
2026-05-19 07:58:00,30501.19000000009,30501.19000000009
2026-05-19 08:58:00,30501.19000000009,30501.19000000009
2026-05-19 09:58:00,30501.19000000009,30501.19000000009
2026-05-19 10:58:00,30501.19000000009,30501.19000000009
2026-05-19 11:58:00,30501.19000000009,30501.19000000009
2026-05-19 12:58:00,30501.19000000009,30501.19000000009
2026-05-19 13:58:00,30501.19000000009,30501.19000000009
2026-05-19 14:58:00,30501.19000000009,30501.19000000009
2026-05-19 15:58:00,30501.19000000009,30501.19000000009
2026-05-19 16:58:00,30501.19000000009,30501.19000000009
2026-05-19 17:58:00,30501.19000000009,30501.19000000009
2026-05-19 18:58:00,30501.19000000009,30501.19000000009
2026-05-19 19:58:00,30501.19000000009,30501.19000000009
2026-05-19 20:58:00,30501.19000000009,30501.19000000009
2026-05-19 21:58:00,30501.19000000009,30501.19000000009
2026-05-19 22:58:00,30501.19000000009,30501.19000000009
2026-05-19 23:58:00,30501.19000000009,30501.19000000009
2026-05-20 01:59:00,30501.19000000009,30501.19000000009
2026-05-20 02:59:00,30501.19000000009,30501.19000000009
2026-05-20 03:59:00,30501.19000000009,30501.19000000009
2026-05-20 04:59:00,30501.19000000009,30501.19000000009
2026-05-20 05:59:00,30501.19000000009,30501.19000000009
2026-05-20 06:59:00,30501.19000000009,30501.19000000009
2026-05-20 07:59:00,30501.19000000009,30501.19000000009
2026-05-20 08:59:00,30501.19000000009,30501.19000000009
2026-05-20 09:59:00,30501.19000000009,30501.19000000009
2026-05-20 10:59:00,30501.19000000009,30501.19000000009
2026-05-20 11:59:00,30501.19000000009,30501.19000000009
2026-05-20 12:59:00,30501.19000000009,30501.19000000009
2026-05-20 13:59:00,30501.19000000009,30501.19000000009
2026-05-20 14:59:00,30501.19000000009,30501.19000000009
2026-05-20 15:59:00,30501.19000000009,30501.19000000009
2026-05-20 16:59:00,30501.19000000009,30501.19000000009
2026-05-20 17:59:00,30534.870000000075,30534.870000000075
2026-05-20 18:59:00,30534.870000000075,30534.870000000075
2026-05-20 19:59:00,30534.870000000075,30534.870000000075
2026-05-20 20:59:00,30534.870000000075,30534.870000000075
2026-05-20 21:59:00,30534.870000000075,30534.870000000075
2026-05-20 22:59:00,30534.870000000075,30534.870000000075
2026-05-21 01:00:00,30534.870000000075,30534.870000000075
2026-05-21 02:00:00,30534.870000000075,30534.870000000075
2026-05-21 03:00:00,30534.870000000075,30534.870000000075
2026-05-21 04:00:00,30534.870000000075,30534.870000000075
2026-05-21 05:00:00,30534.870000000075,30534.870000000075
2026-05-21 06:00:00,30534.870000000075,30534.870000000075
2026-05-21 07:00:00,30534.870000000075,30534.870000000075
2026-05-21 08:00:00,30534.870000000075,30534.870000000075
2026-05-21 09:00:00,30534.870000000075,30534.870000000075
2026-05-21 10:00:00,30534.870000000075,30534.870000000075
2026-05-21 11:00:00,30584.820000000076,30779.220000000096
2026-05-21 12:00:00,30903.93000000008,31144.17000000008
2026-05-21 13:00:00,30903.93000000008,31122.890000000087
2026-05-21 14:00:00,30902.530000000086,30902.530000000086
2026-05-21 15:00:00,30941.83000000008,30997.480000000083
2026-05-21 16:00:00,30940.33000000008,30940.33000000008
2026-05-21 17:00:00,30940.33000000008,30940.33000000008
2026-05-21 18:00:00,30940.33000000008,30940.33000000008
2026-05-21 19:00:00,30940.33000000008,30940.33000000008
2026-05-21 20:00:00,30940.33000000008,30940.33000000008
2026-05-21 21:00:00,30940.33000000008,30940.33000000008
2026-05-21 22:00:00,30940.33000000008,30940.33000000008
2026-05-21 23:00:00,30940.33000000008,30940.33000000008
2026-05-22 01:01:00,30940.33000000008,30940.33000000008
2026-05-22 02:01:00,30940.33000000008,30940.33000000008
2026-05-22 03:01:00,30940.33000000008,30940.33000000008
2026-05-22 04:01:00,31104.540000000095,31269.040000000095
2026-05-22 05:01:00,31102.04000000011,31102.04000000011
2026-05-22 06:01:00,31102.04000000011,31102.04000000011
2026-05-22 07:01:00,31102.04000000011,31102.04000000011
2026-05-22 08:01:00,31102.04000000011,31102.04000000011
2026-05-22 09:01:00,31102.04000000011,31102.04000000011
2026-05-22 10:01:00,31102.04000000011,31102.04000000011
2026-05-22 11:01:00,31102.04000000011,31102.04000000011
2026-05-22 12:01:00,31102.04000000011,31102.04000000011
2026-05-22 13:01:00,31102.04000000011,31102.04000000011
2026-05-22 14:01:00,31102.04000000011,31102.04000000011
2026-05-22 15:01:00,31102.04000000011,31102.04000000011
2026-05-22 16:01:00,31102.04000000011,31102.04000000011
2026-05-22 17:01:00,31102.04000000011,31102.04000000011
2026-05-22 18:01:00,31102.04000000011,31102.04000000011
2026-05-22 19:01:00,31102.04000000011,31102.04000000011
2026-05-22 20:01:00,31102.04000000011,31102.04000000011
2026-05-22 21:01:00,31102.04000000011,31102.04000000011
2026-05-22 22:01:00,31102.04000000011,31102.04000000011
2026-05-22 23:01:00,31102.04000000011,31102.04000000011
2026-05-25 01:02:00,31102.04000000011,31102.04000000011
2026-05-25 02:02:00,31102.04000000011,31102.04000000011
2026-05-25 03:02:00,31102.04000000011,31102.04000000011
2026-05-25 04:02:00,31102.04000000011,31102.04000000011
2026-05-25 05:02:00,31102.04000000011,31102.04000000011
2026-05-25 06:02:00,31102.04000000011,31102.04000000011
2026-05-25 07:02:00,31102.04000000011,31102.04000000011
2026-05-25 08:02:00,31102.04000000011,31102.04000000011
2026-05-25 09:02:00,31102.04000000011,31102.04000000011
2026-05-25 10:02:00,31102.04000000011,31102.04000000011
2026-05-25 11:02:00,31102.04000000011,31102.04000000011
2026-05-25 12:02:00,31102.04000000011,31102.04000000011
2026-05-25 13:02:00,31102.04000000011,31102.04000000011
2026-05-25 14:02:00,31102.04000000011,31102.04000000011
2026-05-25 15:02:00,31102.04000000011,31102.04000000011
2026-05-25 16:02:00,31102.04000000011,31102.04000000011
2026-05-25 17:02:00,31102.04000000011,31102.04000000011
2026-05-25 18:02:00,31102.04000000011,31102.04000000011
2026-05-25 19:02:00,31102.04000000011,31102.04000000011
2026-05-25 20:02:00,31102.04000000011,31102.04000000011
2026-05-25 21:02:00,31102.04000000011,31102.04000000011
2026-05-25 22:03:00,31102.04000000011,31102.04000000011
2026-05-26 01:54:00,31102.04000000011,31102.04000000011
2026-05-26 02:54:00,31102.04000000011,31102.04000000011
2026-05-26 03:54:00,31101.41000000011,31041.92000000011
2026-05-26 04:54:00,31101.41000000011,30977.75000000011
2026-05-26 05:54:00,31101.41000000011,30952.91000000011
2026-05-26 06:54:00,31101.41000000011,31045.700000000114
2026-05-26 07:54:00,31101.41000000011,30910.880000000107
2026-05-26 08:54:00,31101.41000000011,30904.310000000114
2026-05-26 09:54:00,31101.41000000011,30944.990000000107
2026-05-26 10:54:00,31101.41000000011,30946.61000000011
2026-05-26 11:54:00,31101.41000000011,30879.650000000107
2026-05-26 12:54:00,31101.41000000011,30833.21000000011
2026-05-26 13:54:00,31101.41000000011,30974.06000000011
2026-05-26 14:54:00,30748.52000000011,30748.52000000011
2026-05-26 15:54:00,30748.52000000011,30748.52000000011
2026-05-26 16:54:00,30748.52000000011,30748.52000000011
2026-05-26 17:54:00,30778.200000000095,30778.200000000095
2026-05-26 18:54:00,30778.200000000095,30778.200000000095
2026-05-26 19:54:00,30778.200000000095,30778.200000000095
2026-05-26 20:54:00,30778.200000000095,30778.200000000095
2026-05-26 21:54:00,30778.200000000095,30778.200000000095
2026-05-26 22:54:00,30778.200000000095,30778.200000000095
2026-05-26 23:54:00,30778.200000000095,30778.200000000095
2026-05-27 01:55:00,30778.200000000095,30778.200000000095
2026-05-27 02:55:00,30778.200000000095,30778.200000000095
2026-05-27 03:55:00,30778.200000000095,30778.200000000095
2026-05-27 04:55:00,30778.200000000095,30778.200000000095
2026-05-27 05:55:00,30778.200000000095,30778.200000000095
2026-05-27 06:55:00,30778.200000000095,30778.200000000095
2026-05-27 07:55:00,30778.200000000095,30778.200000000095
2026-05-27 08:55:00,30778.200000000095,30778.200000000095
2026-05-27 09:55:00,30778.200000000095,30778.200000000095
2026-05-27 10:55:00,30778.200000000095,30778.200000000095
2026-05-27 11:55:00,30778.200000000095,30778.200000000095
2026-05-27 12:55:00,30778.200000000095,30778.200000000095
2026-05-27 13:55:00,30778.200000000095,30778.200000000095
2026-05-27 14:55:00,30778.200000000095,30778.200000000095
2026-05-27 15:55:00,30778.200000000095,30778.200000000095
2026-05-27 16:55:00,30778.200000000095,30778.200000000095
2026-05-27 17:55:00,30778.200000000095,30778.200000000095
2026-05-27 18:55:00,30778.200000000095,30778.200000000095
2026-05-27 19:55:00,30778.200000000095,30778.200000000095
2026-05-27 20:55:00,30778.200000000095,30778.200000000095
2026-05-27 21:55:00,30778.200000000095,30778.200000000095
2026-05-27 22:55:00,30778.200000000095,30778.200000000095
2026-05-27 23:55:00,30778.200000000095,30778.200000000095
2026-05-28 01:56:00,30778.200000000095,30778.200000000095
2026-05-28 02:56:00,30778.200000000095,30778.200000000095
2026-05-28 03:56:00,30778.200000000095,30778.200000000095
2026-05-28 04:56:00,30778.200000000095,30778.200000000095
2026-05-28 05:56:00,30778.200000000095,30778.200000000095
2026-05-28 06:56:00,30778.200000000095,30778.200000000095
2026-05-28 07:56:00,30778.200000000095,30778.200000000095
2026-05-28 08:56:00,30778.200000000095,30778.200000000095
2026-05-28 09:56:00,30778.200000000095,30778.200000000095
2026-05-28 10:56:00,30778.200000000095,30778.200000000095
2026-05-28 11:56:00,30778.200000000095,30778.200000000095
2026-05-28 12:56:00,30778.200000000095,30778.200000000095
2026-05-28 13:56:00,30778.200000000095,30778.200000000095
2026-05-28 14:56:00,30778.200000000095,30778.200000000095
2026-05-28 15:56:00,30778.200000000095,30778.200000000095
2026-05-28 16:56:00,30805.76000000009,30805.76000000009
2026-05-28 17:56:00,30805.76000000009,30805.76000000009
2026-05-28 18:56:00,30805.76000000009,30805.76000000009
2026-05-28 19:56:00,30805.76000000009,30805.76000000009
2026-05-28 20:56:00,30805.76000000009,30805.76000000009
2026-05-28 21:56:00,30805.76000000009,30805.76000000009
2026-05-28 22:56:00,30805.76000000009,30805.76000000009
2026-05-28 23:56:00,30802.33000000009,30713.64000000007
2026-05-29 01:57:00,30773.560000000092,30505.940000000028
2026-05-29 02:57:00,30773.560000000092,30657.740000000038
2026-05-29 03:57:00,30814.260000000075,30653.710000000072
2026-05-29 04:57:00,30903.760000000046,30903.760000000046
2026-05-29 05:57:00,31042.820000000047,31186.300000000054
2026-05-29 06:57:00,31096.880000000052,31096.880000000052
2026-05-29 07:57:00,31096.880000000052,31096.880000000052
2026-05-29 08:57:00,31096.880000000052,31096.880000000052
2026-05-29 09:57:00,31096.880000000052,31096.880000000052
2026-05-29 10:57:00,31096.880000000052,31096.880000000052
2026-05-29 11:57:00,30812.350000000057,30812.350000000057
2026-05-29 12:57:00,30812.350000000057,30812.350000000057
2026-05-29 13:57:00,30812.350000000057,30812.350000000057
2026-05-29 14:57:00,30812.350000000057,30812.350000000057
2026-05-29 15:57:00,30812.350000000057,30812.350000000057
2026-05-29 16:57:00,30812.350000000057,30812.350000000057
2026-05-29 17:57:00,30812.350000000057,30812.350000000057
2026-05-29 18:57:00,30812.350000000057,30812.350000000057
2026-05-29 19:57:00,30812.350000000057,30812.350000000057
2026-05-29 20:57:00,30811.720000000056,30786.07000000006
2026-05-29 21:57:00,30811.720000000056,30806.50000000006
2026-05-29 22:57:00,30811.720000000056,30710.110000000055
2026-05-29 23:57:00,30678.70000000006,30678.70000000006
2026-06-01 01:58:00,30678.70000000006,30678.70000000006
2026-06-01 02:58:00,30678.70000000006,30678.70000000006
2026-06-01 03:58:00,30678.70000000006,30678.70000000006
2026-06-01 04:58:00,30678.70000000006,30678.70000000006
2026-06-01 05:58:00,30678.70000000006,30678.70000000006
2026-06-01 06:58:00,30678.70000000006,30678.70000000006
2026-06-01 07:58:00,30678.70000000006,30678.70000000006
2026-06-01 08:58:00,30678.70000000006,30678.70000000006
2026-06-01 09:58:00,30678.70000000006,30678.70000000006
2026-06-01 10:58:00,30678.70000000006,30678.70000000006
2026-06-01 11:58:00,30678.70000000006,30678.70000000006
2026-06-01 12:58:00,30678.70000000006,30678.70000000006
2026-06-01 13:58:00,30678.70000000006,30678.70000000006
2026-06-01 14:58:00,30678.70000000006,30678.70000000006
2026-06-01 15:58:00,30678.70000000006,30678.70000000006
2026-06-01 16:58:00,30677.79000000006,30446.130000000063
2026-06-01 17:58:00,30677.79000000006,30522.050000000054
2026-06-01 18:58:00,30677.79000000006,30741.880000000063
2026-06-01 19:58:00,30677.79000000006,30814.81000000006
2026-06-01 20:58:00,30720.85000000006,30844.810000000056
2026-06-01 21:58:00,30720.85000000006,30847.050000000054
2026-06-01 22:58:00,30720.85000000006,30873.050000000057
2026-06-01 23:58:00,30720.85000000006,30856.170000000056
2026-06-02 01:59:00,30717.95000000006,30849.670000000056
2026-06-02 02:59:00,30717.95000000006,30854.990000000056
2026-06-02 03:59:00,30717.95000000006,30866.25000000005
2026-06-02 04:59:00,30803.260000000057,30873.740000000053
2026-06-02 05:59:00,30805.100000000053,30805.100000000053
2026-06-02 06:59:00,30805.100000000053,30805.100000000053
2026-06-02 07:59:00,30805.100000000053,30805.100000000053
2026-06-02 08:59:00,30805.100000000053,30805.100000000053
2026-06-02 09:59:00,30805.100000000053,30805.100000000053
2026-06-02 10:59:00,30805.100000000053,30805.100000000053
2026-06-02 11:59:00,30805.100000000053,30805.100000000053
2026-06-02 12:59:00,30805.100000000053,30805.100000000053
2026-06-02 13:59:00,30805.100000000053,30805.100000000053
2026-06-02 14:59:00,30805.100000000053,30805.100000000053
2026-06-02 15:59:00,30803.910000000054,30794.560000000052
2026-06-02 16:59:00,30840.370000000046,30840.370000000046
2026-06-02 17:59:00,30840.370000000046,30840.370000000046
2026-06-02 18:59:00,30840.370000000046,30840.370000000046
2026-06-02 19:59:00,30840.370000000046,30840.370000000046
2026-06-02 20:59:00,30840.370000000046,30840.370000000046
2026-06-02 21:59:00,30840.370000000046,30840.370000000046
2026-06-02 22:59:00,30840.370000000046,30840.370000000046
2026-06-03 01:00:00,30840.370000000046,30840.370000000046
2026-06-03 02:00:00,30840.370000000046,30840.370000000046
2026-06-03 03:00:00,30840.370000000046,30840.370000000046
2026-06-03 04:00:00,30840.370000000046,30840.370000000046
2026-06-03 05:00:00,30840.370000000046,30840.370000000046
2026-06-03 06:00:00,30840.370000000046,30840.370000000046
2026-06-03 07:00:00,30840.370000000046,30840.370000000046
2026-06-03 08:00:00,30840.370000000046,30840.370000000046
2026-06-03 09:00:00,30840.370000000046,30840.370000000046
2026-06-03 10:00:00,30840.370000000046,30840.370000000046
2026-06-03 11:00:00,30840.370000000046,30840.370000000046
2026-06-03 12:00:00,30840.370000000046,30840.370000000046
2026-06-03 13:00:00,30840.370000000046,30840.370000000046
2026-06-03 14:00:00,30840.370000000046,30840.370000000046
2026-06-03 15:00:00,30840.370000000046,30840.370000000046
2026-06-03 16:00:00,30840.370000000046,30840.370000000046
2026-06-03 17:00:00,30840.370000000046,30840.370000000046
2026-06-03 18:00:00,30840.370000000046,30840.370000000046
2026-06-03 19:00:00,30840.370000000046,30840.370000000046
2026-06-03 20:00:00,30840.370000000046,30840.370000000046
2026-06-03 21:00:00,30984.510000000053,31257.31000000004
2026-06-03 22:00:00,30984.510000000053,31123.55000000006
2026-06-03 23:00:00,30981.310000000056,30981.310000000056
2026-06-04 01:01:00,30981.310000000056,30981.310000000056
2026-06-04 02:01:00,30981.310000000056,30981.310000000056
2026-06-04 03:01:00,30981.310000000056,30981.310000000056
2026-06-04 04:01:00,30981.310000000056,30981.310000000056
2026-06-04 05:01:00,30981.310000000056,30981.310000000056
2026-06-04 06:01:00,30981.310000000056,30981.310000000056
2026-06-04 07:01:00,30981.310000000056,30981.310000000056
2026-06-04 08:01:00,30981.310000000056,30981.310000000056
2026-06-04 09:01:00,30981.310000000056,30981.310000000056
2026-06-04 10:01:00,30981.310000000056,30981.310000000056
2026-06-04 11:01:00,30981.310000000056,30981.310000000056
2026-06-04 12:01:00,30981.310000000056,30981.310000000056
2026-06-04 13:01:00,30981.310000000056,30981.310000000056
2026-06-04 14:01:00,30981.310000000056,30981.310000000056
2026-06-04 15:01:00,30981.310000000056,30981.310000000056
2026-06-04 16:01:00,30981.310000000056,30981.310000000056
2026-06-04 17:01:00,30981.310000000056,30981.310000000056
2026-06-04 18:01:00,30699.430000000044,30699.430000000044
2026-06-04 19:01:00,30699.430000000044,30699.430000000044
2026-06-04 20:01:00,30699.430000000044,30699.430000000044
2026-06-04 21:01:00,30699.430000000044,30699.430000000044
2026-06-04 22:01:00,30699.430000000044,30699.430000000044
2026-06-04 23:01:00,30699.430000000044,30699.430000000044
2026-06-05 01:02:00,30699.430000000044,30699.430000000044
2026-06-05 02:02:00,30699.430000000044,30699.430000000044
2026-06-05 03:02:00,30699.430000000044,30699.430000000044
2026-06-05 04:02:00,30699.430000000044,30699.430000000044
2026-06-05 05:02:00,30699.430000000044,30699.430000000044
2026-06-05 06:02:00,30699.430000000044,30699.430000000044
2026-06-05 07:02:00,30699.430000000044,30699.430000000044
2026-06-05 08:02:00,30699.430000000044,30699.430000000044
2026-06-05 09:02:00,30699.430000000044,30699.430000000044
2026-06-05 10:02:00,30912.270000000044,30912.270000000044
2026-06-05 11:02:00,30912.270000000044,30912.270000000044
2026-06-05 12:02:00,30912.270000000044,30912.270000000044
2026-06-05 13:02:00,30912.270000000044,30912.270000000044
2026-06-05 14:02:00,30912.270000000044,30912.270000000044
2026-06-05 15:02:00,30912.270000000044,30912.270000000044
2026-06-05 16:02:00,30956.760000000057,30904.560000000063
2026-06-05 17:02:00,30678.860000000055,30678.860000000055
2026-06-05 18:02:00,30678.860000000055,30678.860000000055
2026-06-05 19:02:00,30678.860000000055,30678.860000000055
2026-06-05 20:02:00,30678.860000000055,30678.860000000055
2026-06-05 21:02:00,30678.860000000055,30678.860000000055
2026-06-05 22:02:00,30678.860000000055,30678.860000000055
2026-06-05 23:02:00,30678.860000000055,30678.860000000055
2026-06-08 01:03:00,30678.860000000055,30678.860000000055
2026-06-08 02:03:00,30678.860000000055,30678.860000000055
2026-06-08 03:03:00,30678.860000000055,30678.860000000055
2026-06-08 04:03:00,30678.860000000055,30678.860000000055
2026-06-08 05:03:00,30678.860000000055,30678.860000000055
2026-06-08 06:03:00,30678.860000000055,30678.860000000055
2026-06-08 07:03:00,30678.860000000055,30678.860000000055
2026-06-08 08:03:00,30678.860000000055,30678.860000000055
2026-06-08 09:03:00,30678.860000000055,30678.860000000055
2026-06-08 10:03:00,30678.860000000055,30678.860000000055
2026-06-08 11:03:00,30678.860000000055,30678.860000000055
2026-06-08 12:03:00,30678.860000000055,30678.860000000055
2026-06-08 13:03:00,30678.860000000055,30678.860000000055
2026-06-08 14:03:00,30678.860000000055,30678.860000000055
2026-06-08 15:03:00,30678.860000000055,30678.860000000055
2026-06-08 16:03:00,30678.860000000055,30678.860000000055
2026-06-08 17:03:00,30678.860000000055,30678.860000000055
2026-06-08 18:03:00,30677.740000000056,30551.980000000047
2026-06-08 19:03:00,30410.54000000006,30410.54000000006
2026-06-08 20:03:00,30410.54000000006,30410.54000000006
2026-06-08 21:03:00,30410.54000000006,30410.54000000006
2026-06-08 22:03:00,30410.54000000006,30410.54000000006
2026-06-08 23:03:00,30410.54000000006,30410.54000000006
2026-06-09 01:04:00,30410.54000000006,30410.54000000006
2026-06-09 02:04:00,30410.54000000006,30410.54000000006
2026-06-09 03:04:00,30410.54000000006,30410.54000000006
2026-06-09 04:04:00,30410.54000000006,30410.54000000006
2026-06-09 05:04:00,30410.54000000006,30410.54000000006
2026-06-09 06:04:00,30410.54000000006,30410.54000000006
2026-06-09 07:04:00,30410.54000000006,30410.54000000006
2026-06-09 08:04:00,30410.54000000006,30410.54000000006
2026-06-09 09:04:00,30410.54000000006,30410.54000000006
2026-06-09 10:04:00,30410.54000000006,30410.54000000006
2026-06-09 11:04:00,30410.54000000006,30410.54000000006
2026-06-09 12:04:00,30410.54000000006,30410.54000000006
2026-06-09 13:04:00,30410.54000000006,30410.54000000006
2026-06-09 14:04:00,30410.54000000006,30410.54000000006
2026-06-09 15:04:00,30410.54000000006,30410.54000000006
2026-06-09 16:04:00,30410.54000000006,30410.54000000006
2026-06-09 17:04:00,30410.54000000006,30410.54000000006
2026-06-09 18:04:00,30410.54000000006,30410.54000000006
2026-06-09 19:04:00,30410.54000000006,30410.54000000006
2026-06-09 20:04:00,30410.54000000006,30410.54000000006
2026-06-09 21:04:00,30410.54000000006,30410.54000000006
2026-06-09 22:04:00,30410.54000000006,30410.54000000006
2026-06-09 23:04:00,30410.54000000006,30410.54000000006
2026-06-10 01:05:00,30410.54000000006,30410.54000000006
2026-06-10 02:05:00,30410.54000000006,30410.54000000006
2026-06-10 03:05:00,30410.54000000006,30410.54000000006
2026-06-10 04:05:00,30410.54000000006,30410.54000000006
2026-06-10 05:05:00,30410.54000000006,30410.54000000006
2026-06-10 06:05:00,30410.54000000006,30410.54000000006
2026-06-10 07:05:00,30410.54000000006,30410.54000000006
2026-06-10 08:05:00,30410.54000000006,30410.54000000006
2026-06-10 09:05:00,30410.54000000006,30410.54000000006
2026-06-10 10:05:00,30410.54000000006,30410.54000000006
2026-06-10 11:05:00,30410.54000000006,30410.54000000006
2026-06-10 12:05:00,30410.54000000006,30410.54000000006
2026-06-10 13:05:00,30410.54000000006,30410.54000000006
2026-06-10 14:05:00,30410.54000000006,30410.54000000006
2026-06-10 15:05:00,30410.54000000006,30410.54000000006
2026-06-10 16:05:00,30410.54000000006,30410.54000000006
2026-06-10 17:05:00,30410.54000000006,30410.54000000006
2026-06-10 18:05:00,30410.54000000006,30410.54000000006
2026-06-10 19:05:00,30410.54000000006,30410.54000000006
2026-06-10 20:05:00,30410.54000000006,30410.54000000006
2026-06-10 21:05:00,30410.54000000006,30410.54000000006
2026-06-10 22:05:00,30410.54000000006,30410.54000000006
2026-06-10 23:05:00,30410.54000000006,30410.54000000006
2026-06-11 01:06:00,30410.54000000006,30410.54000000006
2026-06-11 02:06:00,30410.54000000006,30410.54000000006
2026-06-11 03:06:00,30410.54000000006,30410.54000000006
2026-06-11 04:06:00,30410.54000000006,30410.54000000006
2026-06-11 05:06:00,30410.54000000006,30410.54000000006
2026-06-11 06:06:00,30410.54000000006,30410.54000000006
2026-06-11 07:06:00,30410.54000000006,30410.54000000006
2026-06-11 08:06:00,30410.54000000006,30410.54000000006
2026-06-11 09:06:00,30410.54000000006,30410.54000000006
2026-06-11 10:06:00,30410.54000000006,30410.54000000006
2026-06-11 11:06:00,30410.54000000006,30410.54000000006
2026-06-11 12:06:00,30410.54000000006,30410.54000000006
2026-06-11 13:06:00,30410.54000000006,30410.54000000006
2026-06-11 14:06:00,30410.54000000006,30410.54000000006
2026-06-11 15:06:00,30410.54000000006,30410.54000000006
2026-06-11 16:06:00,30410.54000000006,30410.54000000006
2026-06-11 17:06:00,30410.54000000006,30410.54000000006
2026-06-11 18:06:00,30410.54000000006,30410.54000000006
2026-06-11 19:06:00,30410.54000000006,30410.54000000006
2026-06-11 20:06:00,30410.54000000006,30410.54000000006
2026-06-11 21:06:00,30218.990000000063,30218.990000000063
2026-06-11 22:06:00,30218.990000000063,30218.990000000063
2026-06-11 23:06:00,30218.990000000063,30218.990000000063
2026-06-12 01:07:00,30218.990000000063,30218.990000000063
2026-06-12 02:07:00,30218.990000000063,30218.990000000063
2026-06-12 03:07:00,30218.990000000063,30218.990000000063
2026-06-12 04:07:00,30270.760000000064,30368.480000000058
2026-06-12 05:07:00,30267.96000000008,30267.96000000008
2026-06-12 06:07:00,30267.96000000008,30267.96000000008
2026-06-12 07:07:00,30267.96000000008,30267.96000000008
2026-06-12 08:07:00,30267.96000000008,30267.96000000008
2026-06-12 09:07:00,30267.96000000008,30267.96000000008
2026-06-12 10:07:00,30267.96000000008,30267.96000000008
2026-06-12 11:07:00,30267.96000000008,30267.96000000008
2026-06-12 12:07:00,30267.96000000008,30267.96000000008
2026-06-12 13:07:00,30267.96000000008,30267.96000000008
2026-06-12 14:07:00,30267.96000000008,30267.96000000008
2026-06-12 15:07:00,30267.96000000008,30267.96000000008
2026-06-12 16:07:00,30267.96000000008,30267.96000000008
2026-06-12 17:07:00,30381.190000000126,30381.190000000126
2026-06-12 18:07:00,30381.190000000126,30381.190000000126
2026-06-12 19:07:00,30381.190000000126,30381.190000000126
2026-06-12 20:07:00,30381.190000000126,30381.190000000126
2026-06-12 21:07:00,30381.190000000126,30381.190000000126
2026-06-12 22:07:00,30381.190000000126,30381.190000000126
2026-06-12 23:07:00,30381.190000000126,30381.190000000126
2026-06-15 01:08:00,30381.190000000126,30381.190000000126
2026-06-15 02:08:00,30381.190000000126,30381.190000000126
2026-06-15 03:08:00,30381.190000000126,30381.190000000126
2026-06-15 04:08:00,30381.190000000126,30381.190000000126
2026-06-15 05:08:00,30381.190000000126,30381.190000000126
2026-06-15 06:08:00,30381.190000000126,30381.190000000126
2026-06-15 07:08:00,30381.190000000126,30381.190000000126
2026-06-15 08:08:00,30381.190000000126,30381.190000000126
2026-06-15 09:08:00,30380.000000000127,30265.250000000127
2026-06-15 10:08:00,30380.000000000127,30376.60000000013
2026-06-15 11:08:00,30473.360000000128,30604.22000000013
2026-06-15 12:08:00,30597.88000000013,30739.38000000013
2026-06-15 13:08:00,30597.88000000013,30721.03000000013
2026-06-15 14:08:00,30597.88000000013,30726.330000000133
2026-06-15 15:08:00,30597.88000000013,30711.48000000013
2026-06-15 16:08:00,30597.88000000013,30758.030000000126
2026-06-15 17:08:00,30597.88000000013,30869.980000000127
2026-06-15 18:08:00,30597.88000000013,30809.930000000128
2026-06-15 19:08:00,30597.88000000013,30798.930000000128
2026-06-15 20:08:00,30597.88000000013,30691.83000000013
2026-06-15 21:08:00,30597.88000000013,30635.88000000013
2026-06-15 22:08:00,30597.88000000013,30642.230000000127
2026-06-15 23:08:00,30597.88000000013,30631.88000000013
2026-06-16 01:09:00,30597.38000000013,30597.38000000013
2026-06-16 02:09:00,30597.38000000013,30597.38000000013
2026-06-16 03:09:00,30597.38000000013,30597.38000000013
2026-06-16 04:09:00,30597.38000000013,30597.38000000013
2026-06-16 05:09:00,30597.38000000013,30597.38000000013
2026-06-16 06:09:00,30597.38000000013,30597.38000000013
2026-06-16 07:09:00,30597.38000000013,30597.38000000013
2026-06-16 08:09:00,30597.38000000013,30597.38000000013
2026-06-16 09:09:00,30597.38000000013,30597.38000000013
2026-06-16 10:09:00,30597.38000000013,30597.38000000013
2026-06-16 11:09:00,30597.38000000013,30597.38000000013
2026-06-16 12:09:00,30597.38000000013,30597.38000000013
2026-06-16 13:09:00,30597.38000000013,30597.38000000013
2026-06-16 14:09:00,30597.38000000013,30597.38000000013
2026-06-16 15:09:00,30597.38000000013,30597.38000000013
2026-06-16 16:09:00,30597.38000000013,30597.38000000013
2026-06-16 17:09:00,30597.38000000013,30597.38000000013
2026-06-16 18:09:00,30597.38000000013,30597.38000000013
2026-06-16 19:09:00,30592.480000000127,30601.30000000008
2026-06-16 20:09:00,30592.480000000127,30759.500000000095
2026-06-16 21:09:00,30884.61000000012,30943.700000000114
2026-06-16 22:09:00,30884.61000000012,30931.920000000115
2026-06-16 23:09:00,30884.61000000012,31096.27000000011
2026-06-17 01:10:00,30893.16000000012,31094.94000000012
2026-06-17 02:10:00,30893.16000000012,31038.700000000117
2026-06-17 03:10:00,30893.16000000012,30971.820000000127
2026-06-17 04:10:00,30891.26000000011,30891.26000000011
2026-06-17 05:10:00,30891.26000000011,30891.26000000011
2026-06-17 06:10:00,30891.26000000011,30891.26000000011
2026-06-17 07:10:00,30891.26000000011,30891.26000000011
2026-06-17 08:10:00,30891.26000000011,30891.26000000011
2026-06-17 09:10:00,30891.26000000011,30891.26000000011
2026-06-17 10:10:00,30891.26000000011,30891.26000000011
2026-06-17 11:10:00,30891.26000000011,30891.26000000011
2026-06-17 12:10:00,30891.26000000011,30891.26000000011
2026-06-17 13:10:00,30891.26000000011,30891.26000000011
2026-06-17 14:10:00,30891.26000000011,30891.26000000011
2026-06-17 15:10:00,30891.26000000011,30891.26000000011
2026-06-17 16:10:00,30891.26000000011,30891.26000000011
2026-06-17 17:10:00,30891.26000000011,30891.26000000011
2026-06-17 18:10:00,30891.26000000011,30891.26000000011
2026-06-17 19:10:00,30891.26000000011,30891.26000000011
2026-06-17 20:10:00,30891.26000000011,30891.26000000011
2026-06-17 21:10:00,31352.630000000114,32265.930000000113
2026-06-17 22:10:00,31996.970000000118,32457.810000000114
2026-06-17 23:10:00,32491.570000000116,32430.930000000117
2026-06-18 01:11:00,32487.570000000116,32513.490000000114
2026-06-18 02:11:00,32487.570000000116,32609.01000000011
2026-06-18 03:11:00,32544.170000000115,32742.53000000011
2026-06-18 04:11:00,32656.810000000114,32720.81000000011
2026-06-18 05:11:00,32656.810000000114,32720.890000000112
2026-06-18 06:11:00,32656.810000000114,32781.65000000011
2026-06-18 07:11:00,32653.520000000113,32826.18000000011
2026-06-18 08:11:00,32707.12000000014,32805.24000000014
2026-06-18 09:11:00,32707.12000000014,32876.64000000014
2026-06-18 10:11:00,32707.12000000014,32844.48000000014
2026-06-18 11:11:00,32704.250000000142,32724.38000000017
2026-06-18 12:11:00,32169.86000000016,32332.46000000016
2026-06-18 13:11:00,32169.86000000016,32326.54000000016
2026-06-18 14:11:00,32169.86000000016,32405.10000000016
2026-06-18 15:11:00,32169.86000000016,32378.86000000016
2026-06-18 16:11:00,32169.86000000016,32352.82000000016
2026-06-18 17:11:00,32169.86000000016,32413.94000000016
2026-06-18 18:11:00,32169.86000000016,32369.94000000016
2026-06-18 19:11:00,32311.22000000016,32451.68000000016
2026-06-18 20:11:00,32311.22000000016,32468.38000000016
2026-06-18 21:11:00,32311.22000000016,32453.40000000016
2026-06-18 22:11:00,32311.22000000016,32502.72000000016
2026-06-18 23:11:00,32311.22000000016,32481.96000000016
2026-06-19 01:12:00,32311.52000000016,32500.18000000016
2026-06-19 02:12:00,32311.52000000016,32514.68000000016
2026-06-19 03:12:00,32311.52000000016,32544.960000000163
2026-06-19 04:12:00,32311.52000000016,32544.600000000162
2026-06-19 05:12:00,32311.52000000016,32549.60000000016
2026-06-19 06:12:00,32311.52000000016,32577.86000000016
2026-06-19 07:12:00,32594.240000000158,32594.240000000158
2026-06-19 08:12:00,32593.610000000157,32563.01000000015
2026-06-19 09:12:00,32593.610000000157,32715.380000000154
2026-06-19 10:12:00,32623.110000000157,32793.63000000016
2026-06-19 11:12:00,32682.090000000157,32858.290000000154
2026-06-19 12:12:00,32770.57000000015,32876.02000000015
2026-06-19 13:12:00,32770.57000000015,32841.10000000015
2026-06-19 14:12:00,32770.57000000015,32815.690000000155
2026-06-19 15:12:00,32770.57000000015,32849.650000000154
2026-06-19 16:12:00,32770.57000000015,32891.50000000015
2026-06-19 17:12:00,32770.57000000015,32824.24000000015
2026-06-19 18:12:00,32770.57000000015,32824.81000000015
2026-06-19 19:12:00,32770.57000000015,32811.64000000015
2026-06-22 01:11:00,32796.82000000015,32796.82000000015
2026-06-22 02:11:00,32796.82000000015,32796.82000000015
2026-06-22 03:11:00,32796.82000000015,32796.82000000015
2026-06-22 04:11:00,32796.82000000015,32796.82000000015
2026-06-22 05:11:00,32500.82000000014,32500.82000000014
2026-06-22 06:11:00,32500.82000000014,32500.82000000014
2026-06-22 07:11:00,32500.82000000014,32500.82000000014
2026-06-22 08:11:00,32500.82000000014,32500.82000000014
2026-06-22 09:11:00,32500.82000000014,32500.82000000014
2026-06-22 10:11:00,32500.82000000014,32500.82000000014
2026-06-22 11:11:00,32500.82000000014,32500.82000000014
2026-06-22 12:11:00,32500.82000000014,32500.82000000014
2026-06-22 13:11:00,32500.82000000014,32500.82000000014
2026-06-22 14:11:00,32500.82000000014,32500.82000000014
2026-06-22 15:11:00,32500.82000000014,32500.82000000014
2026-06-22 16:11:00,32500.82000000014,32500.82000000014
2026-06-22 17:11:00,32500.82000000014,32500.82000000014
2026-06-22 18:11:00,32500.82000000014,32500.82000000014
2026-06-22 19:11:00,32500.82000000014,32500.82000000014
2026-06-22 20:11:00,32500.82000000014,32500.82000000014
2026-06-22 21:11:00,32500.82000000014,32500.82000000014
2026-06-22 22:11:00,32500.82000000014,32500.82000000014
2026-06-22 23:11:00,32500.82000000014,32500.82000000014
2026-06-23 01:12:00,32500.82000000014,32500.82000000014
2026-06-23 02:12:00,32500.82000000014,32500.82000000014
2026-06-23 03:12:00,32500.82000000014,32500.82000000014
2026-06-23 04:12:00,32500.82000000014,32500.82000000014
2026-06-23 05:12:00,32500.82000000014,32500.82000000014
2026-06-23 06:12:00,32500.82000000014,32500.82000000014
2026-06-23 07:12:00,32500.82000000014,32500.82000000014
2026-06-23 08:12:00,32500.82000000014,32500.82000000014
2026-06-23 09:12:00,32500.82000000014,32500.82000000014
2026-06-23 10:12:00,32500.82000000014,32500.82000000014
2026-06-23 11:12:00,32500.82000000014,32500.82000000014
2026-06-23 12:12:00,32500.82000000014,32500.82000000014
2026-06-23 13:12:00,32500.82000000014,32500.82000000014
2026-06-23 14:12:00,32500.82000000014,32500.82000000014
2026-06-23 15:12:00,32500.82000000014,32500.82000000014
2026-06-23 16:12:00,32500.82000000014,32500.82000000014
2026-06-23 17:12:00,32500.82000000014,32500.82000000014
2026-06-23 18:12:00,32500.82000000014,32500.82000000014
2026-06-23 19:12:00,32500.82000000014,32500.82000000014
2026-06-23 20:12:00,32500.82000000014,32500.82000000014
2026-06-23 21:12:00,32500.82000000014,32500.82000000014
2026-06-23 22:12:00,32500.82000000014,32500.82000000014
2026-06-23 23:12:00,32500.82000000014,32500.82000000014
2026-06-24 01:13:00,32500.82000000014,32500.82000000014
2026-06-24 02:13:00,32500.82000000014,32500.82000000014
2026-06-24 03:13:00,32500.82000000014,32500.82000000014
2026-06-24 04:13:00,32500.82000000014,32500.82000000014
2026-06-24 05:13:00,32500.82000000014,32500.82000000014
2026-06-24 06:13:00,32500.82000000014,32500.82000000014
2026-06-24 07:13:00,32500.82000000014,32500.82000000014
2026-06-24 08:13:00,32500.82000000014,32500.82000000014
2026-06-24 09:13:00,32500.82000000014,32500.82000000014
2026-06-24 10:13:00,32500.82000000014,32500.82000000014
2026-06-24 11:13:00,32500.82000000014,32500.82000000014
2026-06-24 12:13:00,32500.82000000014,32500.82000000014
2026-06-24 13:13:00,32500.82000000014,32500.82000000014
2026-06-24 14:13:00,32500.82000000014,32500.82000000014
2026-06-24 15:13:00,32500.82000000014,32500.82000000014
2026-06-24 16:13:00,32500.82000000014,32500.82000000014
2026-06-24 17:13:00,32500.82000000014,32500.82000000014
2026-06-24 18:13:00,32500.82000000014,32500.82000000014
2026-06-24 19:13:00,32500.82000000014,32500.82000000014
2026-06-24 20:13:00,32500.82000000014,32500.82000000014
2026-06-24 21:13:00,32500.82000000014,32500.82000000014
2026-06-24 22:13:00,32500.82000000014,32500.82000000014
2026-06-24 23:13:00,32500.82000000014,32500.82000000014
2026-06-25 01:14:00,32500.82000000014,32500.82000000014
2026-06-25 02:14:00,32500.82000000014,32500.82000000014
2026-06-25 03:14:00,32499.49000000014,32449.52000000014
2026-06-25 04:14:00,32356.040000000135,32356.040000000135
2026-06-25 05:14:00,32387.02000000013,32387.02000000013
2026-06-25 06:14:00,32387.02000000013,32387.02000000013
2026-06-25 07:14:00,32387.02000000013,32387.02000000013
2026-06-25 08:14:00,32387.02000000013,32387.02000000013
2026-06-25 09:14:00,32387.02000000013,32387.02000000013
2026-06-25 10:14:00,32387.02000000013,32387.02000000013
2026-06-25 11:14:00,32387.02000000013,32387.02000000013
2026-06-25 12:14:00,32387.02000000013,32387.02000000013
2026-06-25 13:14:00,32387.02000000013,32387.02000000013
2026-06-25 14:14:00,32387.02000000013,32387.02000000013
2026-06-25 15:14:00,32387.02000000013,32387.02000000013
2026-06-25 16:14:00,32387.02000000013,32387.02000000013
2026-06-25 17:14:00,32387.02000000013,32387.02000000013
2026-06-25 18:14:00,32387.02000000013,32387.02000000013
2026-06-25 19:14:00,32387.02000000013,32387.02000000013
2026-06-25 20:14:00,32387.02000000013,32387.02000000013
2026-06-25 21:14:00,32387.02000000013,32387.02000000013
2026-06-25 22:14:00,32387.02000000013,32387.02000000013
2026-06-25 23:14:00,32387.02000000013,32387.02000000013
2026-06-26 01:15:00,32387.02000000013,32387.02000000013
2026-06-26 02:15:00,32387.02000000013,32387.02000000013
2026-06-26 03:15:00,32385.900000000132,32450.540000000132
2026-06-26 04:15:00,32402.22000000013,32402.22000000013
2026-06-26 05:15:00,32402.22000000013,32402.22000000013
2026-06-26 06:15:00,32402.22000000013,32402.22000000013
2026-06-26 07:15:00,32402.22000000013,32402.22000000013
2026-06-26 08:15:00,32402.22000000013,32402.22000000013
2026-06-26 09:15:00,32402.22000000013,32402.22000000013
2026-06-26 10:15:00,32402.22000000013,32402.22000000013
2026-06-26 11:15:00,32402.22000000013,32402.22000000013
2026-06-26 12:15:00,32402.22000000013,32402.22000000013
2026-06-26 13:15:00,32402.22000000013,32402.22000000013
2026-06-26 14:15:00,32402.22000000013,32402.22000000013
2026-06-26 15:15:00,32402.22000000013,32402.22000000013
2026-06-26 16:15:00,32402.22000000013,32402.22000000013
2026-06-26 17:15:00,32402.22000000013,32402.22000000013
2026-06-26 18:15:00,32402.22000000013,32402.22000000013
2026-06-26 19:15:00,32402.22000000013,32402.22000000013
2026-06-26 20:15:00,32402.22000000013,32402.22000000013
2026-06-26 21:15:00,32402.22000000013,32402.22000000013
2026-06-26 22:15:00,32402.22000000013,32402.22000000013
2026-06-26 23:15:00,32402.22000000013,32402.22000000013
2026-06-29 01:16:00,32402.22000000013,32402.22000000013
2026-06-29 02:16:00,32448.410000000134,32448.410000000134
2026-06-29 03:16:00,32448.410000000134,32448.410000000134
2026-06-29 04:16:00,32448.410000000134,32448.410000000134
2026-06-29 05:16:00,32448.410000000134,32448.410000000134
2026-06-29 06:16:00,32448.410000000134,32448.410000000134
2026-06-29 07:16:00,32448.410000000134,32448.410000000134
2026-06-29 08:16:00,32448.410000000134,32448.410000000134
2026-06-29 09:16:00,32448.410000000134,32448.410000000134
2026-06-29 10:16:00,32448.410000000134,32448.410000000134
2026-06-29 11:16:00,32448.410000000134,32448.410000000134
2026-06-29 12:16:00,32161.94000000014,32161.94000000014
2026-06-29 13:16:00,32161.94000000014,32161.94000000014
2026-06-29 14:16:00,32161.94000000014,32161.94000000014
2026-06-29 15:16:00,32161.94000000014,32161.94000000014
2026-06-29 16:16:00,32161.94000000014,32161.94000000014
2026-06-29 17:16:00,32161.94000000014,32161.94000000014
2026-06-29 18:16:00,32161.94000000014,32161.94000000014
2026-06-29 19:16:00,32161.94000000014,32161.94000000014
2026-06-29 20:16:00,32161.94000000014,32161.94000000014
2026-06-29 21:16:00,32161.94000000014,32161.94000000014
2026-06-29 22:16:00,32161.94000000014,32161.94000000014
2026-06-29 23:16:00,32161.94000000014,32161.94000000014
2026-06-30 01:17:00,32161.94000000014,32161.94000000014
2026-06-30 02:17:00,32161.94000000014,32161.94000000014
2026-06-30 03:17:00,32161.94000000014,32161.94000000014
2026-06-30 04:17:00,32161.94000000014,32161.94000000014
2026-06-30 05:17:00,32161.94000000014,32161.94000000014
2026-06-30 06:17:00,32161.94000000014,32161.94000000014
2026-06-30 07:17:00,32161.94000000014,32161.94000000014
2026-06-30 08:17:00,32161.94000000014,32161.94000000014
2026-06-30 09:17:00,32161.94000000014,32161.94000000014
2026-06-30 10:17:00,32161.94000000014,32161.94000000014
2026-06-30 11:17:00,32161.94000000014,32161.94000000014
2026-06-30 12:17:00,32161.94000000014,32161.94000000014
2026-06-30 13:17:00,32161.94000000014,32161.94000000014
2026-06-30 14:17:00,32159.21000000014,32060.540000000132
2026-06-30 15:17:00,31872.56000000015,31872.56000000015
2026-06-30 16:17:00,32295.97000000015,33157.29000000015
2026-06-30 17:17:00,33584.45000000015,34157.69000000015
2026-06-30 18:17:00,33701.96000000015,33939.26000000015
2026-06-30 19:17:00,33853.50000000015,34093.04000000015
2026-06-30 20:17:00,33853.50000000015,34072.04000000015
2026-06-30 21:17:00,33853.50000000015,34127.34000000015
2026-06-30 22:17:00,33853.50000000015,34036.20000000015
2026-06-30 23:17:00,33953.32000000015,33953.32000000015
2026-07-01 01:18:00,33953.32000000015,33953.32000000015
2026-07-01 02:18:00,33953.32000000015,33953.32000000015
2026-07-01 03:18:00,33953.32000000015,33953.32000000015
2026-07-01 04:18:00,33523.24000000015,33523.24000000015
2026-07-01 05:18:00,33523.24000000015,33523.24000000015
2026-07-01 06:18:00,33523.24000000015,33523.24000000015
2026-07-01 07:18:00,33537.450000000164,33537.450000000164
2026-07-01 08:18:00,33537.450000000164,33537.450000000164
2026-07-01 09:18:00,33537.450000000164,33537.450000000164
2026-07-01 10:18:00,33537.450000000164,33537.450000000164
2026-07-01 11:18:00,33537.450000000164,33537.450000000164
2026-07-01 12:18:00,33537.450000000164,33537.450000000164
2026-07-01 13:18:00,33537.450000000164,33537.450000000164
2026-07-01 14:18:00,33537.450000000164,33537.450000000164
2026-07-01 15:18:00,33537.450000000164,33537.450000000164
2026-07-01 16:18:00,33712.79000000017,33950.69000000016
2026-07-01 17:18:00,34452.24000000017,34452.24000000017
2026-07-01 18:18:00,34452.24000000017,34452.24000000017
2026-07-01 19:18:00,34452.24000000017,34452.24000000017
2026-07-01 20:18:00,34452.24000000017,34452.24000000017
2026-07-01 21:18:00,34452.24000000017,34452.24000000017
2026-07-01 22:18:00,34452.24000000017,34452.24000000017
2026-07-01 23:18:00,34452.24000000017,34452.24000000017
2026-07-02 01:19:00,34450.42000000017,34542.720000000176
2026-07-02 02:19:00,34498.13000000017,34597.37000000017
2026-07-02 03:19:00,34697.05000000016,34697.05000000016
2026-07-02 04:19:00,34697.05000000016,34697.05000000016
2026-07-02 05:19:00,34850.920000000166,34850.920000000166
2026-07-02 06:19:00,34850.920000000166,34850.920000000166
2026-07-02 07:19:00,34850.920000000166,34850.920000000166
2026-07-02 08:19:00,34850.920000000166,34850.920000000166
2026-07-02 09:19:00,34850.920000000166,34850.920000000166
2026-07-02 10:19:00,34850.920000000166,34850.920000000166
2026-07-02 11:19:00,34850.920000000166,34850.920000000166
2026-07-02 12:19:00,34850.920000000166,34850.920000000166
2026-07-02 13:19:00,34850.920000000166,34850.920000000166
2026-07-02 14:19:00,34850.920000000166,34850.920000000166
2026-07-02 15:19:00,34850.920000000166,34850.920000000166
2026-07-02 16:19:00,34850.920000000166,34850.920000000166
2026-07-02 17:19:00,34999.75000000017,34999.75000000017
2026-07-02 18:19:00,34999.75000000017,34999.75000000017
2026-07-02 19:19:00,34999.75000000017,34999.75000000017
2026-07-02 20:19:00,34999.75000000017,34999.75000000017
2026-07-02 21:19:00,34999.75000000017,34999.75000000017
2026-07-02 22:19:00,34999.75000000017,34999.75000000017
2026-07-02 23:19:00,34999.75000000017,34999.75000000017
2026-07-03 01:20:00,34999.75000000017,34999.75000000017
2026-07-03 02:20:00,34999.75000000017,34999.75000000017
2026-07-03 03:20:00,34999.75000000017,34999.75000000017
2026-07-03 04:20:00,34999.75000000017,34999.75000000017
2026-07-03 05:20:00,34999.75000000017,34999.75000000017
2026-07-03 06:20:00,34999.75000000017,34999.75000000017
2026-07-03 07:20:00,34999.75000000017,34999.75000000017
2026-07-03 08:20:00,34999.75000000017,34999.75000000017
2026-07-03 09:20:00,35040.60000000014,35001.080000000125
2026-07-03 10:23:00,35090.520000000135,35181.720000000125
2026-07-03 11:23:00,35190.300000000134,35414.160000000134
2026-07-03 12:23:00,35190.300000000134,35274.86000000013
2026-07-03 13:23:00,35258.760000000126,35258.760000000126
2026-07-03 14:23:00,35258.760000000126,35258.760000000126
2026-07-03 15:23:00,35258.760000000126,35258.760000000126
2026-07-03 16:23:00,35258.760000000126,35258.760000000126
2026-07-03 17:23:00,35309.20000000013,35494.06000000012
2026-07-03 18:23:00,35579.60000000012,35720.650000000125
2026-07-03 19:23:00,35579.60000000012,35668.52000000012
2026-07-06 01:22:00,35850.000000000124,35850.000000000124
2026-07-06 02:22:00,35850.000000000124,35850.000000000124
2026-07-06 03:22:00,35850.000000000124,35850.000000000124
2026-07-06 04:22:00,36009.06000000013,36009.06000000013
2026-07-06 05:22:00,36009.06000000013,36009.06000000013
2026-07-06 06:22:00,36009.06000000013,36009.06000000013
2026-07-06 07:22:00,36009.06000000013,36009.06000000013
2026-07-06 08:22:00,36009.06000000013,36009.06000000013
2026-07-06 09:22:00,36009.06000000013,36009.06000000013
2026-07-06 10:22:00,36009.06000000013,36009.06000000013
2026-07-06 11:22:00,36009.06000000013,36009.06000000013
2026-07-06 12:22:00,36009.06000000013,36009.06000000013
2026-07-06 13:22:00,36009.06000000013,36009.06000000013
2026-07-06 14:22:00,36009.06000000013,36009.06000000013
2026-07-06 15:22:00,36009.06000000013,36009.06000000013
2026-07-06 16:22:00,36009.06000000013,36009.06000000013
2026-07-06 17:22:00,36009.06000000013,36009.06000000013
2026-07-06 18:22:00,36009.06000000013,36009.06000000013
2026-07-06 19:22:00,36009.06000000013,36009.06000000013
2026-07-06 20:22:00,36009.06000000013,36009.06000000013
2026-07-06 21:22:00,36009.06000000013,36009.06000000013
2026-07-06 22:22:00,36009.06000000013,36009.06000000013
2026-07-06 23:22:00,36009.06000000013,36009.06000000013
2026-07-07 01:23:00,36009.06000000013,36009.06000000013
2026-07-07 02:23:00,36009.06000000013,36009.06000000013
2026-07-07 03:23:00,36009.06000000013,36009.06000000013
2026-07-07 04:23:00,36009.06000000013,36009.06000000013
2026-07-07 05:23:00,36009.06000000013,36009.06000000013
2026-07-07 06:23:00,36009.06000000013,36009.06000000013
2026-07-07 07:23:00,36009.06000000013,36009.06000000013
2026-07-07 08:23:00,36009.06000000013,36009.06000000013
2026-07-07 09:23:00,36009.06000000013,36009.06000000013
2026-07-07 10:23:00,36009.06000000013,36009.06000000013
2026-07-07 11:23:00,36009.06000000013,36009.06000000013
2026-07-07 12:23:00,36009.06000000013,36009.06000000013
2026-07-07 13:23:00,36009.06000000013,36009.06000000013
2026-07-07 14:23:00,36009.06000000013,36009.06000000013
2026-07-07 15:23:00,36009.06000000013,36009.06000000013
2026-07-07 16:23:00,36009.06000000013,36009.06000000013
2026-07-07 17:23:00,36009.06000000013,36009.06000000013
2026-07-07 18:23:00,36009.06000000013,36009.06000000013
2026-07-07 19:23:00,36009.06000000013,36009.06000000013
2026-07-07 20:23:00,36009.06000000013,36009.06000000013
2026-07-07 21:23:00,36009.06000000013,36009.06000000013
2026-07-07 22:23:00,36009.06000000013,36009.06000000013
2026-07-07 23:23:00,36009.06000000013,36009.06000000013
2026-07-08 01:24:00,36009.06000000013,36009.06000000013
2026-07-08 02:24:00,36009.06000000013,36009.06000000013
2026-07-08 03:24:00,36009.06000000013,36009.06000000013
2026-07-08 04:24:00,36009.06000000013,36009.06000000013
2026-07-08 05:24:00,36009.06000000013,36009.06000000013
2026-07-08 06:24:00,36009.06000000013,36009.06000000013
2026-07-08 07:24:00,36009.06000000013,36009.06000000013
2026-07-08 08:24:00,36009.06000000013,36009.06000000013
2026-07-08 09:24:00,36009.06000000013,36009.06000000013
2026-07-08 10:24:00,36009.06000000013,36009.06000000013
2026-07-08 11:24:00,36009.06000000013,36009.06000000013
2026-07-08 12:24:00,36009.06000000013,36009.06000000013
2026-07-08 13:24:00,36009.06000000013,36009.06000000013
2026-07-08 14:24:00,36009.06000000013,36009.06000000013
2026-07-08 15:24:00,36009.06000000013,36009.06000000013
2026-07-08 16:24:00,36009.06000000013,36009.06000000013
2026-07-08 17:24:00,36009.06000000013,36009.06000000013
2026-07-08 18:24:00,36009.06000000013,36009.06000000013
2026-07-08 19:24:00,36009.06000000013,36009.06000000013
2026-07-08 20:24:00,36009.06000000013,36009.06000000013
2026-07-08 21:24:00,36009.06000000013,36009.06000000013
2026-07-08 22:24:00,36009.06000000013,36009.06000000013
2026-07-08 23:24:00,36009.06000000013,36009.06000000013
2026-07-09 01:25:00,36009.06000000013,36009.06000000013
2026-07-09 02:25:00,36009.06000000013,36009.06000000013
2026-07-09 03:25:00,36009.06000000013,36009.06000000013
2026-07-09 04:25:00,36009.06000000013,36009.06000000013
2026-07-09 05:25:00,36009.06000000013,36009.06000000013
2026-07-09 06:25:00,36004.650000000125,36089.07000000012
2026-07-09 07:25:00,36054.150000000125,36052.26000000013
2026-07-09 08:25:00,36183.24000000013,36406.98000000013
2026-07-09 09:25:00,36460.22000000013,36082.50000000012
2026-07-09 10:25:00,36460.22000000013,35808.96000000013
2026-07-09 11:25:00,36017.60000000013,35422.93000000014
2026-07-09 12:25:00,36017.60000000013,35602.15000000012
2026-07-09 13:25:00,36017.60000000013,35709.74000000012
2026-07-09 14:25:00,36051.29000000013,35959.87000000013
2026-07-09 15:25:00,35527.470000000125,35616.39000000012
2026-07-09 16:25:00,35794.14000000012,35794.14000000012
2026-07-09 17:25:00,35794.14000000012,35794.14000000012
2026-07-09 18:25:00,35794.14000000012,35794.14000000012
2026-07-09 19:25:00,35822.750000000095,35822.750000000095
2026-07-09 20:25:00,35822.750000000095,35822.750000000095
2026-07-09 21:25:00,35822.750000000095,35822.750000000095
2026-07-09 22:25:00,35822.750000000095,35822.750000000095
2026-07-09 23:25:00,35822.750000000095,35822.750000000095
2026-07-10 01:26:00,35822.750000000095,35822.750000000095
2026-07-10 02:26:00,35822.750000000095,35822.750000000095
2026-07-10 03:26:00,35822.750000000095,35822.750000000095
2026-07-10 04:26:00,35822.750000000095,35822.750000000095
2026-07-10 05:26:00,35822.750000000095,35822.750000000095
2026-07-10 06:26:00,35822.750000000095,35822.750000000095
2026-07-10 07:26:00,35822.750000000095,35822.750000000095
2026-07-10 08:26:00,35822.750000000095,35822.750000000095
2026-07-10 09:26:00,35822.750000000095,35822.750000000095
2026-07-10 10:26:00,35822.750000000095,35822.750000000095
2026-07-10 11:26:00,35822.750000000095,35822.750000000095
2026-07-10 12:26:00,35822.750000000095,35822.750000000095
2026-07-10 13:26:00,35822.750000000095,35822.750000000095
2026-07-10 14:26:00,35822.750000000095,35822.750000000095
2026-07-10 15:26:00,35822.750000000095,35822.750000000095
2026-07-10 16:26:00,35822.750000000095,35822.750000000095
2026-07-10 17:26:00,35903.400000000096,35971.2000000001
2026-07-10 18:26:00,35916.500000000095,35916.500000000095
2026-07-10 19:26:00,35916.500000000095,35916.500000000095
2026-07-10 20:26:00,35916.500000000095,35916.500000000095
2026-07-10 21:26:00,35916.500000000095,35916.500000000095
2026-07-10 22:26:00,35916.500000000095,35916.500000000095
2026-07-10 23:26:00,35916.500000000095,35916.500000000095
2026-07-13 01:27:00,35848.830000000155,35848.830000000155
2026-07-13 02:27:00,35848.830000000155,35848.830000000155
2026-07-13 03:27:00,35848.830000000155,35848.830000000155
2026-07-13 04:27:00,35848.830000000155,35848.830000000155
2026-07-13 05:27:00,35848.830000000155,35848.830000000155
2026-07-13 06:27:00,35848.830000000155,35848.830000000155
2026-07-13 07:27:00,35848.830000000155,35848.830000000155
2026-07-13 08:27:00,35864.14000000015,35947.99000000015
2026-07-13 09:27:00,35964.14000000015,35964.14000000015
2026-07-13 10:27:00,35964.14000000015,35964.14000000015
2026-07-13 11:27:00,35964.14000000015,35964.14000000015
2026-07-13 12:27:00,35964.14000000015,35964.14000000015
2026-07-13 13:27:00,35964.14000000015,35964.14000000015
2026-07-13 14:27:00,35964.14000000015,35964.14000000015
2026-07-13 15:27:00,35964.14000000015,35964.14000000015
2026-07-13 16:27:00,35964.14000000015,35964.14000000015
2026-07-13 17:27:00,35964.14000000015,35964.14000000015
2026-07-13 18:27:00,35964.14000000015,35964.14000000015
2026-07-13 19:27:00,35964.14000000015,35964.14000000015
2026-07-13 20:27:00,35964.14000000015,35964.14000000015
2026-07-13 21:27:00,35964.14000000015,35964.14000000015
2026-07-13 22:27:00,35964.14000000015,35964.14000000015
2026-07-13 23:27:00,35964.14000000015,35964.14000000015
2026-07-14 01:28:00,35964.14000000015,35964.14000000015
2026-07-14 02:28:00,35964.14000000015,35964.14000000015
2026-07-14 03:28:00,35964.14000000015,35964.14000000015
2026-07-14 04:28:00,35964.14000000015,35964.14000000015
2026-07-14 05:28:00,35964.14000000015,35964.14000000015
2026-07-14 06:28:00,35964.14000000015,35964.14000000015
2026-07-14 07:28:00,35964.14000000015,35964.14000000015
2026-07-14 08:28:00,35964.14000000015,35964.14000000015
2026-07-14 09:28:00,35964.14000000015,35964.14000000015
2026-07-14 10:28:00,35964.14000000015,35964.14000000015
2026-07-14 11:28:00,35964.14000000015,35964.14000000015
2026-07-14 12:28:00,35964.14000000015,35964.14000000015
2026-07-14 13:28:00,35964.14000000015,35964.14000000015
2026-07-14 14:28:00,35964.14000000015,35964.14000000015
2026-07-14 15:28:00,35964.14000000015,35964.14000000015
2026-07-14 16:28:00,36176.56000000015,36278.260000000155
2026-07-14 17:28:00,36176.56000000015,36326.20000000015
2026-07-14 18:28:00,36208.000000000146,36208.000000000146
2026-07-14 19:28:00,36207.16000000015,36102.760000000155
2026-07-14 20:28:00,36207.16000000015,36134.44000000015
2026-07-14 21:28:00,36207.16000000015,36075.760000000155
2026-07-14 22:28:00,36207.16000000015,36001.00000000015
2026-07-14 23:28:00,36207.16000000015,36017.80000000015
2026-07-15 01:29:00,36189.16000000015,35980.84000000015
2026-07-15 02:29:00,36189.16000000015,36008.44000000015
2026-07-15 03:29:00,36189.16000000015,36058.72000000015
2026-07-15 04:29:00,36189.16000000015,36014.08000000015
2026-07-15 05:29:00,35730.40000000014,35730.40000000014
2026-07-15 06:29:00,35730.40000000014,35730.40000000014
2026-07-15 07:29:00,35730.40000000014,35730.40000000014
2026-07-15 08:29:00,35730.40000000014,35730.40000000014
2026-07-15 09:29:00,35730.40000000014,35730.40000000014
2026-07-15 10:29:00,35730.40000000014,35730.40000000014
2026-07-15 11:29:00,35730.40000000014,35730.40000000014
2026-07-15 12:29:00,35730.40000000014,35730.40000000014
2026-07-15 13:29:00,35730.40000000014,35730.40000000014
2026-07-15 14:29:00,35730.40000000014,35730.40000000014
2026-07-15 15:29:00,35730.40000000014,35730.40000000014
2026-07-15 16:29:00,35730.40000000014,35730.40000000014
2026-07-15 17:29:00,35730.40000000014,35730.40000000014
2026-07-15 18:29:00,35761.19000000013,35761.19000000013
2026-07-15 19:29:00,35761.19000000013,35761.19000000013
2026-07-15 20:29:00,35761.19000000013,35761.19000000013
2026-07-15 21:29:00,35761.19000000013,35761.19000000013
2026-07-15 22:29:00,35964.65000000013,36100.61000000013
2026-07-15 23:29:00,35964.65000000013,36068.990000000136
2026-07-16 01:30:00,36005.720000000125,36109.040000000125
2026-07-16 02:30:00,36005.720000000125,36130.64000000012
2026-07-16 03:30:00,36005.720000000125,36116.900000000125
2026-07-16 04:30:00,35935.97000000011,35935.97000000011
2026-07-16 05:30:00,35935.97000000011,35935.97000000011
2026-07-16 06:30:00,35935.97000000011,35935.97000000011
2026-07-16 07:30:00,35935.97000000011,35935.97000000011
2026-07-16 08:30:00,35935.97000000011,35935.97000000011
2026-07-16 09:30:00,35935.97000000011,35935.97000000011
2026-07-16 10:30:00,35935.97000000011,35935.97000000011
2026-07-16 11:30:00,35935.97000000011,35935.97000000011
2026-07-16 12:30:00,35935.97000000011,35935.97000000011
2026-07-16 13:30:00,35935.97000000011,35935.97000000011
2026-07-16 14:30:00,35935.97000000011,35935.97000000011
2026-07-16 15:30:00,35935.97000000011,35935.97000000011
2026-07-16 16:30:00,35935.97000000011,35935.97000000011
2026-07-16 17:30:00,35935.97000000011,35935.97000000011
2026-07-16 18:30:00,35935.97000000011,35935.97000000011
2026-07-16 19:30:00,35608.37000000009,35608.37000000009
2026-07-16 20:30:00,35608.37000000009,35608.37000000009
2026-07-16 21:30:00,35608.37000000009,35608.37000000009
2026-07-16 22:30:00,35608.37000000009,35608.37000000009
2026-07-16 23:30:00,35608.37000000009,35608.37000000009
2026-07-17 01:31:00,35608.37000000009,35608.37000000009
2026-07-17 02:31:00,35608.37000000009,35608.37000000009
2026-07-17 03:31:00,35608.37000000009,35608.37000000009
2026-07-17 04:31:00,35608.37000000009,35608.37000000009
2026-07-17 05:31:00,35608.37000000009,35608.37000000009
2026-07-17 06:31:00,35608.37000000009,35608.37000000009
2026-07-17 07:31:00,35608.37000000009,35608.37000000009
2026-07-17 08:31:00,35608.37000000009,35608.37000000009
2026-07-17 09:31:00,35608.37000000009,35608.37000000009
2026-07-17 10:31:00,35608.37000000009,35608.37000000009
2026-07-17 11:31:00,35608.37000000009,35608.37000000009
2026-07-17 12:31:00,35608.37000000009,35608.37000000009
2026-07-17 13:31:00,35608.37000000009,35608.37000000009
2026-07-17 14:31:00,35608.37000000009,35608.37000000009
2026-07-17 15:31:00,35608.37000000009,35608.37000000009
2026-07-17 16:31:00,35608.37000000009,35608.37000000009
2026-07-17 17:31:00,35608.37000000009,35608.37000000009
2026-07-17 18:31:00,35608.37000000009,35608.37000000009
2026-07-17 19:31:00,35608.37000000009,35608.37000000009
2026-07-17 20:31:00,35608.37000000009,35608.37000000009
2026-07-17 21:31:00,35608.37000000009,35608.37000000009
2026-07-17 22:31:00,35608.37000000009,35608.37000000009
2026-07-17 23:31:00,35608.37000000009,35608.37000000009
2026-07-20 01:32:00,35608.37000000009,35608.37000000009
2026-07-20 02:32:00,35608.37000000009,35608.37000000009
2026-07-20 03:32:00,35603.960000000094,35691.95000000007
2026-07-20 04:32:00,35001.02000000012,35001.02000000012
2026-07-20 05:32:00,35001.02000000012,35001.02000000012
2026-07-20 06:32:00,35000.250000000124,35048.540000000125
2026-07-20 07:32:00,35000.250000000124,35011.470000000125
2026-07-20 08:32:00,35042.49000000013,35125.30000000013
2026-07-20 09:32:00,35084.73000000013,35189.88000000013
2026-07-20 10:32:00,35084.73000000013,35158.53000000013
2026-07-20 11:32:00,35105.330000000125,35105.330000000125
2026-07-20 12:32:00,35105.330000000125,35105.330000000125
2026-07-20 13:32:00,35105.330000000125,35105.330000000125
2026-07-20 14:32:00,35126.83000000012,35126.83000000012
2026-07-20 15:32:00,35126.83000000012,35126.83000000012
2026-07-20 16:32:00,35126.83000000012,35126.83000000012
2026-07-20 17:32:00,35126.83000000012,35126.83000000012
2026-07-20 18:32:00,35143.86000000012,35184.34000000012
2026-07-20 19:32:00,35142.26000000012,35142.26000000012
2026-07-20 20:32:00,35142.26000000012,35142.26000000012
2026-07-20 21:32:00,35142.26000000012,35142.26000000012
2026-07-20 22:32:00,35142.26000000012,35142.26000000012
2026-07-20 23:32:00,35142.26000000012,35142.26000000012
2026-07-21 01:33:00,35142.26000000012,35142.26000000012
2026-07-21 02:33:00,35142.26000000012,35142.26000000012
2026-07-21 03:33:00,35142.26000000012,35142.26000000012
2026-07-21 04:33:00,35142.26000000012,35142.26000000012
2026-07-21 05:33:00,35171.010000000104,35171.010000000104
2026-07-21 06:33:00,35171.010000000104,35171.010000000104
2026-07-21 07:33:00,35171.010000000104,35171.010000000104
2026-07-21 08:33:00,35171.010000000104,35171.010000000104
2026-07-21 09:33:00,35171.010000000104,35171.010000000104
2026-07-21 10:33:00,35171.010000000104,35171.010000000104
2026-07-21 11:33:00,35171.010000000104,35171.010000000104
2026-07-21 12:33:00,35171.010000000104,35171.010000000104
2026-07-21 13:33:00,35171.010000000104,35171.010000000104
2026-07-21 14:33:00,35171.010000000104,35171.010000000104
2026-07-21 15:33:00,35171.010000000104,35171.010000000104
2026-07-21 16:33:00,35171.010000000104,35171.010000000104
2026-07-21 17:33:00,35171.010000000104,35171.010000000104
2026-07-21 18:33:00,35171.010000000104,35171.010000000104
2026-07-21 19:33:00,35171.010000000104,35171.010000000104
2026-07-21 20:33:00,35171.010000000104,35171.010000000104
2026-07-21 21:33:00,35171.010000000104,35171.010000000104
2026-07-21 22:33:00,35171.010000000104,35171.010000000104
2026-07-21 23:33:00,35171.010000000104,35171.010000000104
2026-07-22 01:34:00,35171.010000000104,35171.010000000104
2026-07-22 02:34:00,35171.010000000104,35171.010000000104
2026-07-22 03:34:00,35171.010000000104,35171.010000000104
2026-07-22 04:34:00,35171.010000000104,35171.010000000104
2026-07-22 05:34:00,35171.010000000104,35171.010000000104
2026-07-22 06:34:00,35171.010000000104,35171.010000000104
2026-07-22 07:34:00,35171.010000000104,35171.010000000104
2026-07-22 08:34:00,35171.010000000104,35171.010000000104
2026-07-22 09:34:00,35171.010000000104,35171.010000000104
2026-07-22 10:34:00,35171.010000000104,35171.010000000104
2026-07-22 11:34:00,35246.65000000012,35519.27000000012
2026-07-22 12:34:00,35246.65000000012,35496.05000000013
2026-07-22 13:34:00,35246.65000000012,35559.69000000015
2026-07-22 14:34:00,35246.65000000012,35604.84000000016
2026-07-22 15:34:00,35644.71000000013,35919.090000000135
2026-07-22 16:34:00,35705.40000000014,35705.40000000014
2026-07-22 17:34:00,35705.40000000014,35705.40000000014
2026-07-22 18:34:00,35705.40000000014,35705.40000000014
2026-07-22 19:34:00,35705.40000000014,35705.40000000014
2026-07-22 20:34:00,35705.40000000014,35705.40000000014
2026-07-22 21:34:00,35705.40000000014,35705.40000000014
2026-07-22 22:34:00,35705.40000000014,35705.40000000014
2026-07-22 23:34:00,35705.40000000014,35705.40000000014
2026-07-23 01:35:00,35705.40000000014,35705.40000000014
2026-07-23 02:35:00,35705.40000000014,35705.40000000014
2026-07-23 03:35:00,35705.40000000014,35705.40000000014
2026-07-23 04:35:00,35705.40000000014,35705.40000000014
2026-07-23 05:35:00,35705.40000000014,35705.40000000014
2026-07-23 06:35:00,35705.40000000014,35705.40000000014
2026-07-23 07:35:00,35705.40000000014,35705.40000000014
2026-07-23 08:35:00,35705.40000000014,35705.40000000014
2026-07-23 09:35:00,35705.40000000014,35705.40000000014
2026-07-23 10:35:00,35705.40000000014,35705.40000000014
2026-07-23 11:35:00,35705.40000000014,35705.40000000014
2026-07-23 12:35:00,35705.40000000014,35705.40000000014
2026-07-23 13:35:00,35705.40000000014,35705.40000000014
2026-07-23 14:35:00,35705.40000000014,35705.40000000014
2026-07-23 15:35:00,35705.40000000014,35705.40000000014
2026-07-23 16:35:00,35705.40000000014,35705.40000000014
2026-07-23 17:35:00,35705.40000000014,35705.40000000014
2026-07-23 18:35:00,35705.40000000014,35705.40000000014
2026-07-23 19:35:00,35705.40000000014,35705.40000000014
2026-07-23 20:35:00,35705.40000000014,35705.40000000014
2026-07-23 21:35:00,35705.40000000014,35705.40000000014
2026-07-23 22:35:00,35705.40000000014,35705.40000000014
2026-07-23 23:35:00,35705.40000000014,35705.40000000014
2026-07-24 01:36:00,35705.40000000014,35705.40000000014
2026-07-24 02:36:00,35705.40000000014,35705.40000000014
2026-07-24 03:36:00,35705.40000000014,35705.40000000014
2026-07-24 04:36:00,35705.40000000014,35705.40000000014
2026-07-24 05:36:00,35705.40000000014,35705.40000000014
2026-07-24 06:36:00,35705.40000000014,35705.40000000014
2026-07-24 07:36:00,35705.40000000014,35705.40000000014
2026-07-24 08:36:00,35705.40000000014,35705.40000000014
2026-07-24 09:36:00,35705.40000000014,35705.40000000014
2026-07-24 10:36:00,35705.40000000014,35705.40000000014
2026-07-24 11:36:00,35705.40000000014,35705.40000000014
2026-07-24 12:36:00,35705.40000000014,35705.40000000014
2026-07-24 13:36:00,35705.40000000014,35705.40000000014
2026-07-24 14:36:00,35705.40000000014,35705.40000000014
2026-07-24 15:36:00,35705.40000000014,35705.40000000014
2026-07-24 16:36:00,35705.40000000014,35705.40000000014
2026-07-24 17:36:00,35705.40000000014,35705.40000000014
2026-07-24 18:36:00,35705.40000000014,35705.40000000014
2026-07-24 19:36:00,35738.95000000014,35738.95000000014
2026-07-24 20:36:00,35738.95000000014,35738.95000000014
2026-07-24 21:36:00,35738.95000000014,35738.95000000014
2026-07-24 22:36:00,35738.95000000014,35738.95000000014
2026-07-24 23:36:00,35738.95000000014,35738.95000000014
2026-07-27 01:37:00,35738.95000000014,35738.95000000014
2026-07-27 02:37:00,35738.95000000014,35738.95000000014
2026-07-27 03:37:00,35738.95000000014,35738.95000000014
2026-07-27 04:37:00,35738.95000000014,35738.95000000014
2026-07-27 05:37:00,35738.95000000014,35738.95000000014
2026-07-27 06:37:00,35738.95000000014,35738.95000000014
2026-07-27 07:37:00,35738.95000000014,35738.95000000014
2026-07-27 08:37:00,35738.95000000014,35738.95000000014
2026-07-27 09:37:00,35738.95000000014,35738.95000000014
2026-07-27 10:37:00,35738.95000000014,35738.95000000014
2026-07-27 11:37:00,35738.95000000014,35738.95000000014
2026-07-27 12:37:00,35738.95000000014,35738.95000000014
2026-07-27 13:37:00,35738.95000000014,35738.95000000014
2026-07-27 14:37:00,35738.95000000014,35738.95000000014
2026-07-27 15:37:00,35738.95000000014,35738.95000000014
2026-07-27 16:37:00,35738.95000000014,35738.95000000014
2026-07-27 17:37:00,35738.95000000014,35738.95000000014
2026-07-27 18:37:00,35738.95000000014,35738.95000000014
2026-07-27 19:37:00,35738.95000000014,35738.95000000014
2026-07-27 20:37:00,35738.95000000014,35738.95000000014
2026-07-27 21:37:00,35738.95000000014,35738.95000000014
2026-07-27 22:37:00,35738.95000000014,35738.95000000014
2026-07-27 23:37:00,35738.95000000014,35738.95000000014
2026-07-28 01:38:00,35738.95000000014,35738.95000000014
2026-07-28 02:38:00,35738.95000000014,35738.95000000014
2026-07-28 03:38:00,35738.95000000014,35738.95000000014
2026-07-28 04:38:00,35738.95000000014,35738.95000000014
2026-07-28 05:38:00,35738.95000000014,35738.95000000014
2026-07-28 06:38:00,35738.95000000014,35738.95000000014
2026-07-28 07:38:00,35738.95000000014,35738.95000000014
2026-07-28 08:38:00,35738.95000000014,35738.95000000014
2026-07-28 09:38:00,35738.95000000014,35738.95000000014
2026-07-28 10:38:00,35738.95000000014,35738.95000000014
2026-07-28 11:38:00,35738.95000000014,35738.95000000014
2026-07-28 12:38:00,35738.95000000014,35738.95000000014
2026-07-28 13:38:00,35738.95000000014,35738.95000000014
2026-07-28 14:38:00,35738.95000000014,35738.95000000014
2026-07-28 15:38:00,35738.95000000014,35738.95000000014
2026-07-28 16:38:00,35738.95000000014,35738.95000000014
2026-07-28 17:38:00,35738.95000000014,35738.95000000014
2026-07-28 18:38:00,35738.95000000014,35738.95000000014
2026-07-28 19:38:00,35738.95000000014,35738.95000000014
2026-07-28 20:38:00,35738.95000000014,35738.95000000014
2026-07-28 21:38:00,35738.95000000014,35738.95000000014
2026-07-28 22:38:00,35738.95000000014,35738.95000000014
2026-07-28 23:38:00,35738.95000000014,35738.95000000014
2026-07-29 01:39:00,35738.95000000014,35738.95000000014
2026-07-29 02:39:00,35738.95000000014,35738.95000000014
2026-07-29 03:39:00,35738.95000000014,35738.95000000014
2026-07-29 04:39:00,35738.95000000014,35738.95000000014
2026-07-29 05:39:00,35738.95000000014,35738.95000000014
2026-07-29 06:39:00,35738.95000000014,35738.95000000014
2026-07-29 07:39:00,35738.95000000014,35738.95000000014
2026-07-29 08:39:00,35738.95000000014,35738.95000000014
2026-07-29 09:39:00,35738.95000000014,35738.95000000014
2026-07-29 10:39:00,35738.95000000014,35738.95000000014
2026-07-29 11:39:00,35738.95000000014,35738.95000000014
2026-07-29 12:39:00,35738.95000000014,35738.95000000014
2026-07-29 13:39:00,35738.95000000014,35738.95000000014
2026-07-29 14:39:00,35738.95000000014,35738.95000000014
2026-07-29 15:39:00,35738.95000000014,35738.95000000014
2026-07-29 16:39:00,35738.95000000014,35738.95000000014
2026-07-29 17:39:00,35738.95000000014,35738.95000000014
2026-07-29 18:39:00,35738.95000000014,35738.95000000014
2026-07-29 19:39:00,35738.95000000014,35738.95000000014
2026-07-29 20:39:00,35738.95000000014,35738.95000000014
2026-07-29 21:39:00,35738.95000000014,35738.95000000014
2026-07-29 22:39:00,35738.95000000014,35738.95000000014
2026-07-29 23:39:00,35738.95000000014,35738.95000000014
2026-07-30 01:40:00,35738.95000000014,35738.95000000014
2026-07-30 02:40:00,35738.95000000014,35738.95000000014
2026-07-30 03:40:00,35738.95000000014,35738.95000000014
2026-07-30 04:40:00,35738.95000000014,35738.95000000014
2026-07-30 05:40:00,35738.95000000014,35738.95000000014
2026-07-30 06:40:00,35738.95000000014,35738.95000000014
2026-07-30 07:40:00,35738.95000000014,35738.95000000014
2026-07-30 08:40:00,35738.180000000146,35769.750000000146
2026-07-30 09:40:00,35738.180000000146,35772.06000000014
2026-07-30 10:40:00,35441.06000000016,35523.050000000156
2026-07-30 11:40:00,35496.84000000016,35722.38000000016
2026-07-30 12:40:00,35496.84000000016,35720.35000000016
2026-07-30 13:40:00,35580.52000000016,35820.17000000016
2026-07-30 14:40:00,35580.52000000016,35806.120000000155
2026-07-30 15:40:00,35580.52000000016,35787.42000000016
2026-07-30 16:40:00,35580.52000000016,35867.82000000016
2026-07-30 17:40:00,35929.120000000155,35929.120000000155
2026-07-30 18:40:00,35929.120000000155,35929.120000000155
2026-07-30 19:40:00,35929.120000000155,35929.120000000155
2026-07-30 20:40:00,35929.120000000155,35929.120000000155
2026-07-30 21:40:00,35929.120000000155,35929.120000000155
2026-07-30 22:40:00,35929.120000000155,35929.120000000155
2026-07-30 23:40:00,35929.120000000155,35929.120000000155
2026-07-31 01:41:00,35598.14000000016,35598.14000000016
2026-07-31 02:41:00,35598.14000000016,35598.14000000016
2026-07-31 03:41:00,35598.14000000016,35598.14000000016
2026-07-31 04:41:00,35598.14000000016,35598.14000000016
2026-07-31 05:41:00,35598.14000000016,35598.14000000016
2026-07-31 06:41:00,35598.14000000016,35598.14000000016
2026-07-31 07:41:00,35598.14000000016,35598.14000000016
2026-07-31 08:41:00,35598.14000000016,35598.14000000016
2026-07-31 09:41:00,35598.14000000016,35598.14000000016
2026-07-31 10:41:00,35598.14000000016,35598.14000000016
2026-07-31 11:41:00,35598.14000000016,35598.14000000016
2026-07-31 12:41:00,35598.14000000016,35598.14000000016
2026-07-31 13:41:00,35598.14000000016,35598.14000000016
2026-07-31 14:41:00,35598.14000000016,35598.14000000016
2026-07-31 15:41:00,35598.14000000016,35598.14000000016
2026-07-31 16:41:00,35598.14000000016,35598.14000000016
2026-07-31 17:41:00,35598.14000000016,35598.14000000016
2026-07-31 18:41:00,35598.14000000016,35598.14000000016
2026-07-31 19:41:00,35598.14000000016,35598.14000000016
2026-07-31 20:41:00,35598.14000000016,35598.14000000016
2026-07-31 21:41:00,35598.14000000016,35598.14000000016
2026-07-31 22:41:00,35598.14000000016,35598.14000000016
2026-07-31 23:41:00,35598.14000000016,35598.14000000016
2026-08-03 01:42:00,35598.14000000016,35598.14000000016
2026-08-03 02:42:00,35598.14000000016,35598.14000000016
2026-08-03 03:42:00,35598.14000000016,35598.14000000016
2026-08-03 04:42:00,35598.14000000016,35598.14000000016
2026-08-03 05:42:00,35598.14000000016,35598.14000000016
2026-08-03 06:42:00,35598.14000000016,35598.14000000016
2026-08-03 07:42:00,35598.14000000016,35598.14000000016
2026-08-03 08:42:00,35598.14000000016,35598.14000000016
2026-08-03 09:42:00,35598.14000000016,35598.14000000016
2026-08-03 10:42:00,35598.14000000016,35598.14000000016
2026-08-03 11:42:00,35598.14000000016,35598.14000000016
2026-08-03 12:42:00,35598.14000000016,35598.14000000016
2026-08-03 13:42:00,35598.14000000016,35598.14000000016
2026-08-03 14:42:00,35598.14000000016,35598.14000000016
2026-08-03 15:42:00,35598.14000000016,35598.14000000016
2026-08-03 16:42:00,35598.14000000016,35598.14000000016
2026-08-03 17:42:00,35598.14000000016,35598.14000000016
2026-08-03 18:42:00,35598.14000000016,35598.14000000016
2026-08-03 19:42:00,35598.14000000016,35598.14000000016
2026-08-03 20:42:00,35598.14000000016,35598.14000000016
2026-08-03 21:42:00,35598.14000000016,35598.14000000016
2026-08-03 22:42:00,35598.14000000016,35598.14000000016
2026-08-03 23:42:00,35598.14000000016,35598.14000000016
2026-08-04 01:43:00,35598.14000000016,35598.14000000016
2026-08-04 02:43:00,35598.14000000016,35598.14000000016
2026-08-04 03:43:00,35598.14000000016,35598.14000000016
2026-08-04 04:43:00,35598.14000000016,35598.14000000016
2026-08-04 05:43:00,35598.14000000016,35598.14000000016
2026-08-04 06:43:00,35598.14000000016,35598.14000000016
2026-08-04 07:43:00,35598.14000000016,35598.14000000016
2026-08-04 08:43:00,35598.14000000016,35598.14000000016
2026-08-04 09:43:00,35598.14000000016,35598.14000000016
2026-08-04 10:43:00,35598.14000000016,35598.14000000016
2026-08-04 11:43:00,35598.14000000016,35598.14000000016
2026-08-04 12:43:00,35598.14000000016,35598.14000000016
2026-08-04 13:43:00,35598.14000000016,35598.14000000016
2026-08-04 14:43:00,35598.14000000016,35598.14000000016
2026-08-04 15:43:00,35598.14000000016,35598.14000000016
2026-08-04 16:43:00,35598.14000000016,35598.14000000016
2026-08-04 17:43:00,35598.14000000016,35598.14000000016
2026-08-04 18:43:00,35598.14000000016,35598.14000000016
2026-08-04 19:43:00,35598.14000000016,35598.14000000016
2026-08-04 20:43:00,35598.14000000016,35598.14000000016
2026-08-04 21:43:00,35598.14000000016,35598.14000000016
2026-08-04 22:43:00,35598.14000000016,35598.14000000016
2026-08-04 23:43:00,35598.14000000016,35598.14000000016
2026-08-05 01:44:00,35598.14000000016,35598.14000000016
2026-08-05 02:44:00,35598.14000000016,35598.14000000016
2026-08-05 03:44:00,35598.14000000016,35598.14000000016
2026-08-05 04:44:00,35598.14000000016,35598.14000000016
2026-08-05 05:44:00,35598.14000000016,35598.14000000016
2026-08-05 06:44:00,35598.14000000016,35598.14000000016
2026-08-05 07:44:00,35598.14000000016,35598.14000000016
2026-08-05 08:44:00,35598.14000000016,35598.14000000016
2026-08-05 09:44:00,35598.14000000016,35598.14000000016
2026-08-05 10:44:00,35598.14000000016,35598.14000000016
2026-08-05 11:44:00,35598.14000000016,35598.14000000016
2026-08-05 12:44:00,35596.11000000016,35622.79000000016
2026-08-05 13:44:00,35596.11000000016,35536.660000000156
2026-08-05 14:44:00,35786.16000000015,36201.21000000015
2026-08-05 15:44:00,36039.49000000014,36339.57000000014
2026-08-05 16:44:00,36039.49000000014,36363.25000000014
2026-08-05 17:44:00,36618.53000000014,36618.53000000014
2026-08-05 18:44:00,36618.53000000014,36618.53000000014
2026-08-05 19:44:00,36760.98000000014,37380.72000000013
2026-08-05 20:44:00,36944.18000000014,37505.68000000014
2026-08-05 21:44:00,37016.18000000014,37786.68000000014
2026-08-05 22:44:00,37016.18000000014,37643.390000000145
2026-08-05 23:44:00,37016.18000000014,37465.83000000014
2026-08-06 01:45:00,37185.310000000114,37920.3700000001
2026-08-06 02:45:00,38471.45000000009,39254.000000000095
2026-08-06 03:45:00,38471.45000000009,39450.95000000009
2026-08-06 04:45:00,38759.45000000009,39437.49000000009
2026-08-06 05:45:00,38759.45000000009,39379.08000000009
2026-08-06 06:45:00,38759.45000000009,39147.860000000095
2026-08-06 07:45:00,38759.45000000009,39124.65000000009
2026-08-06 08:45:00,38759.45000000009,39195.820000000094
2026-08-06 09:45:00,38754.41000000009,39327.17000000009
2026-08-06 10:45:00,38821.91000000013,39125.84000000013
2026-08-06 11:45:00,38821.91000000013,39346.94000000012
2026-08-06 12:45:00,38821.91000000013,39360.80000000013
2026-08-06 13:45:00,38821.91000000013,39255.20000000013
2026-08-06 14:45:00,38821.91000000013,39168.85000000013
2026-08-06 15:45:00,38821.91000000013,39268.95000000013
2026-08-06 16:45:00,38477.990000000136,38949.230000000134
2026-08-06 17:45:00,38477.990000000136,39010.61000000014
2026-08-06 18:45:00,37816.00000000014,38085.28000000013
2026-08-06 19:45:00,37814.90000000013,37814.90000000013
2026-08-06 20:45:00,37814.90000000013,37814.90000000013
2026-08-06 21:45:00,37814.90000000013,37814.90000000013
2026-08-06 22:45:00,37814.90000000013,37814.90000000013
2026-08-06 23:45:00,37814.90000000013,37814.90000000013
2026-08-07 01:46:00,37814.90000000013,37814.90000000013
2026-08-07 02:46:00,37814.90000000013,37814.90000000013
2026-08-07 03:46:00,37814.90000000013,37814.90000000013
2026-08-07 04:46:00,37814.90000000013,37814.90000000013
2026-08-07 05:46:00,37814.90000000013,37814.90000000013
2026-08-07 06:46:00,37814.90000000013,37814.90000000013
2026-08-07 07:46:00,37814.90000000013,37814.90000000013
2026-08-07 08:46:00,37814.90000000013,37814.90000000013
2026-08-07 09:46:00,37814.90000000013,37814.90000000013
2026-08-07 10:46:00,37814.90000000013,37814.90000000013
2026-08-07 11:46:00,37814.90000000013,37814.90000000013
2026-08-07 12:46:00,37814.90000000013,37814.90000000013
2026-08-07 13:46:00,37814.90000000013,37814.90000000013
2026-08-07 14:46:00,37814.90000000013,37814.90000000013
2026-08-07 15:46:00,37814.90000000013,37814.90000000013
2026-08-07 16:46:00,37814.90000000013,37814.90000000013
2026-08-07 17:46:00,37814.90000000013,37814.90000000013
2026-08-07 18:46:00,37814.90000000013,37814.90000000013
2026-08-07 19:46:00,37814.90000000013,37814.90000000013
2026-08-07 20:46:00,37814.90000000013,37814.90000000013
2026-08-07 21:46:00,37814.90000000013,37814.90000000013
2026-08-07 22:46:00,37814.90000000013,37814.90000000013
2026-08-07 23:46:00,37814.90000000013,37814.90000000013
2026-08-10 01:47:00,37814.90000000013,37814.90000000013
2026-08-10 02:47:00,37814.90000000013,37814.90000000013
2026-08-10 03:47:00,37814.90000000013,37814.90000000013
2026-08-10 04:47:00,37808.60000000014,37122.48000000019
2026-08-10 05:47:00,37828.15000000014,37823.93000000014
2026-08-10 06:47:00,37869.91000000014,38088.64000000017
2026-08-10 07:47:00,38071.33000000015,38771.25000000013
2026-08-10 08:47:00,38476.45000000015,39406.39000000015
2026-08-10 09:47:00,38476.45000000015,39945.970000000176
2026-08-10 10:47:00,38754.690000000155,40079.45000000016
2026-08-10 11:47:00,38754.690000000155,39642.83000000016
2026-08-10 12:47:00,38754.690000000155,39486.650000000176
2026-08-10 13:47:00,38754.690000000155,39257.51000000015
2026-08-10 14:47:00,38754.690000000155,39183.030000000144
2026-08-10 15:47:00,38751.69000000017,38812.97000000017
2026-08-10 16:47:00,38751.69000000017,38794.73000000017
2026-08-10 17:47:00,38750.890000000174,38750.890000000174
2026-08-10 18:47:00,38750.890000000174,38750.890000000174
2026-08-10 19:47:00,38750.890000000174,38750.890000000174
2026-08-10 20:47:00,38750.890000000174,38750.890000000174
2026-08-10 21:47:00,38750.890000000174,38750.890000000174
2026-08-10 22:47:00,38750.890000000174,38750.890000000174
2026-08-10 23:47:00,38750.890000000174,38750.890000000174
2026-08-11 01:48:00,38750.890000000174,38750.890000000174
2026-08-11 02:48:00,38750.890000000174,38750.890000000174
2026-08-11 03:48:00,38750.890000000174,38750.890000000174
2026-08-11 04:48:00,38396.510000000184,38396.510000000184
2026-08-11 05:48:00,38396.510000000184,38396.510000000184
2026-08-11 06:48:00,38441.92000000019,38544.94000000019
2026-08-11 07:48:00,38440.22000000019,38440.22000000019
2026-08-11 08:48:00,38743.96000000014,38743.96000000014
2026-08-11 09:48:00,38743.96000000014,38743.96000000014
2026-08-11 10:48:00,38743.96000000014,38743.96000000014
2026-08-11 11:48:00,38743.96000000014,38743.96000000014
2026-08-11 12:48:00,38743.96000000014,38743.96000000014
2026-08-11 13:48:00,38743.96000000014,38743.96000000014
2026-08-11 14:48:00,38743.96000000014,38743.96000000014
2026-08-11 15:48:00,38743.96000000014,38743.96000000014
2026-08-11 16:48:00,38743.96000000014,38743.96000000014
2026-08-11 17:48:00,38743.96000000014,38743.96000000014
2026-08-11 18:48:00,38743.96000000014,38743.96000000014
2026-08-11 19:48:00,38743.96000000014,38743.96000000014
2026-08-11 20:48:00,38743.96000000014,38743.96000000014
2026-08-11 21:48:00,38743.96000000014,38743.96000000014
2026-08-11 22:48:00,38743.96000000014,38743.96000000014
2026-08-11 23:48:00,38743.96000000014,38743.96000000014
2026-08-12 01:49:00,38743.96000000014,38743.96000000014
2026-08-12 02:49:00,38743.96000000014,38743.96000000014
2026-08-12 03:49:00,38743.96000000014,38743.96000000014
2026-08-12 04:49:00,38743.96000000014,38743.96000000014
2026-08-12 05:49:00,38743.96000000014,38743.96000000014
2026-08-12 06:49:00,38743.96000000014,38743.96000000014
2026-08-12 07:49:00,38743.96000000014,38743.96000000014
2026-08-12 08:49:00,38885.19000000012,38885.19000000012
2026-08-12 09:49:00,38885.19000000012,38885.19000000012
2026-08-12 10:49:00,38885.19000000012,38885.19000000012
2026-08-12 11:49:00,38885.19000000012,38885.19000000012
2026-08-12 12:49:00,38885.19000000012,38885.19000000012
2026-08-12 13:49:00,38885.19000000012,38885.19000000012
2026-08-12 14:49:00,38885.19000000012,38885.19000000012
2026-08-12 15:49:00,39231.350000000144,39231.350000000144
2026-08-12 16:49:00,39231.350000000144,39231.350000000144
2026-08-12 17:49:00,39231.350000000144,39231.350000000144
2026-08-12 18:49:00,39231.350000000144,39231.350000000144
2026-08-12 19:49:00,39231.350000000144,39231.350000000144
2026-08-12 20:49:00,39231.350000000144,39231.350000000144
2026-08-12 21:49:00,39231.350000000144,39231.350000000144
2026-08-12 22:49:00,39231.350000000144,39231.350000000144
2026-08-12 23:49:00,39231.350000000144,39231.350000000144
2026-08-13 01:50:00,39231.350000000144,39231.350000000144
2026-08-13 02:50:00,39231.350000000144,39231.350000000144
2026-08-13 03:50:00,39231.350000000144,39231.350000000144
2026-08-13 04:50:00,39231.350000000144,39231.350000000144
2026-08-13 05:50:00,39231.350000000144,39231.350000000144
2026-08-13 06:50:00,39231.350000000144,39231.350000000144
2026-08-13 07:50:00,39231.350000000144,39231.350000000144
2026-08-13 08:50:00,39231.350000000144,39231.350000000144
2026-08-13 09:50:00,39231.350000000144,39231.350000000144
2026-08-13 10:50:00,39231.350000000144,39231.350000000144
2026-08-13 11:50:00,39231.350000000144,39231.350000000144
2026-08-13 12:50:00,39231.350000000144,39231.350000000144
2026-08-13 13:50:00,39231.350000000144,39231.350000000144
2026-08-13 14:50:00,39231.350000000144,39231.350000000144
2026-08-13 15:50:00,39432.97000000016,39432.97000000016
2026-08-13 16:50:00,39432.97000000016,39432.97000000016
2026-08-13 17:50:00,39432.97000000016,39432.97000000016
2026-08-13 18:50:00,39432.97000000016,39432.97000000016
2026-08-13 19:50:00,39432.97000000016,39432.97000000016
2026-08-13 20:50:00,39432.97000000016,39432.97000000016
2026-08-13 21:50:00,39432.97000000016,39432.97000000016
2026-08-13 22:50:00,39432.97000000016,39432.97000000016
2026-08-13 23:50:00,39432.97000000016,39432.97000000016
2026-08-14 01:51:00,39432.97000000016,39432.97000000016
2026-08-14 02:51:00,39432.97000000016,39432.97000000016
2026-08-14 03:51:00,39431.99000000016,39422.19000000015
2026-08-14 04:51:00,39151.85000000016,39151.85000000016
2026-08-14 05:51:00,39151.85000000016,39151.85000000016
2026-08-14 06:51:00,39151.85000000016,39151.85000000016
2026-08-14 07:51:00,39151.85000000016,39151.85000000016
2026-08-14 08:51:00,39151.85000000016,39151.85000000016
2026-08-14 09:51:00,39151.85000000016,39151.85000000016
2026-08-14 10:51:00,39151.85000000016,39151.85000000016
2026-08-14 11:51:00,39151.85000000016,39151.85000000016
2026-08-14 12:51:00,39151.85000000016,39151.85000000016
2026-08-14 13:51:00,39151.85000000016,39151.85000000016
2026-08-14 14:51:00,39151.85000000016,39151.85000000016
2026-08-14 15:51:00,39151.85000000016,39151.85000000016
2026-08-14 16:51:00,39149.75000000016,39216.35000000014
2026-08-14 17:51:00,39196.38000000017,39196.38000000017
2026-08-14 18:51:00,39196.38000000017,39196.38000000017
2026-08-14 19:51:00,39196.38000000017,39196.38000000017
2026-08-14 20:51:00,39196.38000000017,39196.38000000017
2026-08-14 21:51:00,39196.38000000017,39196.38000000017
2026-08-14 22:51:00,39196.38000000017,39196.38000000017
2026-08-14 23:51:00,39196.38000000017,39196.38000000017
2026-08-17 01:52:00,39196.38000000017,39196.38000000017
2026-08-17 02:52:00,39196.38000000017,39196.38000000017
2026-08-17 03:52:00,39196.38000000017,39196.38000000017
2026-08-17 04:52:00,39196.38000000017,39196.38000000017
2026-08-17 05:52:00,39196.38000000017,39196.38000000017
2026-08-17 06:52:00,39196.38000000017,39196.38000000017
2026-08-17 07:52:00,39196.38000000017,39196.38000000017
2026-08-17 08:52:00,39196.38000000017,39196.38000000017
2026-08-17 09:52:00,39196.38000000017,39196.38000000017
2026-08-17 10:52:00,39196.38000000017,39196.38000000017
2026-08-17 11:52:00,39196.38000000017,39196.38000000017
2026-08-17 12:52:00,39196.38000000017,39196.38000000017
2026-08-17 13:52:00,39196.38000000017,39196.38000000017
2026-08-17 14:52:00,39196.38000000017,39196.38000000017
2026-08-17 15:52:00,39485.66000000011,39427.34000000011
2026-08-17 16:52:00,39691.82000000011,40030.6200000001
2026-08-17 17:52:00,40015.2800000001,40311.650000000096
2026-08-17 18:52:00,40015.2800000001,40358.4500000001
2026-08-17 19:52:00,40015.2800000001,40347.2000000001
2026-08-17 20:52:00,40015.2800000001,40301.84000000009
2026-08-17 21:52:00,40015.2800000001,40203.830000000096
2026-08-17 22:52:00,40015.2800000001,40300.9400000001
2026-08-17 23:52:00,40015.2800000001,40280.150000000096
2026-08-18 01:53:00,40010.7800000001,40261.5200000001
2026-08-18 02:53:00,40010.7800000001,40345.85000000009
2026-08-18 03:53:00,40408.85000000009,40408.85000000009
2026-08-18 04:53:00,40408.85000000009,40408.85000000009
2026-08-18 05:53:00,40408.85000000009,40408.85000000009
2026-08-18 06:53:00,40408.85000000009,40408.85000000009
2026-08-18 07:53:00,40408.85000000009,40408.85000000009
2026-08-18 08:53:00,40408.85000000009,40408.85000000009
2026-08-18 09:53:00,40408.85000000009,40408.85000000009
2026-08-18 10:53:00,40408.85000000009,40408.85000000009
2026-08-18 11:53:00,40408.85000000009,40408.85000000009
2026-08-18 12:53:00,40408.85000000009,40408.85000000009
2026-08-18 13:53:00,40408.85000000009,40408.85000000009
2026-08-18 14:53:00,40408.85000000009,40408.85000000009
2026-08-18 15:53:00,40408.85000000009,40408.85000000009
2026-08-18 16:53:00,40408.85000000009,40408.85000000009
2026-08-18 17:53:00,40505.92000000012,40505.92000000012
2026-08-18 18:53:00,40505.92000000012,40505.92000000012
2026-08-18 19:53:00,40505.92000000012,40505.92000000012
2026-08-18 20:53:00,40505.92000000012,40505.92000000012
2026-08-18 21:53:00,40505.92000000012,40505.92000000012
2026-08-18 22:53:00,40505.92000000012,40505.92000000012
2026-08-18 23:53:00,40505.92000000012,40505.92000000012
2026-08-19 01:54:00,40505.92000000012,40505.92000000012
2026-08-19 02:54:00,40505.92000000012,40505.92000000012
2026-08-19 03:54:00,40505.92000000012,40505.92000000012
2026-08-19 04:54:00,40542.58000000011,40542.58000000011
2026-08-19 05:54:00,40542.58000000011,40542.58000000011
2026-08-19 06:54:00,40542.58000000011,40542.58000000011
2026-08-19 07:54:00,40542.58000000011,40542.58000000011
2026-08-19 08:54:00,40542.58000000011,40542.58000000011
2026-08-19 09:54:00,40542.58000000011,40542.58000000011
2026-08-19 10:54:00,40542.58000000011,40542.58000000011
2026-08-19 11:54:00,40542.58000000011,40542.58000000011
2026-08-19 12:54:00,40542.58000000011,40542.58000000011
2026-08-19 13:54:00,40542.58000000011,40542.58000000011
2026-08-19 14:54:00,40542.58000000011,40542.58000000011
2026-08-19 15:54:00,39675.6400000001,39675.6400000001
2026-08-19 16:54:00,39675.6400000001,39675.6400000001
2026-08-19 17:54:00,39675.6400000001,39675.6400000001
2026-08-19 18:54:00,39675.6400000001,39675.6400000001
2026-08-19 19:54:00,39675.6400000001,39675.6400000001
2026-08-19 20:54:00,39675.6400000001,39675.6400000001
2026-08-19 21:54:00,39675.6400000001,39675.6400000001
2026-08-19 22:54:00,39675.6400000001,39675.6400000001
2026-08-19 23:54:00,39675.6400000001,39675.6400000001
2026-08-20 01:55:00,39675.6400000001,39675.6400000001
2026-08-20 02:55:00,39706.84000000013,39706.84000000013
2026-08-20 03:55:00,39706.84000000013,39706.84000000013
2026-08-20 04:55:00,39733.83000000015,39606.00000000015
2026-08-20 05:55:00,39872.07000000014,40005.27000000013
2026-08-20 06:55:00,39872.07000000014,40247.07000000014
2026-08-20 07:55:00,39869.07000000013,39869.07000000013
2026-08-20 08:55:00,39869.07000000013,39869.07000000013
2026-08-20 09:55:00,39869.07000000013,39869.07000000013
2026-08-20 10:55:00,39869.07000000013,39869.07000000013
2026-08-20 11:55:00,39869.07000000013,39869.07000000013
2026-08-20 12:55:00,39869.07000000013,39869.07000000013
2026-08-20 13:55:00,39869.07000000013,39869.07000000013
2026-08-20 14:55:00,39869.07000000013,39869.07000000013
2026-08-20 15:55:00,39869.07000000013,39869.07000000013
2026-08-20 16:55:00,39869.07000000013,39869.07000000013
2026-08-20 17:55:00,39869.07000000013,39869.07000000013
2026-08-20 18:55:00,39869.07000000013,39869.07000000013
2026-08-20 19:55:00,39869.07000000013,39869.07000000013
2026-08-20 20:55:00,39869.07000000013,39869.07000000013
2026-08-20 21:55:00,39869.07000000013,39869.07000000013
2026-08-20 22:55:00,39869.07000000013,39869.07000000013
2026-08-20 23:55:00,39869.07000000013,39869.07000000013
2026-08-21 01:56:00,39869.07000000013,39869.07000000013
2026-08-21 02:56:00,39869.07000000013,39869.07000000013
2026-08-21 03:56:00,39869.07000000013,39869.07000000013
2026-08-21 04:56:00,39869.07000000013,39869.07000000013
2026-08-21 05:56:00,39869.07000000013,39869.07000000013
2026-08-21 06:56:00,39866.34000000013,39929.9100000001
2026-08-21 07:56:00,40013.22000000012,40224.270000000106
2026-08-21 08:56:00,40011.12000000011,40011.12000000011
2026-08-21 09:56:00,40011.12000000011,40011.12000000011
2026-08-21 10:56:00,40011.12000000011,40011.12000000011
2026-08-21 11:56:00,40011.12000000011,40011.12000000011
2026-08-21 12:56:00,40011.12000000011,40011.12000000011
2026-08-21 13:56:00,40011.12000000011,40011.12000000011
2026-08-21 14:56:00,40011.12000000011,40011.12000000011
2026-08-21 15:56:00,40069.26000000006,40069.26000000006
2026-08-21 16:56:00,40069.26000000006,40069.26000000006
2026-08-21 17:56:00,40069.26000000006,40069.26000000006
2026-08-21 18:56:00,40069.26000000006,40069.26000000006
2026-08-21 19:56:00,40069.26000000006,40069.26000000006
2026-08-21 20:56:00,40069.26000000006,40069.26000000006
2026-08-21 21:56:00,40069.26000000006,40069.26000000006
2026-08-21 22:56:00,40069.26000000006,40069.26000000006
2026-08-21 23:56:00,40069.26000000006,40069.26000000006
2026-08-24 01:57:00,40069.26000000006,40069.26000000006
2026-08-24 02:57:00,40069.26000000006,40069.26000000006
2026-08-24 03:57:00,40067.72000000006,39967.180000000066
2026-08-24 04:57:00,39718.800000000076,39718.800000000076
2026-08-24 05:57:00,39718.800000000076,39718.800000000076
2026-08-24 06:57:00,39718.800000000076,39718.800000000076
2026-08-24 07:57:00,39718.800000000076,39718.800000000076
2026-08-24 08:57:00,39718.800000000076,39718.800000000076
2026-08-24 09:57:00,39718.800000000076,39718.800000000076
2026-08-24 10:57:00,39718.800000000076,39718.800000000076
2026-08-24 11:57:00,39718.800000000076,39718.800000000076
2026-08-24 12:57:00,39718.800000000076,39718.800000000076
2026-08-24 13:57:00,39718.800000000076,39718.800000000076
2026-08-24 14:57:00,39718.800000000076,39718.800000000076
2026-08-24 15:57:00,39718.800000000076,39718.800000000076
2026-08-24 16:57:00,39718.800000000076,39718.800000000076
2026-08-24 17:57:00,39718.800000000076,39718.800000000076
2026-08-24 18:57:00,39718.800000000076,39718.800000000076
2026-08-24 19:57:00,39718.800000000076,39718.800000000076
2026-08-24 20:57:00,39718.800000000076,39718.800000000076
2026-08-24 21:57:00,39784.59000000008,39784.59000000008
2026-08-24 22:57:00,39784.59000000008,39784.59000000008
2026-08-24 23:57:00,39784.59000000008,39784.59000000008
2026-08-25 01:58:00,39784.59000000008,39784.59000000008
2026-08-25 02:58:00,39784.59000000008,39784.59000000008
2026-08-25 03:58:00,39784.59000000008,39784.59000000008
2026-08-25 04:58:00,39784.59000000008,39784.59000000008
2026-08-25 05:58:00,39784.59000000008,39784.59000000008
2026-08-25 06:58:00,39784.59000000008,39784.59000000008
2026-08-25 07:58:00,39784.59000000008,39784.59000000008
2026-08-25 08:58:00,39784.59000000008,39784.59000000008
2026-08-25 09:58:00,39784.59000000008,39784.59000000008
2026-08-25 10:58:00,39784.59000000008,39784.59000000008
2026-08-25 11:58:00,39784.59000000008,39784.59000000008
2026-08-25 12:58:00,39784.59000000008,39784.59000000008
2026-08-25 13:58:00,39784.59000000008,39784.59000000008
2026-08-25 14:58:00,39784.59000000008,39784.59000000008
2026-08-25 15:58:00,39784.59000000008,39784.59000000008
2026-08-25 16:58:00,39784.59000000008,39784.59000000008
2026-08-25 17:58:00,39784.59000000008,39784.59000000008
2026-08-25 18:58:00,39783.82000000008,39816.160000000076
2026-08-25 19:58:00,39783.82000000008,39922.420000000086
2026-08-25 20:58:00,39819.82000000008,39874.630000000085
2026-08-25 21:58:00,39818.920000000086,39818.920000000086
2026-08-25 22:58:00,39818.920000000086,39818.920000000086
2026-08-25 23:58:00,39818.920000000086,39818.920000000086
2026-08-26 01:59:00,39818.920000000086,39818.920000000086
2026-08-26 02:59:00,39818.920000000086,39818.920000000086
2026-08-26 03:59:00,39818.920000000086,39818.920000000086
2026-08-26 04:59:00,39818.920000000086,39818.920000000086
2026-08-26 05:59:00,39818.920000000086,39818.920000000086
2026-08-26 06:59:00,39818.920000000086,39818.920000000086
2026-08-26 07:59:00,39818.920000000086,39818.920000000086
2026-08-26 08:59:00,39818.920000000086,39818.920000000086
2026-08-26 09:59:00,39818.920000000086,39818.920000000086
2026-08-26 10:59:00,39818.920000000086,39818.920000000086
2026-08-26 11:59:00,39867.490000000085,39985.49000000007
2026-08-26 12:59:00,39864.99000000008,39864.99000000008
2026-08-26 13:59:00,39864.99000000008,39864.99000000008
2026-08-26 14:59:00,39864.99000000008,39864.99000000008
2026-08-26 15:59:00,39864.99000000008,39864.99000000008
2026-08-26 16:59:00,39864.99000000008,39864.99000000008
2026-08-26 17:59:00,39864.99000000008,39864.99000000008
2026-08-26 18:59:00,39864.99000000008,39864.99000000008
2026-08-26 19:59:00,39864.99000000008,39864.99000000008
2026-08-26 20:59:00,39864.99000000008,39864.99000000008
2026-08-26 21:59:00,39864.99000000008,39864.99000000008
2026-08-26 22:59:00,39864.99000000008,39864.99000000008
2026-08-27 01:00:00,39864.99000000008,39864.99000000008
2026-08-27 02:00:00,39864.43000000008,39871.07000000008
2026-08-27 03:00:00,39864.43000000008,39755.07000000008
2026-08-27 04:00:00,39864.43000000008,39907.79000000008
2026-08-27 05:00:00,39701.310000000085,39701.310000000085
2026-08-27 06:00:00,39701.310000000085,39701.310000000085
2026-08-27 07:00:00,39701.310000000085,39701.310000000085
2026-08-27 08:00:00,39701.310000000085,39701.310000000085
2026-08-27 09:00:00,39337.83000000009,39337.83000000009
2026-08-27 10:00:00,39337.83000000009,39337.83000000009
2026-08-27 11:00:00,39337.83000000009,39337.83000000009
2026-08-27 12:00:00,39337.83000000009,39337.83000000009
2026-08-27 13:00:00,39337.83000000009,39337.83000000009
2026-08-27 14:00:00,39337.83000000009,39337.83000000009
2026-08-27 15:00:00,39337.83000000009,39337.83000000009
2026-08-27 16:00:00,39337.83000000009,39337.83000000009
2026-08-27 17:00:00,39372.5300000001,39372.5300000001
2026-08-27 18:00:00,39372.5300000001,39372.5300000001
2026-08-27 19:00:00,39372.5300000001,39372.5300000001
2026-08-27 20:00:00,39372.5300000001,39372.5300000001
2026-08-27 21:00:00,39372.5300000001,39372.5300000001
2026-08-27 22:00:00,39372.5300000001,39372.5300000001
2026-08-27 23:00:00,39372.5300000001,39372.5300000001
2026-08-28 01:01:00,39372.5300000001,39372.5300000001
2026-08-28 02:01:00,39372.5300000001,39372.5300000001
2026-08-28 03:01:00,39370.7100000001,39372.27000000011
2026-08-28 04:01:00,39388.93000000011,39388.93000000011
2026-08-28 05:01:00,39388.93000000011,39388.93000000011
2026-08-28 06:01:00,39388.93000000011,39388.93000000011
2026-08-28 07:01:00,39388.93000000011,39388.93000000011
2026-08-28 08:01:00,39388.93000000011,39388.93000000011
2026-08-28 09:01:00,39388.93000000011,39388.93000000011
2026-08-28 10:01:00,39388.93000000011,39388.93000000011
2026-08-28 11:01:00,39388.93000000011,39388.93000000011
2026-08-28 12:01:00,39388.93000000011,39388.93000000011
2026-08-28 13:01:00,39388.93000000011,39388.93000000011
2026-08-28 14:01:00,39388.93000000011,39388.93000000011
2026-08-28 15:01:00,39473.78000000007,39473.78000000007
2026-08-28 16:01:00,39473.78000000007,39473.78000000007
2026-08-28 17:01:00,39473.78000000007,39473.78000000007
2026-08-28 18:01:00,39473.78000000007,39473.78000000007
2026-08-28 19:01:00,39473.78000000007,39473.78000000007
2026-08-28 20:01:00,39473.78000000007,39473.78000000007
2026-08-28 21:01:00,39473.78000000007,39473.78000000007
2026-08-28 22:01:00,39473.78000000007,39473.78000000007
2026-08-28 23:01:00,39473.78000000007,39473.78000000007
2026-08-31 01:02:00,39473.78000000007,39473.78000000007
2026-08-31 02:02:00,39473.78000000007,39473.78000000007
2026-08-31 03:02:00,39473.78000000007,39473.78000000007
2026-08-31 04:02:00,39473.78000000007,39473.78000000007
2026-08-31 05:02:00,39473.78000000007,39473.78000000007
2026-08-31 06:02:00,39470.77000000007,39711.77000000007
2026-08-31 07:02:00,39538.93000000007,39511.23000000007
2026-08-31 08:02:00,39608.02000000007,40163.920000000035
2026-08-31 09:02:00,40044.69000000006,40896.470000000045
2026-08-31 10:02:00,40044.69000000006,41066.57000000003
2026-08-31 11:02:00,40094.77000000006,41626.690000000075
2026-08-31 12:02:00,40221.32000000006,41122.20000000005
2026-08-31 13:02:00,40221.32000000006,41485.98000000003
2026-08-31 14:02:00,40221.32000000006,41942.350000000035
2026-08-31 15:02:00,40984.560000000056,42063.51000000005
2026-08-31 16:02:00,40984.560000000056,41480.91000000005
2026-08-31 17:02:00,40982.26000000005,41048.83000000005
2026-08-31 18:02:00,40982.26000000005,41108.54000000005
2026-08-31 19:02:00,40982.26000000005,41125.69000000005
2026-08-31 20:02:00,40982.26000000005,41136.68000000005
2026-08-31 21:02:00,40982.26000000005,41130.660000000054
2026-08-31 22:02:00,40982.26000000005,41123.240000000056
2026-08-31 23:02:00,40982.26000000005,41283.40000000005
2026-09-01 01:03:00,40978.76000000005,41263.59000000005
2026-09-01 02:03:00,40978.76000000005,41227.12000000005
2026-09-01 03:03:00,40978.76000000005,41261.490000000056
2026-09-01 04:03:00,40978.76000000005,41243.01000000005
2026-09-01 05:03:00,40978.76000000005,41214.38000000005
2026-09-01 06:03:00,40978.76000000005,41177.42000000006
2026-09-01 07:03:00,40978.76000000005,41155.300000000054
2026-09-01 08:03:00,40978.76000000005,41104.06000000005
2026-09-01 09:03:00,40978.76000000005,41154.67000000006
2026-09-01 10:03:00,40978.76000000005,41123.730000000054
2026-09-01 11:03:00,40978.76000000005,40990.10000000005
2026-09-01 12:03:00,40978.06000000005,40978.06000000005
2026-09-01 13:03:00,40978.06000000005,40978.06000000005
2026-09-01 14:03:00,40978.06000000005,40978.06000000005
2026-09-01 15:03:00,40978.06000000005,40978.06000000005
2026-09-01 16:03:00,40978.06000000005,40978.06000000005
2026-09-01 17:03:00,40978.06000000005,40978.06000000005
2026-09-01 18:03:00,40978.06000000005,40978.06000000005
2026-09-01 19:03:00,40978.06000000005,40978.06000000005
2026-09-01 20:03:00,40978.06000000005,40978.06000000005
2026-09-01 21:03:00,40978.06000000005,40978.06000000005
2026-09-01 22:03:00,40978.06000000005,40978.06000000005
2026-09-01 23:03:00,40978.06000000005,40978.06000000005
2026-09-02 01:04:00,40978.06000000005,40978.06000000005
2026-09-02 02:04:00,40978.06000000005,40978.06000000005
2026-09-02 03:04:00,40978.06000000005,40978.06000000005
2026-09-02 04:04:00,40978.06000000005,40978.06000000005
2026-09-02 05:04:00,40978.06000000005,40978.06000000005
2026-09-02 06:04:00,40978.06000000005,40978.06000000005
2026-09-02 07:04:00,40978.06000000005,40978.06000000005
2026-09-02 08:04:00,40978.06000000005,40978.06000000005
2026-09-02 09:04:00,40978.06000000005,40978.06000000005
2026-09-02 10:04:00,40978.06000000005,40978.06000000005
2026-09-02 11:04:00,40978.06000000005,40978.06000000005
2026-09-02 12:04:00,40978.06000000005,40978.06000000005
2026-09-02 13:04:00,40978.06000000005,40978.06000000005
2026-09-02 14:04:00,40978.06000000005,40978.06000000005
2026-09-02 15:04:00,40978.06000000005,40978.06000000005
2026-09-02 16:04:00,40978.06000000005,40978.06000000005
2026-09-02 17:04:00,40978.06000000005,40978.06000000005
2026-09-02 18:04:00,40603.21000000005,40603.21000000005
2026-09-02 19:04:00,40603.21000000005,40603.21000000005
2026-09-02 20:04:00,40603.21000000005,40603.21000000005
2026-09-02 21:04:00,40603.21000000005,40603.21000000005
2026-09-02 22:04:00,40603.21000000005,40603.21000000005
2026-09-02 23:04:00,40603.21000000005,40603.21000000005
2026-09-03 01:05:00,40603.21000000005,40603.21000000005
2026-09-03 02:05:00,40603.21000000005,40603.21000000005
2026-09-03 03:05:00,40603.21000000005,40603.21000000005
2026-09-03 04:05:00,40603.21000000005,40603.21000000005
2026-09-03 05:05:00,40603.21000000005,40603.21000000005
2026-09-03 06:05:00,40603.21000000005,40603.21000000005
2026-09-03 07:05:00,40603.21000000005,40603.21000000005
2026-09-03 08:05:00,40603.21000000005,40603.21000000005
2026-09-03 09:05:00,40603.21000000005,40603.21000000005
2026-09-03 10:05:00,40603.21000000005,40603.21000000005
2026-09-03 11:05:00,40603.21000000005,40603.21000000005
2026-09-03 12:05:00,40603.21000000005,40603.21000000005
2026-09-03 13:05:00,40603.21000000005,40603.21000000005
2026-09-03 14:05:00,40603.21000000005,40603.21000000005
2026-09-03 15:05:00,40603.21000000005,40603.21000000005
2026-09-03 16:05:00,40602.58000000005,40564.87000000005
2026-09-03 17:05:00,40646.660000000054,40788.90000000005
2026-09-03 18:05:00,40645.960000000065,40645.960000000065
2026-09-03 19:05:00,40718.02000000006,40969.30000000006
2026-09-03 20:05:00,40718.02000000006,40995.040000000066
2026-09-03 21:05:00,40718.02000000006,41052.640000000065
2026-09-03 22:05:00,40865.50000000006,41202.58000000006
2026-09-03 23:05:00,40865.50000000006,41237.62000000006
2026-09-04 01:06:00,40867.30000000006,41192.02000000006
2026-09-04 02:06:00,40867.30000000006,41239.06000000006
2026-09-04 03:06:00,40867.30000000006,41125.90000000007
2026-09-04 04:06:00,40867.30000000006,41184.94000000006
2026-09-04 05:06:00,40867.30000000006,41157.700000000055
2026-09-04 06:06:00,40867.30000000006,41228.86000000006
2026-09-04 07:06:00,40867.30000000006,41295.94000000006
2026-09-04 08:06:00,40867.30000000006,41284.540000000066
2026-09-04 09:06:00,40867.30000000006,41259.820000000065
2026-09-04 10:06:00,40867.30000000006,41322.58000000007
2026-09-04 11:06:00,40867.30000000006,41109.58000000007
2026-09-04 12:06:00,40867.30000000006,41220.34000000006
2026-09-04 13:06:00,40867.30000000006,41280.22000000006
2026-09-04 14:06:00,40867.30000000006,41265.460000000065
2026-09-04 15:06:00,40867.30000000006,41278.78000000006
2026-09-04 16:06:00,41228.73000000005,41228.73000000005
2026-09-04 17:06:00,41228.73000000005,41228.73000000005
2026-09-04 18:06:00,41228.73000000005,41228.73000000005
2026-09-04 19:06:00,41228.73000000005,41228.73000000005
2026-09-04 20:06:00,41228.73000000005,41228.73000000005
2026-09-04 21:06:00,41228.73000000005,41228.73000000005
2026-09-04 22:06:00,41228.73000000005,41228.73000000005
2026-09-04 23:06:00,41228.73000000005,41228.73000000005
2026-09-04 23:58:00,41228.73000000005,41228.73000000005
