time,balance,equity
2025-09-01 01:00:00,10000.0,10000.0
2025-09-01 02:00:00,10000.0,10000.0
2025-09-01 03:00:00,10000.0,10000.0
2025-09-01 04:00:00,10000.0,10000.0
2025-09-01 05:00:00,10000.0,10000.0
2025-09-01 06:00:00,10000.0,10000.0
2025-09-01 07:00:00,10000.0,10000.0
2025-09-01 08:00:00,10000.0,10000.0
2025-09-01 09:00:00,10000.0,10000.0
2025-09-01 10:00:00,10000.0,10000.0
2025-09-01 11:00:00,10000.0,10000.0
2025-09-01 12:00:00,10000.0,10000.0
2025-09-01 13:00:00,10000.0,10000.0
2025-09-01 14:00:00,10000.0,10000.0
2025-09-01 15:00:00,10000.0,10000.0
2025-09-01 16:00:00,10000.0,10000.0
2025-09-01 17:00:00,10000.0,10000.0
2025-09-01 18:00:00,10039.78,10090.930000000002
2025-09-01 19:00:00,10039.78,10114.359999999997
2025-09-01 20:00:00,10039.78,10077.73
2025-09-01 21:00:00,10039.78,10069.149999999996
2025-09-02 01:29:00,10041.43,10062.11
2025-09-02 02:29:00,10038.129999999997,10038.129999999997
2025-09-02 03:29:00,10038.129999999997,10038.129999999997
2025-09-02 04:29:00,10038.129999999997,10038.129999999997
2025-09-02 05:29:00,10038.129999999997,10038.129999999997
2025-09-02 06:29:00,10038.129999999997,10038.129999999997
2025-09-02 07:29:00,10038.129999999997,10038.129999999997
2025-09-02 08:29:00,10038.129999999997,10038.129999999997
2025-09-02 09:29:00,10038.129999999997,10038.129999999997
2025-09-02 10:29:00,10038.129999999997,10038.129999999997
2025-09-02 11:29:00,10038.129999999997,10038.129999999997
2025-09-02 12:29:00,10038.129999999997,10038.129999999997
2025-09-02 13:29:00,10038.129999999997,10038.129999999997
2025-09-02 14:29:00,10038.129999999997,10038.129999999997
2025-09-02 15:29:00,10038.129999999997,10038.129999999997
2025-09-02 16:29:00,10038.129999999997,10038.129999999997
2025-09-02 17:29:00,10038.129999999997,10038.129999999997
2025-09-02 18:29:00,10038.129999999997,10038.129999999997
2025-09-02 19:29:00,10038.129999999997,10038.129999999997
2025-09-02 20:29:00,10038.129999999997,10038.129999999997
2025-09-02 21:29:00,10038.129999999997,10038.129999999997
2025-09-02 22:29:00,10038.129999999997,10038.129999999997
2025-09-02 23:29:00,10038.129999999997,10038.129999999997
2025-09-03 01:30:00,10038.129999999997,10038.129999999997
2025-09-03 02:30:00,10036.869999999997,9975.48999999999
2025-09-03 03:30:00,10126.069999999994,10152.529999999993
2025-09-03 04:30:00,10126.069999999994,10174.849999999991
2025-09-03 05:30:00,10126.069999999994,10180.849999999991
2025-09-03 06:30:00,10124.269999999993,10124.269999999993
2025-09-03 07:30:00,10124.269999999993,10124.269999999993
2025-09-03 08:30:00,10124.269999999993,10124.269999999993
2025-09-03 09:30:00,10124.269999999993,10124.269999999993
2025-09-03 10:30:00,10124.269999999993,10124.269999999993
2025-09-03 11:30:00,10124.269999999993,10124.269999999993
2025-09-03 12:30:00,10124.269999999993,10124.269999999993
2025-09-03 13:30:00,10124.269999999993,10124.269999999993
2025-09-03 14:30:00,10124.269999999993,10124.269999999993
2025-09-03 15:30:00,10124.269999999993,10124.269999999993
2025-09-03 16:30:00,10124.269999999993,10124.269999999993
2025-09-03 17:30:00,10124.269999999993,10124.269999999993
2025-09-03 18:30:00,10124.269999999993,10124.269999999993
2025-09-03 19:30:00,10124.269999999993,10124.269999999993
2025-09-03 20:30:00,10124.269999999993,10124.269999999993
2025-09-03 21:30:00,10124.269999999993,10124.269999999993
2025-09-03 22:30:00,10124.269999999993,10124.269999999993
2025-09-03 23:30:00,10124.269999999993,10124.269999999993
2025-09-04 01:31:00,10124.269999999993,10124.269999999993
2025-09-04 02:31:00,10124.269999999993,10124.269999999993
2025-09-04 03:31:00,10124.269999999993,10124.269999999993
2025-09-04 04:31:00,10124.269999999993,10124.269999999993
2025-09-04 05:31:00,10124.269999999993,10124.269999999993
2025-09-04 06:31:00,10124.269999999993,10124.269999999993
2025-09-04 07:31:00,10124.269999999993,10124.269999999993
2025-09-04 08:31:00,10124.269999999993,10124.269999999993
2025-09-04 09:31:00,10124.269999999993,10124.269999999993
2025-09-04 10:31:00,10124.269999999993,10124.269999999993
2025-09-04 11:31:00,10124.269999999993,10124.269999999993
2025-09-04 12:31:00,10124.269999999993,10124.269999999993
2025-09-04 13:31:00,10124.269999999993,10124.269999999993
2025-09-04 14:31:00,10124.269999999993,10124.269999999993
2025-09-04 15:31:00,10124.269999999993,10124.269999999993
2025-09-04 16:31:00,10124.269999999993,10124.269999999993
2025-09-04 17:31:00,10124.269999999993,10124.269999999993
2025-09-04 18:31:00,10124.269999999993,10124.269999999993
2025-09-04 19:31:00,10124.269999999993,10124.269999999993
2025-09-04 20:31:00,10124.269999999993,10124.269999999993
2025-09-04 21:31:00,10124.269999999993,10124.269999999993
2025-09-04 22:31:00,10124.269999999993,10124.269999999993
2025-09-04 23:31:00,10124.269999999993,10124.269999999993
2025-09-05 01:32:00,10124.269999999993,10124.269999999993
2025-09-05 02:32:00,10124.269999999993,10124.269999999993
2025-09-05 03:32:00,10124.269999999993,10124.269999999993
2025-09-05 04:32:00,10124.269999999993,10124.269999999993
2025-09-05 05:32:00,10124.269999999993,10124.269999999993
2025-09-05 06:32:00,10124.269999999993,10124.269999999993
2025-09-05 07:32:00,10124.269999999993,10124.269999999993
2025-09-05 08:32:00,10124.269999999993,10124.269999999993
2025-09-05 09:32:00,10124.269999999993,10124.269999999993
2025-09-05 10:32:00,10124.269999999993,10124.269999999993
2025-09-05 11:32:00,10124.269999999993,10124.269999999993
2025-09-05 12:32:00,10124.269999999993,10124.269999999993
2025-09-05 13:32:00,10124.269999999993,10124.269999999993
2025-09-05 14:32:00,10124.269999999993,10124.269999999993
2025-09-05 15:32:00,10124.269999999993,10124.269999999993
2025-09-05 16:32:00,10124.269999999993,10124.269999999993
2025-09-05 17:32:00,10124.269999999993,10124.269999999993
2025-09-05 18:32:00,10124.269999999993,10124.269999999993
2025-09-05 19:32:00,10124.269999999993,10124.269999999993
2025-09-05 20:32:00,10124.269999999993,10124.269999999993
2025-09-05 21:32:00,10124.269999999993,10124.269999999993
2025-09-05 22:32:00,10124.269999999993,10124.269999999993
2025-09-05 23:32:00,10124.269999999993,10124.269999999993
2025-09-08 01:33:00,10124.269999999993,10124.269999999993
2025-09-08 02:33:00,10124.269999999993,10124.269999999993
2025-09-08 03:33:00,10124.269999999993,10124.269999999993
2025-09-08 04:33:00,10124.269999999993,10124.269999999993
2025-09-08 05:33:00,10124.269999999993,10124.269999999993
2025-09-08 06:33:00,10124.269999999993,10124.269999999993
2025-09-08 07:33:00,10124.269999999993,10124.269999999993
2025-09-08 08:33:00,10124.269999999993,10124.269999999993
2025-09-08 09:33:00,10124.269999999993,10124.269999999993
2025-09-08 10:33:00,10124.269999999993,10124.269999999993
2025-09-08 11:33:00,10124.269999999993,10124.269999999993
2025-09-08 12:33:00,10124.269999999993,10124.269999999993
2025-09-08 13:33:00,10124.269999999993,10124.269999999993
2025-09-08 14:33:00,10124.269999999993,10124.269999999993
2025-09-08 15:33:00,10124.269999999993,10124.269999999993
2025-09-08 16:33:00,10124.269999999993,10124.269999999993
2025-09-08 17:33:00,10124.269999999993,10124.269999999993
2025-09-08 18:33:00,10124.269999999993,10124.269999999993
2025-09-08 19:33:00,10124.269999999993,10124.269999999993
2025-09-08 20:33:00,10124.269999999993,10124.269999999993
2025-09-08 21:33:00,10124.269999999993,10124.269999999993
2025-09-08 22:33:00,10124.269999999993,10124.269999999993
2025-09-08 23:33:00,10124.269999999993,10124.269999999993
2025-09-09 01:34:00,10124.269999999993,10124.269999999993
2025-09-09 02:34:00,10124.269999999993,10124.269999999993
2025-09-09 03:34:00,10124.269999999993,10124.269999999993
2025-09-09 04:34:00,10124.269999999993,10124.269999999993
2025-09-09 05:34:00,10124.269999999993,10124.269999999993
2025-09-09 06:34:00,10124.269999999993,10124.269999999993
2025-09-09 07:34:00,10124.269999999993,10124.269999999993
2025-09-09 08:34:00,10124.269999999993,10124.269999999993
2025-09-09 09:34:00,10124.269999999993,10124.269999999993
2025-09-09 10:34:00,10124.269999999993,10124.269999999993
2025-09-09 11:34:00,10124.269999999993,10124.269999999993
2025-09-09 12:34:00,10124.269999999993,10124.269999999993
2025-09-09 13:34:00,10124.269999999993,10124.269999999993
2025-09-09 14:34:00,10124.269999999993,10124.269999999993
2025-09-09 15:34:00,10124.269999999993,10124.269999999993
2025-09-09 16:34:00,10124.269999999993,10124.269999999993
2025-09-09 17:34:00,10124.269999999993,10124.269999999993
2025-09-09 18:34:00,10124.269999999993,10124.269999999993
2025-09-09 19:34:00,10124.269999999993,10124.269999999993
2025-09-09 20:34:00,10124.269999999993,10124.269999999993
2025-09-09 21:34:00,10124.269999999993,10124.269999999993
2025-09-09 22:34:00,10124.269999999993,10124.269999999993
2025-09-09 23:34:00,10124.269999999993,10124.269999999993
2025-09-10 01:35:00,10124.269999999993,10124.269999999993
2025-09-10 02:35:00,10124.269999999993,10124.269999999993
2025-09-10 03:35:00,10124.269999999993,10124.269999999993
2025-09-10 04:35:00,10124.269999999993,10124.269999999993
2025-09-10 05:35:00,10124.269999999993,10124.269999999993
2025-09-10 06:35:00,10124.269999999993,10124.269999999993
2025-09-10 07:35:00,10124.269999999993,10124.269999999993
2025-09-10 08:35:00,10124.269999999993,10124.269999999993
2025-09-10 09:35:00,10124.269999999993,10124.269999999993
2025-09-10 10:35:00,10124.269999999993,10124.269999999993
2025-09-10 11:35:00,10124.269999999993,10124.269999999993
2025-09-10 12:35:00,10124.269999999993,10124.269999999993
2025-09-10 13:35:00,10124.269999999993,10124.269999999993
2025-09-10 14:35:00,10135.309999999994,10190.509999999993
2025-09-10 15:35:00,10159.489999999994,10221.769999999995
2025-09-10 16:35:00,10207.879999999994,10243.099999999993
2025-09-10 17:35:00,10207.879999999994,10220.899999999994
2025-09-10 18:35:00,10207.879999999994,10278.139999999994
2025-09-10 19:35:00,10207.879999999994,10308.439999999995
2025-09-10 20:35:00,10207.879999999994,10277.419999999995
2025-09-10 21:35:00,10207.879999999994,10265.659999999994
2025-09-10 22:35:00,10207.879999999994,10330.519999999993
2025-09-10 23:35:00,10207.879999999994,10313.179999999995
2025-09-11 01:36:00,10208.779999999993,10307.959999999995
2025-09-11 02:36:00,10208.779999999993,10295.359999999993
2025-09-11 03:36:00,10208.779999999993,10287.199999999992
2025-09-11 04:36:00,10208.779999999993,10290.739999999993
2025-09-11 05:36:00,10208.779999999993,10324.879999999994
2025-09-11 06:36:00,10208.779999999993,10358.839999999993
2025-09-11 07:36:00,10208.779999999993,10359.199999999992
2025-09-11 08:36:00,10208.779999999993,10362.739999999993
2025-09-11 09:36:00,10402.339999999995,10402.339999999995
2025-09-11 10:36:00,10402.339999999995,10402.339999999995
2025-09-11 11:36:00,10402.339999999995,10402.339999999995
2025-09-11 12:36:00,10402.339999999995,10402.339999999995
2025-09-11 13:36:00,10402.339999999995,10402.339999999995
2025-09-11 14:36:00,10402.339999999995,10402.339999999995
2025-09-11 15:36:00,10402.339999999995,10402.339999999995
2025-09-11 16:36:00,10402.339999999995,10402.339999999995
2025-09-11 17:36:00,10402.339999999995,10402.339999999995
2025-09-11 18:36:00,10402.339999999995,10402.339999999995
2025-09-11 19:36:00,10402.339999999995,10402.339999999995
2025-09-11 20:36:00,10402.339999999995,10402.339999999995
2025-09-11 21:36:00,10402.339999999995,10402.339999999995
2025-09-11 22:36:00,10402.339999999995,10402.339999999995
2025-09-11 23:36:00,10402.339999999995,10402.339999999995
2025-09-12 01:37:00,10402.339999999995,10402.339999999995
2025-09-12 02:37:00,10402.339999999995,10402.339999999995
2025-09-12 03:37:00,10402.339999999995,10402.339999999995
2025-09-12 04:37:00,10402.339999999995,10402.339999999995
2025-09-12 05:37:00,10402.339999999995,10402.339999999995
2025-09-12 06:37:00,10402.339999999995,10402.339999999995
2025-09-12 07:37:00,10402.339999999995,10402.339999999995
2025-09-12 08:37:00,10402.339999999995,10402.339999999995
2025-09-12 09:37:00,10402.339999999995,10402.339999999995
2025-09-12 10:37:00,10402.339999999995,10402.339999999995
2025-09-12 11:37:00,10402.339999999995,10402.339999999995
2025-09-12 12:37:00,10402.339999999995,10402.339999999995
2025-09-12 13:37:00,10402.339999999995,10402.339999999995
2025-09-12 14:37:00,10402.339999999995,10402.339999999995
2025-09-12 15:37:00,10402.339999999995,10402.339999999995
2025-09-12 16:37:00,10402.339999999995,10402.339999999995
2025-09-12 17:37:00,10402.339999999995,10402.339999999995
2025-09-12 18:37:00,10401.429999999995,10409.359999999997
2025-09-12 19:37:00,10401.429999999995,10412.609999999997
2025-09-12 20:37:00,10401.429999999995,10451.089999999997
2025-09-12 21:37:00,10401.429999999995,10431.069999999998
2025-09-12 22:37:00,10401.429999999995,10383.619999999995
2025-09-12 23:37:00,10401.429999999995,10349.949999999993
2025-09-15 01:38:00,10394.929999999995,10333.829999999998
2025-09-15 02:38:00,10291.319999999996,10291.319999999996
2025-09-15 03:38:00,10291.319999999996,10291.319999999996
2025-09-15 04:38:00,10291.319999999996,10291.319999999996
2025-09-15 05:38:00,10291.319999999996,10291.319999999996
2025-09-15 06:38:00,10291.319999999996,10291.319999999996
2025-09-15 07:38:00,10291.319999999996,10291.319999999996
2025-09-15 08:38:00,10291.319999999996,10291.319999999996
2025-09-15 09:38:00,10291.319999999996,10291.319999999996
2025-09-15 10:38:00,10290.409999999996,10308.48
2025-09-15 11:38:00,10304.059999999998,10327.46
2025-09-15 12:38:00,10301.06,10301.06
2025-09-15 13:38:00,10301.06,10301.06
2025-09-15 14:38:00,10301.06,10301.06
2025-09-15 15:38:00,10301.06,10301.06
2025-09-15 16:38:00,10301.06,10301.06
2025-09-15 17:38:00,10301.06,10301.06
2025-09-15 18:38:00,10301.06,10301.06
2025-09-15 19:38:00,10301.06,10301.06
2025-09-15 20:38:00,10301.06,10301.06
2025-09-15 21:38:00,10301.06,10301.06
2025-09-15 22:38:00,10301.06,10301.06
2025-09-15 23:38:00,10301.06,10301.06
2025-09-16 01:39:00,10362.939999999997,10485.419999999995
2025-09-16 02:39:00,10362.939999999997,10478.289999999995
2025-09-16 03:39:00,10448.269999999997,10587.419999999998
2025-09-16 04:39:00,10474.409999999996,10557.999999999993
2025-09-16 05:39:00,10477.519999999993,10558.30999999999
2025-09-16 06:39:00,10476.019999999993,10565.839999999993
2025-09-16 07:39:00,10476.019999999993,10544.959999999992
2025-09-16 08:39:00,10476.019999999993,10566.379999999994
2025-09-16 09:39:00,10476.019999999993,10609.849999999991
2025-09-16 10:39:00,10476.019999999993,10615.699999999993
2025-09-16 11:39:00,10476.019999999993,10663.849999999991
2025-09-16 12:39:00,10695.439999999995,10695.439999999995
2025-09-16 13:39:00,10695.439999999995,10695.439999999995
2025-09-16 14:39:00,10695.439999999995,10695.439999999995
2025-09-16 15:39:00,10695.439999999995,10695.439999999995
2025-09-16 16:39:00,10695.439999999995,10695.439999999995
2025-09-16 17:39:00,10695.439999999995,10695.439999999995
2025-09-16 18:39:00,10695.439999999995,10695.439999999995
2025-09-16 19:39:00,10695.439999999995,10695.439999999995
2025-09-16 20:39:00,10695.439999999995,10695.439999999995
2025-09-16 21:39:00,10695.439999999995,10695.439999999995
2025-09-16 22:39:00,10695.439999999995,10695.439999999995
2025-09-16 23:39:00,10695.439999999995,10695.439999999995
2025-09-17 01:40:00,10695.439999999995,10695.439999999995
2025-09-17 02:40:00,10695.439999999995,10695.439999999995
2025-09-17 03:40:00,10695.439999999995,10695.439999999995
2025-09-17 04:40:00,10695.439999999995,10695.439999999995
2025-09-17 05:40:00,10695.439999999995,10695.439999999995
2025-09-17 06:40:00,10701.069999999989,10701.069999999989
2025-09-17 07:40:00,10701.069999999989,10701.069999999989
2025-09-17 08:40:00,10701.069999999989,10701.069999999989
2025-09-17 09:40:00,10701.069999999989,10701.069999999989
2025-09-17 10:40:00,10701.069999999989,10701.069999999989
2025-09-17 11:40:00,10701.069999999989,10701.069999999989
2025-09-17 12:40:00,10701.069999999989,10701.069999999989
2025-09-17 13:40:00,10701.069999999989,10701.069999999989
2025-09-17 14:40:00,10701.069999999989,10701.069999999989
2025-09-17 15:40:00,10701.069999999989,10701.069999999989
2025-09-17 16:40:00,10701.069999999989,10701.069999999989
2025-09-17 17:40:00,10701.069999999989,10701.069999999989
2025-09-17 18:40:00,10701.069999999989,10701.069999999989
2025-09-17 19:40:00,10701.069999999989,10701.069999999989
2025-09-17 20:40:00,10701.069999999989,10701.069999999989
2025-09-17 21:40:00,10701.069999999989,10701.069999999989
2025-09-17 22:40:00,10701.069999999989,10701.069999999989
2025-09-17 23:40:00,10701.069999999989,10701.069999999989
2025-09-18 01:41:00,10701.069999999989,10701.069999999989
2025-09-18 02:41:00,10701.069999999989,10701.069999999989
2025-09-18 03:41:00,10701.069999999989,10701.069999999989
2025-09-18 04:41:00,10701.069999999989,10701.069999999989
2025-09-18 05:41:00,10701.069999999989,10701.069999999989
2025-09-18 06:41:00,10701.069999999989,10701.069999999989
2025-09-18 07:41:00,10701.069999999989,10701.069999999989
2025-09-18 08:41:00,10701.069999999989,10701.069999999989
2025-09-18 09:41:00,10701.069999999989,10701.069999999989
2025-09-18 10:41:00,10591.029999999992,10591.029999999992
2025-09-18 11:41:00,10591.029999999992,10591.029999999992
2025-09-18 12:41:00,10591.029999999992,10591.029999999992
2025-09-18 13:41:00,10591.029999999992,10591.029999999992
2025-09-18 14:41:00,10591.029999999992,10591.029999999992
2025-09-18 15:41:00,10591.029999999992,10591.029999999992
2025-09-18 16:41:00,10591.029999999992,10591.029999999992
2025-09-18 17:41:00,10591.029999999992,10591.029999999992
2025-09-18 18:41:00,10591.029999999992,10591.029999999992
2025-09-18 19:41:00,10591.029999999992,10591.029999999992
2025-09-18 20:41:00,10591.029999999992,10591.029999999992
2025-09-18 21:41:00,10591.029999999992,10591.029999999992
2025-09-18 22:41:00,10591.029999999992,10591.029999999992
2025-09-18 23:41:00,10591.029999999992,10591.029999999992
2025-09-19 01:42:00,10591.029999999992,10591.029999999992
2025-09-19 02:42:00,10591.029999999992,10591.029999999992
2025-09-19 03:42:00,10591.029999999992,10591.029999999992
2025-09-19 04:42:00,10591.029999999992,10591.029999999992
2025-09-19 05:42:00,10591.029999999992,10591.029999999992
2025-09-19 06:42:00,10591.029999999992,10591.029999999992
2025-09-19 07:42:00,10591.029999999992,10591.029999999992
2025-09-19 08:42:00,10591.029999999992,10591.029999999992
2025-09-19 09:42:00,10591.029999999992,10591.029999999992
2025-09-19 10:42:00,10591.029999999992,10591.029999999992
2025-09-19 11:42:00,10591.029999999992,10591.029999999992
2025-09-19 12:42:00,10591.029999999992,10591.029999999992
2025-09-19 13:42:00,10591.029999999992,10591.029999999992
2025-09-19 14:42:00,10591.029999999992,10591.029999999992
2025-09-19 15:42:00,10591.029999999992,10591.029999999992
2025-09-19 16:42:00,10591.029999999992,10591.029999999992
2025-09-19 17:42:00,10591.029999999992,10591.029999999992
2025-09-19 18:42:00,10591.029999999992,10591.029999999992
2025-09-19 19:42:00,10591.029999999992,10591.029999999992
2025-09-19 20:42:00,10591.029999999992,10591.029999999992
2025-09-19 21:42:00,10591.029999999992,10591.029999999992
2025-09-19 22:42:00,10591.029999999992,10591.029999999992
2025-09-19 23:42:00,10591.029999999992,10591.029999999992
2025-09-22 01:43:00,10591.029999999992,10591.029999999992
2025-09-22 02:43:00,10591.029999999992,10591.029999999992
2025-09-22 03:43:00,10591.029999999992,10591.029999999992
2025-09-22 04:43:00,10591.029999999992,10591.029999999992
2025-09-22 05:43:00,10591.029999999992,10591.029999999992
2025-09-22 06:43:00,10591.029999999992,10591.029999999992
2025-09-22 07:43:00,10591.029999999992,10591.029999999992
2025-09-22 08:43:00,10591.029999999992,10591.029999999992
2025-09-22 09:43:00,10591.029999999992,10591.029999999992
2025-09-22 10:43:00,10591.029999999992,10591.029999999992
2025-09-22 11:43:00,10591.029999999992,10591.029999999992
2025-09-22 12:43:00,10591.029999999992,10591.029999999992
2025-09-22 13:43:00,10591.029999999992,10591.029999999992
2025-09-22 14:43:00,10591.029999999992,10591.029999999992
2025-09-22 15:43:00,10591.029999999992,10591.029999999992
2025-09-22 16:43:00,10591.029999999992,10591.029999999992
2025-09-22 17:43:00,10591.029999999992,10591.029999999992
2025-09-22 18:43:00,10591.029999999992,10591.029999999992
2025-09-22 19:43:00,10591.029999999992,10591.029999999992
2025-09-22 20:43:00,10591.029999999992,10591.029999999992
2025-09-22 21:43:00,10591.029999999992,10591.029999999992
2025-09-22 22:43:00,10622.78999999999,10713.909999999969
2025-09-22 23:43:00,10699.129999999985,10850.469999999983
2025-09-23 01:44:00,10553.309999999981,10553.309999999981
2025-09-23 02:44:00,10553.309999999981,10553.309999999981
2025-09-23 03:44:00,10553.309999999981,10553.309999999981
2025-09-23 04:44:00,10553.309999999981,10553.309999999981
2025-09-23 05:44:00,10553.309999999981,10553.309999999981
2025-09-23 06:44:00,10553.309999999981,10553.309999999981
2025-09-23 07:44:00,10553.309999999981,10553.309999999981
2025-09-23 08:44:00,10553.309999999981,10553.309999999981
2025-09-23 09:44:00,10553.309999999981,10553.309999999981
2025-09-23 10:44:00,10553.309999999981,10553.309999999981
2025-09-23 11:44:00,10553.309999999981,10553.309999999981
2025-09-23 12:44:00,10553.309999999981,10553.309999999981
2025-09-23 13:44:00,10553.309999999981,10553.309999999981
2025-09-23 14:44:00,10553.309999999981,10553.309999999981
2025-09-23 15:44:00,10553.309999999981,10553.309999999981
2025-09-23 16:44:00,10553.309999999981,10553.309999999981
2025-09-23 17:44:00,10553.309999999981,10553.309999999981
2025-09-23 18:44:00,10553.309999999981,10553.309999999981
2025-09-23 19:44:00,10573.11999999998,10693.47999999998
2025-09-23 20:44:00,10701.069999999982,10780.589999999982
2025-09-23 21:44:00,10701.069999999982,10797.179999999982
2025-09-23 22:44:00,10590.769999999979,10590.769999999979
2025-09-23 23:44:00,10590.769999999979,10590.769999999979
2025-09-24 01:45:00,10590.769999999979,10590.769999999979
2025-09-24 02:45:00,10590.769999999979,10590.769999999979
2025-09-24 03:45:00,10590.769999999979,10590.769999999979
2025-09-24 04:45:00,10590.769999999979,10590.769999999979
2025-09-24 05:45:00,10590.769999999979,10590.769999999979
2025-09-24 06:45:00,10590.769999999979,10590.769999999979
2025-09-24 07:45:00,10590.769999999979,10590.769999999979
2025-09-24 08:45:00,10590.769999999979,10590.769999999979
2025-09-24 09:45:00,10590.769999999979,10590.769999999979
2025-09-24 10:45:00,10590.769999999979,10590.769999999979
2025-09-24 11:45:00,10590.769999999979,10590.769999999979
2025-09-24 12:45:00,10590.769999999979,10590.769999999979
2025-09-24 13:45:00,10590.769999999979,10590.769999999979
2025-09-24 14:45:00,10590.769999999979,10590.769999999979
2025-09-24 15:45:00,10590.769999999979,10590.769999999979
2025-09-24 16:45:00,10590.769999999979,10590.769999999979
2025-09-24 17:45:00,10590.769999999979,10590.769999999979
2025-09-24 18:45:00,10590.769999999979,10590.769999999979
2025-09-24 19:45:00,10590.769999999979,10590.769999999979
2025-09-24 20:45:00,10590.769999999979,10590.769999999979
2025-09-24 21:45:00,10590.769999999979,10590.769999999979
2025-09-24 22:45:00,10590.769999999979,10590.769999999979
2025-09-24 23:45:00,10590.769999999979,10590.769999999979
2025-09-25 01:46:00,10590.769999999979,10590.769999999979
2025-09-25 02:46:00,10590.769999999979,10590.769999999979
2025-09-25 03:46:00,10590.769999999979,10590.769999999979
2025-09-25 04:46:00,10590.769999999979,10590.769999999979
2025-09-25 05:46:00,10590.769999999979,10590.769999999979
2025-09-25 06:46:00,10590.769999999979,10590.769999999979
2025-09-25 07:46:00,10590.769999999979,10590.769999999979
2025-09-25 08:46:00,10590.769999999979,10590.769999999979
2025-09-25 09:46:00,10590.769999999979,10590.769999999979
2025-09-25 10:46:00,10590.769999999979,10590.769999999979
2025-09-25 11:46:00,10590.769999999979,10590.769999999979
2025-09-25 12:46:00,10590.769999999979,10590.769999999979
2025-09-25 13:46:00,10590.769999999979,10590.769999999979
2025-09-25 14:46:00,10590.769999999979,10590.769999999979
2025-09-25 15:46:00,10590.769999999979,10590.769999999979
2025-09-25 16:46:00,10590.769999999979,10590.769999999979
2025-09-25 17:46:00,10628.939999999977,10684.539999999975
2025-09-25 18:46:00,10626.539999999974,10626.539999999974
2025-09-25 19:46:00,10626.539999999974,10626.539999999974
2025-09-25 20:46:00,10626.539999999974,10626.539999999974
2025-09-25 21:46:00,10518.809999999976,10518.809999999976
2025-09-25 22:46:00,10518.809999999976,10518.809999999976
2025-09-25 23:46:00,10518.809999999976,10518.809999999976
2025-09-26 01:47:00,10518.809999999976,10518.809999999976
2025-09-26 02:47:00,10518.809999999976,10518.809999999976
2025-09-26 03:47:00,10518.809999999976,10518.809999999976
2025-09-26 04:47:00,10518.809999999976,10518.809999999976
2025-09-26 05:47:00,10518.809999999976,10518.809999999976
2025-09-26 06:47:00,10518.809999999976,10518.809999999976
2025-09-26 07:47:00,10518.809999999976,10518.809999999976
2025-09-26 08:47:00,10531.089999999975,10576.289999999979
2025-09-26 09:47:00,10555.089999999978,10555.089999999978
2025-09-26 10:47:00,10555.089999999978,10555.089999999978
2025-09-26 11:47:00,10555.089999999978,10555.089999999978
2025-09-26 12:47:00,10555.089999999978,10555.089999999978
2025-09-26 13:47:00,10555.089999999978,10555.089999999978
2025-09-26 14:47:00,10555.089999999978,10555.089999999978
2025-09-26 15:47:00,10555.089999999978,10555.089999999978
2025-09-26 16:47:00,10555.089999999978,10555.089999999978
2025-09-26 17:47:00,10555.089999999978,10555.089999999978
2025-09-26 18:47:00,10555.089999999978,10555.089999999978
2025-09-26 19:47:00,10555.089999999978,10555.089999999978
2025-09-26 20:47:00,10555.089999999978,10555.089999999978
2025-09-26 21:47:00,10555.089999999978,10555.089999999978
2025-09-26 22:47:00,10555.089999999978,10555.089999999978
2025-09-26 23:47:00,10555.089999999978,10555.089999999978
2025-09-29 01:48:00,10555.089999999978,10555.089999999978
2025-09-29 02:48:00,10555.089999999978,10555.089999999978
2025-09-29 03:48:00,10555.089999999978,10555.089999999978
2025-09-29 04:48:00,10555.089999999978,10555.089999999978
2025-09-29 05:48:00,10555.089999999978,10555.089999999978
2025-09-29 06:48:00,10555.089999999978,10555.089999999978
2025-09-29 07:48:00,10555.089999999978,10555.089999999978
2025-09-29 08:48:00,10555.089999999978,10555.089999999978
2025-09-29 09:48:00,10555.089999999978,10555.089999999978
2025-09-29 10:48:00,10555.089999999978,10555.089999999978
2025-09-29 11:48:00,10555.089999999978,10555.089999999978
2025-09-29 12:48:00,10555.089999999978,10555.089999999978
2025-09-29 13:48:00,10555.089999999978,10555.089999999978
2025-09-29 14:48:00,10555.089999999978,10555.089999999978
2025-09-29 15:48:00,10555.089999999978,10555.089999999978
2025-09-29 16:48:00,10555.089999999978,10555.089999999978
2025-09-29 17:48:00,10555.089999999978,10555.089999999978
2025-09-29 18:48:00,10555.089999999978,10555.089999999978
2025-09-29 19:48:00,10555.089999999978,10555.089999999978
2025-09-29 20:48:00,10555.089999999978,10555.089999999978
2025-09-29 21:48:00,10555.089999999978,10555.089999999978
2025-09-29 22:48:00,10555.089999999978,10555.089999999978
2025-09-29 23:48:00,10555.089999999978,10555.089999999978
2025-09-30 01:49:00,10555.089999999978,10555.089999999978
2025-09-30 02:49:00,10555.089999999978,10555.089999999978
2025-09-30 03:49:00,10555.089999999978,10555.089999999978
2025-09-30 04:49:00,10555.089999999978,10555.089999999978
2025-09-30 05:49:00,10555.089999999978,10555.089999999978
2025-09-30 06:49:00,10555.089999999978,10555.089999999978
2025-09-30 07:49:00,10555.089999999978,10555.089999999978
2025-09-30 08:49:00,10555.089999999978,10555.089999999978
2025-09-30 09:49:00,10555.089999999978,10555.089999999978
2025-09-30 10:49:00,10555.089999999978,10555.089999999978
2025-09-30 11:49:00,10555.089999999978,10555.089999999978
2025-09-30 12:49:00,10555.089999999978,10555.089999999978
2025-09-30 13:49:00,10555.089999999978,10555.089999999978
2025-09-30 14:49:00,10555.089999999978,10555.089999999978
2025-09-30 15:49:00,10555.089999999978,10555.089999999978
2025-09-30 16:49:00,10554.87999999998,10538.049999999981
2025-09-30 17:49:00,10507.359999999979,10507.359999999979
2025-09-30 18:49:00,10517.259999999977,10525.659999999976
2025-09-30 19:49:00,10523.029999999977,10562.389999999976
2025-09-30 20:49:00,10523.029999999977,10543.389999999976
2025-09-30 21:49:00,10523.029999999977,10562.389999999976
2025-09-30 22:49:00,10534.559999999976,10586.579999999974
2025-09-30 23:49:00,10534.559999999976,10596.179999999975
2025-10-01 01:50:00,10553.119999999975,10599.079999999976
2025-10-01 02:50:00,10553.119999999975,10602.159999999974
2025-10-01 03:50:00,10553.119999999975,10604.699999999975
2025-10-01 04:50:00,10553.119999999975,10614.399999999976
2025-10-01 05:50:00,10553.119999999975,10610.499999999975
2025-10-01 06:50:00,10553.119999999975,10602.779999999975
2025-10-01 07:50:00,10553.119999999975,10600.599999999975
2025-10-01 08:50:00,10553.119999999975,10604.499999999976
2025-10-01 09:50:00,10553.119999999975,10603.279999999975
2025-10-01 10:50:00,10553.119999999975,10626.779999999975
2025-10-01 11:50:00,10645.379999999976,10645.379999999976
2025-10-01 12:50:00,10645.379999999976,10645.379999999976
2025-10-01 13:50:00,10645.379999999976,10645.379999999976
2025-10-01 14:50:00,10645.379999999976,10645.379999999976
2025-10-01 15:50:00,10645.379999999976,10645.379999999976
2025-10-01 16:50:00,10645.379999999976,10645.379999999976
2025-10-01 17:50:00,10645.379999999976,10645.379999999976
2025-10-01 18:50:00,10645.379999999976,10645.379999999976
2025-10-01 19:50:00,10645.379999999976,10645.379999999976
2025-10-01 20:50:00,10645.379999999976,10645.379999999976
2025-10-01 21:50:00,10645.379999999976,10645.379999999976
2025-10-01 22:50:00,10645.379999999976,10645.379999999976
2025-10-01 23:50:00,10645.379999999976,10645.379999999976
2025-10-02 01:51:00,10645.379999999976,10645.379999999976
2025-10-02 02:51:00,10645.379999999976,10645.379999999976
2025-10-02 03:51:00,10645.379999999976,10645.379999999976
2025-10-02 04:51:00,10645.379999999976,10645.379999999976
2025-10-02 05:51:00,10645.379999999976,10645.379999999976
2025-10-02 06:51:00,10645.379999999976,10645.379999999976
2025-10-02 07:51:00,10645.379999999976,10645.379999999976
2025-10-02 08:51:00,10645.379999999976,10645.379999999976
2025-10-02 09:51:00,10645.379999999976,10645.379999999976
2025-10-02 10:51:00,10645.379999999976,10645.379999999976
2025-10-02 11:51:00,10645.379999999976,10645.379999999976
2025-10-02 12:51:00,10645.379999999976,10645.379999999976
2025-10-02 13:51:00,10664.05999999999,10664.05999999999
2025-10-02 14:51:00,10664.05999999999,10664.05999999999
2025-10-02 15:51:00,10664.05999999999,10664.05999999999
2025-10-02 16:51:00,10664.05999999999,10664.05999999999
2025-10-02 17:51:00,10664.05999999999,10664.05999999999
2025-10-02 18:51:00,10664.05999999999,10664.05999999999
2025-10-02 19:51:00,10664.05999999999,10664.05999999999
2025-10-02 20:51:00,10664.05999999999,10664.05999999999
2025-10-02 21:51:00,10664.05999999999,10664.05999999999
2025-10-02 22:51:00,10664.05999999999,10664.05999999999
2025-10-02 23:51:00,10664.05999999999,10664.05999999999
2025-10-03 01:52:00,10664.05999999999,10664.05999999999
2025-10-03 02:52:00,10664.05999999999,10664.05999999999
2025-10-03 03:52:00,10664.05999999999,10664.05999999999
2025-10-03 04:52:00,10664.05999999999,10664.05999999999
2025-10-03 05:52:00,10664.05999999999,10664.05999999999
2025-10-03 06:52:00,10664.05999999999,10664.05999999999
2025-10-03 07:52:00,10664.05999999999,10664.05999999999
2025-10-03 08:52:00,10664.05999999999,10664.05999999999
2025-10-03 09:52:00,10664.05999999999,10664.05999999999
2025-10-03 10:52:00,10663.77999999999,10665.01999999999
2025-10-03 11:52:00,10663.77999999999,10673.85999999999
2025-10-03 12:52:00,10663.77999999999,10672.45999999999
2025-10-03 13:52:00,10663.77999999999,10651.25999999999
2025-10-03 14:52:00,10663.77999999999,10666.37999999999
2025-10-03 15:52:00,10663.77999999999,10639.57999999999
2025-10-03 16:52:00,10573.899999999992,10573.899999999992
2025-10-03 17:52:00,10573.899999999992,10573.899999999992
2025-10-03 18:52:00,10573.899999999992,10573.899999999992
2025-10-03 19:52:00,10573.899999999992,10573.899999999992
2025-10-03 20:52:00,10573.899999999992,10573.899999999992
2025-10-03 21:52:00,10573.899999999992,10573.899999999992
2025-10-03 22:52:00,10573.899999999992,10573.899999999992
2025-10-03 23:52:00,10573.899999999992,10573.899999999992
2025-10-06 01:53:00,10573.899999999992,10573.899999999992
2025-10-06 02:53:00,10573.899999999992,10573.899999999992
2025-10-06 03:53:00,10573.899999999992,10573.899999999992
2025-10-06 04:53:00,10573.899999999992,10573.899999999992
2025-10-06 05:53:00,10573.899999999992,10573.899999999992
2025-10-06 06:53:00,10573.899999999992,10573.899999999992
2025-10-06 07:53:00,10573.899999999992,10573.899999999992
2025-10-06 08:53:00,10573.899999999992,10573.899999999992
2025-10-06 09:53:00,10573.899999999992,10573.899999999992
2025-10-06 10:53:00,10573.899999999992,10573.899999999992
2025-10-06 11:53:00,10573.899999999992,10573.899999999992
2025-10-06 12:53:00,10573.899999999992,10573.899999999992
2025-10-06 13:53:00,10573.899999999992,10573.899999999992
2025-10-06 14:53:00,10573.899999999992,10573.899999999992
2025-10-06 15:53:00,10573.899999999992,10573.899999999992
2025-10-06 16:53:00,10573.899999999992,10573.899999999992
2025-10-06 17:53:00,10573.899999999992,10573.899999999992
2025-10-06 18:53:00,10573.899999999992,10573.899999999992
2025-10-06 19:53:00,10573.899999999992,10573.899999999992
2025-10-06 20:53:00,10573.899999999992,10573.899999999992
2025-10-06 21:53:00,10573.899999999992,10573.899999999992
2025-10-06 22:53:00,10573.899999999992,10573.899999999992
2025-10-06 23:53:00,10573.899999999992,10573.899999999992
2025-10-07 01:54:00,10573.899999999992,10573.899999999992
2025-10-07 02:54:00,10573.899999999992,10573.899999999992
2025-10-07 03:54:00,10573.899999999992,10573.899999999992
2025-10-07 04:54:00,10573.899999999992,10573.899999999992
2025-10-07 05:54:00,10573.899999999992,10573.899999999992
2025-10-07 06:54:00,10573.899999999992,10573.899999999992
2025-10-07 07:54:00,10573.899999999992,10573.899999999992
2025-10-07 08:54:00,10573.899999999992,10573.899999999992
2025-10-07 09:54:00,10573.899999999992,10573.899999999992
2025-10-07 10:54:00,10573.899999999992,10573.899999999992
2025-10-07 11:54:00,10573.899999999992,10573.899999999992
2025-10-07 12:54:00,10573.899999999992,10573.899999999992
2025-10-07 13:54:00,10573.899999999992,10573.899999999992
2025-10-07 14:54:00,10573.899999999992,10573.899999999992
2025-10-07 15:54:00,10573.899999999992,10573.899999999992
2025-10-07 16:54:00,10573.899999999992,10573.899999999992
2025-10-07 17:54:00,10573.899999999992,10573.899999999992
2025-10-07 18:54:00,10573.899999999992,10573.899999999992
2025-10-07 19:54:00,10573.899999999992,10573.899999999992
2025-10-07 20:54:00,10573.899999999992,10573.899999999992
2025-10-07 21:54:00,10573.899999999992,10573.899999999992
2025-10-07 22:54:00,10573.899999999992,10573.899999999992
2025-10-07 23:54:00,10573.899999999992,10573.899999999992
2025-10-08 01:55:00,10573.899999999992,10573.899999999992
2025-10-08 02:55:00,10573.899999999992,10573.899999999992
2025-10-08 03:55:00,10573.899999999992,10573.899999999992
2025-10-08 04:55:00,10573.899999999992,10573.899999999992
2025-10-08 05:55:00,10573.899999999992,10573.899999999992
2025-10-08 06:55:00,10573.899999999992,10573.899999999992
2025-10-08 07:55:00,10573.899999999992,10573.899999999992
2025-10-08 08:55:00,10573.899999999992,10573.899999999992
2025-10-08 09:55:00,10573.899999999992,10573.899999999992
2025-10-08 10:55:00,10573.899999999992,10573.899999999992
2025-10-08 11:55:00,10573.899999999992,10573.899999999992
2025-10-08 12:55:00,10573.899999999992,10573.899999999992
2025-10-08 13:55:00,10573.899999999992,10573.899999999992
2025-10-08 14:55:00,10573.899999999992,10573.899999999992
2025-10-08 15:55:00,10573.899999999992,10573.899999999992
2025-10-08 16:55:00,10573.899999999992,10573.899999999992
2025-10-08 17:55:00,10573.899999999992,10573.899999999992
2025-10-08 18:55:00,10573.899999999992,10573.899999999992
2025-10-08 19:55:00,10573.899999999992,10573.899999999992
2025-10-08 20:55:00,10462.809999999987,10462.809999999987
2025-10-08 21:55:00,10462.809999999987,10462.809999999987
2025-10-08 22:55:00,10462.809999999987,10462.809999999987
2025-10-08 23:55:00,10462.809999999987,10462.809999999987
2025-10-09 01:56:00,10462.809999999987,10462.809999999987
2025-10-09 02:56:00,10462.809999999987,10462.809999999987
2025-10-09 03:56:00,10462.809999999987,10462.809999999987
2025-10-09 04:56:00,10528.209999999985,10557.569999999982
2025-10-09 05:56:00,10525.809999999983,10525.809999999983
2025-10-09 06:56:00,10525.809999999983,10525.809999999983
2025-10-09 07:56:00,10525.809999999983,10525.809999999983
2025-10-09 08:56:00,10525.809999999983,10525.809999999983
2025-10-09 09:56:00,10525.809999999983,10525.809999999983
2025-10-09 10:56:00,10525.809999999983,10525.809999999983
2025-10-09 11:56:00,10525.809999999983,10525.809999999983
2025-10-09 12:56:00,10525.809999999983,10525.809999999983
2025-10-09 13:56:00,10525.809999999983,10525.809999999983
2025-10-09 14:56:00,10525.809999999983,10525.809999999983
2025-10-09 15:56:00,10524.479999999983,10493.889999999989
2025-10-09 16:56:00,10418.26999999999,10418.26999999999
2025-10-09 17:56:00,10418.26999999999,10418.26999999999
2025-10-09 18:56:00,10418.26999999999,10418.26999999999
2025-10-09 19:56:00,10418.26999999999,10418.26999999999
2025-10-09 20:56:00,10418.26999999999,10418.26999999999
2025-10-09 21:56:00,10418.26999999999,10418.26999999999
2025-10-09 22:56:00,10418.19999999999,10416.53999999999
2025-10-09 23:56:00,10418.19999999999,10416.59999999999
2025-10-10 01:57:00,10430.459999999992,10476.279999999995
2025-10-10 02:57:00,10455.23999999999,10540.62999999999
2025-10-10 03:57:00,10506.21999999999,10531.619999999994
2025-10-10 04:57:00,10535.119999999992,10619.279999999992
2025-10-10 05:57:00,10534.219999999994,10606.539999999995
2025-10-10 06:57:00,10553.189999999995,10631.849999999995
2025-10-10 07:57:00,10672.409999999996,10681.309999999996
2025-10-10 08:57:00,10672.409999999996,10673.999999999996
2025-10-10 09:57:00,10672.409999999996,10677.769999999997
2025-10-10 10:57:00,10672.409999999996,10670.429999999997
2025-10-10 11:57:00,10672.409999999996,10653.779999999995
2025-10-10 12:57:00,10672.409999999996,10649.489999999996
2025-10-10 13:57:00,10672.409999999996,10651.559999999996
2025-10-10 14:57:00,10713.679999999997,10731.639999999996
2025-10-10 15:57:00,10711.579999999994,10700.189999999995
2025-10-10 16:57:00,10711.579999999994,10708.939999999995
2025-10-10 17:57:00,10720.469999999992,10709.359999999993
2025-10-10 18:57:00,10684.639999999992,10684.639999999992
2025-10-10 19:57:00,10684.639999999992,10684.639999999992
2025-10-10 20:57:00,10684.639999999992,10684.639999999992
2025-10-10 21:57:00,10684.639999999992,10684.639999999992
2025-10-10 22:57:00,10684.639999999992,10684.639999999992
2025-10-10 23:57:00,10684.639999999992,10684.639999999992
2025-10-13 01:58:00,10684.499999999993,10660.479999999992
2025-10-13 02:58:00,10644.939999999991,10644.939999999991
2025-10-13 03:58:00,10644.939999999991,10644.939999999991
2025-10-13 04:58:00,10644.939999999991,10644.939999999991
2025-10-13 05:58:00,10644.939999999991,10644.939999999991
2025-10-13 06:58:00,10644.939999999991,10644.939999999991
2025-10-13 07:58:00,10644.939999999991,10644.939999999991
2025-10-13 08:58:00,10644.939999999991,10644.939999999991
2025-10-13 09:58:00,10644.939999999991,10644.939999999991
2025-10-13 10:58:00,10644.939999999991,10644.939999999991
2025-10-13 11:58:00,10644.939999999991,10644.939999999991
2025-10-13 12:58:00,10644.939999999991,10644.939999999991
2025-10-13 13:58:00,10644.939999999991,10644.939999999991
2025-10-13 14:58:00,10644.939999999991,10644.939999999991
2025-10-13 15:58:00,10644.939999999991,10644.939999999991
2025-10-13 16:58:00,10644.939999999991,10644.939999999991
2025-10-13 17:58:00,10644.939999999991,10644.939999999991
2025-10-13 18:58:00,10644.939999999991,10644.939999999991
2025-10-13 19:58:00,10644.939999999991,10644.939999999991
2025-10-13 20:58:00,10644.939999999991,10644.939999999991
2025-10-13 21:58:00,10644.939999999991,10644.939999999991
2025-10-13 22:58:00,10644.939999999991,10644.939999999991
2025-10-13 23:58:00,10644.939999999991,10644.939999999991
2025-10-14 01:59:00,10644.939999999991,10644.939999999991
2025-10-14 02:59:00,10644.939999999991,10644.939999999991
2025-10-14 03:59:00,10644.939999999991,10644.939999999991
2025-10-14 04:59:00,10533.78999999999,10533.78999999999
2025-10-14 05:59:00,10533.78999999999,10533.78999999999
2025-10-14 06:59:00,10533.78999999999,10533.78999999999
2025-10-14 07:59:00,10533.78999999999,10533.78999999999
2025-10-14 08:59:00,10533.78999999999,10533.78999999999
2025-10-14 09:59:00,10533.78999999999,10533.78999999999
2025-10-14 10:59:00,10533.78999999999,10533.78999999999
2025-10-14 11:59:00,10533.57999999999,10512.439999999991
2025-10-14 12:59:00,10533.57999999999,10562.689999999991
2025-10-14 13:59:00,10533.57999999999,10549.669999999991
2025-10-14 14:59:00,10533.57999999999,10553.26999999999
2025-10-14 15:59:00,10533.57999999999,10625.08999999999
2025-10-14 16:59:00,10567.099999999991,10682.33999999999
2025-10-14 17:59:00,10683.43999999999,10706.849999999988
2025-10-14 18:59:00,10683.43999999999,10680.569999999989
2025-10-14 19:59:00,10683.43999999999,10673.669999999991
2025-10-14 20:59:00,10683.43999999999,10650.02999999999
2025-10-14 21:59:00,10683.43999999999,10649.909999999989
2025-10-14 22:59:00,10683.43999999999,10670.189999999991
2025-10-15 01:00:00,10684.78999999999,10664.48999999999
2025-10-15 02:00:00,10684.43999999999,10631.879999999994
2025-10-15 03:00:00,10684.43999999999,10617.07999999999
2025-10-15 04:00:00,10684.43999999999,10556.03999999999
2025-10-15 05:00:00,10465.479999999992,10465.479999999992
2025-10-15 06:00:00,10464.849999999993,10499.859999999988
2025-10-15 07:00:00,10504.329999999993,10567.52999999999
2025-10-15 08:00:00,10502.82999999999,10502.82999999999
2025-10-15 09:00:00,10502.82999999999,10502.82999999999
2025-10-15 10:00:00,10502.82999999999,10502.82999999999
2025-10-15 11:00:00,10502.82999999999,10502.82999999999
2025-10-15 12:00:00,10502.82999999999,10502.82999999999
2025-10-15 13:00:00,10502.82999999999,10502.82999999999
2025-10-15 14:00:00,10502.82999999999,10502.82999999999
2025-10-15 15:00:00,10502.82999999999,10502.82999999999
2025-10-15 16:00:00,10502.82999999999,10502.82999999999
2025-10-15 17:00:00,10502.82999999999,10502.82999999999
2025-10-15 18:00:00,10502.82999999999,10502.82999999999
2025-10-15 19:00:00,10601.959999999992,10661.839999999995
2025-10-15 20:00:00,10601.959999999992,10694.059999999994
2025-10-15 21:00:00,10601.959999999992,10708.519999999993
2025-10-15 22:00:00,10739.899999999996,10739.899999999996
2025-10-15 23:00:00,10739.899999999996,10739.899999999996
2025-10-16 01:01:00,10739.899999999996,10739.899999999996
2025-10-16 02:01:00,10739.899999999996,10739.899999999996
2025-10-16 03:01:00,10739.899999999996,10739.899999999996
2025-10-16 04:01:00,10739.899999999996,10739.899999999996
2025-10-16 05:01:00,10739.899999999996,10739.899999999996
2025-10-16 06:01:00,10739.899999999996,10739.899999999996
2025-10-16 07:01:00,10739.899999999996,10739.899999999996
2025-10-16 08:01:00,10739.899999999996,10739.899999999996
2025-10-16 09:01:00,10739.899999999996,10739.899999999996
2025-10-16 10:01:00,10739.899999999996,10739.899999999996
2025-10-16 11:01:00,10739.899999999996,10739.899999999996
2025-10-16 12:01:00,10739.899999999996,10739.899999999996
2025-10-16 13:01:00,10739.899999999996,10739.899999999996
2025-10-16 14:01:00,10739.899999999996,10739.899999999996
2025-10-16 15:01:00,10739.899999999996,10739.899999999996
2025-10-16 16:01:00,10762.219999999994,10894.699999999993
2025-10-16 17:01:00,10902.739999999994,10993.259999999995
2025-10-16 18:01:00,10917.439999999991,11098.409999999994
2025-10-16 19:01:00,10948.51999999999,11231.959999999986
2025-10-16 20:01:00,11261.919999999978,11347.779999999977
2025-10-16 21:01:00,11386.179999999978,11386.179999999978
2025-10-16 22:01:00,11386.179999999978,11386.179999999978
2025-10-16 23:01:00,11386.179999999978,11386.179999999978
2025-10-17 01:02:00,11386.179999999978,11386.179999999978
2025-10-17 02:02:00,11386.179999999978,11386.179999999978
2025-10-17 03:02:00,11386.179999999978,11386.179999999978
2025-10-17 04:02:00,11386.179999999978,11386.179999999978
2025-10-17 05:02:00,11386.179999999978,11386.179999999978
2025-10-17 06:02:00,11386.179999999978,11386.179999999978
2025-10-17 07:02:00,11386.179999999978,11386.179999999978
2025-10-17 08:02:00,11386.179999999978,11386.179999999978
2025-10-17 09:02:00,11386.179999999978,11386.179999999978
2025-10-17 10:02:00,11386.179999999978,11386.179999999978
2025-10-17 11:02:00,11386.179999999978,11386.179999999978
2025-10-17 12:02:00,11386.179999999978,11386.179999999978
2025-10-17 13:02:00,11386.179999999978,11386.179999999978
2025-10-17 14:02:00,11386.179999999978,11386.179999999978
2025-10-17 15:02:00,11386.179999999978,11386.179999999978
2025-10-17 16:02:00,11386.179999999978,11386.179999999978
2025-10-17 17:02:00,11386.179999999978,11386.179999999978
2025-10-17 18:02:00,11386.179999999978,11386.179999999978
2025-10-17 19:02:00,11386.179999999978,11386.179999999978
2025-10-17 20:02:00,11386.179999999978,11386.179999999978
2025-10-17 21:02:00,11386.179999999978,11386.179999999978
2025-10-17 22:02:00,11386.179999999978,11386.179999999978
2025-10-17 23:02:00,11386.179999999978,11386.179999999978
2025-10-20 01:03:00,11386.179999999978,11386.179999999978
2025-10-20 02:03:00,11386.179999999978,11386.179999999978
2025-10-20 03:03:00,11386.179999999978,11386.179999999978
2025-10-20 04:03:00,11386.179999999978,11386.179999999978
2025-10-20 05:03:00,11386.179999999978,11386.179999999978
2025-10-20 06:03:00,11386.179999999978,11386.179999999978
2025-10-20 07:03:00,11386.179999999978,11386.179999999978
2025-10-20 08:03:00,11386.179999999978,11386.179999999978
2025-10-20 09:03:00,11386.179999999978,11386.179999999978
2025-10-20 10:03:00,11386.179999999978,11386.179999999978
2025-10-20 11:03:00,11386.179999999978,11386.179999999978
2025-10-20 12:03:00,11386.179999999978,11386.179999999978
2025-10-20 13:03:00,11386.179999999978,11386.179999999978
2025-10-20 14:03:00,11464.199999999975,11567.849999999973
2025-10-20 15:03:00,11570.579999999973,11874.679999999971
2025-10-20 16:03:00,12005.929999999968,12005.929999999968
2025-10-20 17:03:00,12005.929999999968,12005.929999999968
2025-10-20 18:03:00,12005.929999999968,12005.929999999968
2025-10-20 19:03:00,12005.929999999968,12005.929999999968
2025-10-20 20:03:00,12005.929999999968,12005.929999999968
2025-10-20 21:03:00,12005.929999999968,12005.929999999968
2025-10-20 22:03:00,12005.929999999968,12005.929999999968
2025-10-20 23:03:00,12005.929999999968,12005.929999999968
2025-10-21 01:04:00,11880.119999999957,11879.319999999958
2025-10-21 02:04:00,11885.949999999959,11885.949999999959
2025-10-21 03:04:00,11885.949999999959,11885.949999999959
2025-10-21 04:04:00,11885.949999999959,11885.949999999959
2025-10-21 05:04:00,11885.949999999959,11885.949999999959
2025-10-21 06:04:00,11885.949999999959,11885.949999999959
2025-10-21 07:04:00,11885.949999999959,11885.949999999959
2025-10-21 08:04:00,11885.949999999959,11885.949999999959
2025-10-21 09:04:00,11885.949999999959,11885.949999999959
2025-10-21 10:04:00,11885.949999999959,11885.949999999959
2025-10-21 11:04:00,11784.999999999962,11784.999999999962
2025-10-21 12:04:00,11784.999999999962,11784.999999999962
2025-10-21 13:04:00,11784.999999999962,11784.999999999962
2025-10-21 14:04:00,11784.999999999962,11784.999999999962
2025-10-21 15:04:00,11784.999999999962,11784.999999999962
2025-10-21 16:04:00,11784.999999999962,11784.999999999962
2025-10-21 17:04:00,11784.999999999962,11784.999999999962
2025-10-21 18:04:00,11784.999999999962,11784.999999999962
2025-10-21 19:04:00,11784.999999999962,11784.999999999962
2025-10-21 20:04:00,11784.999999999962,11784.999999999962
2025-10-21 21:04:00,11784.999999999962,11784.999999999962
2025-10-21 22:04:00,11784.999999999962,11784.999999999962
2025-10-21 23:04:00,11784.999999999962,11784.999999999962
2025-10-22 01:05:00,11784.999999999962,11784.999999999962
2025-10-22 02:05:00,11784.999999999962,11784.999999999962
2025-10-22 03:05:00,11784.999999999962,11784.999999999962
2025-10-22 04:05:00,11784.999999999962,11784.999999999962
2025-10-22 05:05:00,11784.999999999962,11784.999999999962
2025-10-22 06:05:00,11784.999999999962,11784.999999999962
2025-10-22 07:05:00,11784.999999999962,11784.999999999962
2025-10-22 08:05:00,11784.999999999962,11784.999999999962
2025-10-22 09:05:00,11784.999999999962,11784.999999999962
2025-10-22 10:05:00,11784.999999999962,11784.999999999962
2025-10-22 11:05:00,11784.999999999962,11784.999999999962
2025-10-22 12:05:00,11784.999999999962,11784.999999999962
2025-10-22 13:05:00,11784.999999999962,11784.999999999962
2025-10-22 14:05:00,11784.999999999962,11784.999999999962
2025-10-22 15:05:00,11784.999999999962,11784.999999999962
2025-10-22 16:05:00,11784.999999999962,11784.999999999962
2025-10-22 17:05:00,11735.439999999964,11735.439999999964
2025-10-22 18:05:00,11735.439999999964,11735.439999999964
2025-10-22 19:05:00,11735.439999999964,11735.439999999964
2025-10-22 20:05:00,11735.439999999964,11735.439999999964
2025-10-22 21:05:00,11735.439999999964,11735.439999999964
2025-10-22 22:05:00,11735.439999999964,11735.439999999964
2025-10-22 23:05:00,11735.439999999964,11735.439999999964
2025-10-23 01:06:00,11735.439999999964,11735.439999999964
2025-10-23 02:06:00,11735.439999999964,11735.439999999964
2025-10-23 03:06:00,11735.439999999964,11735.439999999964
2025-10-23 04:06:00,11735.439999999964,11735.439999999964
2025-10-23 05:06:00,11683.249999999962,11683.249999999962
2025-10-23 06:06:00,11683.249999999962,11683.249999999962
2025-10-23 07:06:00,11683.249999999962,11683.249999999962
2025-10-23 08:06:00,11683.249999999962,11683.249999999962
2025-10-23 09:06:00,11682.899999999961,11656.349999999959
2025-10-23 10:06:00,11623.90999999996,11657.569999999958
2025-10-23 11:06:00,11649.289999999959,11671.159999999958
2025-10-23 12:06:00,11649.289999999959,11668.629999999957
2025-10-23 13:06:00,11649.289999999959,11662.789999999959
2025-10-23 14:06:00,11671.069999999963,11688.809999999961
2025-10-23 15:06:00,11671.069999999963,11692.059999999961
2025-10-23 16:06:00,11670.769999999964,11670.769999999964
2025-10-23 17:06:00,11670.769999999964,11670.769999999964
2025-10-23 18:06:00,11670.769999999964,11670.769999999964
2025-10-23 19:06:00,11670.769999999964,11670.769999999964
2025-10-23 20:06:00,11670.769999999964,11670.769999999964
2025-10-23 21:06:00,11670.769999999964,11670.769999999964
2025-10-23 22:06:00,11670.769999999964,11670.769999999964
2025-10-23 23:06:00,11670.769999999964,11670.769999999964
2025-10-24 01:07:00,11670.769999999964,11670.769999999964
2025-10-24 02:07:00,11670.769999999964,11670.769999999964
2025-10-24 03:07:00,11670.769999999964,11670.769999999964
2025-10-24 04:07:00,11670.769999999964,11670.769999999964
2025-10-24 05:07:00,11670.769999999964,11670.769999999964
2025-10-24 06:07:00,11670.769999999964,11670.769999999964
2025-10-24 07:07:00,11670.769999999964,11670.769999999964
2025-10-24 08:07:00,11670.769999999964,11670.769999999964
2025-10-24 09:07:00,11670.769999999964,11670.769999999964
2025-10-24 10:07:00,11670.769999999964,11670.769999999964
2025-10-24 11:07:00,11670.769999999964,11670.769999999964
2025-10-24 12:07:00,11670.769999999964,11670.769999999964
2025-10-24 13:07:00,11670.769999999964,11670.769999999964
2025-10-24 14:07:00,11670.769999999964,11670.769999999964
2025-10-24 15:07:00,11670.769999999964,11670.769999999964
2025-10-24 16:07:00,11670.769999999964,11670.769999999964
2025-10-24 17:07:00,11687.689999999964,11735.389999999963
2025-10-24 18:07:00,11722.649999999963,11779.089999999962
2025-10-24 19:07:00,11722.649999999963,11832.009999999964
2025-10-24 20:07:00,11722.649999999963,11817.049999999965
2025-10-24 21:07:00,11721.449999999963,11721.449999999963
2025-10-24 22:07:00,11721.449999999963,11721.449999999963
2025-10-24 23:07:00,11721.449999999963,11721.449999999963
2025-10-27 00:08:00,11721.449999999963,11721.449999999963
2025-10-27 01:08:00,11600.249999999962,11600.249999999962
2025-10-27 02:08:00,11600.249999999962,11600.249999999962
2025-10-27 03:08:00,11600.249999999962,11600.249999999962
2025-10-27 04:08:00,11600.249999999962,11600.249999999962
2025-10-27 05:08:00,11600.249999999962,11600.249999999962
2025-10-27 06:08:00,11600.249999999962,11600.249999999962
2025-10-27 07:08:00,11600.249999999962,11600.249999999962
2025-10-27 08:08:00,11600.249999999962,11600.249999999962
2025-10-27 09:08:00,11600.249999999962,11600.249999999962
2025-10-27 10:08:00,11600.249999999962,11600.249999999962
2025-10-27 11:08:00,11600.249999999962,11600.249999999962
2025-10-27 12:08:00,11600.249999999962,11600.249999999962
2025-10-27 13:08:00,11600.249999999962,11600.249999999962
2025-10-27 14:08:00,11600.249999999962,11600.249999999962
2025-10-27 15:08:00,11600.249999999962,11600.249999999962
2025-10-27 16:08:00,11600.249999999962,11600.249999999962
2025-10-27 17:08:00,11600.249999999962,11600.249999999962
2025-10-27 18:08:00,11600.249999999962,11600.249999999962
2025-10-27 19:08:00,11600.249999999962,11600.249999999962
2025-10-27 20:08:00,11600.249999999962,11600.249999999962
2025-10-27 21:08:00,11600.249999999962,11600.249999999962
2025-10-27 22:08:00,11600.249999999962,11600.249999999962
2025-10-28 00:09:00,11600.249999999962,11600.249999999962
2025-10-28 01:09:00,11600.249999999962,11600.249999999962
2025-10-28 02:09:00,11600.249999999962,11600.249999999962
2025-10-28 03:09:00,11600.249999999962,11600.249999999962
2025-10-28 04:09:00,11600.249999999962,11600.249999999962
2025-10-28 05:09:00,11600.249999999962,11600.249999999962
2025-10-28 06:09:00,11600.249999999962,11600.249999999962
2025-10-28 07:09:00,11600.249999999962,11600.249999999962
2025-10-28 08:09:00,11600.249999999962,11600.249999999962
2025-10-28 09:09:00,11600.249999999962,11600.249999999962
2025-10-28 10:09:00,11600.249999999962,11600.249999999962
2025-10-28 11:09:00,11600.249999999962,11600.249999999962
2025-10-28 12:09:00,11600.249999999962,11600.249999999962
2025-10-28 13:09:00,11600.249999999962,11600.249999999962
2025-10-28 14:09:00,11600.249999999962,11600.249999999962
2025-10-28 15:09:00,11600.249999999962,11600.249999999962
2025-10-28 16:09:00,11600.249999999962,11600.249999999962
2025-10-28 17:09:00,11600.249999999962,11600.249999999962
2025-10-28 18:09:00,11600.249999999962,11600.249999999962
2025-10-28 19:09:00,11600.249999999962,11600.249999999962
2025-10-28 20:09:00,11600.249999999962,11600.249999999962
2025-10-28 21:09:00,11600.249999999962,11600.249999999962
2025-10-28 22:09:00,11600.249999999962,11600.249999999962
2025-10-29 00:10:00,11636.319999999962,11810.319999999962
2025-10-29 01:10:00,11695.379999999963,11799.279999999964
2025-10-29 02:10:00,11695.379999999963,11869.229999999963
2025-10-29 03:10:00,11943.779999999964,11943.779999999964
2025-10-29 04:10:00,11943.779999999964,11943.779999999964
2025-10-29 05:10:00,11943.779999999964,11943.779999999964
2025-10-29 06:10:00,11943.779999999964,11943.779999999964
2025-10-29 07:10:00,11943.779999999964,11943.779999999964
2025-10-29 08:10:00,11943.779999999964,11943.779999999964
2025-10-29 09:10:00,11943.779999999964,11943.779999999964
2025-10-29 10:10:00,11943.779999999964,11943.779999999964
2025-10-29 11:10:00,11943.779999999964,11943.779999999964
2025-10-29 12:10:00,11943.779999999964,11943.779999999964
2025-10-29 13:10:00,11943.779999999964,11943.779999999964
2025-10-29 14:10:00,11943.779999999964,11943.779999999964
2025-10-29 15:10:00,11943.779999999964,11943.779999999964
2025-10-29 16:10:00,11943.779999999964,11943.779999999964
2025-10-29 17:10:00,11943.779999999964,11943.779999999964
2025-10-29 18:10:00,11883.879999999963,11883.879999999963
2025-10-29 19:10:00,11883.879999999963,11883.879999999963
2025-10-29 20:10:00,11883.879999999963,11883.879999999963
2025-10-29 21:10:00,11883.879999999963,11883.879999999963
2025-10-29 22:10:00,11883.879999999963,11883.879999999963
2025-10-30 00:11:00,11883.879999999963,11883.879999999963
2025-10-30 01:11:00,11883.879999999963,11883.879999999963
2025-10-30 02:11:00,11883.879999999963,11883.879999999963
2025-10-30 03:11:00,11883.879999999963,11883.879999999963
2025-10-30 04:11:00,11883.879999999963,11883.879999999963
2025-10-30 05:11:00,11883.879999999963,11883.879999999963
2025-10-30 06:11:00,11883.879999999963,11883.879999999963
2025-10-30 07:11:00,11883.879999999963,11883.879999999963
2025-10-30 08:11:00,11883.879999999963,11883.879999999963
2025-10-30 09:11:00,11883.879999999963,11883.879999999963
2025-10-30 10:11:00,11883.879999999963,11883.879999999963
2025-10-30 11:11:00,11883.879999999963,11883.879999999963
2025-10-30 12:11:00,11883.879999999963,11883.879999999963
2025-10-30 13:11:00,11833.639999999963,11833.639999999963
2025-10-30 14:11:00,11833.639999999963,11833.639999999963
2025-10-30 15:11:00,11833.639999999963,11833.639999999963
2025-10-30 16:11:00,11833.639999999963,11833.639999999963
2025-10-30 17:11:00,11833.639999999963,11833.639999999963
2025-10-30 18:11:00,11833.639999999963,11833.639999999963
2025-10-30 19:11:00,11833.639999999963,11833.639999999963
2025-10-30 20:11:00,11833.639999999963,11833.639999999963
2025-10-30 21:11:00,11833.639999999963,11833.639999999963
2025-10-30 22:11:00,11833.639999999963,11833.639999999963
2025-10-31 00:12:00,11833.639999999963,11833.639999999963
2025-10-31 01:12:00,11833.639999999963,11833.639999999963
2025-10-31 02:12:00,11846.949999999964,11885.949999999963
2025-10-31 03:12:00,11864.159999999965,11864.159999999965
2025-10-31 04:12:00,11864.159999999965,11864.159999999965
2025-10-31 05:12:00,11864.159999999965,11864.159999999965
2025-10-31 06:12:00,11864.159999999965,11864.159999999965
2025-10-31 07:12:00,11864.159999999965,11864.159999999965
2025-10-31 08:12:00,11864.159999999965,11864.159999999965
2025-10-31 09:12:00,11864.159999999965,11864.159999999965
2025-10-31 10:12:00,11864.159999999965,11864.159999999965
2025-10-31 11:12:00,11864.159999999965,11864.159999999965
2025-10-31 12:12:00,11864.159999999965,11864.159999999965
2025-10-31 13:12:00,11864.159999999965,11864.159999999965
2025-10-31 14:12:00,11864.159999999965,11864.159999999965
2025-10-31 15:12:00,11864.159999999965,11864.159999999965
2025-10-31 16:12:00,11864.159999999965,11864.159999999965
2025-10-31 17:12:00,11864.159999999965,11864.159999999965
2025-10-31 18:12:00,11864.159999999965,11864.159999999965
2025-10-31 19:12:00,11864.159999999965,11864.159999999965
2025-10-31 20:12:00,11740.979999999963,11687.609999999964
2025-10-31 21:12:00,11740.979999999963,11700.299999999963
2025-10-31 22:12:00,11753.979999999963,11753.979999999963
2025-11-03 01:13:00,11753.979999999963,11753.979999999963
2025-11-03 02:13:00,11753.979999999963,11753.979999999963
2025-11-03 03:13:00,11753.979999999963,11753.979999999963
2025-11-03 04:13:00,11753.979999999963,11753.979999999963
2025-11-03 05:13:00,11753.979999999963,11753.979999999963
2025-11-03 06:13:00,11753.979999999963,11753.979999999963
2025-11-03 07:13:00,11753.979999999963,11753.979999999963
2025-11-03 08:13:00,11753.979999999963,11753.979999999963
2025-11-03 09:13:00,11753.979999999963,11753.979999999963
2025-11-03 10:13:00,11753.979999999963,11753.979999999963
2025-11-03 11:13:00,11753.979999999963,11753.979999999963
2025-11-03 12:13:00,11753.979999999963,11753.979999999963
2025-11-03 13:13:00,11753.979999999963,11753.979999999963
2025-11-03 14:13:00,11753.349999999964,11751.369999999963
2025-11-03 15:13:00,11757.689999999962,11757.689999999962
2025-11-03 16:13:00,11757.689999999962,11757.689999999962
2025-11-03 17:13:00,11757.689999999962,11757.689999999962
2025-11-03 18:13:00,11757.689999999962,11757.689999999962
2025-11-03 19:13:00,11757.689999999962,11757.689999999962
2025-11-03 20:13:00,11757.689999999962,11757.689999999962
2025-11-03 21:13:00,11757.689999999962,11757.689999999962
2025-11-03 22:13:00,11757.689999999962,11757.689999999962
2025-11-03 23:13:00,11757.689999999962,11757.689999999962
2025-11-04 01:14:00,11757.689999999962,11757.689999999962
2025-11-04 02:14:00,11757.689999999962,11757.689999999962
2025-11-04 03:14:00,11793.879999999963,11856.199999999963
2025-11-04 04:14:00,11811.319999999965,11811.319999999965
2025-11-04 05:14:00,11811.319999999965,11811.319999999965
2025-11-04 06:14:00,11811.319999999965,11811.319999999965
2025-11-04 07:14:00,11811.319999999965,11811.319999999965
2025-11-04 08:14:00,11811.319999999965,11811.319999999965
2025-11-04 09:14:00,11811.319999999965,11811.319999999965
2025-11-04 10:14:00,11811.319999999965,11811.319999999965
2025-11-04 11:14:00,11811.319999999965,11811.319999999965
2025-11-04 12:14:00,11811.319999999965,11811.319999999965
2025-11-04 13:14:00,11811.319999999965,11811.319999999965
2025-11-04 14:14:00,11811.319999999965,11811.319999999965
2025-11-04 15:14:00,11811.319999999965,11811.319999999965
2025-11-04 16:14:00,11811.319999999965,11811.319999999965
2025-11-04 17:14:00,11811.319999999965,11811.319999999965
2025-11-04 18:14:00,11811.319999999965,11811.319999999965
2025-11-04 19:14:00,11811.319999999965,11811.319999999965
2025-11-04 20:14:00,11811.319999999965,11811.319999999965
2025-11-04 21:14:00,11811.319999999965,11811.319999999965
2025-11-04 22:14:00,11811.319999999965,11811.319999999965
2025-11-04 23:14:00,11811.319999999965,11811.319999999965
2025-11-05 01:15:00,11811.319999999965,11811.319999999965
2025-11-05 02:15:00,11811.319999999965,11811.319999999965
2025-11-05 03:15:00,11811.319999999965,11811.319999999965
2025-11-05 04:15:00,11811.319999999965,11811.319999999965
2025-11-05 05:15:00,11811.319999999965,11811.319999999965
2025-11-05 06:15:00,11811.319999999965,11811.319999999965
2025-11-05 07:15:00,11811.319999999965,11811.319999999965
2025-11-05 08:15:00,11811.319999999965,11811.319999999965
2025-11-05 09:15:00,11811.319999999965,11811.319999999965
2025-11-05 10:15:00,11811.319999999965,11811.319999999965
2025-11-05 11:15:00,11811.319999999965,11811.319999999965
2025-11-05 12:15:00,11811.319999999965,11811.319999999965
2025-11-05 13:15:00,11811.319999999965,11811.319999999965
2025-11-05 14:15:00,11811.319999999965,11811.319999999965
2025-11-05 15:15:00,11811.319999999965,11811.319999999965
2025-11-05 16:15:00,11811.319999999965,11811.319999999965
2025-11-05 17:15:00,11811.319999999965,11811.319999999965
2025-11-05 18:15:00,11811.319999999965,11811.319999999965
2025-11-05 19:15:00,11811.319999999965,11811.319999999965
2025-11-05 20:15:00,11811.319999999965,11811.319999999965
2025-11-05 21:15:00,11811.319999999965,11811.319999999965
2025-11-05 22:15:00,11811.319999999965,11811.319999999965
2025-11-05 23:15:00,11811.319999999965,11811.319999999965
2025-11-06 01:16:00,11811.319999999965,11811.319999999965
2025-11-06 02:16:00,11686.78999999996,11686.78999999996
2025-11-06 03:16:00,11686.78999999996,11686.78999999996
2025-11-06 04:16:00,11686.78999999996,11686.78999999996
2025-11-06 05:16:00,11686.78999999996,11686.78999999996
2025-11-06 06:16:00,11686.78999999996,11686.78999999996
2025-11-06 07:16:00,11686.78999999996,11686.78999999996
2025-11-06 08:16:00,11686.78999999996,11686.78999999996
2025-11-06 09:16:00,11686.78999999996,11686.78999999996
2025-11-06 10:16:00,11686.78999999996,11686.78999999996
2025-11-06 11:16:00,11686.78999999996,11686.78999999996
2025-11-06 12:16:00,11686.78999999996,11686.78999999996
2025-11-06 13:16:00,11686.78999999996,11686.78999999996
2025-11-06 14:16:00,11686.78999999996,11686.78999999996
2025-11-06 15:16:00,11697.06999999996,11753.469999999958
2025-11-06 16:16:00,11736.949999999957,11736.949999999957
2025-11-06 17:16:00,11736.949999999957,11736.949999999957
2025-11-06 18:16:00,11736.949999999957,11736.949999999957
2025-11-06 19:16:00,11736.949999999957,11736.949999999957
2025-11-06 20:16:00,11736.949999999957,11736.949999999957
2025-11-06 21:16:00,11736.949999999957,11736.949999999957
2025-11-06 22:16:00,11736.949999999957,11736.949999999957
2025-11-06 23:16:00,11736.949999999957,11736.949999999957
2025-11-07 01:17:00,11736.949999999957,11736.949999999957
2025-11-07 02:17:00,11736.949999999957,11736.949999999957
2025-11-07 03:17:00,11736.949999999957,11736.949999999957
2025-11-07 04:17:00,11736.949999999957,11736.949999999957
2025-11-07 05:17:00,11736.949999999957,11736.949999999957
2025-11-07 06:17:00,11736.949999999957,11736.949999999957
2025-11-07 07:17:00,11736.949999999957,11736.949999999957
2025-11-07 08:17:00,11736.949999999957,11736.949999999957
2025-11-07 09:17:00,11736.949999999957,11736.949999999957
2025-11-07 10:17:00,11736.949999999957,11736.949999999957
2025-11-07 11:17:00,11736.949999999957,11736.949999999957
2025-11-07 12:17:00,11736.949999999957,11736.949999999957
2025-11-07 13:17:00,11736.949999999957,11736.949999999957
2025-11-07 14:17:00,11736.949999999957,11736.949999999957
2025-11-07 15:17:00,11736.949999999957,11736.949999999957
2025-11-07 16:17:00,11736.949999999957,11736.949999999957
2025-11-07 17:17:00,11736.949999999957,11736.949999999957
2025-11-07 18:17:00,11736.949999999957,11736.949999999957
2025-11-07 19:17:00,11736.949999999957,11736.949999999957
2025-11-07 20:17:00,11736.949999999957,11736.949999999957
2025-11-07 21:17:00,11736.949999999957,11736.949999999957
2025-11-07 22:17:00,11736.949999999957,11736.949999999957
2025-11-07 23:17:00,11736.949999999957,11736.949999999957
2025-11-10 01:18:00,11736.949999999957,11736.949999999957
2025-11-10 02:18:00,11736.949999999957,11736.949999999957
2025-11-10 03:18:00,11736.949999999957,11736.949999999957
2025-11-10 04:18:00,11736.529999999957,11761.189999999959
2025-11-10 05:18:00,11740.899999999958,11754.349999999959
2025-11-10 06:18:00,11749.639999999958,11791.759999999958
2025-11-10 07:18:00,11749.639999999958,11787.399999999958
2025-11-10 08:18:00,11828.299999999957,11828.299999999957
2025-11-10 09:18:00,11828.299999999957,11828.299999999957
2025-11-10 10:18:00,11828.299999999957,11828.299999999957
2025-11-10 11:18:00,11828.299999999957,11828.299999999957
2025-11-10 12:18:00,11828.299999999957,11828.299999999957
2025-11-10 13:18:00,11828.299999999957,11828.299999999957
2025-11-10 14:18:00,11828.299999999957,11828.299999999957
2025-11-10 15:18:00,11828.299999999957,11828.299999999957
2025-11-10 16:18:00,11828.299999999957,11828.299999999957
2025-11-10 17:18:00,11828.299999999957,11828.299999999957
2025-11-10 18:18:00,11828.299999999957,11828.299999999957
2025-11-10 19:18:00,11828.299999999957,11828.299999999957
2025-11-10 20:18:00,11828.299999999957,11828.299999999957
2025-11-10 21:18:00,11828.299999999957,11828.299999999957
2025-11-10 22:18:00,11828.299999999957,11828.299999999957
2025-11-10 23:18:00,11828.299999999957,11828.299999999957
2025-11-11 01:19:00,11828.299999999957,11828.299999999957
2025-11-11 02:19:00,11828.299999999957,11828.299999999957
2025-11-11 03:19:00,11828.299999999957,11828.299999999957
2025-11-11 04:19:00,11828.299999999957,11828.299999999957
2025-11-11 05:19:00,11828.299999999957,11828.299999999957
2025-11-11 06:19:00,11828.299999999957,11828.299999999957
2025-11-11 07:19:00,11828.299999999957,11828.299999999957
2025-11-11 08:19:00,11828.299999999957,11828.299999999957
2025-11-11 09:19:00,11828.299999999957,11828.299999999957
2025-11-11 10:19:00,11828.299999999957,11828.299999999957
2025-11-11 11:19:00,11828.299999999957,11828.299999999957
2025-11-11 12:19:00,11828.299999999957,11828.299999999957
2025-11-11 13:19:00,11828.299999999957,11828.299999999957
2025-11-11 14:19:00,11828.299999999957,11828.299999999957
2025-11-11 15:19:00,11828.299999999957,11828.299999999957
2025-11-11 16:19:00,11828.299999999957,11828.299999999957
2025-11-11 17:19:00,11828.299999999957,11828.299999999957
2025-11-11 18:19:00,11828.299999999957,11828.299999999957
2025-11-11 19:19:00,11828.299999999957,11828.299999999957
2025-11-11 20:19:00,11828.299999999957,11828.299999999957
2025-11-11 21:19:00,11828.299999999957,11828.299999999957
2025-11-11 22:19:00,11828.299999999957,11828.299999999957
2025-11-11 23:19:00,11828.299999999957,11828.299999999957
2025-11-12 01:20:00,11828.299999999957,11828.299999999957
2025-11-12 02:20:00,11828.299999999957,11828.299999999957
2025-11-12 03:20:00,11828.299999999957,11828.299999999957
2025-11-12 04:20:00,11828.299999999957,11828.299999999957
2025-11-12 05:20:00,11828.299999999957,11828.299999999957
2025-11-12 06:20:00,11828.299999999957,11828.299999999957
2025-11-12 07:20:00,11828.299999999957,11828.299999999957
2025-11-12 08:20:00,11828.299999999957,11828.299999999957
2025-11-12 09:20:00,11828.299999999957,11828.299999999957
2025-11-12 10:20:00,11828.299999999957,11828.299999999957
2025-11-12 11:20:00,11828.299999999957,11828.299999999957
2025-11-12 12:20:00,11828.299999999957,11828.299999999957
2025-11-12 13:20:00,11828.299999999957,11828.299999999957
2025-11-12 14:20:00,11828.299999999957,11828.299999999957
2025-11-12 15:20:00,11828.299999999957,11828.299999999957
2025-11-12 16:20:00,11828.299999999957,11828.299999999957
2025-11-12 17:20:00,11828.299999999957,11828.299999999957
2025-11-12 18:20:00,11828.299999999957,11828.299999999957
2025-11-12 19:20:00,11828.299999999957,11828.299999999957
2025-11-12 20:20:00,11828.299999999957,11828.299999999957
2025-11-12 21:20:00,11828.299999999957,11828.299999999957
2025-11-12 22:20:00,11828.299999999957,11828.299999999957
2025-11-12 23:20:00,11828.299999999957,11828.299999999957
2025-11-13 01:21:00,11828.299999999957,11828.299999999957
2025-11-13 02:21:00,11828.299999999957,11828.299999999957
2025-11-13 03:21:00,11828.299999999957,11828.299999999957
2025-11-13 04:21:00,11828.299999999957,11828.299999999957
2025-11-13 05:21:00,11828.299999999957,11828.299999999957
2025-11-13 06:21:00,11828.299999999957,11828.299999999957
2025-11-13 07:21:00,11828.299999999957,11828.299999999957
2025-11-13 08:21:00,11828.299999999957,11828.299999999957
2025-11-13 09:21:00,11828.299999999957,11828.299999999957
2025-11-13 10:21:00,11828.299999999957,11828.299999999957
2025-11-13 11:21:00,11828.299999999957,11828.299999999957
2025-11-13 12:21:00,11828.299999999957,11828.299999999957
2025-11-13 13:21:00,11828.299999999957,11828.299999999957
2025-11-13 14:21:00,11828.299999999957,11828.299999999957
2025-11-13 15:21:00,11836.859999999957,11836.859999999957
2025-11-13 16:21:00,11836.859999999957,11836.859999999957
2025-11-13 17:21:00,11836.859999999957,11836.859999999957
2025-11-13 18:21:00,11836.859999999957,11836.859999999957
2025-11-13 19:21:00,11836.859999999957,11836.859999999957
2025-11-13 20:21:00,11836.859999999957,11836.859999999957
2025-11-13 21:21:00,11835.459999999957,11745.639999999954
2025-11-13 22:21:00,11862.659999999958,11888.099999999962
2025-11-13 23:21:00,11930.139999999958,12124.749999999964
2025-11-14 01:22:00,11923.639999999958,12173.759999999958
2025-11-14 02:22:00,12005.239999999956,12271.69999999996
2025-11-14 03:22:00,12005.239999999956,12194.699999999953
2025-11-14 04:22:00,12031.399999999956,12342.319999999958
2025-11-14 05:22:00,12372.639999999956,12413.379999999956
2025-11-14 06:22:00,12372.639999999956,12406.499999999956
2025-11-14 07:22:00,12372.639999999956,12393.539999999957
2025-11-14 08:22:00,12372.639999999956,12388.559999999956
2025-11-14 09:22:00,12380.189999999955,12380.189999999955
2025-11-14 10:22:00,12380.189999999955,12380.189999999955
2025-11-14 11:22:00,12380.189999999955,12380.189999999955
2025-11-14 12:22:00,12380.189999999955,12380.189999999955
2025-11-14 13:22:00,12380.189999999955,12380.189999999955
2025-11-14 14:22:00,12380.189999999955,12380.189999999955
2025-11-14 15:22:00,12380.189999999955,12380.189999999955
2025-11-14 16:22:00,12380.189999999955,12380.189999999955
2025-11-14 17:22:00,12380.189999999955,12380.189999999955
2025-11-14 18:22:00,12390.999999999953,12390.999999999953
2025-11-14 19:22:00,12390.999999999953,12390.999999999953
2025-11-14 20:22:00,12390.999999999953,12390.999999999953
2025-11-14 21:22:00,12390.999999999953,12390.999999999953
2025-11-14 22:22:00,12390.999999999953,12390.999999999953
2025-11-14 23:22:00,12390.999999999953,12390.999999999953
2025-11-17 01:23:00,12390.999999999953,12390.999999999953
2025-11-17 02:23:00,12390.999999999953,12390.999999999953
2025-11-17 03:23:00,12390.999999999953,12390.999999999953
2025-11-17 04:23:00,12390.999999999953,12390.999999999953
2025-11-17 05:23:00,12390.999999999953,12390.999999999953
2025-11-17 06:23:00,12390.999999999953,12390.999999999953
2025-11-17 07:23:00,12390.999999999953,12390.999999999953
2025-11-17 08:23:00,12390.509999999953,12418.509999999953
2025-11-17 09:23:00,12404.839999999953,12526.519999999951
2025-11-17 10:23:00,12433.499999999953,12574.14999999995
2025-11-17 11:23:00,12433.499999999953,12576.049999999952
2025-11-17 12:23:00,12433.499999999953,12588.849999999951
2025-11-17 13:23:00,12433.499999999953,12503.849999999951
2025-11-17 14:23:00,12433.499999999953,12549.24999999995
2025-11-17 15:23:00,12433.499999999953,12562.649999999952
2025-11-17 16:23:00,12433.499999999953,12487.39999999995
2025-11-17 17:23:00,12433.499999999953,12511.049999999952
2025-11-17 18:23:00,12431.999999999953,12431.999999999953
2025-11-17 19:23:00,12431.999999999953,12431.999999999953
2025-11-17 20:23:00,12431.999999999953,12431.999999999953
2025-11-17 21:23:00,12431.999999999953,12431.999999999953
2025-11-17 22:23:00,12431.999999999953,12431.999999999953
2025-11-17 23:23:00,12431.999999999953,12431.999999999953
2025-11-18 01:24:00,12431.999999999953,12431.999999999953
2025-11-18 02:24:00,12431.999999999953,12431.999999999953
2025-11-18 03:24:00,12431.999999999953,12431.999999999953
2025-11-18 04:24:00,12431.999999999953,12431.999999999953
2025-11-18 05:24:00,12431.999999999953,12431.999999999953
2025-11-18 06:24:00,12431.999999999953,12431.999999999953
2025-11-18 07:24:00,12431.999999999953,12431.999999999953
2025-11-18 08:24:00,12431.999999999953,12431.999999999953
2025-11-18 09:24:00,12431.999999999953,12431.999999999953
2025-11-18 10:24:00,12431.999999999953,12431.999999999953
2025-11-18 11:24:00,12302.609999999957,12302.609999999957
2025-11-18 12:24:00,12302.609999999957,12302.609999999957
2025-11-18 13:24:00,12302.609999999957,12302.609999999957
2025-11-18 14:24:00,12302.609999999957,12302.609999999957
2025-11-18 15:24:00,12302.609999999957,12302.609999999957
2025-11-18 16:24:00,12302.609999999957,12302.609999999957
2025-11-18 17:24:00,12302.609999999957,12302.609999999957
2025-11-18 18:24:00,12302.609999999957,12302.609999999957
2025-11-18 19:24:00,12302.609999999957,12302.609999999957
2025-11-18 20:24:00,12302.609999999957,12302.609999999957
2025-11-18 21:24:00,12302.609999999957,12302.609999999957
2025-11-18 22:24:00,12302.609999999957,12302.609999999957
2025-11-18 23:24:00,12302.609999999957,12302.609999999957
2025-11-19 01:25:00,12302.609999999957,12302.609999999957
2025-11-19 02:25:00,12302.609999999957,12302.609999999957
2025-11-19 03:25:00,12302.609999999957,12302.609999999957
2025-11-19 04:25:00,12302.609999999957,12302.609999999957
2025-11-19 05:25:00,12302.609999999957,12302.609999999957
2025-11-19 06:25:00,12302.609999999957,12302.609999999957
2025-11-19 07:25:00,12302.609999999957,12302.609999999957
2025-11-19 08:25:00,12302.609999999957,12302.609999999957
2025-11-19 09:25:00,12309.549999999956,12388.08999999996
2025-11-19 10:25:00,12378.389999999963,12378.389999999963
2025-11-19 11:25:00,12378.389999999963,12378.389999999963
2025-11-19 12:25:00,12378.389999999963,12378.389999999963
2025-11-19 13:25:00,12378.389999999963,12378.389999999963
2025-11-19 14:25:00,12378.389999999963,12378.389999999963
2025-11-19 15:25:00,12390.259999999964,12421.129999999966
2025-11-19 16:25:00,12415.539999999964,12460.829999999967
2025-11-19 17:25:00,12413.439999999962,12413.439999999962
2025-11-19 18:25:00,12287.079999999965,12287.079999999965
2025-11-19 19:25:00,12287.079999999965,12287.079999999965
2025-11-19 20:25:00,12287.079999999965,12287.079999999965
2025-11-19 21:25:00,12287.079999999965,12287.079999999965
2025-11-19 22:25:00,12287.079999999965,12287.079999999965
2025-11-19 23:25:00,12287.079999999965,12287.079999999965
2025-11-20 01:26:00,12287.079999999965,12287.079999999965
2025-11-20 02:26:00,12286.239999999965,12217.579999999962
2025-11-20 03:26:00,12299.939999999966,12349.419999999973
2025-11-20 04:26:00,12455.329999999965,12732.449999999964
2025-11-20 05:26:00,12455.329999999965,12615.569999999963
2025-11-20 06:26:00,12455.329999999965,12589.049999999963
2025-11-20 07:26:00,12455.329999999965,12635.009999999966
2025-11-20 08:26:00,12455.329999999965,12691.409999999965
2025-11-20 09:26:00,12455.329999999965,12689.309999999965
2025-11-20 10:26:00,12257.809999999969,12611.369999999968
2025-11-20 11:26:00,12257.809999999969,12484.589999999967
2025-11-20 12:26:00,12257.809999999969,12484.409999999969
2025-11-20 13:26:00,12257.809999999969,12545.549999999967
2025-11-20 14:26:00,12257.809999999969,12425.00999999997
2025-11-20 15:26:00,12257.809999999969,12325.16999999997
2025-11-20 16:26:00,12257.809999999969,12362.54999999997
2025-11-20 17:26:00,12256.009999999967,12256.009999999967
2025-11-20 18:26:00,12256.009999999967,12256.009999999967
2025-11-20 19:26:00,12282.50999999997,12316.109999999968
2025-11-20 20:26:00,12281.309999999969,12281.309999999969
2025-11-20 21:26:00,12281.309999999969,12281.309999999969
2025-11-20 22:26:00,12281.309999999969,12281.309999999969
2025-11-20 23:26:00,12281.309999999969,12281.309999999969
2025-11-21 01:27:00,12281.309999999969,12281.309999999969
2025-11-21 02:27:00,12279.83999999997,12346.82999999997
2025-11-21 03:27:00,12300.339999999964,12300.339999999964
2025-11-21 04:27:00,12300.339999999964,12300.339999999964
2025-11-21 05:27:00,12300.339999999964,12300.339999999964
2025-11-21 06:27:00,12300.339999999964,12300.339999999964
2025-11-21 07:27:00,12300.339999999964,12300.339999999964
2025-11-21 08:27:00,12300.339999999964,12300.339999999964
2025-11-21 09:27:00,12300.339999999964,12300.339999999964
2025-11-21 10:27:00,12299.569999999963,12274.489999999965
2025-11-21 11:27:00,12310.229999999969,12310.229999999969
2025-11-21 12:27:00,12310.229999999969,12310.229999999969
2025-11-21 13:27:00,12310.229999999969,12310.229999999969
2025-11-21 14:27:00,12310.229999999969,12310.229999999969
2025-11-21 15:27:00,12310.229999999969,12310.229999999969
2025-11-21 16:27:00,12310.229999999969,12310.229999999969
2025-11-21 17:27:00,12310.229999999969,12310.229999999969
2025-11-21 18:27:00,12360.879999999965,12465.099999999964
2025-11-21 19:27:00,12639.519999999962,12639.519999999962
2025-11-21 20:27:00,12639.519999999962,12639.519999999962
2025-11-21 21:27:00,12639.519999999962,12639.519999999962
2025-11-21 22:27:00,12639.519999999962,12639.519999999962
2025-11-21 23:27:00,12651.869999999968,12651.869999999968
2025-11-24 01:28:00,12651.869999999968,12651.869999999968
2025-11-24 02:28:00,12651.869999999968,12651.869999999968
2025-11-24 03:28:00,12651.869999999968,12651.869999999968
2025-11-24 04:28:00,12651.869999999968,12651.869999999968
2025-11-24 05:28:00,12651.869999999968,12651.869999999968
2025-11-24 06:28:00,12651.869999999968,12651.869999999968
2025-11-24 07:28:00,12651.869999999968,12651.869999999968
2025-11-24 08:28:00,12651.869999999968,12651.869999999968
2025-11-24 09:28:00,12651.869999999968,12651.869999999968
2025-11-24 10:28:00,12651.869999999968,12651.869999999968
2025-11-24 11:28:00,12651.869999999968,12651.869999999968
2025-11-24 12:28:00,12651.869999999968,12651.869999999968
2025-11-24 13:28:00,12651.869999999968,12651.869999999968
2025-11-24 14:28:00,12651.869999999968,12651.869999999968
2025-11-24 15:28:00,12651.869999999968,12651.869999999968
2025-11-24 16:28:00,12651.869999999968,12651.869999999968
2025-11-24 17:28:00,12651.869999999968,12651.869999999968
2025-11-24 18:28:00,12651.869999999968,12651.869999999968
2025-11-24 19:28:00,12651.869999999968,12651.869999999968
2025-11-24 20:28:00,12651.869999999968,12651.869999999968
2025-11-24 21:28:00,12651.869999999968,12651.869999999968
2025-11-24 22:28:00,12651.869999999968,12651.869999999968
2025-11-24 23:28:00,12651.869999999968,12651.869999999968
2025-11-25 01:29:00,12651.869999999968,12651.869999999968
2025-11-25 02:29:00,12651.869999999968,12651.869999999968
2025-11-25 03:29:00,12651.869999999968,12651.869999999968
2025-11-25 04:29:00,12651.869999999968,12651.869999999968
2025-11-25 05:29:00,12651.869999999968,12651.869999999968
2025-11-25 06:29:00,12651.869999999968,12651.869999999968
2025-11-25 07:29:00,12651.869999999968,12651.869999999968
2025-11-25 08:29:00,12651.869999999968,12651.869999999968
2025-11-25 09:29:00,12651.869999999968,12651.869999999968
2025-11-25 10:29:00,12651.869999999968,12651.869999999968
2025-11-25 11:29:00,12737.909999999973,12853.749999999976
2025-11-25 12:29:00,12825.069999999972,12908.189999999975
2025-11-25 13:29:00,12825.069999999972,12914.189999999975
2025-11-25 14:29:00,12825.069999999972,12915.189999999975
2025-11-25 15:29:00,12871.029999999975,13046.709999999975
2025-11-25 16:29:00,13031.789999999977,13031.789999999977
2025-11-25 17:29:00,13031.789999999977,13031.789999999977
2025-11-25 18:29:00,13031.789999999977,13031.789999999977
2025-11-25 19:29:00,13031.789999999977,13031.789999999977
2025-11-25 20:29:00,13031.789999999977,13031.789999999977
2025-11-25 21:29:00,13031.789999999977,13031.789999999977
2025-11-25 22:29:00,13031.789999999977,13031.789999999977
2025-11-25 23:29:00,13031.789999999977,13031.789999999977
2025-11-26 01:30:00,13031.789999999977,13031.789999999977
2025-11-26 02:30:00,13031.789999999977,13031.789999999977
2025-11-26 03:30:00,13031.789999999977,13031.789999999977
2025-11-26 04:30:00,13031.789999999977,13031.789999999977
2025-11-26 05:30:00,13031.789999999977,13031.789999999977
2025-11-26 06:30:00,13031.789999999977,13031.789999999977
2025-11-26 07:30:00,13031.789999999977,13031.789999999977
2025-11-26 08:30:00,13031.789999999977,13031.789999999977
2025-11-26 09:30:00,13031.789999999977,13031.789999999977
2025-11-26 10:30:00,13031.789999999977,13031.789999999977
2025-11-26 11:30:00,13031.789999999977,13031.789999999977
2025-11-26 12:30:00,13031.789999999977,13031.789999999977
2025-11-26 13:30:00,13031.789999999977,13031.789999999977
2025-11-26 14:30:00,13031.789999999977,13031.789999999977
2025-11-26 15:30:00,13031.789999999977,13031.789999999977
2025-11-26 16:30:00,13031.789999999977,13031.789999999977
2025-11-26 17:30:00,13031.789999999977,13031.789999999977
2025-11-26 18:30:00,13031.789999999977,13031.789999999977
2025-11-26 19:30:00,13031.789999999977,13031.789999999977
2025-11-26 20:30:00,13031.789999999977,13031.789999999977
2025-11-26 21:30:00,13031.789999999977,13031.789999999977
2025-11-26 22:30:00,13031.789999999977,13031.789999999977
2025-11-26 23:30:00,13031.789999999977,13031.789999999977
2025-11-27 01:31:00,13031.789999999977,13031.789999999977
2025-11-27 02:31:00,13031.789999999977,13031.789999999977
2025-11-27 03:31:00,13031.789999999977,13031.789999999977
2025-11-27 04:31:00,13031.789999999977,13031.789999999977
2025-11-27 05:31:00,13031.789999999977,13031.789999999977
2025-11-27 06:31:00,13031.789999999977,13031.789999999977
2025-11-27 07:31:00,13031.789999999977,13031.789999999977
2025-11-27 08:31:00,13031.789999999977,13031.789999999977
2025-11-27 09:31:00,13031.789999999977,13031.789999999977
2025-11-27 10:31:00,13031.789999999977,13031.789999999977
2025-11-27 11:31:00,13031.789999999977,13031.789999999977
2025-11-27 12:31:00,13031.789999999977,13031.789999999977
2025-11-27 13:31:00,13031.789999999977,13031.789999999977
2025-11-27 14:31:00,13031.789999999977,13031.789999999977
2025-11-27 15:31:00,13031.789999999977,13031.789999999977
2025-11-27 16:31:00,13031.789999999977,13031.789999999977
2025-11-27 17:31:00,13031.789999999977,13031.789999999977
2025-11-27 18:31:00,13031.789999999977,13031.789999999977
2025-11-27 19:31:00,13031.789999999977,13031.789999999977
2025-11-27 20:31:00,13031.789999999977,13031.789999999977
2025-11-28 01:00:00,13031.789999999977,13031.789999999977
2025-11-28 02:00:00,13031.789999999977,13031.789999999977
2025-11-28 03:00:00,13031.789999999977,13031.789999999977
2025-11-28 04:00:00,13031.789999999977,13031.789999999977
2025-11-28 05:00:00,13031.789999999977,13031.789999999977
2025-11-28 06:00:00,13031.789999999977,13031.789999999977
2025-11-28 07:00:00,13031.789999999977,13031.789999999977
2025-11-28 08:00:00,13125.62999999998,13125.62999999998
2025-11-28 09:00:00,13125.62999999998,13125.62999999998
2025-11-28 10:00:00,13125.62999999998,13125.62999999998
2025-11-28 11:00:00,13125.62999999998,13125.62999999998
2025-11-28 12:00:00,13125.62999999998,13125.62999999998
2025-11-28 13:00:00,13125.62999999998,13125.62999999998
2025-11-28 14:00:00,13123.87999999998,13141.129999999968
2025-11-28 15:00:00,13217.839999999973,13273.419999999971
2025-11-28 16:00:00,13226.72999999997,13226.72999999997
2025-11-28 17:00:00,13226.72999999997,13226.72999999997
2025-11-28 18:00:00,13225.18999999997,13199.229999999963
2025-11-28 19:00:00,13234.839999999964,13234.839999999964
2025-11-28 20:00:00,13234.839999999964,13234.839999999964
2025-11-28 21:00:00,13234.839999999964,13234.839999999964
2025-12-01 01:14:00,13234.839999999964,13234.839999999964
2025-12-01 02:14:00,13234.839999999964,13234.839999999964
2025-12-01 03:14:00,13234.839999999964,13234.839999999964
2025-12-01 04:14:00,13234.839999999964,13234.839999999964
2025-12-01 05:14:00,13234.839999999964,13234.839999999964
2025-12-01 06:14:00,13234.839999999964,13234.839999999964
2025-12-01 07:14:00,13234.839999999964,13234.839999999964
2025-12-01 08:14:00,13233.299999999963,13240.559999999961
2025-12-01 09:14:00,13296.19999999996,13296.19999999996
2025-12-01 10:14:00,13296.19999999996,13296.19999999996
2025-12-01 11:14:00,13296.19999999996,13296.19999999996
2025-12-01 12:14:00,13296.19999999996,13296.19999999996
2025-12-01 13:14:00,13296.19999999996,13296.19999999996
2025-12-01 14:14:00,13296.19999999996,13296.19999999996
2025-12-01 15:14:00,13296.19999999996,13296.19999999996
2025-12-01 16:14:00,13296.19999999996,13296.19999999996
2025-12-01 17:14:00,13296.19999999996,13296.19999999996
2025-12-01 18:14:00,13296.19999999996,13296.19999999996
2025-12-01 19:14:00,13296.19999999996,13296.19999999996
2025-12-01 20:14:00,13296.19999999996,13296.19999999996
2025-12-01 21:14:00,13296.19999999996,13296.19999999996
2025-12-01 22:14:00,13296.19999999996,13296.19999999996
2025-12-01 23:14:00,13296.19999999996,13296.19999999996
2025-12-02 01:15:00,13296.19999999996,13296.19999999996
2025-12-02 02:15:00,13296.19999999996,13296.19999999996
2025-12-02 03:15:00,13296.19999999996,13296.19999999996
2025-12-02 04:15:00,13296.19999999996,13296.19999999996
2025-12-02 05:15:00,13296.19999999996,13296.19999999996
2025-12-02 06:15:00,13296.19999999996,13296.19999999996
2025-12-02 07:15:00,13296.19999999996,13296.19999999996
2025-12-02 08:15:00,13296.19999999996,13296.19999999996
2025-12-02 09:15:00,13296.19999999996,13296.19999999996
2025-12-02 10:15:00,13296.19999999996,13296.19999999996
2025-12-02 11:15:00,13296.19999999996,13296.19999999996
2025-12-02 12:15:00,13382.629999999974,13412.239999999972
2025-12-02 13:15:00,13393.159999999974,13393.159999999974
2025-12-02 14:15:00,13256.139999999961,13256.139999999961
2025-12-02 15:15:00,13256.139999999961,13256.139999999961
2025-12-02 16:15:00,13256.139999999961,13256.139999999961
2025-12-02 17:15:00,13256.139999999961,13256.139999999961
2025-12-02 18:15:00,13256.139999999961,13256.139999999961
2025-12-02 19:15:00,13256.139999999961,13256.139999999961
2025-12-02 20:15:00,13256.139999999961,13256.139999999961
2025-12-02 21:15:00,13256.139999999961,13256.139999999961
2025-12-02 22:15:00,13255.719999999961,13256.979999999961
2025-12-02 23:15:00,13195.799999999965,13205.499999999967
2025-12-03 01:16:00,13228.979999999963,13228.979999999963
2025-12-03 02:16:00,13228.979999999963,13228.979999999963
2025-12-03 03:16:00,13228.979999999963,13228.979999999963
2025-12-03 04:16:00,13228.979999999963,13228.979999999963
2025-12-03 05:16:00,13228.979999999963,13228.979999999963
2025-12-03 06:16:00,13228.979999999963,13228.979999999963
2025-12-03 07:16:00,13228.979999999963,13228.979999999963
2025-12-03 08:16:00,13228.979999999963,13228.979999999963
2025-12-03 09:16:00,13228.979999999963,13228.979999999963
2025-12-03 10:16:00,13228.979999999963,13228.979999999963
2025-12-03 11:16:00,13228.979999999963,13228.979999999963
2025-12-03 12:16:00,13228.979999999963,13228.979999999963
2025-12-03 13:16:00,13228.979999999963,13228.979999999963
2025-12-03 14:16:00,13228.979999999963,13228.979999999963
2025-12-03 15:16:00,13228.979999999963,13228.979999999963
2025-12-03 16:16:00,13228.979999999963,13228.979999999963
2025-12-03 17:16:00,13228.979999999963,13228.979999999963
2025-12-03 18:16:00,13228.979999999963,13228.979999999963
2025-12-03 19:16:00,13093.319999999958,13093.319999999958
2025-12-03 20:16:00,13093.319999999958,13093.319999999958
2025-12-03 21:16:00,13093.319999999958,13093.319999999958
2025-12-03 22:16:00,13093.319999999958,13093.319999999958
2025-12-03 23:16:00,13093.319999999958,13093.319999999958
2025-12-04 01:17:00,13093.319999999958,13093.319999999958
2025-12-04 02:17:00,13093.319999999958,13093.319999999958
2025-12-04 03:17:00,13093.319999999958,13093.319999999958
2025-12-04 04:17:00,13093.319999999958,13093.319999999958
2025-12-04 05:17:00,13093.319999999958,13093.319999999958
2025-12-04 06:17:00,13093.319999999958,13093.319999999958
2025-12-04 07:17:00,13093.319999999958,13093.319999999958
2025-12-04 08:17:00,13093.319999999958,13093.319999999958
2025-12-04 09:17:00,13093.319999999958,13093.319999999958
2025-12-04 10:17:00,13093.319999999958,13093.319999999958
2025-12-04 11:17:00,13093.319999999958,13093.319999999958
2025-12-04 12:17:00,13093.319999999958,13093.319999999958
2025-12-04 13:17:00,13093.319999999958,13093.319999999958
2025-12-04 14:17:00,13093.319999999958,13093.319999999958
2025-12-04 15:17:00,13093.319999999958,13093.319999999958
2025-12-04 16:17:00,13093.319999999958,13093.319999999958
2025-12-04 17:17:00,13093.319999999958,13093.319999999958
2025-12-04 18:17:00,13093.319999999958,13093.319999999958
2025-12-04 19:17:00,13093.319999999958,13093.319999999958
2025-12-04 20:17:00,13093.319999999958,13093.319999999958
2025-12-04 21:17:00,13093.319999999958,13093.319999999958
2025-12-04 22:17:00,13093.319999999958,13093.319999999958
2025-12-04 23:17:00,13093.319999999958,13093.319999999958
2025-12-05 01:18:00,13093.319999999958,13093.319999999958
2025-12-05 02:18:00,13093.319999999958,13093.319999999958
2025-12-05 03:18:00,13093.319999999958,13093.319999999958
2025-12-05 04:18:00,13093.319999999958,13093.319999999958
2025-12-05 05:18:00,13093.319999999958,13093.319999999958
2025-12-05 06:18:00,13093.319999999958,13093.319999999958
2025-12-05 07:18:00,13093.319999999958,13093.319999999958
2025-12-05 08:18:00,13093.319999999958,13093.319999999958
2025-12-05 09:18:00,13093.319999999958,13093.319999999958
2025-12-05 10:18:00,13093.319999999958,13093.319999999958
2025-12-05 11:18:00,13093.319999999958,13093.319999999958
2025-12-05 12:18:00,13093.319999999958,13093.319999999958
2025-12-05 13:18:00,13093.319999999958,13093.319999999958
2025-12-05 14:18:00,13093.319999999958,13093.319999999958
2025-12-05 15:18:00,13093.319999999958,13093.319999999958
2025-12-05 16:18:00,13093.319999999958,13093.319999999958
2025-12-05 17:18:00,13093.319999999958,13093.319999999958
2025-12-05 18:18:00,13287.129999999961,13287.129999999961
2025-12-05 19:18:00,13287.129999999961,13287.129999999961
2025-12-05 20:18:00,13287.129999999961,13287.129999999961
2025-12-05 21:18:00,13287.129999999961,13287.129999999961
2025-12-05 22:18:00,13287.129999999961,13287.129999999961
2025-12-05 23:18:00,13287.129999999961,13287.129999999961
2025-12-08 01:19:00,13287.129999999961,13287.129999999961
2025-12-08 02:19:00,13287.129999999961,13287.129999999961
2025-12-08 03:19:00,13287.129999999961,13287.129999999961
2025-12-08 04:19:00,13287.129999999961,13287.129999999961
2025-12-08 05:19:00,13287.129999999961,13287.129999999961
2025-12-08 06:19:00,13287.129999999961,13287.129999999961
2025-12-08 07:19:00,13287.129999999961,13287.129999999961
2025-12-08 08:19:00,13287.129999999961,13287.129999999961
2025-12-08 09:19:00,13287.129999999961,13287.129999999961
2025-12-08 10:19:00,13287.129999999961,13287.129999999961
2025-12-08 11:19:00,13287.129999999961,13287.129999999961
2025-12-08 12:19:00,13287.129999999961,13287.129999999961
2025-12-08 13:19:00,13287.129999999961,13287.129999999961
2025-12-08 14:19:00,13287.129999999961,13287.129999999961
2025-12-08 15:19:00,13287.129999999961,13287.129999999961
2025-12-08 16:19:00,13287.129999999961,13287.129999999961
2025-12-08 17:19:00,13287.129999999961,13287.129999999961
2025-12-08 18:19:00,13287.129999999961,13287.129999999961
2025-12-08 19:19:00,13287.129999999961,13287.129999999961
2025-12-08 20:19:00,13287.129999999961,13287.129999999961
2025-12-08 21:19:00,13287.129999999961,13287.129999999961
2025-12-08 22:19:00,13287.129999999961,13287.129999999961
2025-12-08 23:19:00,13287.129999999961,13287.129999999961
2025-12-09 01:20:00,13287.129999999961,13287.129999999961
2025-12-09 02:20:00,13287.129999999961,13287.129999999961
2025-12-09 03:20:00,13287.129999999961,13287.129999999961
2025-12-09 04:20:00,13287.129999999961,13287.129999999961
2025-12-09 05:20:00,13287.129999999961,13287.129999999961
2025-12-09 06:20:00,13287.129999999961,13287.129999999961
2025-12-09 07:20:00,13287.129999999961,13287.129999999961
2025-12-09 08:20:00,13287.129999999961,13287.129999999961
2025-12-09 09:20:00,13287.129999999961,13287.129999999961
2025-12-09 10:20:00,13287.129999999961,13287.129999999961
2025-12-09 11:20:00,13092.739999999958,13092.739999999958
2025-12-09 12:20:00,13092.739999999958,13092.739999999958
2025-12-09 13:20:00,13092.739999999958,13092.739999999958
2025-12-09 14:20:00,13091.759999999958,13071.739999999954
2025-12-09 15:20:00,13104.989999999958,13125.889999999954
2025-12-09 16:20:00,13101.689999999953,13101.689999999953
2025-12-09 17:20:00,13101.689999999953,13101.689999999953
2025-12-09 18:20:00,13101.689999999953,13101.689999999953
2025-12-09 19:20:00,13101.689999999953,13101.689999999953
2025-12-09 20:20:00,13101.689999999953,13101.689999999953
2025-12-09 21:20:00,13101.689999999953,13101.689999999953
2025-12-09 22:20:00,13101.689999999953,13101.689999999953
2025-12-09 23:20:00,13101.689999999953,13101.689999999953
2025-12-10 01:21:00,13101.689999999953,13101.689999999953
2025-12-10 02:21:00,13101.689999999953,13101.689999999953
2025-12-10 03:21:00,13101.689999999953,13101.689999999953
2025-12-10 04:21:00,13101.689999999953,13101.689999999953
2025-12-10 05:21:00,13101.689999999953,13101.689999999953
2025-12-10 06:21:00,13101.689999999953,13101.689999999953
2025-12-10 07:21:00,13101.689999999953,13101.689999999953
2025-12-10 08:21:00,13033.369999999955,13033.369999999955
2025-12-10 09:21:00,13033.369999999955,13033.369999999955
2025-12-10 10:21:00,13033.369999999955,13033.369999999955
2025-12-10 11:21:00,13033.369999999955,13033.369999999955
2025-12-10 12:21:00,13033.369999999955,13033.369999999955
2025-12-10 13:21:00,13033.369999999955,13033.369999999955
2025-12-10 14:21:00,13033.369999999955,13033.369999999955
2025-12-10 15:21:00,13033.369999999955,13033.369999999955
2025-12-10 16:21:00,13033.369999999955,13033.369999999955
2025-12-10 17:21:00,13033.369999999955,13033.369999999955
2025-12-10 18:21:00,13033.369999999955,13033.369999999955
2025-12-10 19:21:00,13033.369999999955,13033.369999999955
2025-12-10 20:21:00,13033.369999999955,13033.369999999955
2025-12-10 21:21:00,13033.369999999955,13033.369999999955
2025-12-10 22:21:00,13032.879999999956,13002.499999999955
2025-12-10 23:21:00,13041.189999999955,13081.389999999954
2025-12-11 01:22:00,13042.089999999955,13073.469999999952
2025-12-11 02:22:00,13039.659999999954,13006.449999999957
2025-12-11 03:22:00,13039.659999999954,13047.489999999954
2025-12-11 04:22:00,13053.899999999954,13093.099999999957
2025-12-11 05:22:00,13123.969999999954,13208.139999999956
2025-12-11 06:22:00,13123.969999999954,13213.239999999958
2025-12-11 07:22:00,13123.969999999954,13204.859999999957
2025-12-11 08:22:00,13229.179999999953,13222.079999999953
2025-12-11 09:22:00,13229.179999999953,13231.679999999953
2025-12-11 10:22:00,13229.179999999953,13247.579999999954
2025-12-11 11:22:00,13229.179999999953,13242.029999999955
2025-12-11 12:22:00,13241.549999999954,13260.469999999956
2025-12-11 13:22:00,13240.349999999957,13240.349999999957
2025-12-11 14:22:00,13240.349999999957,13240.349999999957
2025-12-11 15:22:00,13240.349999999957,13240.349999999957
2025-12-11 16:22:00,13240.349999999957,13240.349999999957
2025-12-11 17:22:00,13240.349999999957,13240.349999999957
2025-12-11 18:22:00,13240.349999999957,13240.349999999957
2025-12-11 19:22:00,13240.349999999957,13240.349999999957
2025-12-11 20:22:00,13240.349999999957,13240.349999999957
2025-12-11 21:22:00,13237.339999999956,13315.83999999998
2025-12-11 22:22:00,13276.029999999968,13276.029999999968
2025-12-11 23:22:00,13276.029999999968,13276.029999999968
2025-12-12 01:23:00,13276.029999999968,13276.029999999968
2025-12-12 02:23:00,13276.029999999968,13276.029999999968
2025-12-12 03:23:00,13276.029999999968,13276.029999999968
2025-12-12 04:23:00,13276.029999999968,13276.029999999968
2025-12-12 05:23:00,13276.029999999968,13276.029999999968
2025-12-12 06:23:00,13276.029999999968,13276.029999999968
2025-12-12 07:23:00,13276.029999999968,13276.029999999968
2025-12-12 08:23:00,13276.029999999968,13276.029999999968
2025-12-12 09:23:00,13276.029999999968,13276.029999999968
2025-12-12 10:23:00,13276.029999999968,13276.029999999968
2025-12-12 11:23:00,13276.029999999968,13276.029999999968
2025-12-12 12:23:00,13276.029999999968,13276.029999999968
2025-12-12 13:23:00,13276.029999999968,13276.029999999968
2025-12-12 14:23:00,13276.029999999968,13276.029999999968
2025-12-12 15:23:00,13276.029999999968,13276.029999999968
2025-12-12 16:23:00,13276.029999999968,13276.029999999968
2025-12-12 17:23:00,13276.029999999968,13276.029999999968
2025-12-12 18:23:00,13276.029999999968,13276.029999999968
2025-12-12 19:23:00,13276.029999999968,13276.029999999968
2025-12-12 20:23:00,13276.029999999968,13276.029999999968
2025-12-12 21:23:00,13276.029999999968,13276.029999999968
2025-12-12 22:23:00,13276.029999999968,13276.029999999968
2025-12-12 23:23:00,13276.029999999968,13276.029999999968
2025-12-15 01:24:00,13276.029999999968,13276.029999999968
2025-12-15 02:24:00,13276.029999999968,13276.029999999968
2025-12-15 03:24:00,13276.029999999968,13276.029999999968
2025-12-15 04:24:00,13276.029999999968,13276.029999999968
2025-12-15 05:24:00,13295.679999999966,13344.629999999954
2025-12-15 06:24:00,13292.379999999965,13292.379999999965
2025-12-15 07:24:00,13292.379999999965,13292.379999999965
2025-12-15 08:24:00,13292.379999999965,13292.379999999965
2025-12-15 09:24:00,13292.379999999965,13292.379999999965
2025-12-15 10:24:00,13478.049999999965,13578.069999999969
2025-12-15 11:24:00,13661.129999999961,13661.129999999961
2025-12-15 12:24:00,13661.129999999961,13661.129999999961
2025-12-15 13:24:00,13661.129999999961,13661.129999999961
2025-12-15 14:24:00,13661.129999999961,13661.129999999961
2025-12-15 15:24:00,13661.129999999961,13661.129999999961
2025-12-15 16:24:00,13661.129999999961,13661.129999999961
2025-12-15 17:24:00,13661.129999999961,13661.129999999961
2025-12-15 18:24:00,13661.129999999961,13661.129999999961
2025-12-15 19:24:00,13661.129999999961,13661.129999999961
2025-12-15 20:24:00,13661.129999999961,13661.129999999961
2025-12-15 21:24:00,13661.129999999961,13661.129999999961
2025-12-15 22:24:00,13661.129999999961,13661.129999999961
2025-12-15 23:24:00,13661.129999999961,13661.129999999961
2025-12-16 01:25:00,13661.129999999961,13661.129999999961
2025-12-16 02:25:00,13661.129999999961,13661.129999999961
2025-12-16 03:25:00,13661.129999999961,13661.129999999961
2025-12-16 04:25:00,13661.129999999961,13661.129999999961
2025-12-16 05:25:00,13661.129999999961,13661.129999999961
2025-12-16 06:25:00,13661.129999999961,13661.129999999961
2025-12-16 07:25:00,13661.129999999961,13661.129999999961
2025-12-16 08:25:00,13661.129999999961,13661.129999999961
2025-12-16 09:25:00,13661.129999999961,13661.129999999961
2025-12-16 10:25:00,13661.129999999961,13661.129999999961
2025-12-16 11:25:00,13661.129999999961,13661.129999999961
2025-12-16 12:25:00,13661.129999999961,13661.129999999961
2025-12-16 13:25:00,13661.129999999961,13661.129999999961
2025-12-16 14:25:00,13661.129999999961,13661.129999999961
2025-12-16 15:25:00,13660.149999999961,13568.169999999953
2025-12-16 16:25:00,13380.129999999972,13380.129999999972
2025-12-16 17:25:00,13380.129999999972,13380.129999999972
2025-12-16 18:25:00,13380.129999999972,13380.129999999972
2025-12-16 19:25:00,13380.129999999972,13380.129999999972
2025-12-16 20:25:00,13380.129999999972,13380.129999999972
2025-12-16 21:25:00,13380.129999999972,13380.129999999972
2025-12-16 22:25:00,13380.129999999972,13380.129999999972
2025-12-16 23:25:00,13380.129999999972,13380.129999999972
2025-12-17 01:26:00,13380.129999999972,13380.129999999972
2025-12-17 02:26:00,13380.129999999972,13380.129999999972
2025-12-17 03:26:00,13380.129999999972,13380.129999999972
2025-12-17 04:26:00,13380.129999999972,13380.129999999972
2025-12-17 05:26:00,13380.129999999972,13380.129999999972
2025-12-17 06:26:00,13380.129999999972,13380.129999999972
2025-12-17 07:26:00,13380.129999999972,13380.129999999972
2025-12-17 08:26:00,13380.129999999972,13380.129999999972
2025-12-17 09:26:00,13380.129999999972,13380.129999999972
2025-12-17 10:26:00,13380.129999999972,13380.129999999972
2025-12-17 11:26:00,13380.129999999972,13380.129999999972
2025-12-17 12:26:00,13380.129999999972,13380.129999999972
2025-12-17 13:26:00,13380.129999999972,13380.129999999972
2025-12-17 14:26:00,13380.129999999972,13380.129999999972
2025-12-17 15:26:00,13380.129999999972,13380.129999999972
2025-12-17 16:26:00,13380.129999999972,13380.129999999972
2025-12-17 17:26:00,13380.129999999972,13380.129999999972
2025-12-17 18:26:00,13380.129999999972,13380.129999999972
2025-12-17 19:26:00,13380.129999999972,13380.129999999972
2025-12-17 20:26:00,13380.129999999972,13380.129999999972
2025-12-17 21:26:00,13380.129999999972,13380.129999999972
2025-12-17 22:26:00,13380.129999999972,13380.129999999972
2025-12-17 23:26:00,13380.129999999972,13380.129999999972
2025-12-18 01:27:00,13380.129999999972,13380.129999999972
2025-12-18 02:27:00,13380.129999999972,13380.129999999972
2025-12-18 03:27:00,13380.129999999972,13380.129999999972
2025-12-18 04:27:00,13380.129999999972,13380.129999999972
2025-12-18 05:27:00,13380.129999999972,13380.129999999972
2025-12-18 06:27:00,13380.129999999972,13380.129999999972
2025-12-18 07:27:00,13380.129999999972,13380.129999999972
2025-12-18 08:27:00,13380.129999999972,13380.129999999972
2025-12-18 09:27:00,13380.129999999972,13380.129999999972
2025-12-18 10:27:00,13380.129999999972,13380.129999999972
2025-12-18 11:27:00,13380.129999999972,13380.129999999972
2025-12-18 12:27:00,13380.129999999972,13380.129999999972
2025-12-18 13:27:00,13380.129999999972,13380.129999999972
2025-12-18 14:27:00,13380.129999999972,13380.129999999972
2025-12-18 15:27:00,13380.129999999972,13380.129999999972
2025-12-18 16:27:00,13380.129999999972,13380.129999999972
2025-12-18 17:27:00,13401.359999999968,13401.359999999968
2025-12-18 18:27:00,13401.359999999968,13401.359999999968
2025-12-18 19:27:00,13401.359999999968,13401.359999999968
2025-12-18 20:27:00,13401.359999999968,13401.359999999968
2025-12-18 21:27:00,13401.359999999968,13401.359999999968
2025-12-18 22:27:00,13401.359999999968,13401.359999999968
2025-12-18 23:27:00,13401.359999999968,13401.359999999968
2025-12-19 01:28:00,13401.359999999968,13401.359999999968
2025-12-19 02:28:00,13401.359999999968,13401.359999999968
2025-12-19 03:28:00,13401.359999999968,13401.359999999968
2025-12-19 04:28:00,13401.359999999968,13401.359999999968
2025-12-19 05:28:00,13401.359999999968,13401.359999999968
2025-12-19 06:28:00,13401.359999999968,13401.359999999968
2025-12-19 07:28:00,13401.359999999968,13401.359999999968
2025-12-19 08:28:00,13401.359999999968,13401.359999999968
2025-12-19 09:28:00,13401.359999999968,13401.359999999968
2025-12-19 10:28:00,13401.359999999968,13401.359999999968
2025-12-19 11:28:00,13401.359999999968,13401.359999999968
2025-12-19 12:28:00,13401.359999999968,13401.359999999968
2025-12-19 13:28:00,13401.359999999968,13401.359999999968
2025-12-19 14:28:00,13401.359999999968,13401.359999999968
2025-12-19 15:28:00,13401.359999999968,13401.359999999968
2025-12-19 16:28:00,13401.359999999968,13401.359999999968
2025-12-19 17:28:00,13400.729999999969,13432.859999999966
2025-12-19 18:28:00,13400.729999999969,13357.979999999969
2025-12-19 19:28:00,13400.729999999969,13308.56999999997
2025-12-19 20:28:00,13268.249999999967,13268.249999999967
2025-12-19 21:28:00,13268.249999999967,13268.249999999967
2025-12-19 22:28:00,13268.249999999967,13268.249999999967
2025-12-19 23:28:00,13268.249999999967,13268.249999999967
2025-12-22 01:29:00,13268.249999999967,13268.249999999967
2025-12-22 02:29:00,13268.249999999967,13268.249999999967
2025-12-22 03:29:00,13268.249999999967,13268.249999999967
2025-12-22 04:29:00,13268.249999999967,13268.249999999967
2025-12-22 05:29:00,13268.249999999967,13268.249999999967
2025-12-22 06:29:00,13268.249999999967,13268.249999999967
2025-12-22 07:29:00,13268.249999999967,13268.249999999967
2025-12-22 08:29:00,13268.249999999967,13268.249999999967
2025-12-22 09:29:00,13268.249999999967,13268.249999999967
2025-12-22 10:29:00,13268.249999999967,13268.249999999967
2025-12-22 11:29:00,13268.249999999967,13268.249999999967
2025-12-22 12:29:00,13268.249999999967,13268.249999999967
2025-12-22 13:29:00,13268.249999999967,13268.249999999967
2025-12-22 14:29:00,13268.249999999967,13268.249999999967
2025-12-22 15:29:00,13268.249999999967,13268.249999999967
2025-12-22 16:29:00,13268.249999999967,13268.249999999967
2025-12-22 17:29:00,13268.249999999967,13268.249999999967
2025-12-22 18:29:00,13268.249999999967,13268.249999999967
2025-12-22 19:29:00,13268.249999999967,13268.249999999967
2025-12-22 20:29:00,13268.249999999967,13268.249999999967
2025-12-22 21:29:00,13268.249999999967,13268.249999999967
2025-12-22 22:29:00,13268.249999999967,13268.249999999967
2025-12-22 23:29:00,13268.249999999967,13268.249999999967
2025-12-23 01:30:00,13268.249999999967,13268.249999999967
2025-12-23 02:30:00,13268.249999999967,13268.249999999967
2025-12-23 03:30:00,13268.249999999967,13268.249999999967
2025-12-23 04:30:00,13268.249999999967,13268.249999999967
2025-12-23 05:30:00,13268.249999999967,13268.249999999967
2025-12-23 06:30:00,13268.249999999967,13268.249999999967
2025-12-23 07:30:00,13268.249999999967,13268.249999999967
2025-12-23 08:30:00,13268.249999999967,13268.249999999967
2025-12-23 09:30:00,13268.249999999967,13268.249999999967
2025-12-23 10:30:00,13268.249999999967,13268.249999999967
2025-12-23 11:30:00,13268.249999999967,13268.249999999967
2025-12-23 12:30:00,13268.249999999967,13268.249999999967
2025-12-23 13:30:00,13268.249999999967,13268.249999999967
2025-12-23 14:30:00,13268.249999999967,13268.249999999967
2025-12-23 15:30:00,13268.249999999967,13268.249999999967
2025-12-23 16:30:00,13268.249999999967,13268.249999999967
2025-12-23 17:30:00,13268.249999999967,13268.249999999967
2025-12-23 18:30:00,13268.249999999967,13268.249999999967
2025-12-23 19:30:00,13268.249999999967,13268.249999999967
2025-12-23 20:30:00,13268.249999999967,13268.249999999967
2025-12-23 21:30:00,13268.249999999967,13268.249999999967
2025-12-23 22:30:00,13268.249999999967,13268.249999999967
2025-12-23 23:30:00,13268.249999999967,13268.249999999967
2025-12-24 01:31:00,13293.759999999967,13413.519999999973
2025-12-24 02:31:00,13560.069999999974,13560.069999999974
2025-12-24 03:31:00,13560.069999999974,13560.069999999974
2025-12-24 04:31:00,13560.069999999974,13560.069999999974
2025-12-24 05:31:00,13560.069999999974,13560.069999999974
2025-12-24 06:31:00,13560.069999999974,13560.069999999974
2025-12-24 07:31:00,13560.069999999974,13560.069999999974
2025-12-24 08:31:00,13560.069999999974,13560.069999999974
2025-12-24 09:31:00,13560.069999999974,13560.069999999974
2025-12-24 10:31:00,13560.069999999974,13560.069999999974
2025-12-24 11:31:00,13560.069999999974,13560.069999999974
2025-12-24 12:31:00,13560.069999999974,13560.069999999974
2025-12-24 13:31:00,13560.069999999974,13560.069999999974
2025-12-24 14:31:00,13560.069999999974,13560.069999999974
2025-12-24 15:31:00,13560.069999999974,13560.069999999974
2025-12-24 16:31:00,13560.069999999974,13560.069999999974
2025-12-24 17:31:00,13560.069999999974,13560.069999999974
2025-12-24 18:31:00,13560.069999999974,13560.069999999974
2025-12-24 19:31:00,13560.069999999974,13560.069999999974
2025-12-24 20:31:00,13560.069999999974,13560.069999999974
2025-12-26 01:45:00,13560.069999999974,13560.069999999974
2025-12-26 02:45:00,13560.069999999974,13560.069999999974
2025-12-26 03:45:00,13560.069999999974,13560.069999999974
2025-12-26 04:45:00,13560.069999999974,13560.069999999974
2025-12-26 05:45:00,13560.069999999974,13560.069999999974
2025-12-26 06:45:00,13560.069999999974,13560.069999999974
2025-12-26 07:45:00,13560.069999999974,13560.069999999974
2025-12-26 08:45:00,13560.069999999974,13560.069999999974
2025-12-26 09:45:00,13560.069999999974,13560.069999999974
2025-12-26 10:45:00,13560.069999999974,13560.069999999974
2025-12-26 11:45:00,13560.069999999974,13560.069999999974
2025-12-26 12:45:00,13560.069999999974,13560.069999999974
2025-12-26 13:45:00,13560.069999999974,13560.069999999974
2025-12-26 14:45:00,13560.069999999974,13560.069999999974
2025-12-26 15:45:00,13560.069999999974,13560.069999999974
2025-12-26 16:45:00,13560.069999999974,13560.069999999974
2025-12-26 17:45:00,13560.069999999974,13560.069999999974
2025-12-26 18:45:00,13560.069999999974,13560.069999999974
2025-12-26 19:45:00,13560.069999999974,13560.069999999974
2025-12-26 20:45:00,13560.069999999974,13560.069999999974
2025-12-26 21:45:00,13560.069999999974,13560.069999999974
2025-12-26 22:45:00,13560.069999999974,13560.069999999974
2025-12-26 23:45:00,13560.069999999974,13560.069999999974
2025-12-29 01:46:00,13560.069999999974,13560.069999999974
2025-12-29 02:46:00,13560.069999999974,13560.069999999974
2025-12-29 03:46:00,13560.069999999974,13560.069999999974
2025-12-29 04:46:00,13560.069999999974,13560.069999999974
2025-12-29 05:46:00,13560.069999999974,13560.069999999974
2025-12-29 06:46:00,13560.069999999974,13560.069999999974
2025-12-29 07:46:00,13560.069999999974,13560.069999999974
2025-12-29 08:46:00,13560.069999999974,13560.069999999974
2025-12-29 09:46:00,13560.069999999974,13560.069999999974
2025-12-29 10:46:00,13560.069999999974,13560.069999999974
2025-12-29 11:46:00,13560.069999999974,13560.069999999974
2025-12-29 12:46:00,13560.069999999974,13560.069999999974
2025-12-29 13:46:00,13560.069999999974,13560.069999999974
2025-12-29 14:46:00,13560.069999999974,13560.069999999974
2025-12-29 15:46:00,13560.069999999974,13560.069999999974
2025-12-29 16:46:00,13560.069999999974,13560.069999999974
2025-12-29 17:46:00,13560.069999999974,13560.069999999974
2025-12-29 18:46:00,13560.069999999974,13560.069999999974
2025-12-29 19:46:00,13663.869999999972,13870.269999999968
2025-12-29 20:46:00,13663.869999999972,13790.669999999976
2025-12-29 21:46:00,13663.869999999972,13771.369999999974
2025-12-29 22:46:00,13662.669999999971,13735.62999999997
2025-12-29 23:46:00,13662.669999999971,13748.10999999997
2025-12-30 01:47:00,13661.76999999997,13661.76999999997
2025-12-30 02:47:00,13661.76999999997,13661.76999999997
2025-12-30 03:47:00,13661.76999999997,13661.76999999997
2025-12-30 04:47:00,13661.76999999997,13661.76999999997
2025-12-30 05:47:00,13661.76999999997,13661.76999999997
2025-12-30 06:47:00,13661.76999999997,13661.76999999997
2025-12-30 07:47:00,13661.76999999997,13661.76999999997
2025-12-30 08:47:00,13661.76999999997,13661.76999999997
2025-12-30 09:47:00,13661.76999999997,13661.76999999997
2025-12-30 10:47:00,13661.76999999997,13661.76999999997
2025-12-30 11:47:00,13661.76999999997,13661.76999999997
2025-12-30 12:47:00,13661.489999999969,13695.04999999997
2025-12-30 13:47:00,13670.769999999971,13670.769999999971
2025-12-30 14:47:00,13670.769999999971,13670.769999999971
2025-12-30 15:47:00,13670.769999999971,13670.769999999971
2025-12-30 16:47:00,13670.769999999971,13670.769999999971
2025-12-30 17:47:00,13670.769999999971,13670.769999999971
2025-12-30 18:47:00,13670.769999999971,13670.769999999971
2025-12-30 19:47:00,13670.769999999971,13670.769999999971
2025-12-30 20:47:00,13670.769999999971,13670.769999999971
2025-12-30 21:47:00,13670.769999999971,13670.769999999971
2025-12-30 22:47:00,13670.769999999971,13670.769999999971
2025-12-30 23:47:00,13670.769999999971,13670.769999999971
2025-12-31 01:48:00,13670.769999999971,13670.769999999971
2025-12-31 02:48:00,13670.769999999971,13670.769999999971
2025-12-31 03:48:00,13670.769999999971,13670.769999999971
2025-12-31 04:48:00,13670.769999999971,13670.769999999971
2025-12-31 05:48:00,13670.769999999971,13670.769999999971
2025-12-31 06:48:00,13670.769999999971,13670.769999999971
2025-12-31 07:48:00,13670.769999999971,13670.769999999971
2025-12-31 08:48:00,13670.769999999971,13670.769999999971
2025-12-31 09:48:00,13670.769999999971,13670.769999999971
2025-12-31 10:48:00,13670.769999999971,13670.769999999971
2025-12-31 11:48:00,13670.769999999971,13670.769999999971
2025-12-31 12:48:00,13670.769999999971,13670.769999999971
2025-12-31 13:48:00,13670.139999999972,13664.649999999976
2025-12-31 14:48:00,13694.97999999997,13694.97999999997
2025-12-31 15:48:00,13694.97999999997,13694.97999999997
2025-12-31 16:48:00,13694.97999999997,13694.97999999997
2025-12-31 17:48:00,13694.97999999997,13694.97999999997
2025-12-31 18:48:00,13708.859999999964,13708.859999999964
2025-12-31 19:48:00,13708.859999999964,13708.859999999964
2025-12-31 20:48:00,13708.859999999964,13708.859999999964
2025-12-31 21:48:00,13708.859999999964,13708.859999999964
2025-12-31 22:48:00,13708.859999999964,13708.859999999964
2025-12-31 23:48:00,13708.859999999964,13708.859999999964
2026-01-02 01:49:00,13708.859999999964,13708.859999999964
2026-01-02 02:49:00,13708.859999999964,13708.859999999964
2026-01-02 03:49:00,13708.859999999964,13708.859999999964
2026-01-02 04:49:00,13708.859999999964,13708.859999999964
2026-01-02 05:49:00,13708.859999999964,13708.859999999964
2026-01-02 06:49:00,13708.859999999964,13708.859999999964
2026-01-02 07:49:00,13708.859999999964,13708.859999999964
2026-01-02 08:49:00,13708.859999999964,13708.859999999964
2026-01-02 09:49:00,13708.859999999964,13708.859999999964
2026-01-02 10:49:00,13708.859999999964,13708.859999999964
2026-01-02 11:49:00,13708.859999999964,13708.859999999964
2026-01-02 12:49:00,13708.859999999964,13708.859999999964
2026-01-02 13:49:00,13708.859999999964,13708.859999999964
2026-01-02 14:49:00,13708.859999999964,13708.859999999964
2026-01-02 15:49:00,13708.859999999964,13708.859999999964
2026-01-02 16:49:00,13775.839999999956,13775.839999999956
2026-01-02 17:49:00,13775.839999999956,13775.839999999956
2026-01-02 18:49:00,13494.64999999996,13494.64999999996
2026-01-02 19:49:00,13494.64999999996,13494.64999999996
2026-01-02 20:49:00,13494.64999999996,13494.64999999996
2026-01-02 21:49:00,13494.64999999996,13494.64999999996
2026-01-02 22:49:00,13494.64999999996,13494.64999999996
2026-01-02 23:49:00,13494.64999999996,13494.64999999996
2026-01-05 01:50:00,13494.64999999996,13494.64999999996
2026-01-05 02:50:00,13494.64999999996,13494.64999999996
2026-01-05 03:50:00,13494.64999999996,13494.64999999996
2026-01-05 04:50:00,13494.64999999996,13494.64999999996
2026-01-05 05:50:00,13494.64999999996,13494.64999999996
2026-01-05 06:50:00,13494.64999999996,13494.64999999996
2026-01-05 07:50:00,13494.64999999996,13494.64999999996
2026-01-05 08:50:00,13494.15999999996,13509.31999999996
2026-01-05 09:50:00,13494.15999999996,13497.769999999964
2026-01-05 10:50:00,13493.59999999996,13388.799999999967
2026-01-05 11:50:00,13493.59999999996,13351.449999999957
2026-01-05 12:50:00,13493.59999999996,13325.049999999967
2026-01-05 13:50:00,13512.51999999996,13507.729999999961
2026-01-05 14:50:00,13564.64999999996,13744.389999999958
2026-01-05 15:50:00,13564.64999999996,13663.689999999951
2026-01-05 16:50:00,13562.249999999958,13536.609999999957
2026-01-05 17:50:00,13513.429999999958,13513.429999999958
2026-01-05 18:50:00,13513.429999999958,13513.429999999958
2026-01-05 19:50:00,13513.429999999958,13513.429999999958
2026-01-05 20:50:00,13513.429999999958,13513.429999999958
2026-01-05 21:50:00,13513.429999999958,13513.429999999958
2026-01-05 22:50:00,13513.429999999958,13513.429999999958
2026-01-05 23:50:00,13513.429999999958,13513.429999999958
2026-01-06 01:51:00,13513.429999999958,13513.429999999958
2026-01-06 02:51:00,13513.429999999958,13513.429999999958
2026-01-06 03:51:00,13513.429999999958,13513.429999999958
2026-01-06 04:51:00,13513.429999999958,13513.429999999958
2026-01-06 05:51:00,13513.429999999958,13513.429999999958
2026-01-06 06:51:00,13513.429999999958,13513.429999999958
2026-01-06 07:51:00,13513.429999999958,13513.429999999958
2026-01-06 08:51:00,13513.429999999958,13513.429999999958
2026-01-06 09:51:00,13513.429999999958,13513.429999999958
2026-01-06 10:51:00,13513.429999999958,13513.429999999958
2026-01-06 11:51:00,13513.429999999958,13513.429999999958
2026-01-06 12:51:00,13513.429999999958,13513.429999999958
2026-01-06 13:51:00,13513.429999999958,13513.429999999958
2026-01-06 14:51:00,13513.429999999958,13513.429999999958
2026-01-06 15:51:00,13513.429999999958,13513.429999999958
2026-01-06 16:51:00,13513.429999999958,13513.429999999958
2026-01-06 17:51:00,13443.469999999965,13443.469999999965
2026-01-06 18:51:00,13443.469999999965,13443.469999999965
2026-01-06 19:51:00,13443.469999999965,13443.469999999965
2026-01-06 20:51:00,13443.469999999965,13443.469999999965
2026-01-06 21:51:00,13443.469999999965,13443.469999999965
2026-01-06 22:51:00,13443.469999999965,13443.469999999965
2026-01-06 23:51:00,13443.469999999965,13443.469999999965
2026-01-07 01:52:00,13443.469999999965,13443.469999999965
2026-01-07 02:52:00,13443.469999999965,13443.469999999965
2026-01-07 03:52:00,13443.469999999965,13443.469999999965
2026-01-07 04:52:00,13443.469999999965,13443.469999999965
2026-01-07 05:52:00,13443.469999999965,13443.469999999965
2026-01-07 06:52:00,13443.469999999965,13443.469999999965
2026-01-07 07:52:00,13443.469999999965,13443.469999999965
2026-01-07 08:52:00,13443.469999999965,13443.469999999965
2026-01-07 09:52:00,13443.469999999965,13443.469999999965
2026-01-07 10:52:00,13443.469999999965,13443.469999999965
2026-01-07 11:52:00,13443.469999999965,13443.469999999965
2026-01-07 12:52:00,13443.469999999965,13443.469999999965
2026-01-07 13:52:00,13443.469999999965,13443.469999999965
2026-01-07 14:52:00,13443.469999999965,13443.469999999965
2026-01-07 15:52:00,13443.469999999965,13443.469999999965
2026-01-07 16:52:00,13443.469999999965,13443.469999999965
2026-01-07 17:52:00,13443.469999999965,13443.469999999965
2026-01-07 18:52:00,13443.469999999965,13443.469999999965
2026-01-07 19:52:00,13443.469999999965,13443.469999999965
2026-01-07 20:52:00,13443.469999999965,13443.469999999965
2026-01-07 21:52:00,13443.469999999965,13443.469999999965
2026-01-07 22:52:00,13443.469999999965,13443.469999999965
2026-01-07 23:52:00,13443.469999999965,13443.469999999965
2026-01-08 01:53:00,13443.469999999965,13443.469999999965
2026-01-08 02:53:00,13443.469999999965,13443.469999999965
2026-01-08 03:53:00,13443.469999999965,13443.469999999965
2026-01-08 04:53:00,13443.469999999965,13443.469999999965
2026-01-08 05:53:00,13443.469999999965,13443.469999999965
2026-01-08 06:53:00,13443.469999999965,13443.469999999965
2026-01-08 07:53:00,13443.049999999965,13437.529999999964
2026-01-08 08:53:00,13454.909999999963,13526.459999999966
2026-01-08 09:53:00,13454.909999999963,13515.659999999962
2026-01-08 10:53:00,13454.909999999963,13498.159999999962
2026-01-08 11:53:00,13454.909999999963,13512.709999999966
2026-01-08 12:53:00,13454.909999999963,13513.009999999962
2026-01-08 13:53:00,13454.909999999963,13478.759999999962
2026-01-08 14:53:00,13453.409999999963,13453.409999999963
2026-01-08 15:53:00,13453.409999999963,13453.409999999963
2026-01-08 16:53:00,13453.409999999963,13453.409999999963
2026-01-08 17:53:00,13453.409999999963,13453.409999999963
2026-01-08 18:53:00,13453.409999999963,13453.409999999963
2026-01-08 19:53:00,13453.409999999963,13453.409999999963
2026-01-08 20:53:00,13453.409999999963,13453.409999999963
2026-01-08 21:53:00,13453.409999999963,13453.409999999963
2026-01-08 22:53:00,13453.409999999963,13453.409999999963
2026-01-08 23:53:00,13453.409999999963,13453.409999999963
2026-01-09 01:54:00,13453.409999999963,13453.409999999963
2026-01-09 02:54:00,13453.409999999963,13453.409999999963
2026-01-09 03:54:00,13453.409999999963,13453.409999999963
2026-01-09 04:54:00,13453.409999999963,13453.409999999963
2026-01-09 05:54:00,13453.409999999963,13453.409999999963
2026-01-09 06:54:00,13453.409999999963,13453.409999999963
2026-01-09 07:54:00,13453.409999999963,13453.409999999963
2026-01-09 08:54:00,13453.409999999963,13453.409999999963
2026-01-09 09:54:00,13453.409999999963,13453.409999999963
2026-01-09 10:54:00,13453.409999999963,13453.409999999963
2026-01-09 11:54:00,13453.409999999963,13453.409999999963
2026-01-09 12:54:00,13453.409999999963,13453.409999999963
2026-01-09 13:54:00,13453.409999999963,13453.409999999963
2026-01-09 14:54:00,13453.409999999963,13453.409999999963
2026-01-09 15:54:00,13456.92999999996,13456.92999999996
2026-01-09 16:54:00,13456.92999999996,13456.92999999996
2026-01-09 17:54:00,13456.92999999996,13456.92999999996
2026-01-09 18:54:00,13456.92999999996,13456.92999999996
2026-01-09 19:54:00,13455.80999999996,13445.249999999962
2026-01-09 20:54:00,13554.089999999958,13589.049999999957
2026-01-09 21:54:00,13554.089999999958,13604.96999999996
2026-01-09 22:54:00,13635.96999999996,13635.96999999996
2026-01-09 23:54:00,13635.96999999996,13635.96999999996
2026-01-12 01:55:00,13635.96999999996,13635.96999999996
2026-01-12 02:55:00,13635.96999999996,13635.96999999996
2026-01-12 03:55:00,13635.96999999996,13635.96999999996
2026-01-12 04:55:00,13635.96999999996,13635.96999999996
2026-01-12 05:55:00,13635.96999999996,13635.96999999996
2026-01-12 06:55:00,13635.96999999996,13635.96999999996
2026-01-12 07:55:00,13635.96999999996,13635.96999999996
2026-01-12 08:55:00,13635.96999999996,13635.96999999996
2026-01-12 09:55:00,13635.96999999996,13635.96999999996
2026-01-12 10:55:00,13635.96999999996,13635.96999999996
2026-01-12 11:55:00,13635.96999999996,13635.96999999996
2026-01-12 12:55:00,13635.96999999996,13635.96999999996
2026-01-12 13:55:00,13635.96999999996,13635.96999999996
2026-01-12 14:55:00,13635.96999999996,13635.96999999996
2026-01-12 15:55:00,13635.96999999996,13635.96999999996
2026-01-12 16:55:00,13642.899999999978,13642.899999999978
2026-01-12 17:55:00,13642.899999999978,13642.899999999978
2026-01-12 18:55:00,13642.899999999978,13642.899999999978
2026-01-12 19:55:00,13664.320000000009,13664.320000000009
2026-01-12 20:55:00,13664.320000000009,13664.320000000009
2026-01-12 21:55:00,13664.320000000009,13664.320000000009
2026-01-12 22:55:00,13664.320000000009,13664.320000000009
2026-01-12 23:55:00,13664.320000000009,13664.320000000009
2026-01-13 01:56:00,13664.320000000009,13664.320000000009
2026-01-13 02:56:00,13711.900000000005,13750.660000000005
2026-01-13 03:56:00,13729.48,13729.48
2026-01-13 04:56:00,13729.48,13729.48
2026-01-13 05:56:00,13729.48,13729.48
2026-01-13 06:56:00,13729.48,13729.48
2026-01-13 07:56:00,13729.48,13729.48
2026-01-13 08:56:00,13729.48,13729.48
2026-01-13 09:56:00,13729.48,13729.48
2026-01-13 10:56:00,13729.48,13729.48
2026-01-13 11:56:00,13729.48,13729.48
2026-01-13 12:56:00,13729.48,13729.48
2026-01-13 13:56:00,13729.48,13729.48
2026-01-13 14:56:00,13729.48,13729.48
2026-01-13 15:56:00,13729.48,13729.48
2026-01-13 16:56:00,13729.48,13729.48
2026-01-13 17:56:00,13729.48,13729.48
2026-01-13 18:56:00,13729.48,13729.48
2026-01-13 19:56:00,13729.48,13729.48
2026-01-13 20:56:00,13729.48,13729.48
2026-01-13 21:56:00,13729.48,13729.48
2026-01-13 22:56:00,13729.48,13729.48
2026-01-13 23:56:00,13729.48,13729.48
2026-01-14 01:57:00,13729.48,13729.48
2026-01-14 02:57:00,13729.48,13729.48
2026-01-14 03:57:00,13729.48,13729.48
2026-01-14 04:57:00,13729.48,13729.48
2026-01-14 05:57:00,13729.48,13729.48
2026-01-14 06:57:00,13729.48,13729.48
2026-01-14 07:57:00,13727.8,13676.920000000002
2026-01-14 08:57:00,13739.499999999998,13739.499999999998
2026-01-14 09:57:00,13739.499999999998,13739.499999999998
2026-01-14 10:57:00,13739.499999999998,13739.499999999998
2026-01-14 11:57:00,13739.499999999998,13739.499999999998
2026-01-14 12:57:00,13737.469999999998,13798.660000000014
2026-01-14 13:57:00,13746.970000000016,13746.970000000016
2026-01-14 14:57:00,13746.970000000016,13746.970000000016
2026-01-14 15:57:00,13746.970000000016,13746.970000000016
2026-01-14 16:57:00,13746.970000000016,13746.970000000016
2026-01-14 17:57:00,13746.970000000016,13746.970000000016
2026-01-14 18:57:00,13746.970000000016,13746.970000000016
2026-01-14 19:57:00,13746.970000000016,13746.970000000016
2026-01-14 20:57:00,13746.970000000016,13746.970000000016
2026-01-14 21:57:00,13746.970000000016,13746.970000000016
2026-01-14 22:57:00,13746.970000000016,13746.970000000016
2026-01-14 23:57:00,13746.970000000016,13746.970000000016
2026-01-15 01:58:00,13607.770000000013,13607.770000000013
2026-01-15 02:58:00,13607.770000000013,13607.770000000013
2026-01-15 03:58:00,13607.770000000013,13607.770000000013
2026-01-15 04:58:00,13607.770000000013,13607.770000000013
2026-01-15 05:58:00,13607.770000000013,13607.770000000013
2026-01-15 06:58:00,13607.770000000013,13607.770000000013
2026-01-15 07:58:00,13607.770000000013,13607.770000000013
2026-01-15 08:58:00,13607.770000000013,13607.770000000013
2026-01-15 09:58:00,13607.770000000013,13607.770000000013
2026-01-15 10:58:00,13607.770000000013,13607.770000000013
2026-01-15 11:58:00,13607.770000000013,13607.770000000013
2026-01-15 12:58:00,13607.770000000013,13607.770000000013
2026-01-15 13:58:00,13607.770000000013,13607.770000000013
2026-01-15 14:58:00,13607.770000000013,13607.770000000013
2026-01-15 15:58:00,13607.770000000013,13607.770000000013
2026-01-15 16:58:00,13607.770000000013,13607.770000000013
2026-01-15 17:58:00,13607.770000000013,13607.770000000013
2026-01-15 18:58:00,13607.770000000013,13607.770000000013
2026-01-15 19:58:00,13607.770000000013,13607.770000000013
2026-01-15 20:58:00,13607.770000000013,13607.770000000013
2026-01-15 21:58:00,13607.770000000013,13607.770000000013
2026-01-15 22:58:00,13607.770000000013,13607.770000000013
2026-01-15 23:58:00,13607.770000000013,13607.770000000013
2026-01-16 01:59:00,13607.770000000013,13607.770000000013
2026-01-16 02:59:00,13607.770000000013,13607.770000000013
2026-01-16 03:59:00,13607.770000000013,13607.770000000013
2026-01-16 04:59:00,13607.770000000013,13607.770000000013
2026-01-16 05:59:00,13607.770000000013,13607.770000000013
2026-01-16 06:59:00,13607.770000000013,13607.770000000013
2026-01-16 07:59:00,13607.770000000013,13607.770000000013
2026-01-16 08:59:00,13607.770000000013,13607.770000000013
2026-01-16 09:59:00,13607.770000000013,13607.770000000013
2026-01-16 10:59:00,13607.770000000013,13607.770000000013
2026-01-16 11:59:00,13607.770000000013,13607.770000000013
2026-01-16 12:59:00,13607.770000000013,13607.770000000013
2026-01-16 13:59:00,13607.770000000013,13607.770000000013
2026-01-16 14:59:00,13607.770000000013,13607.770000000013
2026-01-16 15:59:00,13607.770000000013,13607.770000000013
2026-01-16 16:59:00,13607.770000000013,13607.770000000013
2026-01-16 17:59:00,13607.770000000013,13607.770000000013
2026-01-16 18:59:00,13607.770000000013,13607.770000000013
2026-01-16 19:59:00,13607.770000000013,13607.770000000013
2026-01-16 20:59:00,13607.770000000013,13607.770000000013
2026-01-16 21:59:00,13607.770000000013,13607.770000000013
2026-01-16 22:59:00,13607.770000000013,13607.770000000013
2026-01-19 01:00:00,13607.770000000013,13607.770000000013
2026-01-19 02:00:00,13607.770000000013,13607.770000000013
2026-01-19 03:00:00,13607.770000000013,13607.770000000013
2026-01-19 04:00:00,13607.770000000013,13607.770000000013
2026-01-19 05:00:00,13607.420000000015,13666.170000000015
2026-01-19 06:00:00,13607.420000000015,13631.770000000015
2026-01-19 07:00:00,13607.420000000015,13661.820000000014
2026-01-19 08:00:00,13607.420000000015,13688.770000000011
2026-01-19 09:00:00,13607.420000000015,13715.570000000014
2026-01-19 10:00:00,13607.420000000015,13674.370000000012
2026-01-19 11:00:00,13607.420000000015,13654.870000000014
2026-01-19 12:00:00,13607.420000000015,13681.320000000014
2026-01-19 13:00:00,13607.420000000015,13659.170000000013
2026-01-19 14:00:00,13607.420000000015,13650.120000000014
2026-01-19 15:00:00,13607.420000000015,13703.020000000015
2026-01-19 16:00:00,13607.420000000015,13674.970000000016
2026-01-19 17:00:00,13607.420000000015,13678.620000000014
2026-01-19 18:00:00,13607.420000000015,13715.770000000015
2026-01-19 19:00:00,13607.420000000015,13702.920000000013
2026-01-19 20:00:00,13607.420000000015,13716.920000000013
2026-01-19 21:00:00,13607.420000000015,13718.070000000014
2026-01-20 01:06:00,13604.920000000015,13681.320000000014
2026-01-20 02:06:00,13604.920000000015,13666.820000000014
2026-01-20 03:06:00,13604.920000000015,13686.970000000014
2026-01-20 04:06:00,13604.920000000015,13691.370000000014
2026-01-20 05:06:00,13604.920000000015,13673.270000000015
2026-01-20 06:06:00,13604.920000000015,13745.670000000013
2026-01-20 07:06:00,13604.920000000015,13840.220000000012
2026-01-20 08:06:00,13718.160000000014,13907.670000000015
2026-01-20 09:06:00,13718.160000000014,13898.220000000012
2026-01-20 10:06:00,13718.160000000014,13916.100000000013
2026-01-20 11:06:00,13718.160000000014,13950.810000000016
2026-01-20 12:06:00,13718.160000000014,13953.300000000014
2026-01-20 13:06:00,13716.760000000015,13807.860000000011
2026-01-20 14:06:00,13577.56000000001,13814.44000000001
2026-01-20 15:06:00,13577.56000000001,13792.150000000009
2026-01-20 16:06:00,13577.56000000001,13822.180000000011
2026-01-20 17:06:00,13577.56000000001,13849.81000000001
2026-01-20 18:06:00,13590.370000000006,13827.220000000005
2026-01-20 19:06:00,13590.370000000006,13877.050000000005
2026-01-20 20:06:00,13590.370000000006,13915.300000000005
2026-01-20 21:06:00,13590.370000000006,13907.830000000005
2026-01-20 22:06:00,13590.370000000006,13899.670000000006
2026-01-20 23:06:00,13590.370000000006,13908.760000000006
2026-01-21 01:07:00,13585.870000000006,13910.050000000005
2026-01-21 02:07:00,13585.870000000006,13949.230000000007
2026-01-21 03:07:00,14010.520000000006,14010.520000000006
2026-01-21 04:07:00,14010.520000000006,14010.520000000006
2026-01-21 05:07:00,14010.520000000006,14010.520000000006
2026-01-21 06:07:00,14010.520000000006,14010.520000000006
2026-01-21 07:07:00,14010.520000000006,14010.520000000006
2026-01-21 08:07:00,14010.520000000006,14010.520000000006
2026-01-21 09:07:00,13939.280000000008,13939.280000000008
2026-01-21 10:07:00,13939.280000000008,13939.280000000008
2026-01-21 11:07:00,13939.280000000008,13939.280000000008
2026-01-21 12:07:00,13939.280000000008,13939.280000000008
2026-01-21 13:07:00,13939.280000000008,13939.280000000008
2026-01-21 14:07:00,13939.280000000008,13939.280000000008
2026-01-21 15:07:00,13939.280000000008,13939.280000000008
2026-01-21 16:07:00,13939.280000000008,13939.280000000008
2026-01-21 17:07:00,13939.280000000008,13939.280000000008
2026-01-21 18:07:00,14024.570000000007,14217.01000000001
2026-01-21 19:07:00,14065.680000000006,14065.680000000006
2026-01-21 20:07:00,14129.350000000002,14213.670000000002
2026-01-21 21:07:00,14269.450000000003,14269.450000000003
2026-01-21 22:07:00,14269.450000000003,14269.450000000003
2026-01-21 23:07:00,14269.450000000003,14269.450000000003
2026-01-22 01:08:00,14269.450000000003,14269.450000000003
2026-01-22 02:08:00,14269.450000000003,14269.450000000003
2026-01-22 03:08:00,14269.450000000003,14269.450000000003
2026-01-22 04:08:00,14269.450000000003,14269.450000000003
2026-01-22 05:08:00,14269.450000000003,14269.450000000003
2026-01-22 06:08:00,14269.450000000003,14269.450000000003
2026-01-22 07:08:00,14269.450000000003,14269.450000000003
2026-01-22 08:08:00,14268.960000000003,14243.059999999998
2026-01-22 09:08:00,14268.960000000003,14171.309999999998
2026-01-22 10:08:00,14140.999999999998,14140.999999999998
2026-01-22 11:08:00,14140.999999999998,14140.999999999998
2026-01-22 12:08:00,14190.48,14295.980000000001
2026-01-22 13:08:00,14270.42,14454.0
2026-01-22 14:08:00,14327.810000000001,14425.490000000002
2026-01-22 15:08:00,14516.240000000002,14566.289999999994
2026-01-22 16:08:00,14537.909999999994,14537.909999999994
2026-01-22 17:08:00,14537.909999999994,14537.909999999994
2026-01-22 18:08:00,14537.909999999994,14537.909999999994
2026-01-22 19:08:00,14537.909999999994,14537.909999999994
2026-01-22 20:08:00,14537.909999999994,14537.909999999994
2026-01-22 21:08:00,14537.909999999994,14537.909999999994
2026-01-22 22:08:00,14537.909999999994,14537.909999999994
2026-01-22 23:08:00,14552.409999999993,14628.14999999999
2026-01-23 01:09:00,14749.40999999999,14749.40999999999
2026-01-23 02:09:00,14749.40999999999,14749.40999999999
2026-01-23 03:09:00,14748.359999999991,14766.509999999991
2026-01-23 04:09:00,14762.18999999999,14762.18999999999
2026-01-23 05:09:00,14762.18999999999,14762.18999999999
2026-01-23 06:09:00,14762.18999999999,14762.18999999999
2026-01-23 07:09:00,14762.18999999999,14762.18999999999
2026-01-23 08:09:00,14762.18999999999,14762.18999999999
2026-01-23 09:09:00,14762.18999999999,14762.18999999999
2026-01-23 10:09:00,14762.18999999999,14762.18999999999
2026-01-23 11:09:00,14762.18999999999,14762.18999999999
2026-01-23 12:09:00,14762.18999999999,14762.18999999999
2026-01-23 13:09:00,14762.18999999999,14762.18999999999
2026-01-23 14:09:00,14762.18999999999,14762.18999999999
2026-01-23 15:09:00,14762.18999999999,14762.18999999999
2026-01-23 16:09:00,14762.18999999999,14762.18999999999
2026-01-23 17:09:00,14762.18999999999,14762.18999999999
2026-01-23 18:09:00,14762.18999999999,14762.18999999999
2026-01-23 19:09:00,14762.18999999999,14762.18999999999
2026-01-23 20:09:00,14782.829999999987,14855.42999999999
2026-01-23 21:09:00,14823.949999999986,14823.949999999986
2026-01-23 22:09:00,14823.949999999986,14823.949999999986
2026-01-23 23:09:00,14823.949999999986,14823.949999999986
2026-01-26 01:10:00,14823.949999999986,14823.949999999986
2026-01-26 02:10:00,14823.949999999986,14823.949999999986
2026-01-26 03:10:00,14823.949999999986,14823.949999999986
2026-01-26 04:10:00,14823.949999999986,14823.949999999986
2026-01-26 05:10:00,14823.949999999986,14823.949999999986
2026-01-26 06:10:00,14823.949999999986,14823.949999999986
2026-01-26 07:10:00,14842.609999999982,14842.609999999982
2026-01-26 08:10:00,14842.609999999982,14842.609999999982
2026-01-26 09:10:00,14842.609999999982,14842.609999999982
2026-01-26 10:10:00,14842.609999999982,14842.609999999982
2026-01-26 11:10:00,14842.609999999982,14842.609999999982
2026-01-26 12:10:00,14842.609999999982,14842.609999999982
2026-01-26 13:10:00,14841.279999999982,14842.039999999983
2026-01-26 14:10:00,14893.41999999998,14893.41999999998
2026-01-26 15:10:00,14893.41999999998,14893.41999999998
2026-01-26 16:10:00,14893.41999999998,14893.41999999998
2026-01-26 17:10:00,14893.41999999998,14893.41999999998
2026-01-26 18:10:00,14893.41999999998,14893.41999999998
2026-01-26 19:10:00,14893.41999999998,14893.41999999998
2026-01-26 20:10:00,14893.41999999998,14893.41999999998
2026-01-26 21:10:00,14982.839999999978,15207.959999999977
2026-01-26 22:10:00,14978.639999999974,14978.639999999974
2026-01-26 23:10:00,14978.639999999974,14978.639999999974
2026-01-27 01:11:00,14978.639999999974,14978.639999999974
2026-01-27 02:11:00,14978.639999999974,14978.639999999974
2026-01-27 03:11:00,14837.239999999976,14837.239999999976
2026-01-27 04:11:00,14836.679999999977,14955.319999999976
2026-01-27 05:11:00,14869.939999999977,14965.939999999977
2026-01-27 06:11:00,14869.939999999977,14998.399999999976
2026-01-27 07:11:00,14869.939999999977,14916.379999999976
2026-01-27 08:11:00,14936.459999999977,15046.179999999978
2026-01-27 09:11:00,14936.459999999977,15096.099999999977
2026-01-27 10:11:00,14936.459999999977,15060.579999999976
2026-01-27 11:11:00,14936.459999999977,15067.379999999976
2026-01-27 12:11:00,14936.459999999977,15097.899999999976
2026-01-27 13:11:00,14936.459999999977,15075.819999999978
2026-01-27 14:11:00,15024.16999999998,15340.229999999972
2026-01-27 15:11:00,15143.939999999977,15448.37999999997
2026-01-27 16:11:00,15140.939999999975,15191.179999999973
2026-01-27 17:11:00,15139.739999999974,15139.739999999974
2026-01-27 18:11:00,15139.739999999974,15139.739999999974
2026-01-27 19:11:00,15139.739999999974,15139.739999999974
2026-01-27 20:11:00,15139.739999999974,15139.739999999974
2026-01-27 21:11:00,15139.739999999974,15139.739999999974
2026-01-27 22:11:00,15139.739999999974,15139.739999999974
2026-01-27 23:11:00,15139.739999999974,15139.739999999974
2026-01-28 01:12:00,15139.739999999974,15139.739999999974
2026-01-28 02:12:00,15139.739999999974,15139.739999999974
2026-01-28 03:12:00,15139.739999999974,15139.739999999974
2026-01-28 04:12:00,15139.739999999974,15139.739999999974
2026-01-28 05:12:00,15139.739999999974,15139.739999999974
2026-01-28 06:12:00,15139.739999999974,15139.739999999974
2026-01-28 07:12:00,15139.739999999974,15139.739999999974
2026-01-28 08:12:00,15139.739999999974,15139.739999999974
2026-01-28 09:12:00,15139.739999999974,15139.739999999974
2026-01-28 10:12:00,15139.739999999974,15139.739999999974
2026-01-28 11:12:00,15139.739999999974,15139.739999999974
2026-01-28 12:12:00,15139.739999999974,15139.739999999974
2026-01-28 13:12:00,15139.739999999974,15139.739999999974
2026-01-28 14:12:00,15139.739999999974,15139.739999999974
2026-01-28 15:12:00,15139.739999999974,15139.739999999974
2026-01-28 16:12:00,15139.739999999974,15139.739999999974
2026-01-28 17:12:00,14987.899999999972,14987.899999999972
2026-01-28 18:12:00,14987.899999999972,14987.899999999972
2026-01-28 19:12:00,14987.899999999972,14987.899999999972
2026-01-28 20:12:00,14987.899999999972,14987.899999999972
2026-01-28 21:12:00,14987.899999999972,14987.899999999972
2026-01-28 22:12:00,14987.899999999972,14987.899999999972
2026-01-28 23:12:00,14987.899999999972,14987.899999999972
2026-01-29 01:13:00,14987.899999999972,14987.899999999972
2026-01-29 02:13:00,14987.899999999972,14987.899999999972
2026-01-29 03:13:00,14987.899999999972,14987.899999999972
2026-01-29 04:13:00,14987.899999999972,14987.899999999972
2026-01-29 05:13:00,14987.899999999972,14987.899999999972
2026-01-29 06:13:00,14987.899999999972,14987.899999999972
2026-01-29 07:13:00,14987.899999999972,14987.899999999972
2026-01-29 08:13:00,14987.899999999972,14987.899999999972
2026-01-29 09:13:00,14987.899999999972,14987.899999999972
2026-01-29 10:13:00,14987.899999999972,14987.899999999972
2026-01-29 11:13:00,14920.249999999973,14920.249999999973
2026-01-29 12:13:00,14920.249999999973,14920.249999999973
2026-01-29 13:13:00,14920.249999999973,14920.249999999973
2026-01-29 14:13:00,14920.249999999973,14920.249999999973
2026-01-29 15:13:00,14920.249999999973,14920.249999999973
2026-01-29 16:13:00,14920.249999999973,14920.249999999973
2026-01-29 17:13:00,14920.249999999973,14920.249999999973
2026-01-29 18:13:00,14920.249999999973,14920.249999999973
2026-01-29 19:13:00,14920.249999999973,14920.249999999973
2026-01-29 20:13:00,14880.529999999973,14880.529999999973
2026-01-29 21:13:00,14880.529999999973,14880.529999999973
2026-01-29 22:13:00,14880.529999999973,14880.529999999973
2026-01-29 23:13:00,14880.529999999973,14880.529999999973
2026-01-30 01:14:00,14985.049999999976,15147.219999999974
2026-01-30 02:14:00,14985.049999999976,15170.769999999975
2026-01-30 03:14:00,15063.529999999977,15181.829999999976
2026-01-30 04:14:00,15063.529999999977,15278.339999999976
2026-01-30 05:14:00,15063.459999999977,15341.889999999978
2026-01-30 06:14:00,15063.459999999977,15276.429999999977
2026-01-30 07:14:00,15063.459999999977,15256.209999999977
2026-01-30 08:14:00,15063.459999999977,15322.549999999977
2026-01-30 09:14:00,15063.459999999977,15358.429999999975
2026-01-30 10:14:00,15063.459999999977,15412.969999999976
2026-01-30 11:14:00,15380.979999999978,15565.489999999976
2026-01-30 12:14:00,15380.979999999978,15555.529999999977
2026-01-30 13:14:00,15380.979999999978,15474.069999999978
2026-01-30 14:14:00,15380.979999999978,15465.389999999978
2026-01-30 15:14:00,15380.979999999978,15518.319999999978
2026-01-30 16:14:00,15380.979999999978,15541.029999999977
2026-01-30 17:14:00,15380.979999999978,15566.369999999977
2026-01-30 18:14:00,15380.979999999978,15563.709999999977
2026-01-30 19:14:00,15654.199999999977,15654.199999999977
2026-01-30 20:14:00,15654.199999999977,15654.199999999977
2026-01-30 21:14:00,15654.199999999977,15654.199999999977
2026-01-30 22:14:00,15654.199999999977,15654.199999999977
2026-01-30 23:14:00,15654.199999999977,15654.199999999977
2026-02-02 01:15:00,15654.059999999978,15619.979999999978
2026-02-02 02:15:00,15721.669999999978,15735.659999999978
2026-02-02 03:15:00,15721.369999999977,16001.229999999976
2026-02-02 04:15:00,15721.369999999977,15873.069999999976
2026-02-02 05:15:00,15721.369999999977,15994.009999999977
2026-02-02 06:15:00,15721.369999999977,15997.729999999978
2026-02-02 07:15:00,15721.369999999977,16025.049999999977
2026-02-02 08:15:00,15721.369999999977,16253.869999999977
2026-02-02 09:15:00,16507.029999999977,16507.029999999977
2026-02-02 10:15:00,16507.029999999977,16507.029999999977
2026-02-02 11:15:00,16507.029999999977,16507.029999999977
2026-02-02 12:15:00,16507.029999999977,16507.029999999977
2026-02-02 13:15:00,16507.029999999977,16507.029999999977
2026-02-02 14:15:00,16507.029999999977,16507.029999999977
2026-02-02 15:15:00,16507.029999999977,16507.029999999977
2026-02-02 16:15:00,16507.029999999977,16507.029999999977
2026-02-02 17:15:00,16507.029999999977,16507.029999999977
2026-02-02 18:15:00,16507.029999999977,16507.029999999977
2026-02-02 19:15:00,16507.029999999977,16507.029999999977
2026-02-02 20:15:00,16507.029999999977,16507.029999999977
2026-02-02 21:15:00,16507.029999999977,16507.029999999977
2026-02-02 22:15:00,16507.029999999977,16507.029999999977
2026-02-02 23:15:00,16507.029999999977,16507.029999999977
2026-02-03 01:16:00,16507.029999999977,16507.029999999977
2026-02-03 02:16:00,16507.029999999977,16507.029999999977
2026-02-03 03:16:00,16507.029999999977,16507.029999999977
2026-02-03 04:16:00,16507.029999999977,16507.029999999977
2026-02-03 05:16:00,16507.029999999977,16507.029999999977
2026-02-03 06:16:00,16507.029999999977,16507.029999999977
2026-02-03 07:16:00,16507.029999999977,16507.029999999977
2026-02-03 08:16:00,16507.029999999977,16507.029999999977
2026-02-03 09:16:00,16507.029999999977,16507.029999999977
2026-02-03 10:16:00,16507.029999999977,16507.029999999977
2026-02-03 11:16:00,16507.029999999977,16507.029999999977
2026-02-03 12:16:00,16507.029999999977,16507.029999999977
2026-02-03 13:16:00,16507.029999999977,16507.029999999977
2026-02-03 14:16:00,16507.029999999977,16507.029999999977
2026-02-03 15:16:00,16507.029999999977,16507.029999999977
2026-02-03 16:16:00,16507.029999999977,16507.029999999977
2026-02-03 17:16:00,16507.029999999977,16507.029999999977
2026-02-03 18:16:00,16507.029999999977,16507.029999999977
2026-02-03 19:16:00,16507.029999999977,16507.029999999977
2026-02-03 20:16:00,16507.029999999977,16507.029999999977
2026-02-03 21:16:00,16507.029999999977,16507.029999999977
2026-02-03 22:16:00,16507.029999999977,16507.029999999977
2026-02-03 23:16:00,16507.029999999977,16507.029999999977
2026-02-04 01:17:00,16507.029999999977,16507.029999999977
2026-02-04 02:17:00,16507.029999999977,16507.029999999977
2026-02-04 03:17:00,16507.029999999977,16507.029999999977
2026-02-04 04:17:00,16507.029999999977,16507.029999999977
2026-02-04 05:17:00,16507.029999999977,16507.029999999977
2026-02-04 06:17:00,16507.029999999977,16507.029999999977
2026-02-04 07:17:00,16507.029999999977,16507.029999999977
2026-02-04 08:17:00,16507.029999999977,16507.029999999977
2026-02-04 09:17:00,16507.029999999977,16507.029999999977
2026-02-04 10:17:00,16507.029999999977,16507.029999999977
2026-02-04 11:17:00,16507.029999999977,16507.029999999977
2026-02-04 12:17:00,16507.029999999977,16507.029999999977
2026-02-04 13:17:00,16507.029999999977,16507.029999999977
2026-02-04 14:17:00,16507.029999999977,16507.029999999977
2026-02-04 15:17:00,16507.029999999977,16507.029999999977
2026-02-04 16:17:00,16507.029999999977,16507.029999999977
2026-02-04 17:17:00,16507.029999999977,16507.029999999977
2026-02-04 18:17:00,16507.029999999977,16507.029999999977
2026-02-04 19:17:00,16507.029999999977,16507.029999999977
2026-02-04 20:17:00,16507.029999999977,16507.029999999977
2026-02-04 21:17:00,16507.029999999977,16507.029999999977
2026-02-04 22:17:00,16507.029999999977,16507.029999999977
2026-02-04 23:17:00,16507.029999999977,16507.029999999977
2026-02-05 01:18:00,16507.029999999977,16507.029999999977
2026-02-05 02:18:00,16507.029999999977,16507.029999999977
2026-02-05 03:18:00,16507.029999999977,16507.029999999977
2026-02-05 04:18:00,16507.029999999977,16507.029999999977
2026-02-05 05:18:00,16507.029999999977,16507.029999999977
2026-02-05 06:18:00,16507.029999999977,16507.029999999977
2026-02-05 07:18:00,16507.029999999977,16507.029999999977
2026-02-05 08:18:00,16507.029999999977,16507.029999999977
2026-02-05 09:18:00,16507.029999999977,16507.029999999977
2026-02-05 10:18:00,16507.029999999977,16507.029999999977
2026-02-05 11:18:00,16507.029999999977,16507.029999999977
2026-02-05 12:18:00,16507.029999999977,16507.029999999977
2026-02-05 13:18:00,16507.029999999977,16507.029999999977
2026-02-05 14:18:00,16507.029999999977,16507.029999999977
2026-02-05 15:18:00,16507.029999999977,16507.029999999977
2026-02-05 16:18:00,16507.029999999977,16507.029999999977
2026-02-05 17:18:00,16507.029999999977,16507.029999999977
2026-02-05 18:18:00,16507.029999999977,16507.029999999977
2026-02-05 19:18:00,16507.029999999977,16507.029999999977
2026-02-05 20:18:00,16507.029999999977,16507.029999999977
2026-02-05 21:18:00,16507.029999999977,16507.029999999977
2026-02-05 22:18:00,16507.029999999977,16507.029999999977
2026-02-05 23:18:00,16507.029999999977,16507.029999999977
2026-02-06 01:19:00,16507.029999999977,16507.029999999977
2026-02-06 02:19:00,16507.029999999977,16507.029999999977
2026-02-06 03:19:00,16507.029999999977,16507.029999999977
2026-02-06 04:19:00,16507.029999999977,16507.029999999977
2026-02-06 05:19:00,16507.029999999977,16507.029999999977
2026-02-06 06:19:00,16507.029999999977,16507.029999999977
2026-02-06 07:19:00,16507.029999999977,16507.029999999977
2026-02-06 08:19:00,16507.029999999977,16507.029999999977
2026-02-06 09:19:00,16507.029999999977,16507.029999999977
2026-02-06 10:19:00,16507.029999999977,16507.029999999977
2026-02-06 11:19:00,16507.029999999977,16507.029999999977
2026-02-06 12:19:00,16507.029999999977,16507.029999999977
2026-02-06 13:19:00,16507.029999999977,16507.029999999977
2026-02-06 14:19:00,16507.029999999977,16507.029999999977
2026-02-06 15:19:00,16507.029999999977,16507.029999999977
2026-02-06 16:19:00,16507.029999999977,16507.029999999977
2026-02-06 17:19:00,16506.749999999978,16500.269999999975
2026-02-06 18:19:00,16506.749999999978,16514.709999999977
2026-02-06 19:19:00,16527.39999999998,16527.39999999998
2026-02-06 20:19:00,16527.39999999998,16527.39999999998
2026-02-06 21:19:00,16527.39999999998,16527.39999999998
2026-02-06 22:19:00,16527.39999999998,16527.39999999998
2026-02-06 23:19:00,16527.39999999998,16527.39999999998
2026-02-09 01:20:00,16527.39999999998,16527.39999999998
2026-02-09 02:20:00,16527.39999999998,16527.39999999998
2026-02-09 03:20:00,16555.209999999977,16555.209999999977
2026-02-09 04:20:00,16555.209999999977,16555.209999999977
2026-02-09 05:20:00,16555.209999999977,16555.209999999977
2026-02-09 06:20:00,16555.209999999977,16555.209999999977
2026-02-09 07:20:00,16555.209999999977,16555.209999999977
2026-02-09 08:20:00,16555.209999999977,16555.209999999977
2026-02-09 09:20:00,16555.209999999977,16555.209999999977
2026-02-09 10:20:00,16555.209999999977,16555.209999999977
2026-02-09 11:20:00,16555.209999999977,16555.209999999977
2026-02-09 12:20:00,16555.209999999977,16555.209999999977
2026-02-09 13:20:00,16555.209999999977,16555.209999999977
2026-02-09 14:20:00,16555.209999999977,16555.209999999977
2026-02-09 15:20:00,16555.209999999977,16555.209999999977
2026-02-09 16:20:00,16555.209999999977,16555.209999999977
2026-02-09 17:20:00,16555.209999999977,16555.209999999977
2026-02-09 18:20:00,16555.209999999977,16555.209999999977
2026-02-09 19:20:00,16555.209999999977,16555.209999999977
2026-02-09 20:20:00,16570.81999999997,16567.309999999976
2026-02-09 21:20:00,16590.91999999997,16696.12999999997
2026-02-09 22:20:00,16631.11999999997,16773.56999999997
2026-02-09 23:20:00,16631.11999999997,16689.81999999997
2026-02-10 01:21:00,16629.619999999966,16629.619999999966
2026-02-10 02:21:00,16628.989999999965,16662.91999999997
2026-02-10 03:21:00,16692.709999999966,16777.059999999965
2026-02-10 04:21:00,16691.209999999963,16691.209999999963
2026-02-10 05:21:00,16691.209999999963,16691.209999999963
2026-02-10 06:21:00,16691.209999999963,16691.209999999963
2026-02-10 07:21:00,16691.209999999963,16691.209999999963
2026-02-10 08:21:00,16691.209999999963,16691.209999999963
2026-02-10 09:21:00,16691.209999999963,16691.209999999963
2026-02-10 10:21:00,16691.209999999963,16691.209999999963
2026-02-10 11:21:00,16691.209999999963,16691.209999999963
2026-02-10 12:21:00,16691.209999999963,16691.209999999963
2026-02-10 13:21:00,16691.209999999963,16691.209999999963
2026-02-10 14:21:00,16691.209999999963,16691.209999999963
2026-02-10 15:21:00,16691.209999999963,16691.209999999963
2026-02-10 16:21:00,16691.209999999963,16691.209999999963
2026-02-10 17:21:00,16691.209999999963,16691.209999999963
2026-02-10 18:21:00,16691.209999999963,16691.209999999963
2026-02-10 19:21:00,16691.209999999963,16691.209999999963
2026-02-10 20:21:00,16691.209999999963,16691.209999999963
2026-02-10 21:21:00,16691.209999999963,16691.209999999963
2026-02-10 22:21:00,16691.209999999963,16691.209999999963
2026-02-10 23:21:00,16691.209999999963,16691.209999999963
2026-02-11 01:22:00,16691.209999999963,16691.209999999963
2026-02-11 02:22:00,16691.209999999963,16691.209999999963
2026-02-11 03:22:00,16691.209999999963,16691.209999999963
2026-02-11 04:22:00,16691.209999999963,16691.209999999963
2026-02-11 05:22:00,16691.209999999963,16691.209999999963
2026-02-11 06:22:00,16691.209999999963,16691.209999999963
2026-02-11 07:22:00,16691.209999999963,16691.209999999963
2026-02-11 08:22:00,16691.209999999963,16691.209999999963
2026-02-11 09:22:00,16691.209999999963,16691.209999999963
2026-02-11 10:22:00,16691.209999999963,16691.209999999963
2026-02-11 11:22:00,16691.209999999963,16691.209999999963
2026-02-11 12:22:00,16691.209999999963,16691.209999999963
2026-02-11 13:22:00,16691.209999999963,16691.209999999963
2026-02-11 14:22:00,16691.209999999963,16691.209999999963
2026-02-11 15:22:00,16691.209999999963,16691.209999999963
2026-02-11 16:22:00,16691.209999999963,16691.209999999963
2026-02-11 17:22:00,16691.209999999963,16691.209999999963
2026-02-11 18:22:00,16691.209999999963,16691.209999999963
2026-02-11 19:22:00,16691.209999999963,16691.209999999963
2026-02-11 20:22:00,16691.209999999963,16691.209999999963
2026-02-11 21:22:00,16691.209999999963,16691.209999999963
2026-02-11 22:22:00,16691.209999999963,16691.209999999963
2026-02-11 23:22:00,16691.209999999963,16691.209999999963
2026-02-12 01:23:00,16691.209999999963,16691.209999999963
2026-02-12 02:23:00,16691.209999999963,16691.209999999963
2026-02-12 03:23:00,16691.209999999963,16691.209999999963
2026-02-12 04:23:00,16691.209999999963,16691.209999999963
2026-02-12 05:23:00,16691.209999999963,16691.209999999963
2026-02-12 06:23:00,16691.209999999963,16691.209999999963
2026-02-12 07:23:00,16691.209999999963,16691.209999999963
2026-02-12 08:23:00,16691.209999999963,16691.209999999963
2026-02-12 09:23:00,16691.209999999963,16691.209999999963
2026-02-12 10:23:00,16691.209999999963,16691.209999999963
2026-02-12 11:23:00,16691.209999999963,16691.209999999963
2026-02-12 12:23:00,16706.969999999965,16810.889999999963
2026-02-12 13:23:00,16739.909999999967,16839.02999999997
2026-02-12 14:23:00,16739.909999999967,16839.809999999965
2026-02-12 15:23:00,16807.889999999967,16807.889999999967
2026-02-12 16:23:00,16807.889999999967,16807.889999999967
2026-02-12 17:23:00,16807.889999999967,16807.889999999967
2026-02-12 18:23:00,16807.889999999967,16807.889999999967
2026-02-12 19:23:00,16807.889999999967,16807.889999999967
2026-02-12 20:23:00,16807.889999999967,16807.889999999967
2026-02-12 21:23:00,16807.889999999967,16807.889999999967
2026-02-12 22:23:00,16807.889999999967,16807.889999999967
2026-02-12 23:23:00,16807.889999999967,16807.889999999967
2026-02-13 01:24:00,16807.889999999967,16807.889999999967
2026-02-13 02:24:00,16807.889999999967,16807.889999999967
2026-02-13 03:24:00,16807.889999999967,16807.889999999967
2026-02-13 04:24:00,16807.749999999967,16805.789999999964
2026-02-13 05:24:00,16807.749999999967,16820.849999999966
2026-02-13 06:24:00,16807.749999999967,16794.289999999964
2026-02-13 07:24:00,16807.749999999967,16807.769999999968
2026-02-13 08:24:00,16807.32999999997,16820.449999999968
2026-02-13 09:24:00,16819.60999999997,16872.48999999997
2026-02-13 10:24:00,16844.169999999973,16916.88999999997
2026-02-13 11:24:00,16844.169999999973,16916.489999999972
2026-02-13 12:24:00,16872.449999999975,16896.189999999973
2026-02-13 13:24:00,16872.449999999975,16958.409999999974
2026-02-13 14:24:00,16872.449999999975,16894.629999999976
2026-02-13 15:24:00,16872.449999999975,16897.969999999972
2026-02-13 16:24:00,16872.449999999975,16834.269999999975
2026-02-13 17:24:00,16872.449999999975,16832.629999999976
2026-02-13 18:24:00,16883.649999999972,16959.489999999976
2026-02-13 19:24:00,16942.06999999997,16981.029999999973
2026-02-13 20:24:00,16942.06999999997,17009.98999999997
2026-02-13 21:24:00,16825.909999999967,17051.349999999966
2026-02-13 22:24:00,16825.909999999967,16999.82999999997
2026-02-13 23:24:00,16825.909999999967,17001.82999999997
2026-02-16 01:25:00,17347.68999999997,17347.68999999997
2026-02-16 02:25:00,17347.68999999997,17347.68999999997
2026-02-16 03:25:00,17347.68999999997,17347.68999999997
2026-02-16 04:25:00,17347.68999999997,17347.68999999997
2026-02-16 05:25:00,17347.68999999997,17347.68999999997
2026-02-16 06:25:00,17347.68999999997,17347.68999999997
2026-02-16 07:25:00,17347.68999999997,17347.68999999997
2026-02-16 08:25:00,17347.68999999997,17347.68999999997
2026-02-16 09:25:00,17347.68999999997,17347.68999999997
2026-02-16 10:25:00,17451.239999999965,17483.369999999966
2026-02-16 11:25:00,17467.479999999963,17467.479999999963
2026-02-16 12:25:00,17467.479999999963,17467.479999999963
2026-02-16 13:25:00,17467.479999999963,17467.479999999963
2026-02-16 14:25:00,17467.479999999963,17467.479999999963
2026-02-16 15:25:00,17467.479999999963,17467.479999999963
2026-02-16 16:25:00,17467.479999999963,17467.479999999963
2026-02-16 17:25:00,17465.379999999965,17552.979999999938
2026-02-16 18:25:00,17492.559999999954,17492.559999999954
2026-02-16 19:25:00,17492.559999999954,17492.559999999954
2026-02-16 20:25:00,17492.559999999954,17492.559999999954
2026-02-16 21:25:00,17492.559999999954,17492.559999999954
2026-02-17 01:54:00,17492.559999999954,17492.559999999954
2026-02-17 02:54:00,17492.559999999954,17492.559999999954
2026-02-17 03:54:00,17492.559999999954,17492.559999999954
2026-02-17 04:54:00,17492.559999999954,17492.559999999954
2026-02-17 05:54:00,17492.559999999954,17492.559999999954
2026-02-17 06:54:00,17492.559999999954,17492.559999999954
2026-02-17 07:54:00,17492.559999999954,17492.559999999954
2026-02-17 08:54:00,17492.559999999954,17492.559999999954
2026-02-17 09:54:00,17492.559999999954,17492.559999999954
2026-02-17 10:54:00,17492.559999999954,17492.559999999954
2026-02-17 11:54:00,17492.559999999954,17492.559999999954
2026-02-17 12:54:00,17492.559999999954,17492.559999999954
2026-02-17 13:54:00,17492.559999999954,17492.559999999954
2026-02-17 14:54:00,17492.559999999954,17492.559999999954
2026-02-17 15:54:00,17492.559999999954,17492.559999999954
2026-02-17 16:54:00,17492.559999999954,17492.559999999954
2026-02-17 17:54:00,17492.559999999954,17492.559999999954
2026-02-17 18:54:00,17492.559999999954,17492.559999999954
2026-02-17 19:54:00,17492.559999999954,17492.559999999954
2026-02-17 20:54:00,17492.559999999954,17492.559999999954
2026-02-17 21:54:00,17492.559999999954,17492.559999999954
2026-02-17 22:54:00,17492.559999999954,17492.559999999954
2026-02-17 23:54:00,17492.559999999954,17492.559999999954
2026-02-18 01:55:00,17492.559999999954,17492.559999999954
2026-02-18 02:55:00,17492.559999999954,17492.559999999954
2026-02-18 03:55:00,17492.559999999954,17492.559999999954
2026-02-18 04:55:00,17492.559999999954,17492.559999999954
2026-02-18 05:55:00,17492.559999999954,17492.559999999954
2026-02-18 06:55:00,17492.559999999954,17492.559999999954
2026-02-18 07:55:00,17492.559999999954,17492.559999999954
2026-02-18 08:55:00,17492.559999999954,17492.559999999954
2026-02-18 09:55:00,17492.559999999954,17492.559999999954
2026-02-18 10:55:00,17492.559999999954,17492.559999999954
2026-02-18 11:55:00,17492.559999999954,17492.559999999954
2026-02-18 12:55:00,17492.559999999954,17492.559999999954
2026-02-18 13:55:00,17492.559999999954,17492.559999999954
2026-02-18 14:55:00,17492.559999999954,17492.559999999954
2026-02-18 15:55:00,17492.559999999954,17492.559999999954
2026-02-18 16:55:00,17492.559999999954,17492.559999999954
2026-02-18 17:55:00,17492.559999999954,17492.559999999954
2026-02-18 18:55:00,17492.559999999954,17492.559999999954
2026-02-18 19:55:00,17492.559999999954,17492.559999999954
2026-02-18 20:55:00,17492.559999999954,17492.559999999954
2026-02-18 21:55:00,17491.789999999954,17513.12999999996
2026-02-18 22:55:00,17507.009999999955,17527.979999999952
2026-02-18 23:55:00,17504.30999999996,17504.30999999996
2026-02-19 01:56:00,17504.30999999996,17504.30999999996
2026-02-19 02:56:00,17504.30999999996,17504.30999999996
2026-02-19 03:56:00,17504.30999999996,17504.30999999996
2026-02-19 04:56:00,17504.30999999996,17504.30999999996
2026-02-19 05:56:00,17504.30999999996,17504.30999999996
2026-02-19 06:56:00,17504.30999999996,17504.30999999996
2026-02-19 07:56:00,17504.30999999996,17504.30999999996
2026-02-19 08:56:00,17504.30999999996,17504.30999999996
2026-02-19 09:56:00,17502.139999999963,17390.229999999945
2026-02-19 10:56:00,17321.40999999996,17321.40999999996
2026-02-19 11:56:00,17321.40999999996,17321.40999999996
2026-02-19 12:56:00,17321.40999999996,17321.40999999996
2026-02-19 13:56:00,17321.40999999996,17321.40999999996
2026-02-19 14:56:00,17321.40999999996,17321.40999999996
2026-02-19 15:56:00,17321.40999999996,17321.40999999996
2026-02-19 16:56:00,17321.40999999996,17321.40999999996
2026-02-19 17:56:00,17321.40999999996,17321.40999999996
2026-02-19 18:56:00,17561.279999999962,17561.279999999962
2026-02-19 19:56:00,17561.279999999962,17561.279999999962
2026-02-19 20:56:00,17561.279999999962,17561.279999999962
2026-02-19 21:56:00,17561.279999999962,17561.279999999962
2026-02-19 22:56:00,17561.279999999962,17561.279999999962
2026-02-19 23:56:00,17561.279999999962,17561.279999999962
2026-02-20 01:57:00,17561.279999999962,17561.279999999962
2026-02-20 02:57:00,17561.279999999962,17561.279999999962
2026-02-20 03:57:00,17561.279999999962,17561.279999999962
2026-02-20 04:57:00,17561.279999999962,17561.279999999962
2026-02-20 05:57:00,17561.279999999962,17561.279999999962
2026-02-20 06:57:00,17561.279999999962,17561.279999999962
2026-02-20 07:57:00,17561.279999999962,17561.279999999962
2026-02-20 08:57:00,17561.279999999962,17561.279999999962
2026-02-20 09:57:00,17561.279999999962,17561.279999999962
2026-02-20 10:57:00,17561.279999999962,17561.279999999962
2026-02-20 11:57:00,17561.279999999962,17561.279999999962
2026-02-20 12:57:00,17561.279999999962,17561.279999999962
2026-02-20 13:57:00,17561.279999999962,17561.279999999962
2026-02-20 14:57:00,17561.279999999962,17561.279999999962
2026-02-20 15:57:00,17561.279999999962,17561.279999999962
2026-02-20 16:57:00,17561.279999999962,17561.279999999962
2026-02-20 17:57:00,17380.72999999997,17380.72999999997
2026-02-20 18:57:00,17380.72999999997,17380.72999999997
2026-02-20 19:57:00,17380.72999999997,17380.72999999997
2026-02-20 20:57:00,17380.72999999997,17380.72999999997
2026-02-20 21:57:00,17380.72999999997,17380.72999999997
2026-02-20 22:57:00,17380.72999999997,17380.72999999997
2026-02-20 23:57:00,17380.72999999997,17380.72999999997
2026-02-23 01:58:00,17380.72999999997,17380.72999999997
2026-02-23 02:58:00,17380.72999999997,17380.72999999997
2026-02-23 03:58:00,17380.72999999997,17380.72999999997
2026-02-23 04:58:00,17380.72999999997,17380.72999999997
2026-02-23 05:58:00,17380.72999999997,17380.72999999997
2026-02-23 06:58:00,17380.72999999997,17380.72999999997
2026-02-23 07:58:00,17380.72999999997,17380.72999999997
2026-02-23 08:58:00,17380.72999999997,17380.72999999997
2026-02-23 09:58:00,17380.72999999997,17380.72999999997
2026-02-23 10:58:00,17380.72999999997,17380.72999999997
2026-02-23 11:58:00,17380.72999999997,17380.72999999997
2026-02-23 12:58:00,17380.72999999997,17380.72999999997
2026-02-23 13:58:00,17380.72999999997,17380.72999999997
2026-02-23 14:58:00,17380.72999999997,17380.72999999997
2026-02-23 15:58:00,17380.72999999997,17380.72999999997
2026-02-23 16:58:00,17380.72999999997,17380.72999999997
2026-02-23 17:58:00,17380.72999999997,17380.72999999997
2026-02-23 18:58:00,17380.72999999997,17380.72999999997
2026-02-23 19:58:00,17429.77999999997,17597.029999999962
2026-02-23 20:58:00,17429.77999999997,17629.429999999975
2026-02-23 21:58:00,17530.629999999972,17726.92999999997
2026-02-23 22:58:00,17681.929999999975,17886.42999999997
2026-02-23 23:58:00,17803.999999999938,17962.099999999937
2026-02-24 01:59:00,18053.64999999994,18053.64999999994
2026-02-24 02:59:00,18053.64999999994,18053.64999999994
2026-02-24 03:59:00,17880.949999999935,17880.949999999935
2026-02-24 04:59:00,17880.949999999935,17880.949999999935
2026-02-24 05:59:00,17880.949999999935,17880.949999999935
2026-02-24 06:59:00,17880.949999999935,17880.949999999935
2026-02-24 07:59:00,17880.949999999935,17880.949999999935
2026-02-24 08:59:00,17880.949999999935,17880.949999999935
2026-02-24 09:59:00,17888.139999999934,17888.139999999934
2026-02-24 10:59:00,17888.139999999934,17888.139999999934
2026-02-24 11:59:00,17888.139999999934,17888.139999999934
2026-02-24 12:59:00,17888.139999999934,17888.139999999934
2026-02-24 13:59:00,17888.139999999934,17888.139999999934
2026-02-24 14:59:00,17888.139999999934,17888.139999999934
2026-02-24 15:59:00,17888.139999999934,17888.139999999934
2026-02-24 16:59:00,17888.139999999934,17888.139999999934
2026-02-24 17:59:00,17888.139999999934,17888.139999999934
2026-02-24 18:59:00,17888.139999999934,17888.139999999934
2026-02-24 19:59:00,17888.139999999934,17888.139999999934
2026-02-24 20:59:00,17888.139999999934,17888.139999999934
2026-02-24 21:59:00,17903.809999999936,17903.809999999936
2026-02-24 22:59:00,17903.809999999936,17903.809999999936
2026-02-25 01:00:00,17903.809999999936,17903.809999999936
2026-02-25 02:00:00,17713.409999999945,17713.409999999945
2026-02-25 03:00:00,17713.409999999945,17713.409999999945
2026-02-25 04:00:00,17713.409999999945,17713.409999999945
2026-02-25 05:00:00,17730.169999999947,17851.129999999946
2026-02-25 06:00:00,17730.169999999947,17805.36999999995
2026-02-25 07:00:00,17727.76999999995,17727.76999999995
2026-02-25 08:00:00,17727.76999999995,17727.76999999995
2026-02-25 09:00:00,17727.76999999995,17727.76999999995
2026-02-25 10:00:00,17727.76999999995,17727.76999999995
2026-02-25 11:00:00,17727.76999999995,17727.76999999995
2026-02-25 12:00:00,17727.76999999995,17727.76999999995
2026-02-25 13:00:00,17727.76999999995,17727.76999999995
2026-02-25 14:00:00,17727.76999999995,17727.76999999995
2026-02-25 15:00:00,17727.76999999995,17727.76999999995
2026-02-25 16:00:00,17727.76999999995,17727.76999999995
2026-02-25 17:00:00,17727.76999999995,17727.76999999995
2026-02-25 18:00:00,17727.76999999995,17727.76999999995
2026-02-25 19:00:00,17727.76999999995,17727.76999999995
2026-02-25 20:00:00,17759.41999999995,17796.91999999995
2026-02-25 21:00:00,17791.909999999953,17825.11999999995
2026-02-25 22:00:00,17846.059999999954,17846.059999999954
2026-02-25 23:00:00,17846.059999999954,17846.059999999954
2026-02-26 01:01:00,17846.059999999954,17846.059999999954
2026-02-26 02:01:00,17846.059999999954,17846.059999999954
2026-02-26 03:01:00,17846.059999999954,17846.059999999954
2026-02-26 04:01:00,17862.379999999954,17979.179999999957
2026-02-26 05:01:00,17859.97999999996,17859.97999999996
2026-02-26 06:01:00,17859.97999999996,17859.97999999996
2026-02-26 07:01:00,17859.97999999996,17859.97999999996
2026-02-26 08:01:00,17859.97999999996,17859.97999999996
2026-02-26 09:01:00,17859.97999999996,17859.97999999996
2026-02-26 10:01:00,17859.97999999996,17859.97999999996
2026-02-26 11:01:00,17859.97999999996,17859.97999999996
2026-02-26 12:01:00,17859.97999999996,17859.97999999996
2026-02-26 13:01:00,17859.97999999996,17859.97999999996
2026-02-26 14:01:00,17859.97999999996,17859.97999999996
2026-02-26 15:01:00,17859.97999999996,17859.97999999996
2026-02-26 16:01:00,17859.97999999996,17859.97999999996
2026-02-26 17:01:00,17859.97999999996,17859.97999999996
2026-02-26 18:01:00,17859.97999999996,17859.97999999996
2026-02-26 19:01:00,17859.97999999996,17859.97999999996
2026-02-26 20:01:00,17859.62999999996,17842.27999999996
2026-02-26 21:01:00,17859.62999999996,17915.32999999996
2026-02-26 22:01:00,17875.15999999996,17941.99999999996
2026-02-26 23:01:00,17875.15999999996,17974.51999999996
2026-02-27 01:02:00,17873.15999999996,17898.71999999996
2026-02-27 02:02:00,17873.15999999996,17910.15999999996
2026-02-27 03:02:00,17871.959999999963,17871.959999999963
2026-02-27 04:02:00,17886.06999999996,17886.06999999996
2026-02-27 05:02:00,17886.06999999996,17886.06999999996
2026-02-27 06:02:00,17886.06999999996,17886.06999999996
2026-02-27 07:02:00,17886.06999999996,17886.06999999996
2026-02-27 08:02:00,17886.06999999996,17886.06999999996
2026-02-27 09:02:00,17886.06999999996,17886.06999999996
2026-02-27 10:02:00,17886.06999999996,17886.06999999996
2026-02-27 11:02:00,17886.06999999996,17886.06999999996
2026-02-27 12:02:00,17886.06999999996,17886.06999999996
2026-02-27 13:02:00,17886.06999999996,17886.06999999996
2026-02-27 14:02:00,17886.06999999996,17886.06999999996
2026-02-27 15:02:00,17886.06999999996,17886.06999999996
2026-02-27 16:02:00,17886.06999999996,17886.06999999996
2026-02-27 17:02:00,17886.06999999996,17886.06999999996
2026-02-27 18:02:00,17886.06999999996,17886.06999999996
2026-02-27 19:02:00,17886.06999999996,17886.06999999996
2026-02-27 20:02:00,17886.06999999996,17886.06999999996
2026-02-27 21:02:00,17886.06999999996,17886.06999999996
2026-02-27 22:02:00,17886.06999999996,17886.06999999996
2026-02-27 23:02:00,17886.06999999996,17886.06999999996
2026-03-02 01:03:00,17886.06999999996,17886.06999999996
2026-03-02 02:03:00,17886.06999999996,17886.06999999996
2026-03-02 03:03:00,17885.78999999996,17785.049999999963
2026-03-02 04:03:00,17885.78999999996,17814.529999999962
2026-03-02 05:03:00,17885.78999999996,17930.56999999996
2026-03-02 06:03:00,17885.78999999996,17971.369999999963
2026-03-02 07:03:00,17885.78999999996,17924.92999999996
2026-03-02 08:03:00,17885.78999999996,17974.48999999996
2026-03-02 09:03:00,17885.78999999996,18071.12999999996
2026-03-02 10:03:00,18008.69999999996,18130.76999999996
2026-03-02 11:03:00,18008.69999999996,18116.48999999996
2026-03-02 12:03:00,18008.69999999996,18092.849999999962
2026-03-02 13:03:00,18008.69999999996,18102.22999999996
2026-03-02 14:03:00,18008.69999999996,18094.32999999996
2026-03-02 15:03:00,18008.69999999996,18122.569999999963
2026-03-02 16:03:00,18008.69999999996,18094.10999999996
2026-03-02 17:03:00,18044.96999999996,18044.96999999996
2026-03-02 18:03:00,18044.96999999996,18044.96999999996
2026-03-02 19:03:00,18044.96999999996,18044.96999999996
2026-03-02 20:03:00,18044.96999999996,18044.96999999996
2026-03-02 21:03:00,18044.96999999996,18044.96999999996
2026-03-02 22:03:00,18044.96999999996,18044.96999999996
2026-03-02 23:03:00,18044.96999999996,18044.96999999996
2026-03-03 01:04:00,18044.96999999996,18044.96999999996
2026-03-03 02:04:00,18044.96999999996,18044.96999999996
2026-03-03 03:04:00,18044.82999999996,18029.689999999962
2026-03-03 04:04:00,18044.82999999996,18060.14999999996
2026-03-03 05:04:00,18044.82999999996,18017.76999999996
2026-03-03 06:04:00,18044.82999999996,18025.64999999996
2026-03-03 07:04:00,18044.82999999996,18031.569999999963
2026-03-03 08:04:00,18078.419999999962,18117.12999999996
2026-03-03 09:04:00,18078.419999999962,18119.509999999962
2026-03-03 10:04:00,18078.419999999962,18101.90999999996
2026-03-03 11:04:00,18078.419999999962,18144.37999999996
2026-03-03 12:04:00,18162.39999999996,18162.39999999996
2026-03-03 13:04:00,18162.39999999996,18162.39999999996
2026-03-03 14:04:00,18162.39999999996,18162.39999999996
2026-03-03 15:04:00,18161.90999999996,18143.009999999962
2026-03-03 16:04:00,17998.739999999954,17998.739999999954
2026-03-03 17:04:00,17998.739999999954,17998.739999999954
2026-03-03 18:04:00,17919.419999999955,17919.419999999955
2026-03-03 19:04:00,17919.419999999955,17919.419999999955
2026-03-03 20:04:00,17919.419999999955,17919.419999999955
2026-03-03 21:04:00,17919.419999999955,17919.419999999955
2026-03-03 22:04:00,17919.419999999955,17919.419999999955
2026-03-03 23:04:00,17919.419999999955,17919.419999999955
2026-03-04 01:05:00,17919.419999999955,17919.419999999955
2026-03-04 02:05:00,17919.419999999955,17919.419999999955
2026-03-04 03:05:00,17919.419999999955,17919.419999999955
2026-03-04 04:05:00,17919.419999999955,17919.419999999955
2026-03-04 05:05:00,17919.419999999955,17919.419999999955
2026-03-04 06:05:00,17919.419999999955,17919.419999999955
2026-03-04 07:05:00,17919.419999999955,17919.419999999955
2026-03-04 08:05:00,17919.419999999955,17919.419999999955
2026-03-04 09:05:00,17919.419999999955,17919.419999999955
2026-03-04 10:05:00,17919.419999999955,17919.419999999955
2026-03-04 11:05:00,17919.419999999955,17919.419999999955
2026-03-04 12:05:00,17919.419999999955,17919.419999999955
2026-03-04 13:05:00,17919.419999999955,17919.419999999955
2026-03-04 14:05:00,17919.419999999955,17919.419999999955
2026-03-04 15:05:00,17919.419999999955,17919.419999999955
2026-03-04 16:05:00,17950.35999999995,18010.53999999995
2026-03-04 17:05:00,17948.55999999995,17948.55999999995
2026-03-04 18:05:00,18005.32999999995,18069.799999999952
2026-03-04 19:05:00,18005.32999999995,18106.689999999948
2026-03-04 20:05:00,18082.02999999995,18231.07999999995
2026-03-04 21:05:00,18082.02999999995,18246.02999999995
2026-03-04 22:05:00,18082.02999999995,18225.029999999955
2026-03-04 23:05:00,18082.02999999995,18199.77999999995
2026-03-05 01:06:00,18082.77999999995,18136.829999999954
2026-03-05 02:06:00,18081.279999999955,18081.279999999955
2026-03-05 03:06:00,18081.279999999955,18081.279999999955
2026-03-05 04:06:00,18081.279999999955,18081.279999999955
2026-03-05 05:06:00,18081.279999999955,18081.279999999955
2026-03-05 06:06:00,18081.279999999955,18081.279999999955
2026-03-05 07:06:00,18081.279999999955,18081.279999999955
2026-03-05 08:06:00,18081.279999999955,18081.279999999955
2026-03-05 09:06:00,18081.279999999955,18081.279999999955
2026-03-05 10:06:00,18081.279999999955,18081.279999999955
2026-03-05 11:06:00,18081.279999999955,18081.279999999955
2026-03-05 12:06:00,18081.279999999955,18081.279999999955
2026-03-05 13:06:00,18081.279999999955,18081.279999999955
2026-03-05 14:06:00,18081.279999999955,18081.279999999955
2026-03-05 15:06:00,18096.77999999995,18096.77999999995
2026-03-05 16:06:00,18096.77999999995,18096.77999999995
2026-03-05 17:06:00,18096.77999999995,18096.77999999995
2026-03-05 18:06:00,18096.77999999995,18096.77999999995
2026-03-05 19:06:00,18096.77999999995,18096.77999999995
2026-03-05 20:06:00,18096.77999999995,18096.77999999995
2026-03-05 21:06:00,18096.77999999995,18096.77999999995
2026-03-05 22:06:00,18096.77999999995,18096.77999999995
2026-03-05 23:06:00,18096.77999999995,18096.77999999995
2026-03-06 01:07:00,18096.77999999995,18096.77999999995
2026-03-06 02:07:00,18096.77999999995,18096.77999999995
2026-03-06 03:07:00,18096.77999999995,18096.77999999995
2026-03-06 04:07:00,18096.77999999995,18096.77999999995
2026-03-06 05:07:00,18096.77999999995,18096.77999999995
2026-03-06 06:07:00,18096.77999999995,18096.77999999995
2026-03-06 07:07:00,18096.77999999995,18096.77999999995
2026-03-06 08:07:00,17920.379999999954,17920.379999999954
2026-03-06 09:07:00,17920.379999999954,17920.379999999954
2026-03-06 10:07:00,18014.379999999965,18126.379999999972
2026-03-06 11:07:00,18011.379999999972,18011.379999999972
2026-03-06 12:07:00,18011.379999999972,18011.379999999972
2026-03-06 13:07:00,18011.379999999972,18011.379999999972
2026-03-06 14:07:00,18011.379999999972,18011.379999999972
2026-03-06 15:07:00,18011.379999999972,18011.379999999972
2026-03-06 16:07:00,18011.379999999972,18011.379999999972
2026-03-06 17:07:00,18011.379999999972,18011.379999999972
2026-03-06 18:07:00,18011.379999999972,18011.379999999972
2026-03-06 19:07:00,18027.879999999976,18040.379999999976
2026-03-06 20:07:00,18027.879999999976,18108.17999999998
2026-03-06 21:07:00,18061.719999999976,18216.83999999998
2026-03-06 22:07:00,18061.719999999976,18194.159999999978
2026-03-06 23:07:00,18061.719999999976,18214.599999999977
2026-03-09 00:08:00,18126.999999999978,18126.999999999978
2026-03-09 01:08:00,18126.999999999978,18126.999999999978
2026-03-09 02:08:00,18126.999999999978,18126.999999999978
2026-03-09 03:08:00,18126.999999999978,18126.999999999978
2026-03-09 04:08:00,18126.999999999978,18126.999999999978
2026-03-09 05:08:00,18126.999999999978,18126.999999999978
2026-03-09 06:08:00,18126.999999999978,18126.999999999978
2026-03-09 07:08:00,18126.999999999978,18126.999999999978
2026-03-09 08:08:00,18126.999999999978,18126.999999999978
2026-03-09 09:08:00,18126.999999999978,18126.999999999978
2026-03-09 10:08:00,18126.999999999978,18126.999999999978
2026-03-09 11:08:00,18126.999999999978,18126.999999999978
2026-03-09 12:08:00,18126.999999999978,18126.999999999978
2026-03-09 13:08:00,18126.999999999978,18126.999999999978
2026-03-09 14:08:00,18126.999999999978,18126.999999999978
2026-03-09 15:08:00,18126.999999999978,18126.999999999978
2026-03-09 16:08:00,18126.999999999978,18126.999999999978
2026-03-09 17:08:00,18126.999999999978,18126.999999999978
2026-03-09 18:08:00,18126.999999999978,18126.999999999978
2026-03-09 19:08:00,18126.999999999978,18126.999999999978
2026-03-09 20:08:00,18126.999999999978,18126.999999999978
2026-03-09 21:08:00,18126.999999999978,18126.999999999978
2026-03-09 22:08:00,18126.999999999978,18126.999999999978
2026-03-10 00:09:00,18126.999999999978,18126.999999999978
2026-03-10 01:09:00,18126.999999999978,18126.999999999978
2026-03-10 02:09:00,18126.999999999978,18126.999999999978
2026-03-10 03:09:00,18126.999999999978,18126.999999999978
2026-03-10 04:09:00,18126.999999999978,18126.999999999978
2026-03-10 05:09:00,18126.999999999978,18126.999999999978
2026-03-10 06:09:00,18124.409999999978,18108.499999999967
2026-03-10 07:09:00,18309.269999999968,18403.769999999968
2026-03-10 08:09:00,18309.269999999968,18485.369999999966
2026-03-10 09:09:00,18309.269999999968,18456.269999999968
2026-03-10 10:09:00,18543.96999999996,18543.96999999996
2026-03-10 11:09:00,18543.96999999996,18543.96999999996
2026-03-10 12:09:00,18543.96999999996,18543.96999999996
2026-03-10 13:09:00,18543.96999999996,18543.96999999996
2026-03-10 14:09:00,18543.96999999996,18543.96999999996
2026-03-10 15:09:00,18543.96999999996,18543.96999999996
2026-03-10 16:09:00,18543.96999999996,18543.96999999996
2026-03-10 17:09:00,18543.96999999996,18543.96999999996
2026-03-10 18:09:00,18543.96999999996,18543.96999999996
2026-03-10 19:09:00,18543.96999999996,18543.96999999996
2026-03-10 20:09:00,18543.96999999996,18543.96999999996
2026-03-10 21:09:00,18543.96999999996,18543.96999999996
2026-03-10 22:09:00,18543.96999999996,18543.96999999996
2026-03-11 00:10:00,18543.96999999996,18543.96999999996
2026-03-11 01:10:00,18543.96999999996,18543.96999999996
2026-03-11 02:10:00,18543.96999999996,18543.96999999996
2026-03-11 03:10:00,18543.96999999996,18543.96999999996
2026-03-11 04:10:00,18542.56999999996,18461.169999999966
2026-03-11 05:10:00,18561.219999999972,18561.219999999972
2026-03-11 06:10:00,18561.219999999972,18561.219999999972
2026-03-11 07:10:00,18561.219999999972,18561.219999999972
2026-03-11 08:10:00,18561.219999999972,18561.219999999972
2026-03-11 09:10:00,18561.219999999972,18561.219999999972
2026-03-11 10:10:00,18561.219999999972,18561.219999999972
2026-03-11 11:10:00,18561.219999999972,18561.219999999972
2026-03-11 12:10:00,18561.219999999972,18561.219999999972
2026-03-11 13:10:00,18561.219999999972,18561.219999999972
2026-03-11 14:10:00,18561.219999999972,18561.219999999972
2026-03-11 15:10:00,18561.219999999972,18561.219999999972
2026-03-11 16:10:00,18561.219999999972,18561.219999999972
2026-03-11 17:10:00,18561.219999999972,18561.219999999972
2026-03-11 18:10:00,18561.219999999972,18561.219999999972
2026-03-11 19:10:00,18561.219999999972,18561.219999999972
2026-03-11 20:10:00,18689.879999999976,18905.93999999998
2026-03-11 21:10:00,18751.679999999975,18932.39999999998
2026-03-11 22:10:00,18820.919999999976,18998.43999999998
2026-03-12 00:11:00,18815.919999999976,18935.839999999975
2026-03-12 01:11:00,18845.299999999974,18845.299999999974
2026-03-12 02:11:00,18845.299999999974,18845.299999999974
2026-03-12 03:11:00,18845.299999999974,18845.299999999974
2026-03-12 04:11:00,18845.299999999974,18845.299999999974
2026-03-12 05:11:00,18845.299999999974,18845.299999999974
2026-03-12 06:11:00,18845.299999999974,18845.299999999974
2026-03-12 07:11:00,18845.299999999974,18845.299999999974
2026-03-12 08:11:00,18845.299999999974,18845.299999999974
2026-03-12 09:11:00,18845.299999999974,18845.299999999974
2026-03-12 10:11:00,18845.299999999974,18845.299999999974
2026-03-12 11:11:00,18845.299999999974,18845.299999999974
2026-03-12 12:11:00,18845.299999999974,18845.299999999974
2026-03-12 13:11:00,18845.299999999974,18845.299999999974
2026-03-12 14:11:00,18845.299999999974,18845.299999999974
2026-03-12 15:11:00,18845.299999999974,18845.299999999974
2026-03-12 16:11:00,18845.299999999974,18845.299999999974
2026-03-12 17:11:00,18845.299999999974,18845.299999999974
2026-03-12 18:11:00,18845.299999999974,18845.299999999974
2026-03-12 19:11:00,18845.299999999974,18845.299999999974
2026-03-12 20:11:00,18845.299999999974,18845.299999999974
2026-03-12 21:11:00,18845.299999999974,18845.299999999974
2026-03-12 22:11:00,18845.299999999974,18845.299999999974
2026-03-13 00:12:00,18845.299999999974,18845.299999999974
2026-03-13 01:12:00,18845.299999999974,18845.299999999974
2026-03-13 02:12:00,18845.299999999974,18845.299999999974
2026-03-13 03:12:00,18845.299999999974,18845.299999999974
2026-03-13 04:12:00,18845.299999999974,18845.299999999974
2026-03-13 05:12:00,18655.499999999978,18655.499999999978
2026-03-13 06:12:00,18655.499999999978,18655.499999999978
2026-03-13 07:12:00,18655.499999999978,18655.499999999978
2026-03-13 08:12:00,18655.499999999978,18655.499999999978
2026-03-13 09:12:00,18655.499999999978,18655.499999999978
2026-03-13 10:12:00,18655.499999999978,18655.499999999978
2026-03-13 11:12:00,18655.499999999978,18655.499999999978
2026-03-13 12:12:00,18655.499999999978,18655.499999999978
2026-03-13 13:12:00,18655.499999999978,18655.499999999978
2026-03-13 14:12:00,18655.499999999978,18655.499999999978
2026-03-13 15:12:00,18655.499999999978,18655.499999999978
2026-03-13 16:12:00,18655.499999999978,18655.499999999978
2026-03-13 17:12:00,18689.47999999998,18854.35999999998
2026-03-13 18:12:00,18687.079999999987,18687.079999999987
2026-03-13 19:12:00,18687.079999999987,18687.079999999987
2026-03-13 20:12:00,18687.079999999987,18687.079999999987
2026-03-13 21:12:00,18687.079999999987,18687.079999999987
2026-03-13 22:12:00,18687.079999999987,18687.079999999987
2026-03-16 00:13:00,18687.079999999987,18687.079999999987
2026-03-16 01:13:00,18687.079999999987,18687.079999999987
2026-03-16 02:13:00,18687.079999999987,18687.079999999987
2026-03-16 03:13:00,18687.079999999987,18687.079999999987
2026-03-16 04:13:00,18687.079999999987,18687.079999999987
2026-03-16 05:13:00,18687.079999999987,18687.079999999987
2026-03-16 06:13:00,18687.079999999987,18687.079999999987
2026-03-16 07:13:00,18687.079999999987,18687.079999999987
2026-03-16 08:13:00,18687.079999999987,18687.079999999987
2026-03-16 09:13:00,18686.309999999987,18684.879999999986
2026-03-16 10:13:00,18591.599999999988,18591.599999999988
2026-03-16 11:13:00,18591.599999999988,18591.599999999988
2026-03-16 12:13:00,18591.599999999988,18591.599999999988
2026-03-16 13:13:00,18591.599999999988,18591.599999999988
2026-03-16 14:13:00,18591.599999999988,18591.599999999988
2026-03-16 15:13:00,18591.599999999988,18591.599999999988
2026-03-16 16:13:00,18591.599999999988,18591.599999999988
2026-03-16 17:13:00,18591.599999999988,18591.599999999988
2026-03-16 18:13:00,18591.599999999988,18591.599999999988
2026-03-16 19:13:00,18591.599999999988,18591.599999999988
2026-03-16 20:13:00,18591.599999999988,18591.599999999988
2026-03-16 21:13:00,18591.599999999988,18591.599999999988
2026-03-16 22:13:00,18591.599999999988,18591.599999999988
2026-03-17 00:14:00,18591.599999999988,18591.599999999988
2026-03-17 01:14:00,18591.599999999988,18591.599999999988
2026-03-17 02:14:00,18591.599999999988,18591.599999999988
2026-03-17 03:14:00,18591.599999999988,18591.599999999988
2026-03-17 04:14:00,18591.599999999988,18591.599999999988
2026-03-17 05:14:00,18591.599999999988,18591.599999999988
2026-03-17 06:14:00,18591.599999999988,18591.599999999988
2026-03-17 07:14:00,18591.599999999988,18591.599999999988
2026-03-17 08:14:00,18722.399999999994,18722.399999999994
2026-03-17 09:14:00,18722.399999999994,18722.399999999994
2026-03-17 10:14:00,18722.399999999994,18722.399999999994
2026-03-17 11:14:00,18722.399999999994,18722.399999999994
2026-03-17 12:14:00,18722.399999999994,18722.399999999994
2026-03-17 13:14:00,18722.399999999994,18722.399999999994
2026-03-17 14:14:00,18722.399999999994,18722.399999999994
2026-03-17 15:14:00,18722.399999999994,18722.399999999994
2026-03-17 16:14:00,18722.399999999994,18722.399999999994
2026-03-17 17:14:00,18722.399999999994,18722.399999999994
2026-03-17 18:14:00,18722.399999999994,18722.399999999994
2026-03-17 19:14:00,18722.399999999994,18722.399999999994
2026-03-17 20:14:00,18722.399999999994,18722.399999999994
2026-03-17 21:14:00,18722.399999999994,18722.399999999994
2026-03-17 22:14:00,18722.399999999994,18722.399999999994
2026-03-18 00:15:00,18722.399999999994,18722.399999999994
2026-03-18 01:15:00,18722.399999999994,18722.399999999994
2026-03-18 02:15:00,18722.399999999994,18722.399999999994
2026-03-18 03:15:00,18722.399999999994,18722.399999999994
2026-03-18 04:15:00,18722.399999999994,18722.399999999994
2026-03-18 05:15:00,18722.399999999994,18722.399999999994
2026-03-18 06:15:00,18722.399999999994,18722.399999999994
2026-03-18 07:15:00,18722.399999999994,18722.399999999994
2026-03-18 08:15:00,18722.399999999994,18722.399999999994
2026-03-18 09:15:00,18722.399999999994,18722.399999999994
2026-03-18 10:15:00,18722.399999999994,18722.399999999994
2026-03-18 11:15:00,18722.399999999994,18722.399999999994
2026-03-18 12:15:00,18809.66,18809.66
2026-03-18 13:15:00,18809.66,18809.66
2026-03-18 14:15:00,18809.66,18809.66
2026-03-18 15:15:00,18809.66,18809.66
2026-03-18 16:15:00,18809.66,18809.66
2026-03-18 17:15:00,18809.66,18809.66
2026-03-18 18:15:00,18809.66,18809.66
2026-03-18 19:15:00,18809.66,18809.66
2026-03-18 20:15:00,18809.66,18809.66
2026-03-18 21:15:00,18809.66,18809.66
2026-03-18 22:15:00,18809.66,18809.66
2026-03-19 00:16:00,18809.66,18809.66
2026-03-19 01:16:00,18809.66,18809.66
2026-03-19 02:16:00,18809.66,18809.66
2026-03-19 03:16:00,18809.66,18809.66
2026-03-19 04:16:00,18809.66,18809.66
2026-03-19 05:16:00,18809.66,18809.66
2026-03-19 06:16:00,18809.66,18809.66
2026-03-19 07:16:00,18809.66,18809.66
2026-03-19 08:16:00,18809.66,18809.66
2026-03-19 09:16:00,18809.66,18809.66
2026-03-19 10:16:00,18809.66,18809.66
2026-03-19 11:16:00,18809.66,18809.66
2026-03-19 12:16:00,18809.66,18809.66
2026-03-19 13:16:00,18809.66,18809.66
2026-03-19 14:16:00,18809.66,18809.66
2026-03-19 15:16:00,18809.66,18809.66
2026-03-19 16:16:00,18809.66,18809.66
2026-03-19 17:16:00,18809.66,18809.66
2026-03-19 18:16:00,18809.66,18809.66
2026-03-19 19:16:00,18809.66,18809.66
2026-03-19 20:16:00,18809.66,18809.66
2026-03-19 21:16:00,18809.66,18809.66
2026-03-19 22:16:00,18809.66,18809.66
2026-03-20 00:17:00,18809.66,18809.66
2026-03-20 01:17:00,18809.66,18809.66
2026-03-20 02:17:00,18808.96,18703.660000000003
2026-03-20 03:17:00,18827.460000000003,18827.460000000003
2026-03-20 04:17:00,18827.460000000003,18827.460000000003
2026-03-20 05:17:00,18827.460000000003,18827.460000000003
2026-03-20 06:17:00,18827.460000000003,18827.460000000003
2026-03-20 07:17:00,18875.230000000007,19033.96000000002
2026-03-20 08:17:00,18918.370000000003,18918.370000000003
2026-03-20 09:17:00,18918.370000000003,18918.370000000003
2026-03-20 10:17:00,18918.370000000003,18918.370000000003
2026-03-20 11:17:00,18918.370000000003,18918.370000000003
2026-03-20 12:17:00,18918.370000000003,18918.370000000003
2026-03-20 13:17:00,18918.370000000003,18918.370000000003
2026-03-20 14:17:00,18918.370000000003,18918.370000000003
2026-03-20 15:17:00,18918.370000000003,18918.370000000003
2026-03-20 16:17:00,18918.370000000003,18918.370000000003
2026-03-20 17:17:00,18918.370000000003,18918.370000000003
2026-03-20 18:17:00,18918.370000000003,18918.370000000003
2026-03-20 19:17:00,18918.370000000003,18918.370000000003
2026-03-20 20:17:00,18918.370000000003,18918.370000000003
2026-03-20 21:17:00,18918.370000000003,18918.370000000003
2026-03-20 22:17:00,18918.370000000003,18918.370000000003
2026-03-23 00:18:00,18918.370000000003,18918.370000000003
2026-03-23 01:18:00,18918.370000000003,18918.370000000003
2026-03-23 02:18:00,18918.370000000003,18918.370000000003
2026-03-23 03:18:00,18918.370000000003,18918.370000000003
2026-03-23 04:18:00,18918.370000000003,18918.370000000003
2026-03-23 05:18:00,18918.370000000003,18918.370000000003
2026-03-23 06:18:00,18918.370000000003,18918.370000000003
2026-03-23 07:18:00,18918.370000000003,18918.370000000003
2026-03-23 08:18:00,18918.370000000003,18918.370000000003
2026-03-23 09:18:00,18918.370000000003,18918.370000000003
2026-03-23 10:18:00,18918.370000000003,18918.370000000003
2026-03-23 11:18:00,18917.88,18926.210000000006
2026-03-23 12:18:00,19020.070000000003,19068.110000000004
2026-03-23 13:18:00,19018.870000000006,19018.870000000006
2026-03-23 14:18:00,19018.870000000006,19018.870000000006
2026-03-23 15:18:00,19018.870000000006,19018.870000000006
2026-03-23 16:18:00,19018.870000000006,19018.870000000006
2026-03-23 17:18:00,19018.870000000006,19018.870000000006
2026-03-23 18:18:00,19018.870000000006,19018.870000000006
2026-03-23 19:18:00,19018.870000000006,19018.870000000006
2026-03-23 20:18:00,19018.870000000006,19018.870000000006
2026-03-23 21:18:00,19018.870000000006,19018.870000000006
2026-03-23 22:18:00,19018.870000000006,19018.870000000006
2026-03-24 00:19:00,19018.870000000006,19018.870000000006
2026-03-24 01:19:00,19018.870000000006,19018.870000000006
2026-03-24 02:19:00,19018.870000000006,19018.870000000006
2026-03-24 03:19:00,19018.870000000006,19018.870000000006
2026-03-24 04:19:00,19018.870000000006,19018.870000000006
2026-03-24 05:19:00,19018.870000000006,19018.870000000006
2026-03-24 06:19:00,19018.240000000005,18992.860000000008
2026-03-24 07:19:00,19040.58000000001,19040.58000000001
2026-03-24 08:19:00,19040.58000000001,19040.58000000001
2026-03-24 09:19:00,19040.58000000001,19040.58000000001
2026-03-24 10:19:00,19040.58000000001,19040.58000000001
2026-03-24 11:19:00,19040.58000000001,19040.58000000001
2026-03-24 12:19:00,19040.58000000001,19040.58000000001
2026-03-24 13:19:00,19040.58000000001,19040.58000000001
2026-03-24 14:19:00,19040.58000000001,19040.58000000001
2026-03-24 15:19:00,19040.58000000001,19040.58000000001
2026-03-24 16:19:00,19040.58000000001,19040.58000000001
2026-03-24 17:19:00,19040.58000000001,19040.58000000001
2026-03-24 18:19:00,19040.58000000001,19040.58000000001
2026-03-24 19:19:00,19040.58000000001,19040.58000000001
2026-03-24 20:19:00,19128.75000000001,19417.720000000005
2026-03-24 21:19:00,19266.250000000007,19555.43
2026-03-24 22:19:00,19266.250000000007,19571.360000000008
2026-03-25 00:20:00,19787.37000000001,19997.47000000001
2026-03-25 01:20:00,20005.19000000001,20005.19000000001
2026-03-25 02:20:00,20005.19000000001,20005.19000000001
2026-03-25 03:20:00,20211.690000000017,20382.280000000017
2026-03-25 04:20:00,20449.900000000023,20449.900000000023
2026-03-25 05:20:00,20449.900000000023,20449.900000000023
2026-03-25 06:20:00,20449.900000000023,20449.900000000023
2026-03-25 07:20:00,20449.900000000023,20449.900000000023
2026-03-25 08:20:00,20247.400000000038,20247.400000000038
2026-03-25 09:20:00,20247.400000000038,20247.400000000038
2026-03-25 10:20:00,20247.400000000038,20247.400000000038
2026-03-25 11:20:00,20247.400000000038,20247.400000000038
2026-03-25 12:20:00,20363.12000000004,20553.76000000004
2026-03-25 13:20:00,20363.12000000004,20655.84000000004
2026-03-25 14:20:00,20518.70000000004,20689.40000000004
2026-03-25 15:20:00,20308.58000000004,20308.58000000004
2026-03-25 16:20:00,20308.58000000004,20308.58000000004
2026-03-25 17:20:00,20308.58000000004,20308.58000000004
2026-03-25 18:20:00,20308.58000000004,20308.58000000004
2026-03-25 19:20:00,20308.58000000004,20308.58000000004
2026-03-25 20:20:00,20308.58000000004,20308.58000000004
2026-03-25 21:20:00,20308.58000000004,20308.58000000004
2026-03-25 22:20:00,20308.58000000004,20308.58000000004
2026-03-26 00:21:00,20308.58000000004,20308.58000000004
2026-03-26 01:21:00,20308.58000000004,20308.58000000004
2026-03-26 02:21:00,20308.58000000004,20308.58000000004
2026-03-26 03:21:00,20308.58000000004,20308.58000000004
2026-03-26 04:21:00,20308.58000000004,20308.58000000004
2026-03-26 05:21:00,20308.58000000004,20308.58000000004
2026-03-26 06:21:00,20308.58000000004,20308.58000000004
2026-03-26 07:21:00,20308.58000000004,20308.58000000004
2026-03-26 08:21:00,20308.230000000043,20227.03000000004
2026-03-26 09:21:00,20308.230000000043,20297.93000000004
2026-03-26 10:21:00,20308.230000000043,20290.580000000038
2026-03-26 11:21:00,20308.230000000043,20233.48000000004
2026-03-26 12:21:00,20308.230000000043,20257.33000000004
2026-03-26 13:21:00,20308.230000000043,20313.28000000004
2026-03-26 14:21:00,20308.230000000043,20257.830000000045
2026-03-26 15:21:00,20308.230000000043,20290.480000000043
2026-03-26 16:21:00,20308.230000000043,20334.83000000004
2026-03-26 17:21:00,20331.340000000047,20331.340000000047
2026-03-26 18:21:00,20331.340000000047,20331.340000000047
2026-03-26 19:21:00,20331.340000000047,20331.340000000047
2026-03-26 20:21:00,20331.340000000047,20331.340000000047
2026-03-26 21:21:00,20331.340000000047,20331.340000000047
2026-03-26 22:21:00,20331.340000000047,20331.340000000047
2026-03-27 00:22:00,20331.340000000047,20331.340000000047
2026-03-27 01:22:00,20331.340000000047,20331.340000000047
2026-03-27 02:22:00,20331.340000000047,20331.340000000047
2026-03-27 03:22:00,20331.340000000047,20331.340000000047
2026-03-27 04:22:00,20331.340000000047,20331.340000000047
2026-03-27 05:22:00,20331.340000000047,20331.340000000047
2026-03-27 06:22:00,20331.340000000047,20331.340000000047
2026-03-27 07:22:00,20331.340000000047,20331.340000000047
2026-03-27 08:22:00,20331.340000000047,20331.340000000047
2026-03-27 09:22:00,20331.340000000047,20331.340000000047
2026-03-27 10:22:00,20331.340000000047,20331.340000000047
2026-03-27 11:22:00,20331.340000000047,20331.340000000047
2026-03-27 12:22:00,20331.340000000047,20331.340000000047
2026-03-27 13:22:00,20331.340000000047,20331.340000000047
2026-03-27 14:22:00,20331.340000000047,20331.340000000047
2026-03-27 15:22:00,20331.340000000047,20331.340000000047
2026-03-27 16:22:00,20331.340000000047,20331.340000000047
2026-03-27 17:22:00,20331.340000000047,20331.340000000047
2026-03-27 18:22:00,20331.340000000047,20331.340000000047
2026-03-27 19:22:00,20330.290000000045,20261.89000000005
2026-03-27 20:22:00,20330.290000000045,20412.640000000043
2026-03-27 21:22:00,20390.870000000046,20633.750000000044
2026-03-27 22:22:00,20387.27000000005,20387.27000000005
2026-03-30 01:23:00,20387.27000000005,20387.27000000005
2026-03-30 02:23:00,20387.27000000005,20387.27000000005
2026-03-30 03:23:00,20386.150000000052,20409.510000000053
2026-03-30 04:23:00,20587.070000000058,20587.070000000058
2026-03-30 05:23:00,20587.070000000058,20587.070000000058
2026-03-30 06:23:00,20587.070000000058,20587.070000000058
2026-03-30 07:23:00,20587.070000000058,20587.070000000058
2026-03-30 08:23:00,20587.070000000058,20587.070000000058
2026-03-30 09:23:00,20587.070000000058,20587.070000000058
2026-03-30 10:23:00,20587.070000000058,20587.070000000058
2026-03-30 11:23:00,20587.070000000058,20587.070000000058
2026-03-30 12:23:00,20587.070000000058,20587.070000000058
2026-03-30 13:23:00,20587.070000000058,20587.070000000058
2026-03-30 14:23:00,20587.070000000058,20587.070000000058
2026-03-30 15:23:00,20587.070000000058,20587.070000000058
2026-03-30 16:23:00,20587.070000000058,20587.070000000058
2026-03-30 17:23:00,20587.070000000058,20587.070000000058
2026-03-30 18:23:00,20587.070000000058,20587.070000000058
2026-03-30 19:23:00,20587.070000000058,20587.070000000058
2026-03-30 20:23:00,20587.070000000058,20587.070000000058
2026-03-30 21:23:00,20587.070000000058,20587.070000000058
2026-03-30 22:23:00,20587.070000000058,20587.070000000058
2026-03-30 23:23:00,20587.070000000058,20587.070000000058
2026-03-31 01:24:00,20587.070000000058,20587.070000000058
2026-03-31 02:24:00,20587.070000000058,20587.070000000058
2026-03-31 03:24:00,20587.070000000058,20587.070000000058
2026-03-31 04:24:00,20587.070000000058,20587.070000000058
2026-03-31 05:24:00,20587.070000000058,20587.070000000058
2026-03-31 06:24:00,20585.880000000056,20367.320000000058
2026-03-31 07:24:00,20393.380000000056,20336.280000000057
2026-03-31 08:24:00,20393.380000000056,20377.880000000063
2026-03-31 09:24:00,20410.58000000006,20410.58000000006
2026-03-31 10:24:00,20433.92000000006,20495.120000000054
2026-03-31 11:24:00,20683.88000000006,20683.88000000006
2026-03-31 12:24:00,20683.88000000006,20683.88000000006
2026-03-31 13:24:00,20683.88000000006,20683.88000000006
2026-03-31 14:24:00,20683.88000000006,20683.88000000006
2026-03-31 15:24:00,20683.88000000006,20683.88000000006
2026-03-31 16:24:00,20683.88000000006,20683.88000000006
2026-03-31 17:24:00,20683.88000000006,20683.88000000006
2026-03-31 18:24:00,20683.88000000006,20683.88000000006
2026-03-31 19:24:00,20683.88000000006,20683.88000000006
2026-03-31 20:24:00,20683.88000000006,20683.88000000006
2026-03-31 21:24:00,20683.88000000006,20683.88000000006
2026-03-31 22:24:00,20683.88000000006,20683.88000000006
2026-03-31 23:24:00,20683.88000000006,20683.88000000006
2026-04-01 01:25:00,20683.88000000006,20683.88000000006
2026-04-01 02:25:00,20683.88000000006,20683.88000000006
2026-04-01 03:25:00,20683.88000000006,20683.88000000006
2026-04-01 04:25:00,20683.88000000006,20683.88000000006
2026-04-01 05:25:00,20683.88000000006,20683.88000000006
2026-04-01 06:25:00,20683.88000000006,20683.88000000006
2026-04-01 07:25:00,20683.88000000006,20683.88000000006
2026-04-01 08:25:00,20683.88000000006,20683.88000000006
2026-04-01 09:25:00,20683.88000000006,20683.88000000006
2026-04-01 10:25:00,20702.900000000052,20702.900000000052
2026-04-01 11:25:00,20702.900000000052,20702.900000000052
2026-04-01 12:25:00,20702.900000000052,20702.900000000052
2026-04-01 13:25:00,20702.900000000052,20702.900000000052
2026-04-01 14:25:00,20702.900000000052,20702.900000000052
2026-04-01 15:25:00,20702.900000000052,20702.900000000052
2026-04-01 16:25:00,20702.900000000052,20702.900000000052
2026-04-01 17:25:00,20702.900000000052,20702.900000000052
2026-04-01 18:25:00,20702.900000000052,20702.900000000052
2026-04-01 19:25:00,20702.760000000053,20715.20000000005
2026-04-01 20:25:00,20702.760000000053,20697.04000000005
2026-04-01 21:25:00,20702.760000000053,20755.280000000053
2026-04-01 22:25:00,20702.760000000053,20743.980000000054
2026-04-01 23:25:00,20702.760000000053,20741.600000000053
2026-04-02 01:26:00,20703.060000000052,20728.120000000054
2026-04-02 02:26:00,20703.060000000052,20680.54000000005
2026-04-02 03:26:00,20488.260000000057,20476.36000000006
2026-04-02 04:26:00,20539.400000000056,20634.580000000056
2026-04-02 05:26:00,20539.400000000056,20631.620000000057
2026-04-02 06:26:00,20539.400000000056,20625.780000000057
2026-04-02 07:26:00,20539.400000000056,20652.840000000055
2026-04-02 08:26:00,20539.400000000056,20644.690000000057
2026-04-02 09:26:00,20743.980000000054,20743.980000000054
2026-04-02 10:26:00,20743.980000000054,20743.980000000054
2026-04-02 11:26:00,20743.980000000054,20743.980000000054
2026-04-02 12:26:00,20743.980000000054,20743.980000000054
2026-04-02 13:26:00,20743.980000000054,20743.980000000054
2026-04-02 14:26:00,20743.980000000054,20743.980000000054
2026-04-02 15:26:00,20743.980000000054,20743.980000000054
2026-04-02 16:26:00,20743.980000000054,20743.980000000054
2026-04-02 17:26:00,20743.980000000054,20743.980000000054
2026-04-02 18:26:00,20743.980000000054,20743.980000000054
2026-04-02 19:26:00,20743.980000000054,20743.980000000054
2026-04-02 20:26:00,20743.980000000054,20743.980000000054
2026-04-02 21:26:00,20743.980000000054,20743.980000000054
2026-04-02 22:26:00,20743.980000000054,20743.980000000054
2026-04-02 23:26:00,20743.980000000054,20743.980000000054
2026-04-06 01:27:00,20743.420000000053,20819.90000000005
2026-04-06 02:27:00,20840.210000000057,20840.210000000057
2026-04-06 03:27:00,20840.210000000057,20840.210000000057
2026-04-06 04:27:00,20840.210000000057,20840.210000000057
2026-04-06 05:27:00,20840.210000000057,20840.210000000057
2026-04-06 06:27:00,20840.210000000057,20840.210000000057
2026-04-06 07:27:00,20840.210000000057,20840.210000000057
2026-04-06 08:27:00,20840.210000000057,20840.210000000057
2026-04-06 09:27:00,20840.210000000057,20840.210000000057
2026-04-06 10:27:00,20870.700000000055,20870.700000000055
2026-04-06 11:27:00,20870.700000000055,20870.700000000055
2026-04-06 12:27:00,20870.700000000055,20870.700000000055
2026-04-06 13:27:00,20870.560000000056,20903.040000000055
2026-04-06 14:27:00,20870.560000000056,20899.780000000057
2026-04-06 15:27:00,20870.560000000056,20946.340000000055
2026-04-06 16:27:00,20870.560000000056,20933.980000000054
2026-04-06 17:27:00,20870.560000000056,20907.400000000052
2026-04-06 18:27:00,20870.560000000056,20944.640000000054
2026-04-06 19:27:00,20870.560000000056,20943.900000000052
2026-04-06 20:27:00,20870.560000000056,20960.000000000055
2026-04-06 21:27:00,20870.560000000056,20951.04000000005
2026-04-06 22:27:00,20870.560000000056,20980.00000000006
2026-04-06 23:27:00,20870.560000000056,20964.140000000058
2026-04-07 01:28:00,20870.860000000055,20956.920000000053
2026-04-07 02:28:00,20870.860000000055,20967.500000000055
2026-04-07 03:28:00,20870.860000000055,20961.660000000054
2026-04-07 04:28:00,20942.230000000054,20993.36000000005
2026-04-07 05:28:00,20942.230000000054,21012.720000000052
2026-04-07 06:28:00,20942.230000000054,21002.600000000053
2026-04-07 07:28:00,20942.230000000054,20996.160000000054
2026-04-07 08:28:00,20942.230000000054,21013.740000000053
2026-04-07 09:28:00,20942.230000000054,21004.410000000054
2026-04-07 10:28:00,20942.230000000054,21004.780000000053
2026-04-07 11:28:00,20963.340000000055,20963.340000000055
2026-04-07 12:28:00,20963.340000000055,20963.340000000055
2026-04-07 13:28:00,20963.340000000055,20963.340000000055
2026-04-07 14:28:00,20963.340000000055,20963.340000000055
2026-04-07 15:28:00,20963.340000000055,20963.340000000055
2026-04-07 16:28:00,20963.340000000055,20963.340000000055
2026-04-07 17:28:00,20963.340000000055,20963.340000000055
2026-04-07 18:28:00,20963.340000000055,20963.340000000055
2026-04-07 19:28:00,20963.340000000055,20963.340000000055
2026-04-07 20:28:00,20963.340000000055,20963.340000000055
2026-04-07 21:28:00,20963.340000000055,20963.340000000055
2026-04-07 22:28:00,20963.340000000055,20963.340000000055
2026-04-07 23:28:00,20963.200000000055,20962.800000000054
2026-04-08 01:29:00,20964.100000000057,20916.600000000057
2026-04-08 02:29:00,20624.220000000063,20624.220000000063
2026-04-08 03:29:00,20624.220000000063,20624.220000000063
2026-04-08 04:29:00,20623.590000000062,20563.470000000067
2026-04-08 05:29:00,20686.07000000006,20740.07000000006
2026-04-08 06:29:00,20715.820000000058,20715.820000000058
2026-04-08 07:29:00,20715.820000000058,20715.820000000058
2026-04-08 08:29:00,20715.820000000058,20715.820000000058
2026-04-08 09:29:00,20715.820000000058,20715.820000000058
2026-04-08 10:29:00,20715.820000000058,20715.820000000058
2026-04-08 11:29:00,20715.820000000058,20715.820000000058
2026-04-08 12:29:00,20715.820000000058,20715.820000000058
2026-04-08 13:29:00,20715.820000000058,20715.820000000058
2026-04-08 14:29:00,20715.820000000058,20715.820000000058
2026-04-08 15:29:00,20715.820000000058,20715.820000000058
2026-04-08 16:29:00,20715.820000000058,20715.820000000058
2026-04-08 17:29:00,20715.820000000058,20715.820000000058
2026-04-08 18:29:00,20614.83000000006,20614.83000000006
2026-04-08 19:29:00,20614.83000000006,20614.83000000006
2026-04-08 20:29:00,20614.83000000006,20614.83000000006
2026-04-08 21:29:00,20614.83000000006,20614.83000000006
2026-04-08 22:29:00,20614.83000000006,20614.83000000006
2026-04-08 23:29:00,20614.83000000006,20614.83000000006
2026-04-09 01:30:00,20614.83000000006,20614.83000000006
2026-04-09 02:30:00,20614.83000000006,20614.83000000006
2026-04-09 03:30:00,20614.83000000006,20614.83000000006
2026-04-09 04:30:00,20614.83000000006,20614.83000000006
2026-04-09 05:30:00,20614.83000000006,20614.83000000006
2026-04-09 06:30:00,20614.83000000006,20614.83000000006
2026-04-09 07:30:00,20614.83000000006,20614.83000000006
2026-04-09 08:30:00,20614.83000000006,20614.83000000006
2026-04-09 09:30:00,20614.83000000006,20614.83000000006
2026-04-09 10:30:00,20614.83000000006,20614.83000000006
2026-04-09 11:30:00,20614.83000000006,20614.83000000006
2026-04-09 12:30:00,20614.83000000006,20614.83000000006
2026-04-09 13:30:00,20613.29000000006,20463.690000000053
2026-04-09 14:30:00,20406.490000000045,20406.490000000045
2026-04-09 15:30:00,20406.490000000045,20406.490000000045
2026-04-09 16:30:00,20406.490000000045,20406.490000000045
2026-04-09 17:30:00,20406.490000000045,20406.490000000045
2026-04-09 18:30:00,20406.490000000045,20406.490000000045
2026-04-09 19:30:00,20406.490000000045,20406.490000000045
2026-04-09 20:30:00,20406.490000000045,20406.490000000045
2026-04-09 21:30:00,20406.490000000045,20406.490000000045
2026-04-09 22:30:00,20406.490000000045,20406.490000000045
2026-04-09 23:30:00,20406.490000000045,20406.490000000045
2026-04-10 01:31:00,20406.490000000045,20406.490000000045
2026-04-10 02:31:00,20406.490000000045,20406.490000000045
2026-04-10 03:31:00,20406.490000000045,20406.490000000045
2026-04-10 04:31:00,20406.490000000045,20406.490000000045
2026-04-10 05:31:00,20406.490000000045,20406.490000000045
2026-04-10 06:31:00,20406.490000000045,20406.490000000045
2026-04-10 07:31:00,20406.490000000045,20406.490000000045
2026-04-10 08:31:00,20406.490000000045,20406.490000000045
2026-04-10 09:31:00,20411.40000000004,20411.40000000004
2026-04-10 10:31:00,20411.40000000004,20411.40000000004
2026-04-10 11:31:00,20411.40000000004,20411.40000000004
2026-04-10 12:31:00,20411.40000000004,20411.40000000004
2026-04-10 13:31:00,20411.40000000004,20411.40000000004
2026-04-10 14:31:00,20411.40000000004,20411.40000000004
2026-04-10 15:31:00,20411.40000000004,20411.40000000004
2026-04-10 16:31:00,20411.40000000004,20411.40000000004
2026-04-10 17:31:00,20411.40000000004,20411.40000000004
2026-04-10 18:31:00,20411.40000000004,20411.40000000004
2026-04-10 19:31:00,20549.660000000047,20651.86000000005
2026-04-10 20:31:00,20696.160000000054,20696.160000000054
2026-04-10 21:31:00,20696.160000000054,20696.160000000054
2026-04-10 22:31:00,20696.160000000054,20696.160000000054
2026-04-10 23:31:00,20696.160000000054,20696.160000000054
2026-04-13 01:32:00,20696.160000000054,20696.160000000054
2026-04-13 02:32:00,20696.160000000054,20696.160000000054
2026-04-13 03:32:00,20696.160000000054,20696.160000000054
2026-04-13 04:32:00,20696.160000000054,20696.160000000054
2026-04-13 05:32:00,20696.160000000054,20696.160000000054
2026-04-13 06:32:00,20696.160000000054,20696.160000000054
2026-04-13 07:32:00,20696.160000000054,20696.160000000054
2026-04-13 08:32:00,20696.160000000054,20696.160000000054
2026-04-13 09:32:00,20696.160000000054,20696.160000000054
2026-04-13 10:32:00,20696.160000000054,20696.160000000054
2026-04-13 11:32:00,20696.160000000054,20696.160000000054
2026-04-13 12:32:00,20696.160000000054,20696.160000000054
2026-04-13 13:32:00,20696.160000000054,20696.160000000054
2026-04-13 14:32:00,20696.160000000054,20696.160000000054
2026-04-13 15:32:00,20696.160000000054,20696.160000000054
2026-04-13 16:32:00,20696.160000000054,20696.160000000054
2026-04-13 17:32:00,20696.160000000054,20696.160000000054
2026-04-13 18:32:00,20696.160000000054,20696.160000000054
2026-04-13 19:32:00,20695.530000000053,20683.830000000053
2026-04-13 20:32:00,20594.010000000046,20594.010000000046
2026-04-13 21:32:00,20594.010000000046,20594.010000000046
2026-04-13 22:32:00,20594.010000000046,20594.010000000046
2026-04-13 23:32:00,20594.010000000046,20594.010000000046
2026-04-14 01:33:00,20594.010000000046,20594.010000000046
2026-04-14 02:33:00,20594.010000000046,20594.010000000046
2026-04-14 03:33:00,20594.010000000046,20594.010000000046
2026-04-14 04:33:00,20594.010000000046,20594.010000000046
2026-04-14 05:33:00,20594.010000000046,20594.010000000046
2026-04-14 06:33:00,20594.010000000046,20594.010000000046
2026-04-14 07:33:00,20594.010000000046,20594.010000000046
2026-04-14 08:33:00,20594.010000000046,20594.010000000046
2026-04-14 09:33:00,20594.010000000046,20594.010000000046
2026-04-14 10:33:00,20594.010000000046,20594.010000000046
2026-04-14 11:33:00,20594.010000000046,20594.010000000046
2026-04-14 12:33:00,20594.010000000046,20594.010000000046
2026-04-14 13:33:00,20594.010000000046,20594.010000000046
2026-04-14 14:33:00,20594.010000000046,20594.010000000046
2026-04-14 15:33:00,20594.010000000046,20594.010000000046
2026-04-14 16:33:00,20594.010000000046,20594.010000000046
2026-04-14 17:33:00,20594.010000000046,20594.010000000046
2026-04-14 18:33:00,20594.010000000046,20594.010000000046
2026-04-14 19:33:00,20594.010000000046,20594.010000000046
2026-04-14 20:33:00,20594.010000000046,20594.010000000046
2026-04-14 21:33:00,20594.010000000046,20594.010000000046
2026-04-14 22:33:00,20594.010000000046,20594.010000000046
2026-04-14 23:33:00,20594.010000000046,20594.010000000046
2026-04-15 01:34:00,20906.70000000003,20906.70000000003
2026-04-15 02:34:00,20906.70000000003,20906.70000000003
2026-04-15 03:34:00,20906.70000000003,20906.70000000003
2026-04-15 04:34:00,20906.70000000003,20906.70000000003
2026-04-15 05:34:00,20906.70000000003,20906.70000000003
2026-04-15 06:34:00,20906.70000000003,20906.70000000003
2026-04-15 07:34:00,20906.70000000003,20906.70000000003
2026-04-15 08:34:00,20906.70000000003,20906.70000000003
2026-04-15 09:34:00,20921.45000000005,20921.45000000005
2026-04-15 10:34:00,20921.45000000005,20921.45000000005
2026-04-15 11:34:00,20921.45000000005,20921.45000000005
2026-04-15 12:34:00,20921.45000000005,20921.45000000005
2026-04-15 13:34:00,20921.45000000005,20921.45000000005
2026-04-15 14:34:00,20921.45000000005,20921.45000000005
2026-04-15 15:34:00,20936.34000000005,20936.34000000005
2026-04-15 16:34:00,20936.34000000005,20936.34000000005
2026-04-15 17:34:00,20936.34000000005,20936.34000000005
2026-04-15 18:34:00,20936.34000000005,20936.34000000005
2026-04-15 19:34:00,20936.34000000005,20936.34000000005
2026-04-15 20:34:00,20936.34000000005,20936.34000000005
2026-04-15 21:34:00,20936.34000000005,20936.34000000005
2026-04-15 22:34:00,20936.34000000005,20936.34000000005
2026-04-15 23:34:00,20936.34000000005,20936.34000000005
2026-04-16 01:35:00,20936.34000000005,20936.34000000005
2026-04-16 02:35:00,20936.34000000005,20936.34000000005
2026-04-16 03:35:00,20936.34000000005,20936.34000000005
2026-04-16 04:35:00,20936.34000000005,20936.34000000005
2026-04-16 05:35:00,20936.34000000005,20936.34000000005
2026-04-16 06:35:00,20936.34000000005,20936.34000000005
2026-04-16 07:35:00,20936.34000000005,20936.34000000005
2026-04-16 08:35:00,20936.34000000005,20936.34000000005
2026-04-16 09:35:00,20936.34000000005,20936.34000000005
2026-04-16 10:35:00,20936.34000000005,20936.34000000005
2026-04-16 11:35:00,20936.34000000005,20936.34000000005
2026-04-16 12:35:00,20936.34000000005,20936.34000000005
2026-04-16 13:35:00,20936.34000000005,20936.34000000005
2026-04-16 14:35:00,20936.34000000005,20936.34000000005
2026-04-16 15:35:00,20950.49000000004,20950.49000000004
2026-04-16 16:35:00,20950.49000000004,20950.49000000004
2026-04-16 17:35:00,20950.49000000004,20950.49000000004
2026-04-16 18:35:00,20950.49000000004,20950.49000000004
2026-04-16 19:35:00,20950.49000000004,20950.49000000004
2026-04-16 20:35:00,20950.49000000004,20950.49000000004
2026-04-16 21:35:00,20950.49000000004,20950.49000000004
2026-04-16 22:35:00,20950.49000000004,20950.49000000004
2026-04-16 23:35:00,20950.49000000004,20950.49000000004
2026-04-17 01:36:00,20950.49000000004,20950.49000000004
2026-04-17 02:36:00,20950.49000000004,20950.49000000004
2026-04-17 03:36:00,20950.49000000004,20950.49000000004
2026-04-17 04:36:00,20950.49000000004,20950.49000000004
2026-04-17 05:36:00,20950.49000000004,20950.49000000004
2026-04-17 06:36:00,21095.67000000005,21147.270000000048
2026-04-17 07:36:00,21095.67000000005,21188.79000000005
2026-04-17 08:36:00,21235.910000000054,21235.910000000054
2026-04-17 09:36:00,21235.910000000054,21235.910000000054
2026-04-17 10:36:00,21235.910000000054,21235.910000000054
2026-04-17 11:36:00,21235.910000000054,21235.910000000054
2026-04-17 12:36:00,21235.910000000054,21235.910000000054
2026-04-17 13:36:00,21235.910000000054,21235.910000000054
2026-04-17 14:36:00,21235.910000000054,21235.910000000054
2026-04-17 15:36:00,21235.910000000054,21235.910000000054
2026-04-17 16:36:00,21235.910000000054,21235.910000000054
2026-04-17 17:36:00,21235.910000000054,21235.910000000054
2026-04-17 18:36:00,21235.910000000054,21235.910000000054
2026-04-17 19:36:00,21235.910000000054,21235.910000000054
2026-04-17 20:36:00,21235.910000000054,21235.910000000054
2026-04-17 21:36:00,21235.910000000054,21235.910000000054
2026-04-17 22:36:00,21235.910000000054,21235.910000000054
2026-04-17 23:36:00,21235.910000000054,21235.910000000054
2026-04-20 01:37:00,21235.910000000054,21235.910000000054
2026-04-20 02:37:00,21235.910000000054,21235.910000000054
2026-04-20 03:37:00,21235.910000000054,21235.910000000054
2026-04-20 04:37:00,21235.910000000054,21235.910000000054
2026-04-20 05:37:00,21235.910000000054,21235.910000000054
2026-04-20 06:37:00,21235.910000000054,21235.910000000054
2026-04-20 07:37:00,21234.370000000054,21240.75000000005
2026-04-20 08:37:00,21270.52000000005,21383.570000000043
2026-04-20 09:37:00,21414.03000000005,21465.63000000005
2026-04-20 10:37:00,21557.470000000052,21557.470000000052
2026-04-20 11:37:00,21557.470000000052,21557.470000000052
2026-04-20 12:37:00,21557.470000000052,21557.470000000052
2026-04-20 13:37:00,21557.470000000052,21557.470000000052
2026-04-20 14:37:00,21557.470000000052,21557.470000000052
2026-04-20 15:37:00,21573.180000000044,21573.180000000044
2026-04-20 16:37:00,21677.980000000036,21677.980000000036
2026-04-20 17:37:00,21677.980000000036,21677.980000000036
2026-04-20 18:37:00,21677.980000000036,21677.980000000036
2026-04-20 19:37:00,21677.980000000036,21677.980000000036
2026-04-20 20:37:00,21677.980000000036,21677.980000000036
2026-04-20 21:37:00,21676.580000000034,21686.180000000026
2026-04-20 22:37:00,21676.580000000034,21696.38000000003
2026-04-20 23:37:00,21676.580000000034,21623.980000000032
2026-04-21 01:38:00,21457.78000000002,21457.78000000002
2026-04-21 02:38:00,21457.78000000002,21457.78000000002
2026-04-21 03:38:00,21457.78000000002,21457.78000000002
2026-04-21 04:38:00,21457.78000000002,21457.78000000002
2026-04-21 05:38:00,21457.78000000002,21457.78000000002
2026-04-21 06:38:00,21457.78000000002,21457.78000000002
2026-04-21 07:38:00,21457.78000000002,21457.78000000002
2026-04-21 08:38:00,21457.78000000002,21457.78000000002
2026-04-21 09:38:00,21457.78000000002,21457.78000000002
2026-04-21 10:38:00,21457.78000000002,21457.78000000002
2026-04-21 11:38:00,21457.78000000002,21457.78000000002
2026-04-21 12:38:00,21457.78000000002,21457.78000000002
2026-04-21 13:38:00,21457.78000000002,21457.78000000002
2026-04-21 14:38:00,21457.78000000002,21457.78000000002
2026-04-21 15:38:00,21742.74000000003,21742.74000000003
2026-04-21 16:38:00,21742.74000000003,21742.74000000003
2026-04-21 17:38:00,21742.74000000003,21742.74000000003
2026-04-21 18:38:00,21764.62000000003,21807.63000000003
2026-04-21 19:38:00,21761.32000000004,21761.32000000004
2026-04-21 20:38:00,21761.32000000004,21761.32000000004
2026-04-21 21:38:00,21761.32000000004,21761.32000000004
2026-04-21 22:38:00,21761.32000000004,21761.32000000004
2026-04-21 23:38:00,21761.32000000004,21761.32000000004
2026-04-22 01:39:00,21761.32000000004,21761.32000000004
2026-04-22 02:39:00,21761.32000000004,21761.32000000004
2026-04-22 03:39:00,21761.32000000004,21761.32000000004
2026-04-22 04:39:00,21761.32000000004,21761.32000000004
2026-04-22 05:39:00,21761.32000000004,21761.32000000004
2026-04-22 06:39:00,21761.32000000004,21761.32000000004
2026-04-22 07:39:00,21761.32000000004,21761.32000000004
2026-04-22 08:39:00,21761.32000000004,21761.32000000004
2026-04-22 09:39:00,21761.32000000004,21761.32000000004
2026-04-22 10:39:00,21761.32000000004,21761.32000000004
2026-04-22 11:39:00,21761.32000000004,21761.32000000004
2026-04-22 12:39:00,21761.32000000004,21761.32000000004
2026-04-22 13:39:00,21761.32000000004,21761.32000000004
2026-04-22 14:39:00,21761.32000000004,21761.32000000004
2026-04-22 15:39:00,21761.32000000004,21761.32000000004
2026-04-22 16:39:00,21761.32000000004,21761.32000000004
2026-04-22 17:39:00,21761.32000000004,21761.32000000004
2026-04-22 18:39:00,21761.32000000004,21761.32000000004
2026-04-22 19:39:00,21761.32000000004,21761.32000000004
2026-04-22 20:39:00,21761.32000000004,21761.32000000004
2026-04-22 21:39:00,21761.32000000004,21761.32000000004
2026-04-22 22:39:00,21761.32000000004,21761.32000000004
2026-04-22 23:39:00,21761.32000000004,21761.32000000004
2026-04-23 01:40:00,21761.32000000004,21761.32000000004
2026-04-23 02:40:00,21761.32000000004,21761.32000000004
2026-04-23 03:40:00,21864.610000000037,22024.410000000036
2026-04-23 04:40:00,21864.610000000037,21961.460000000036
2026-04-23 05:40:00,21915.060000000038,21915.060000000038
2026-04-23 06:40:00,21915.060000000038,21915.060000000038
2026-04-23 07:40:00,21915.060000000038,21915.060000000038
2026-04-23 08:40:00,21915.060000000038,21915.060000000038
2026-04-23 09:40:00,21915.060000000038,21915.060000000038
2026-04-23 10:40:00,21915.060000000038,21915.060000000038
2026-04-23 11:40:00,21915.060000000038,21915.060000000038
2026-04-23 12:40:00,21915.060000000038,21915.060000000038
2026-04-23 13:40:00,21915.060000000038,21915.060000000038
2026-04-23 14:40:00,21915.060000000038,21915.060000000038
2026-04-23 15:40:00,21681.12000000004,21681.12000000004
2026-04-23 16:40:00,21681.12000000004,21681.12000000004
2026-04-23 17:40:00,21697.020000000033,21697.020000000033
2026-04-23 18:40:00,21697.020000000033,21697.020000000033
2026-04-23 19:40:00,21697.020000000033,21697.020000000033
2026-04-23 20:40:00,21697.020000000033,21697.020000000033
2026-04-23 21:40:00,21697.020000000033,21697.020000000033
2026-04-23 22:40:00,21697.020000000033,21697.020000000033
2026-04-23 23:40:00,21697.020000000033,21697.020000000033
2026-04-24 01:41:00,21697.020000000033,21697.020000000033
2026-04-24 02:41:00,21697.020000000033,21697.020000000033
2026-04-24 03:41:00,21697.020000000033,21697.020000000033
2026-04-24 04:41:00,21697.020000000033,21697.020000000033
2026-04-24 05:41:00,21697.020000000033,21697.020000000033
2026-04-24 06:41:00,21697.020000000033,21697.020000000033
2026-04-24 07:41:00,21697.020000000033,21697.020000000033
2026-04-24 08:41:00,21697.020000000033,21697.020000000033
2026-04-24 09:41:00,21697.020000000033,21697.020000000033
2026-04-24 10:41:00,21697.020000000033,21697.020000000033
2026-04-24 11:41:00,21697.020000000033,21697.020000000033
2026-04-24 12:41:00,21697.020000000033,21697.020000000033
2026-04-24 13:41:00,21697.020000000033,21697.020000000033
2026-04-24 14:41:00,21697.020000000033,21697.020000000033
2026-04-24 15:41:00,21697.020000000033,21697.020000000033
2026-04-24 16:41:00,21851.730000000025,21851.730000000025
2026-04-24 17:41:00,21851.730000000025,21851.730000000025
2026-04-24 18:41:00,21851.730000000025,21851.730000000025
2026-04-24 19:41:00,21851.730000000025,21851.730000000025
2026-04-24 20:41:00,21851.730000000025,21851.730000000025
2026-04-24 21:41:00,21851.730000000025,21851.730000000025
2026-04-24 22:41:00,21851.730000000025,21851.730000000025
2026-04-24 23:41:00,21851.730000000025,21851.730000000025
2026-04-27 01:42:00,21609.00000000002,21609.00000000002
2026-04-27 02:42:00,21609.00000000002,21609.00000000002
2026-04-27 03:42:00,21609.00000000002,21609.00000000002
2026-04-27 04:42:00,21516.100000000028,21516.100000000028
2026-04-27 05:42:00,21516.100000000028,21516.100000000028
2026-04-27 06:42:00,21516.100000000028,21516.100000000028
2026-04-27 07:42:00,21516.100000000028,21516.100000000028
2026-04-27 08:42:00,21516.100000000028,21516.100000000028
2026-04-27 09:42:00,21516.100000000028,21516.100000000028
2026-04-27 10:42:00,21516.100000000028,21516.100000000028
2026-04-27 11:42:00,21516.100000000028,21516.100000000028
2026-04-27 12:42:00,21516.100000000028,21516.100000000028
2026-04-27 13:42:00,21516.100000000028,21516.100000000028
2026-04-27 14:42:00,21516.100000000028,21516.100000000028
2026-04-27 15:42:00,21516.100000000028,21516.100000000028
2026-04-27 16:42:00,21516.100000000028,21516.100000000028
2026-04-27 17:42:00,21516.100000000028,21516.100000000028
2026-04-27 18:42:00,21516.100000000028,21516.100000000028
2026-04-27 19:42:00,21516.100000000028,21516.100000000028
2026-04-27 20:42:00,21516.100000000028,21516.100000000028
2026-04-27 21:42:00,21516.100000000028,21516.100000000028
2026-04-27 22:42:00,21516.100000000028,21516.100000000028
2026-04-27 23:42:00,21516.100000000028,21516.100000000028
2026-04-28 01:43:00,21516.100000000028,21516.100000000028
2026-04-28 02:43:00,21516.100000000028,21516.100000000028
2026-04-28 03:43:00,21516.100000000028,21516.100000000028
2026-04-28 04:43:00,21516.100000000028,21516.100000000028
2026-04-28 05:43:00,21516.100000000028,21516.100000000028
2026-04-28 06:43:00,21516.100000000028,21516.100000000028
2026-04-28 07:43:00,21516.100000000028,21516.100000000028
2026-04-28 08:43:00,21516.100000000028,21516.100000000028
2026-04-28 09:43:00,21516.100000000028,21516.100000000028
2026-04-28 10:43:00,21516.100000000028,21516.100000000028
2026-04-28 11:43:00,21516.100000000028,21516.100000000028
2026-04-28 12:43:00,21516.100000000028,21516.100000000028
2026-04-28 13:43:00,21516.100000000028,21516.100000000028
2026-04-28 14:43:00,21516.100000000028,21516.100000000028
2026-04-28 15:43:00,21516.100000000028,21516.100000000028
2026-04-28 16:43:00,21516.100000000028,21516.100000000028
2026-04-28 17:43:00,21591.40000000003,21634.18000000003
2026-04-28 18:43:00,21598.120000000028,21598.120000000028
2026-04-28 19:43:00,21598.120000000028,21598.120000000028
2026-04-28 20:43:00,21598.120000000028,21598.120000000028
2026-04-28 21:43:00,21598.120000000028,21598.120000000028
2026-04-28 22:43:00,21598.120000000028,21598.120000000028
2026-04-28 23:43:00,21598.120000000028,21598.120000000028
2026-04-29 01:44:00,21598.120000000028,21598.120000000028
2026-04-29 02:44:00,21598.120000000028,21598.120000000028
2026-04-29 03:44:00,21598.120000000028,21598.120000000028
2026-04-29 04:44:00,21598.120000000028,21598.120000000028
2026-04-29 05:44:00,21598.120000000028,21598.120000000028
2026-04-29 06:44:00,21598.120000000028,21598.120000000028
2026-04-29 07:44:00,21598.120000000028,21598.120000000028
2026-04-29 08:44:00,21598.120000000028,21598.120000000028
2026-04-29 09:44:00,21701.32000000003,21701.32000000003
2026-04-29 10:44:00,21701.32000000003,21701.32000000003
2026-04-29 11:44:00,21701.32000000003,21701.32000000003
2026-04-29 12:44:00,21471.640000000036,21471.640000000036
2026-04-29 13:44:00,21481.700000000037,21542.970000000045
2026-04-29 14:44:00,21519.090000000037,21519.090000000037
2026-04-29 15:44:00,21519.090000000037,21519.090000000037
2026-04-29 16:44:00,21519.090000000037,21519.090000000037
2026-04-29 17:44:00,21519.090000000037,21519.090000000037
2026-04-29 18:44:00,21519.090000000037,21519.090000000037
2026-04-29 19:44:00,21519.090000000037,21519.090000000037
2026-04-29 20:44:00,21519.090000000037,21519.090000000037
2026-04-29 21:44:00,21519.090000000037,21519.090000000037
2026-04-29 22:44:00,21519.090000000037,21519.090000000037
2026-04-29 23:44:00,21519.090000000037,21519.090000000037
2026-04-30 01:45:00,21519.090000000037,21519.090000000037
2026-04-30 02:45:00,21519.090000000037,21519.090000000037
2026-04-30 03:45:00,21519.090000000037,21519.090000000037
2026-04-30 04:45:00,21519.090000000037,21519.090000000037
2026-04-30 05:45:00,21519.090000000037,21519.090000000037
2026-04-30 06:45:00,21519.090000000037,21519.090000000037
2026-04-30 07:45:00,21519.090000000037,21519.090000000037
2026-04-30 08:45:00,21519.090000000037,21519.090000000037
2026-04-30 09:45:00,21519.090000000037,21519.090000000037
2026-04-30 10:45:00,21519.090000000037,21519.090000000037
2026-04-30 11:45:00,21519.090000000037,21519.090000000037
2026-04-30 12:45:00,21519.090000000037,21519.090000000037
2026-04-30 13:45:00,21519.090000000037,21519.090000000037
2026-04-30 14:45:00,21519.090000000037,21519.090000000037
2026-04-30 15:45:00,21519.090000000037,21519.090000000037
2026-04-30 16:45:00,21519.090000000037,21519.090000000037
2026-04-30 17:45:00,21519.090000000037,21519.090000000037
2026-04-30 18:45:00,21519.090000000037,21519.090000000037
2026-04-30 19:45:00,21519.090000000037,21519.090000000037
2026-04-30 20:45:00,21519.090000000037,21519.090000000037
2026-04-30 21:45:00,21519.090000000037,21519.090000000037
2026-04-30 22:45:00,21519.090000000037,21519.090000000037
2026-04-30 23:45:00,21519.090000000037,21519.090000000037
2026-05-01 01:46:00,21519.090000000037,21519.090000000037
2026-05-01 02:46:00,21519.090000000037,21519.090000000037
2026-05-01 03:46:00,21519.090000000037,21519.090000000037
2026-05-01 04:46:00,21519.090000000037,21519.090000000037
2026-05-01 05:46:00,21519.090000000037,21519.090000000037
2026-05-01 06:46:00,21519.090000000037,21519.090000000037
2026-05-01 07:46:00,21519.090000000037,21519.090000000037
2026-05-01 08:46:00,21519.090000000037,21519.090000000037
2026-05-01 09:46:00,21519.090000000037,21519.090000000037
2026-05-01 10:46:00,21519.090000000037,21519.090000000037
2026-05-01 11:46:00,21519.090000000037,21519.090000000037
2026-05-01 12:46:00,21519.090000000037,21519.090000000037
2026-05-01 13:46:00,21519.090000000037,21519.090000000037
2026-05-01 14:46:00,21519.090000000037,21519.090000000037
2026-05-01 15:46:00,21519.090000000037,21519.090000000037
2026-05-01 16:46:00,21519.090000000037,21519.090000000037
2026-05-01 17:46:00,21519.090000000037,21519.090000000037
2026-05-01 18:46:00,21519.090000000037,21519.090000000037
2026-05-01 19:46:00,21519.090000000037,21519.090000000037
2026-05-01 20:46:00,21519.090000000037,21519.090000000037
2026-05-01 21:46:00,21621.40000000004,21621.40000000004
2026-05-01 22:46:00,21621.40000000004,21621.40000000004
2026-05-01 23:46:00,21621.40000000004,21621.40000000004
2026-05-04 01:47:00,21621.40000000004,21621.40000000004
2026-05-04 02:47:00,21621.40000000004,21621.40000000004
2026-05-04 03:47:00,21621.40000000004,21621.40000000004
2026-05-04 04:47:00,21621.40000000004,21621.40000000004
2026-05-04 05:47:00,21621.40000000004,21621.40000000004
2026-05-04 06:47:00,21621.40000000004,21621.40000000004
2026-05-04 07:47:00,21621.40000000004,21621.40000000004
2026-05-04 08:47:00,21621.40000000004,21621.40000000004
2026-05-04 09:47:00,21621.40000000004,21621.40000000004
2026-05-04 10:47:00,21621.40000000004,21621.40000000004
2026-05-04 11:47:00,21621.40000000004,21621.40000000004
2026-05-04 12:47:00,21621.40000000004,21621.40000000004
2026-05-04 13:47:00,21621.40000000004,21621.40000000004
2026-05-04 14:47:00,21621.40000000004,21621.40000000004
2026-05-04 15:47:00,21621.40000000004,21621.40000000004
2026-05-04 16:47:00,21621.40000000004,21621.40000000004
2026-05-04 17:47:00,21621.40000000004,21621.40000000004
2026-05-04 18:47:00,21621.40000000004,21621.40000000004
2026-05-04 19:47:00,21621.40000000004,21621.40000000004
2026-05-04 20:47:00,21621.40000000004,21621.40000000004
2026-05-04 21:47:00,21621.40000000004,21621.40000000004
2026-05-04 22:47:00,21621.40000000004,21621.40000000004
2026-05-04 23:47:00,21621.40000000004,21621.40000000004
2026-05-05 01:48:00,21621.40000000004,21621.40000000004
2026-05-05 02:48:00,21621.40000000004,21621.40000000004
2026-05-05 03:48:00,21621.40000000004,21621.40000000004
2026-05-05 04:48:00,21621.40000000004,21621.40000000004
2026-05-05 05:48:00,21621.40000000004,21621.40000000004
2026-05-05 06:48:00,21621.40000000004,21621.40000000004
2026-05-05 07:48:00,21621.40000000004,21621.40000000004
2026-05-05 08:48:00,21621.40000000004,21621.40000000004
2026-05-05 09:48:00,21621.40000000004,21621.40000000004
2026-05-05 10:48:00,21621.40000000004,21621.40000000004
2026-05-05 11:48:00,21621.40000000004,21621.40000000004
2026-05-05 12:48:00,21621.40000000004,21621.40000000004
2026-05-05 13:48:00,21621.40000000004,21621.40000000004
2026-05-05 14:48:00,21839.130000000037,22096.17000000004
2026-05-05 15:48:00,22114.410000000033,22114.410000000033
2026-05-05 16:48:00,22112.520000000033,22138.170000000027
2026-05-05 17:48:00,22195.140000000032,22195.140000000032
2026-05-05 18:48:00,22195.140000000032,22195.140000000032
2026-05-05 19:48:00,22195.140000000032,22195.140000000032
2026-05-05 20:48:00,22195.140000000032,22195.140000000032
2026-05-05 21:48:00,22195.140000000032,22195.140000000032
2026-05-05 22:48:00,22195.140000000032,22195.140000000032
2026-05-05 23:48:00,22195.140000000032,22195.140000000032
2026-05-06 01:49:00,22190.31000000003,21966.06000000003
2026-05-06 02:49:00,23317.0,23317.0
2026-05-06 03:49:00,23317.0,23317.0
2026-05-06 04:49:00,23317.0,23317.0
2026-05-06 05:49:00,23317.0,23317.0
2026-05-06 06:49:00,23317.0,23317.0
2026-05-06 07:49:00,23317.0,23317.0
2026-05-06 08:49:00,23317.0,23317.0
2026-05-06 09:49:00,23317.0,23317.0
2026-05-06 10:49:00,23317.0,23317.0
2026-05-06 11:49:00,23317.0,23317.0
2026-05-06 12:49:00,23317.0,23317.0
2026-05-06 13:49:00,23317.0,23317.0
2026-05-06 14:49:00,23317.0,23317.0
2026-05-06 15:49:00,23339.829999999998,23339.829999999998
2026-05-06 16:49:00,23339.829999999998,23339.829999999998
2026-05-06 17:49:00,23339.829999999998,23339.829999999998
2026-05-06 18:49:00,23339.829999999998,23339.829999999998
2026-05-06 19:49:00,23339.829999999998,23339.829999999998
2026-05-06 20:49:00,23339.829999999998,23339.829999999998
2026-05-06 21:49:00,23339.829999999998,23339.829999999998
2026-05-06 22:49:00,23339.829999999998,23339.829999999998
2026-05-06 23:49:00,23339.829999999998,23339.829999999998
2026-05-07 01:50:00,23339.829999999998,23339.829999999998
2026-05-07 02:50:00,23339.829999999998,23339.829999999998
2026-05-07 03:50:00,23339.829999999998,23339.829999999998
2026-05-07 04:50:00,23339.829999999998,23339.829999999998
2026-05-07 05:50:00,23339.829999999998,23339.829999999998
2026-05-07 06:50:00,23339.829999999998,23339.829999999998
2026-05-07 07:50:00,23339.829999999998,23339.829999999998
2026-05-07 08:50:00,23339.829999999998,23339.829999999998
2026-05-07 09:50:00,23339.829999999998,23339.829999999998
2026-05-07 10:50:00,23339.829999999998,23339.829999999998
2026-05-07 11:50:00,23339.829999999998,23339.829999999998
2026-05-07 12:50:00,23339.829999999998,23339.829999999998
2026-05-07 13:50:00,23371.259999999995,23477.08999999999
2026-05-07 14:50:00,23365.559999999987,23365.559999999987
2026-05-07 15:50:00,23365.559999999987,23365.559999999987
2026-05-07 16:50:00,23365.559999999987,23365.559999999987
2026-05-07 17:50:00,23365.559999999987,23365.559999999987
2026-05-07 18:50:00,23365.559999999987,23365.559999999987
2026-05-07 19:50:00,23365.559999999987,23365.559999999987
2026-05-07 20:50:00,23365.559999999987,23365.559999999987
2026-05-07 21:50:00,23365.559999999987,23365.559999999987
2026-05-07 22:50:00,23365.559999999987,23365.559999999987
2026-05-07 23:50:00,23365.559999999987,23365.559999999987
2026-05-08 01:51:00,23365.559999999987,23365.559999999987
2026-05-08 02:51:00,23365.559999999987,23365.559999999987
2026-05-08 03:51:00,23365.559999999987,23365.559999999987
2026-05-08 04:51:00,23365.559999999987,23365.559999999987
2026-05-08 05:51:00,23126.609999999993,23126.609999999993
2026-05-08 06:51:00,23126.609999999993,23126.609999999993
2026-05-08 07:51:00,23126.609999999993,23126.609999999993
2026-05-08 08:51:00,23126.609999999993,23126.609999999993
2026-05-08 09:51:00,23126.609999999993,23126.609999999993
2026-05-08 10:51:00,23126.609999999993,23126.609999999993
2026-05-08 11:51:00,23126.609999999993,23126.609999999993
2026-05-08 12:51:00,23126.609999999993,23126.609999999993
2026-05-08 13:51:00,23126.609999999993,23126.609999999993
2026-05-08 14:51:00,23126.609999999993,23126.609999999993
2026-05-08 15:51:00,23134.34999999999,23134.34999999999
2026-05-08 16:51:00,23134.34999999999,23134.34999999999
2026-05-08 17:51:00,23230.10999999999,23391.329999999987
2026-05-08 18:51:00,23230.10999999999,23433.929999999986
2026-05-08 19:51:00,23230.10999999999,23421.749999999985
2026-05-08 20:51:00,23230.10999999999,23378.009999999987
2026-05-08 21:51:00,23230.10999999999,23356.889999999992
2026-05-08 22:51:00,23230.10999999999,23346.749999999985
2026-05-08 23:51:00,23230.10999999999,23407.709999999985
2026-05-11 01:52:00,23416.37999999999,23576.75999999999
2026-05-11 02:52:00,23416.37999999999,23562.08999999999
2026-05-11 03:52:00,23416.37999999999,23621.27999999999
2026-05-11 04:52:00,23448.30999999999,23760.069999999985
2026-05-11 05:52:00,23514.549999999992,23850.909999999996
2026-05-11 06:52:00,23514.549999999992,23878.149999999987
2026-05-11 07:52:00,23514.549999999992,23957.22999999999
2026-05-11 08:52:00,23904.639999999992,24136.93999999999
2026-05-11 09:52:00,23904.639999999992,24015.839999999993
2026-05-11 10:52:00,23904.639999999992,24078.389999999992
2026-05-11 11:52:00,23904.639999999992,24057.48999999999
2026-05-11 12:52:00,23904.639999999992,24106.039999999994
2026-05-11 13:52:00,23904.639999999992,24072.08999999999
2026-05-11 14:52:00,23904.639999999992,24048.889999999992
2026-05-11 15:52:00,23904.639999999992,23946.139999999992
2026-05-11 16:52:00,23903.139999999992,23903.139999999992
2026-05-11 17:52:00,23903.139999999992,23903.139999999992
2026-05-11 18:52:00,23903.139999999992,23903.139999999992
2026-05-11 19:52:00,23901.66999999999,23971.390000000003
2026-05-11 20:52:00,23934.919999999995,24112.840000000007
2026-05-11 21:52:00,24001.419999999995,24163.010000000002
2026-05-11 22:52:00,24001.419999999995,24223.510000000002
2026-05-11 23:52:00,24001.419999999995,24240.010000000002
2026-05-12 01:53:00,24131.369999999995,24374.369999999995
2026-05-12 02:53:00,24450.449999999997,24450.449999999997
2026-05-12 03:53:00,24450.449999999997,24450.449999999997
2026-05-12 04:53:00,24450.449999999997,24450.449999999997
2026-05-12 05:53:00,24450.449999999997,24450.449999999997
2026-05-12 06:53:00,24450.449999999997,24450.449999999997
2026-05-12 07:53:00,24450.449999999997,24450.449999999997
2026-05-12 08:53:00,24450.449999999997,24450.449999999997
2026-05-12 09:53:00,24450.449999999997,24450.449999999997
2026-05-12 10:53:00,24450.449999999997,24450.449999999997
2026-05-12 11:53:00,24450.449999999997,24450.449999999997
2026-05-12 12:53:00,24450.449999999997,24450.449999999997
2026-05-12 13:53:00,24450.449999999997,24450.449999999997
2026-05-12 14:53:00,24450.449999999997,24450.449999999997
2026-05-12 15:53:00,24450.449999999997,24450.449999999997
2026-05-12 16:53:00,24450.449999999997,24450.449999999997
2026-05-12 17:53:00,24639.24,24639.24
2026-05-12 18:53:00,24639.24,24639.24
2026-05-12 19:53:00,24639.24,24639.24
2026-05-12 20:53:00,24639.24,24639.24
2026-05-12 21:53:00,24639.24,24639.24
2026-05-12 22:53:00,24639.24,24639.24
2026-05-12 23:53:00,24639.24,24639.24
2026-05-13 01:54:00,24639.24,24639.24
2026-05-13 02:54:00,24639.24,24639.24
2026-05-13 03:54:00,24639.24,24639.24
2026-05-13 04:54:00,24639.24,24639.24
2026-05-13 05:54:00,24639.24,24639.24
2026-05-13 06:54:00,24639.24,24639.24
2026-05-13 07:54:00,24639.24,24639.24
2026-05-13 08:54:00,24639.24,24639.24
2026-05-13 09:54:00,24639.24,24639.24
2026-05-13 10:54:00,24639.24,24639.24
2026-05-13 11:54:00,24639.24,24639.24
2026-05-13 12:54:00,24639.24,24639.24
2026-05-13 13:54:00,24639.24,24639.24
2026-05-13 14:54:00,24639.24,24639.24
2026-05-13 15:54:00,24639.24,24639.24
2026-05-13 16:54:00,24639.24,24639.24
2026-05-13 17:54:00,24639.24,24639.24
2026-05-13 18:54:00,24639.24,24639.24
2026-05-13 19:54:00,24639.24,24639.24
2026-05-13 20:54:00,24639.24,24639.24
2026-05-13 21:54:00,24639.24,24639.24
2026-05-13 22:54:00,24639.24,24639.24
2026-05-13 23:54:00,24639.24,24639.24
2026-05-14 01:55:00,24639.24,24639.24
2026-05-14 02:55:00,24639.24,24639.24
2026-05-14 03:55:00,24639.24,24639.24
2026-05-14 04:55:00,24639.24,24639.24
2026-05-14 05:55:00,24639.24,24639.24
2026-05-14 06:55:00,24639.24,24639.24
2026-05-14 07:55:00,24639.24,24639.24
2026-05-14 08:55:00,24639.24,24639.24
2026-05-14 09:55:00,24861.010000000002,25108.35999999998
2026-05-14 10:55:00,25318.86999999998,25318.86999999998
2026-05-14 11:55:00,25318.86999999998,25318.86999999998
2026-05-14 12:55:00,25318.86999999998,25318.86999999998
2026-05-14 13:55:00,25318.86999999998,25318.86999999998
2026-05-14 14:55:00,25318.86999999998,25318.86999999998
2026-05-14 15:55:00,25318.86999999998,25318.86999999998
2026-05-14 16:55:00,25318.86999999998,25318.86999999998
2026-05-14 17:55:00,25318.86999999998,25318.86999999998
2026-05-14 18:55:00,25318.86999999998,25318.86999999998
2026-05-14 19:55:00,25318.86999999998,25318.86999999998
2026-05-14 20:55:00,25318.86999999998,25318.86999999998
2026-05-14 21:55:00,25318.86999999998,25318.86999999998
2026-05-14 22:55:00,25318.86999999998,25318.86999999998
2026-05-14 23:55:00,25318.86999999998,25318.86999999998
2026-05-15 01:56:00,25318.86999999998,25318.86999999998
2026-05-15 02:56:00,25318.86999999998,25318.86999999998
2026-05-15 03:56:00,25318.86999999998,25318.86999999998
2026-05-15 04:56:00,25342.41999999998,25342.41999999998
2026-05-15 05:56:00,25342.41999999998,25342.41999999998
2026-05-15 06:56:00,25342.41999999998,25342.41999999998
2026-05-15 07:56:00,25342.41999999998,25342.41999999998
2026-05-15 08:56:00,25342.41999999998,25342.41999999998
2026-05-15 09:56:00,25342.41999999998,25342.41999999998
2026-05-15 10:56:00,25342.41999999998,25342.41999999998
2026-05-15 11:56:00,25342.41999999998,25342.41999999998
2026-05-15 12:56:00,25342.41999999998,25342.41999999998
2026-05-15 13:56:00,25342.41999999998,25342.41999999998
2026-05-15 14:56:00,25342.41999999998,25342.41999999998
2026-05-15 15:56:00,25342.41999999998,25342.41999999998
2026-05-15 16:56:00,25342.41999999998,25342.41999999998
2026-05-15 17:56:00,25342.41999999998,25342.41999999998
2026-05-15 18:56:00,25342.41999999998,25342.41999999998
2026-05-15 19:56:00,25342.41999999998,25342.41999999998
2026-05-15 20:56:00,25342.41999999998,25342.41999999998
2026-05-15 21:56:00,25342.41999999998,25342.41999999998
2026-05-15 22:56:00,25342.41999999998,25342.41999999998
2026-05-15 23:56:00,25342.41999999998,25342.41999999998
2026-05-18 01:57:00,25342.41999999998,25342.41999999998
2026-05-18 02:57:00,25342.41999999998,25342.41999999998
2026-05-18 03:57:00,25342.41999999998,25342.41999999998
2026-05-18 04:57:00,25342.41999999998,25342.41999999998
2026-05-18 05:57:00,25342.41999999998,25342.41999999998
2026-05-18 06:57:00,25342.41999999998,25342.41999999998
2026-05-18 07:57:00,25342.41999999998,25342.41999999998
2026-05-18 08:57:00,25342.41999999998,25342.41999999998
2026-05-18 09:57:00,25342.41999999998,25342.41999999998
2026-05-18 10:57:00,25342.41999999998,25342.41999999998
2026-05-18 11:57:00,25342.41999999998,25342.41999999998
2026-05-18 12:57:00,25342.41999999998,25342.41999999998
2026-05-18 13:57:00,25342.41999999998,25342.41999999998
2026-05-18 14:57:00,25342.41999999998,25342.41999999998
2026-05-18 15:57:00,25342.41999999998,25342.41999999998
2026-05-18 16:57:00,25342.41999999998,25342.41999999998
2026-05-18 17:57:00,25367.789999999975,25367.789999999975
2026-05-18 18:57:00,25367.789999999975,25367.789999999975
2026-05-18 19:57:00,25367.789999999975,25367.789999999975
2026-05-18 20:57:00,25367.789999999975,25367.789999999975
2026-05-18 21:57:00,25367.789999999975,25367.789999999975
2026-05-18 22:57:00,25475.839999999975,25510.039999999975
2026-05-18 23:57:00,25472.839999999975,25472.839999999975
2026-05-19 01:58:00,25472.839999999975,25472.839999999975
2026-05-19 02:58:00,25472.839999999975,25472.839999999975
2026-05-19 03:58:00,25472.839999999975,25472.839999999975
2026-05-19 04:58:00,25472.839999999975,25472.839999999975
2026-05-19 05:58:00,25472.839999999975,25472.839999999975
2026-05-19 06:58:00,25472.839999999975,25472.839999999975
2026-05-19 07:58:00,25472.839999999975,25472.839999999975
2026-05-19 08:58:00,25472.839999999975,25472.839999999975
2026-05-19 09:58:00,25472.839999999975,25472.839999999975
2026-05-19 10:58:00,25472.839999999975,25472.839999999975
2026-05-19 11:58:00,25472.839999999975,25472.839999999975
2026-05-19 12:58:00,25472.839999999975,25472.839999999975
2026-05-19 13:58:00,25472.839999999975,25472.839999999975
2026-05-19 14:58:00,25472.839999999975,25472.839999999975
2026-05-19 15:58:00,25472.839999999975,25472.839999999975
2026-05-19 16:58:00,25472.839999999975,25472.839999999975
2026-05-19 17:58:00,25472.839999999975,25472.839999999975
2026-05-19 18:58:00,25472.839999999975,25472.839999999975
2026-05-19 19:58:00,25472.839999999975,25472.839999999975
2026-05-19 20:58:00,25472.839999999975,25472.839999999975
2026-05-19 21:58:00,25472.839999999975,25472.839999999975
2026-05-19 22:58:00,25472.839999999975,25472.839999999975
2026-05-19 23:58:00,25472.839999999975,25472.839999999975
2026-05-20 01:59:00,25472.839999999975,25472.839999999975
2026-05-20 02:59:00,25472.839999999975,25472.839999999975
2026-05-20 03:59:00,25472.839999999975,25472.839999999975
2026-05-20 04:59:00,25472.839999999975,25472.839999999975
2026-05-20 05:59:00,25472.839999999975,25472.839999999975
2026-05-20 06:59:00,25472.839999999975,25472.839999999975
2026-05-20 07:59:00,25472.839999999975,25472.839999999975
2026-05-20 08:59:00,25472.839999999975,25472.839999999975
2026-05-20 09:59:00,25472.839999999975,25472.839999999975
2026-05-20 10:59:00,25472.839999999975,25472.839999999975
2026-05-20 11:59:00,25472.839999999975,25472.839999999975
2026-05-20 12:59:00,25472.839999999975,25472.839999999975
2026-05-20 13:59:00,25472.839999999975,25472.839999999975
2026-05-20 14:59:00,25472.839999999975,25472.839999999975
2026-05-20 15:59:00,25472.839999999975,25472.839999999975
2026-05-20 16:59:00,25472.839999999975,25472.839999999975
2026-05-20 17:59:00,25502.659999999967,25502.659999999967
2026-05-20 18:59:00,25502.659999999967,25502.659999999967
2026-05-20 19:59:00,25502.659999999967,25502.659999999967
2026-05-20 20:59:00,25502.659999999967,25502.659999999967
2026-05-20 21:59:00,25502.659999999967,25502.659999999967
2026-05-20 22:59:00,25502.659999999967,25502.659999999967
2026-05-21 01:00:00,25502.659999999967,25502.659999999967
2026-05-21 02:00:00,25502.659999999967,25502.659999999967
2026-05-21 03:00:00,25502.659999999967,25502.659999999967
2026-05-21 04:00:00,25502.659999999967,25502.659999999967
2026-05-21 05:00:00,25502.659999999967,25502.659999999967
2026-05-21 06:00:00,25502.659999999967,25502.659999999967
2026-05-21 07:00:00,25502.659999999967,25502.659999999967
2026-05-21 08:00:00,25502.659999999967,25502.659999999967
2026-05-21 09:00:00,25502.659999999967,25502.659999999967
2026-05-21 10:00:00,25502.659999999967,25502.659999999967
2026-05-21 11:00:00,25534.36999999997,25663.969999999983
2026-05-21 12:00:00,25737.43999999997,25909.039999999968
2026-05-21 13:00:00,25737.43999999997,25893.839999999975
2026-05-21 14:00:00,25734.439999999966,25734.439999999966
2026-05-21 15:00:00,25765.739999999965,25817.679999999964
2026-05-21 16:00:00,25761.539999999964,25761.539999999964
2026-05-21 17:00:00,25761.539999999964,25761.539999999964
2026-05-21 18:00:00,25761.539999999964,25761.539999999964
2026-05-21 19:00:00,25761.539999999964,25761.539999999964
2026-05-21 20:00:00,25761.539999999964,25761.539999999964
2026-05-21 21:00:00,25761.539999999964,25761.539999999964
2026-05-21 22:00:00,25761.539999999964,25761.539999999964
2026-05-21 23:00:00,25761.539999999964,25761.539999999964
2026-05-22 01:01:00,25761.539999999964,25761.539999999964
2026-05-22 02:01:00,25761.539999999964,25761.539999999964
2026-05-22 03:01:00,25761.539999999964,25761.539999999964
2026-05-22 04:01:00,25870.989999999972,25982.84999999997
2026-05-22 05:01:00,25865.889999999985,25865.889999999985
2026-05-22 06:01:00,25865.889999999985,25865.889999999985
2026-05-22 07:01:00,25865.889999999985,25865.889999999985
2026-05-22 08:01:00,25865.889999999985,25865.889999999985
2026-05-22 09:01:00,25865.889999999985,25865.889999999985
2026-05-22 10:01:00,25865.889999999985,25865.889999999985
2026-05-22 11:01:00,25865.889999999985,25865.889999999985
2026-05-22 12:01:00,25865.889999999985,25865.889999999985
2026-05-22 13:01:00,25865.889999999985,25865.889999999985
2026-05-22 14:01:00,25865.889999999985,25865.889999999985
2026-05-22 15:01:00,25865.889999999985,25865.889999999985
2026-05-22 16:01:00,25865.889999999985,25865.889999999985
2026-05-22 17:01:00,25865.889999999985,25865.889999999985
2026-05-22 18:01:00,25865.889999999985,25865.889999999985
2026-05-22 19:01:00,25865.889999999985,25865.889999999985
2026-05-22 20:01:00,25865.889999999985,25865.889999999985
2026-05-22 21:01:00,25865.889999999985,25865.889999999985
2026-05-22 22:01:00,25865.889999999985,25865.889999999985
2026-05-22 23:01:00,25865.889999999985,25865.889999999985
2026-05-25 01:02:00,25865.889999999985,25865.889999999985
2026-05-25 02:02:00,25865.889999999985,25865.889999999985
2026-05-25 03:02:00,25865.889999999985,25865.889999999985
2026-05-25 04:02:00,25865.889999999985,25865.889999999985
2026-05-25 05:02:00,25865.889999999985,25865.889999999985
2026-05-25 06:02:00,25865.889999999985,25865.889999999985
2026-05-25 07:02:00,25865.889999999985,25865.889999999985
2026-05-25 08:02:00,25865.889999999985,25865.889999999985
2026-05-25 09:02:00,25865.889999999985,25865.889999999985
2026-05-25 10:02:00,25865.889999999985,25865.889999999985
2026-05-25 11:02:00,25865.889999999985,25865.889999999985
2026-05-25 12:02:00,25865.889999999985,25865.889999999985
2026-05-25 13:02:00,25865.889999999985,25865.889999999985
2026-05-25 14:02:00,25865.889999999985,25865.889999999985
2026-05-25 15:02:00,25865.889999999985,25865.889999999985
2026-05-25 16:02:00,25865.889999999985,25865.889999999985
2026-05-25 17:02:00,25865.889999999985,25865.889999999985
2026-05-25 18:02:00,25865.889999999985,25865.889999999985
2026-05-25 19:02:00,25865.889999999985,25865.889999999985
2026-05-25 20:02:00,25865.889999999985,25865.889999999985
2026-05-25 21:02:00,25865.889999999985,25865.889999999985
2026-05-25 22:03:00,25865.889999999985,25865.889999999985
2026-05-26 01:54:00,25865.889999999985,25865.889999999985
2026-05-26 02:54:00,25865.889999999985,25865.889999999985
2026-05-26 03:54:00,25865.469999999987,25825.80999999999
2026-05-26 04:54:00,25865.469999999987,25783.029999999988
2026-05-26 05:54:00,25865.469999999987,25766.469999999987
2026-05-26 06:54:00,25865.469999999987,25828.329999999987
2026-05-26 07:54:00,25865.469999999987,25738.449999999986
2026-05-26 08:54:00,25865.469999999987,25734.06999999999
2026-05-26 09:54:00,25865.469999999987,25761.189999999988
2026-05-26 10:54:00,25865.469999999987,25762.26999999999
2026-05-26 11:54:00,25865.469999999987,25717.629999999983
2026-05-26 12:54:00,25865.469999999987,25686.669999999984
2026-05-26 13:54:00,25865.469999999987,25780.56999999999
2026-05-26 14:54:00,25629.009999999987,25629.009999999987
2026-05-26 15:54:00,25629.009999999987,25629.009999999987
2026-05-26 16:54:00,25629.009999999987,25629.009999999987
2026-05-26 17:54:00,25650.10999999998,25650.10999999998
2026-05-26 18:54:00,25650.10999999998,25650.10999999998
2026-05-26 19:54:00,25650.10999999998,25650.10999999998
2026-05-26 20:54:00,25650.10999999998,25650.10999999998
2026-05-26 21:54:00,25650.10999999998,25650.10999999998
2026-05-26 22:54:00,25650.10999999998,25650.10999999998
2026-05-26 23:54:00,25650.10999999998,25650.10999999998
2026-05-27 01:55:00,25650.10999999998,25650.10999999998
2026-05-27 02:55:00,25650.10999999998,25650.10999999998
2026-05-27 03:55:00,25650.10999999998,25650.10999999998
2026-05-27 04:55:00,25650.10999999998,25650.10999999998
2026-05-27 05:55:00,25650.10999999998,25650.10999999998
2026-05-27 06:55:00,25650.10999999998,25650.10999999998
2026-05-27 07:55:00,25650.10999999998,25650.10999999998
2026-05-27 08:55:00,25650.10999999998,25650.10999999998
2026-05-27 09:55:00,25650.10999999998,25650.10999999998
2026-05-27 10:55:00,25650.10999999998,25650.10999999998
2026-05-27 11:55:00,25650.10999999998,25650.10999999998
2026-05-27 12:55:00,25650.10999999998,25650.10999999998
2026-05-27 13:55:00,25650.10999999998,25650.10999999998
2026-05-27 14:55:00,25650.10999999998,25650.10999999998
2026-05-27 15:55:00,25650.10999999998,25650.10999999998
2026-05-27 16:55:00,25650.10999999998,25650.10999999998
2026-05-27 17:55:00,25650.10999999998,25650.10999999998
2026-05-27 18:55:00,25650.10999999998,25650.10999999998
2026-05-27 19:55:00,25650.10999999998,25650.10999999998
2026-05-27 20:55:00,25650.10999999998,25650.10999999998
2026-05-27 21:55:00,25650.10999999998,25650.10999999998
2026-05-27 22:55:00,25650.10999999998,25650.10999999998
2026-05-27 23:55:00,25650.10999999998,25650.10999999998
2026-05-28 01:56:00,25650.10999999998,25650.10999999998
2026-05-28 02:56:00,25650.10999999998,25650.10999999998
2026-05-28 03:56:00,25650.10999999998,25650.10999999998
2026-05-28 04:56:00,25650.10999999998,25650.10999999998
2026-05-28 05:56:00,25650.10999999998,25650.10999999998
2026-05-28 06:56:00,25650.10999999998,25650.10999999998
2026-05-28 07:56:00,25650.10999999998,25650.10999999998
2026-05-28 08:56:00,25650.10999999998,25650.10999999998
2026-05-28 09:56:00,25650.10999999998,25650.10999999998
2026-05-28 10:56:00,25650.10999999998,25650.10999999998
2026-05-28 11:56:00,25650.10999999998,25650.10999999998
2026-05-28 12:56:00,25650.10999999998,25650.10999999998
2026-05-28 13:56:00,25650.10999999998,25650.10999999998
2026-05-28 14:56:00,25650.10999999998,25650.10999999998
2026-05-28 15:56:00,25650.10999999998,25650.10999999998
2026-05-28 16:56:00,25674.409999999974,25674.409999999974
2026-05-28 17:56:00,25674.409999999974,25674.409999999974
2026-05-28 18:56:00,25674.409999999974,25674.409999999974
2026-05-28 19:56:00,25674.409999999974,25674.409999999974
2026-05-28 20:56:00,25674.409999999974,25674.409999999974
2026-05-28 21:56:00,25674.409999999974,25674.409999999974
2026-05-28 22:56:00,25674.409999999974,25674.409999999974
2026-05-28 23:56:00,25672.099999999973,25612.36999999996
2026-05-29 01:57:00,25653.569999999974,25487.229999999938
2026-05-29 02:57:00,25653.569999999974,25572.789999999943
2026-05-29 03:57:00,25677.769999999968,25573.159999999967
2026-05-29 04:57:00,25716.989999999958,25716.989999999958
2026-05-29 05:57:00,25716.989999999958,25716.989999999958
2026-05-29 06:57:00,25716.989999999958,25716.989999999958
2026-05-29 07:57:00,25716.989999999958,25716.989999999958
2026-05-29 08:57:00,25716.989999999958,25716.989999999958
2026-05-29 09:57:00,25716.989999999958,25716.989999999958
2026-05-29 10:57:00,25716.989999999958,25716.989999999958
2026-05-29 11:57:00,25448.729999999967,25448.729999999967
2026-05-29 12:57:00,25448.729999999967,25448.729999999967
2026-05-29 13:57:00,25448.729999999967,25448.729999999967
2026-05-29 14:57:00,25448.729999999967,25448.729999999967
2026-05-29 15:57:00,25448.729999999967,25448.729999999967
2026-05-29 16:57:00,25448.729999999967,25448.729999999967
2026-05-29 17:57:00,25448.729999999967,25448.729999999967
2026-05-29 18:57:00,25448.729999999967,25448.729999999967
2026-05-29 19:57:00,25448.729999999967,25448.729999999967
2026-05-29 20:57:00,25448.169999999966,25425.36999999997
2026-05-29 21:57:00,25448.169999999966,25443.529999999966
2026-05-29 22:57:00,25448.169999999966,25357.849999999966
2026-05-29 23:57:00,25328.32999999997,25328.32999999997
2026-06-01 01:58:00,25328.32999999997,25328.32999999997
2026-06-01 02:58:00,25328.32999999997,25328.32999999997
2026-06-01 03:58:00,25328.32999999997,25328.32999999997
2026-06-01 04:58:00,25328.32999999997,25328.32999999997
2026-06-01 05:58:00,25328.32999999997,25328.32999999997
2026-06-01 06:58:00,25328.32999999997,25328.32999999997
2026-06-01 07:58:00,25328.32999999997,25328.32999999997
2026-06-01 08:58:00,25328.32999999997,25328.32999999997
2026-06-01 09:58:00,25328.32999999997,25328.32999999997
2026-06-01 10:58:00,25328.32999999997,25328.32999999997
2026-06-01 11:58:00,25328.32999999997,25328.32999999997
2026-06-01 12:58:00,25328.32999999997,25328.32999999997
2026-06-01 13:58:00,25328.32999999997,25328.32999999997
2026-06-01 14:58:00,25328.32999999997,25328.32999999997
2026-06-01 15:58:00,25328.32999999997,25328.32999999997
2026-06-01 16:58:00,25327.769999999968,25185.20999999997
2026-06-01 17:58:00,25327.769999999968,25231.929999999964
2026-06-01 18:58:00,25327.769999999968,25367.20999999997
2026-06-01 19:58:00,25327.769999999968,25412.089999999967
2026-06-01 20:58:00,25357.12999999997,25471.069999999967
2026-06-01 21:58:00,25357.12999999997,25467.70999999997
2026-06-01 22:58:00,25357.12999999997,25427.869999999966
2026-06-01 23:58:00,25357.12999999997,25453.18999999997
2026-06-02 01:59:00,25354.12999999997,25455.589999999967
2026-06-02 02:59:00,25354.12999999997,25448.44999999997
2026-06-02 03:59:00,25354.12999999997,25431.349999999966
2026-06-02 04:59:00,25352.329999999973,25352.329999999973
2026-06-02 05:59:00,25352.329999999973,25352.329999999973
2026-06-02 06:59:00,25352.329999999973,25352.329999999973
2026-06-02 07:59:00,25352.329999999973,25352.329999999973
2026-06-02 08:59:00,25352.329999999973,25352.329999999973
2026-06-02 09:59:00,25352.329999999973,25352.329999999973
2026-06-02 10:59:00,25352.329999999973,25352.329999999973
2026-06-02 11:59:00,25352.329999999973,25352.329999999973
2026-06-02 12:59:00,25352.329999999973,25352.329999999973
2026-06-02 13:59:00,25352.329999999973,25352.329999999973
2026-06-02 14:59:00,25352.329999999973,25352.329999999973
2026-06-02 15:59:00,25351.209999999974,25342.40999999997
2026-06-02 16:59:00,25385.36999999997,25385.36999999997
2026-06-02 17:59:00,25385.36999999997,25385.36999999997
2026-06-02 18:59:00,25385.36999999997,25385.36999999997
2026-06-02 19:59:00,25385.36999999997,25385.36999999997
2026-06-02 20:59:00,25385.36999999997,25385.36999999997
2026-06-02 21:59:00,25385.36999999997,25385.36999999997
2026-06-02 22:59:00,25385.36999999997,25385.36999999997
2026-06-03 01:00:00,25385.36999999997,25385.36999999997
2026-06-03 02:00:00,25385.36999999997,25385.36999999997
2026-06-03 03:00:00,25385.36999999997,25385.36999999997
2026-06-03 04:00:00,25385.36999999997,25385.36999999997
2026-06-03 05:00:00,25385.36999999997,25385.36999999997
2026-06-03 06:00:00,25385.36999999997,25385.36999999997
2026-06-03 07:00:00,25385.36999999997,25385.36999999997
2026-06-03 08:00:00,25385.36999999997,25385.36999999997
2026-06-03 09:00:00,25385.36999999997,25385.36999999997
2026-06-03 10:00:00,25385.36999999997,25385.36999999997
2026-06-03 11:00:00,25385.36999999997,25385.36999999997
2026-06-03 12:00:00,25385.36999999997,25385.36999999997
2026-06-03 13:00:00,25385.36999999997,25385.36999999997
2026-06-03 14:00:00,25385.36999999997,25385.36999999997
2026-06-03 15:00:00,25385.36999999997,25385.36999999997
2026-06-03 16:00:00,25385.36999999997,25385.36999999997
2026-06-03 17:00:00,25385.36999999997,25385.36999999997
2026-06-03 18:00:00,25385.36999999997,25385.36999999997
2026-06-03 19:00:00,25385.36999999997,25385.36999999997
2026-06-03 20:00:00,25385.36999999997,25385.36999999997
2026-06-03 21:00:00,25481.75999999997,25623.959999999963
2026-06-03 22:00:00,25481.75999999997,25561.259999999973
2026-06-03 23:00:00,25477.25999999997,25477.25999999997
2026-06-04 01:01:00,25477.25999999997,25477.25999999997
2026-06-04 02:01:00,25477.25999999997,25477.25999999997
2026-06-04 03:01:00,25477.25999999997,25477.25999999997
2026-06-04 04:01:00,25477.25999999997,25477.25999999997
2026-06-04 05:01:00,25477.25999999997,25477.25999999997
2026-06-04 06:01:00,25477.25999999997,25477.25999999997
2026-06-04 07:01:00,25477.25999999997,25477.25999999997
2026-06-04 08:01:00,25477.25999999997,25477.25999999997
2026-06-04 09:01:00,25477.25999999997,25477.25999999997
2026-06-04 10:01:00,25477.25999999997,25477.25999999997
2026-06-04 11:01:00,25477.25999999997,25477.25999999997
2026-06-04 12:01:00,25477.25999999997,25477.25999999997
2026-06-04 13:01:00,25477.25999999997,25477.25999999997
2026-06-04 14:01:00,25477.25999999997,25477.25999999997
2026-06-04 15:01:00,25477.25999999997,25477.25999999997
2026-06-04 16:01:00,25477.25999999997,25477.25999999997
2026-06-04 17:01:00,25477.25999999997,25477.25999999997
2026-06-04 18:01:00,25212.269999999968,25212.269999999968
2026-06-04 19:01:00,25212.269999999968,25212.269999999968
2026-06-04 20:01:00,25212.269999999968,25212.269999999968
2026-06-04 21:01:00,25212.269999999968,25212.269999999968
2026-06-04 22:01:00,25212.269999999968,25212.269999999968
2026-06-04 23:01:00,25212.269999999968,25212.269999999968
2026-06-05 01:02:00,25212.269999999968,25212.269999999968
2026-06-05 02:02:00,25212.269999999968,25212.269999999968
2026-06-05 03:02:00,25212.269999999968,25212.269999999968
2026-06-05 04:02:00,25212.269999999968,25212.269999999968
2026-06-05 05:02:00,25212.269999999968,25212.269999999968
2026-06-05 06:02:00,25212.269999999968,25212.269999999968
2026-06-05 07:02:00,25212.269999999968,25212.269999999968
2026-06-05 08:02:00,25212.269999999968,25212.269999999968
2026-06-05 09:02:00,25212.269999999968,25212.269999999968
2026-06-05 10:02:00,25388.949999999968,25388.949999999968
2026-06-05 11:02:00,25388.949999999968,25388.949999999968
2026-06-05 12:02:00,25388.949999999968,25388.949999999968
2026-06-05 13:02:00,25388.949999999968,25388.949999999968
2026-06-05 14:02:00,25388.949999999968,25388.949999999968
2026-06-05 15:02:00,25388.949999999968,25388.949999999968
2026-06-05 16:02:00,25423.069999999985,25376.08999999999
2026-06-05 17:02:00,25171.15999999999,25171.15999999999
2026-06-05 18:02:00,25171.15999999999,25171.15999999999
2026-06-05 19:02:00,25171.15999999999,25171.15999999999
2026-06-05 20:02:00,25171.15999999999,25171.15999999999
2026-06-05 21:02:00,25171.15999999999,25171.15999999999
2026-06-05 22:02:00,25171.15999999999,25171.15999999999
2026-06-05 23:02:00,25171.15999999999,25171.15999999999
2026-06-08 01:03:00,25171.15999999999,25171.15999999999
2026-06-08 02:03:00,25171.15999999999,25171.15999999999
2026-06-08 03:03:00,25171.15999999999,25171.15999999999
2026-06-08 04:03:00,25171.15999999999,25171.15999999999
2026-06-08 05:03:00,25171.15999999999,25171.15999999999
2026-06-08 06:03:00,25171.15999999999,25171.15999999999
2026-06-08 07:03:00,25171.15999999999,25171.15999999999
2026-06-08 08:03:00,25171.15999999999,25171.15999999999
2026-06-08 09:03:00,25171.15999999999,25171.15999999999
2026-06-08 10:03:00,25171.15999999999,25171.15999999999
2026-06-08 11:03:00,25171.15999999999,25171.15999999999
2026-06-08 12:03:00,25171.15999999999,25171.15999999999
2026-06-08 13:03:00,25171.15999999999,25171.15999999999
2026-06-08 14:03:00,25171.15999999999,25171.15999999999
2026-06-08 15:03:00,25171.15999999999,25171.15999999999
2026-06-08 16:03:00,25171.15999999999,25171.15999999999
2026-06-08 17:03:00,25171.15999999999,25171.15999999999
2026-06-08 18:03:00,25170.10999999999,25052.20999999998
2026-06-08 19:03:00,24916.61,24916.61
2026-06-08 20:03:00,24916.61,24916.61
2026-06-08 21:03:00,24916.61,24916.61
2026-06-08 22:03:00,24916.61,24916.61
2026-06-08 23:03:00,24916.61,24916.61
2026-06-09 01:04:00,24916.61,24916.61
2026-06-09 02:04:00,24916.61,24916.61
2026-06-09 03:04:00,24916.61,24916.61
2026-06-09 04:04:00,24916.61,24916.61
2026-06-09 05:04:00,24916.61,24916.61
2026-06-09 06:04:00,24916.61,24916.61
2026-06-09 07:04:00,24916.61,24916.61
2026-06-09 08:04:00,24916.61,24916.61
2026-06-09 09:04:00,24916.61,24916.61
2026-06-09 10:04:00,24916.61,24916.61
2026-06-09 11:04:00,24916.61,24916.61
2026-06-09 12:04:00,24916.61,24916.61
2026-06-09 13:04:00,24916.61,24916.61
2026-06-09 14:04:00,24916.61,24916.61
2026-06-09 15:04:00,24916.61,24916.61
2026-06-09 16:04:00,24916.61,24916.61
2026-06-09 17:04:00,24916.61,24916.61
2026-06-09 18:04:00,24916.61,24916.61
2026-06-09 19:04:00,24916.61,24916.61
2026-06-09 20:04:00,24916.61,24916.61
2026-06-09 21:04:00,24916.61,24916.61
2026-06-09 22:04:00,24916.61,24916.61
2026-06-09 23:04:00,24916.61,24916.61
2026-06-10 01:05:00,24916.61,24916.61
2026-06-10 02:05:00,24916.61,24916.61
2026-06-10 03:05:00,24916.61,24916.61
2026-06-10 04:05:00,24916.61,24916.61
2026-06-10 05:05:00,24916.61,24916.61
2026-06-10 06:05:00,24916.61,24916.61
2026-06-10 07:05:00,24916.61,24916.61
2026-06-10 08:05:00,24916.61,24916.61
2026-06-10 09:05:00,24916.61,24916.61
2026-06-10 10:05:00,24916.61,24916.61
2026-06-10 11:05:00,24916.61,24916.61
2026-06-10 12:05:00,24916.61,24916.61
2026-06-10 13:05:00,24916.61,24916.61
2026-06-10 14:05:00,24916.61,24916.61
2026-06-10 15:05:00,24916.61,24916.61
2026-06-10 16:05:00,24916.61,24916.61
2026-06-10 17:05:00,24916.61,24916.61
2026-06-10 18:05:00,24916.61,24916.61
2026-06-10 19:05:00,24916.61,24916.61
2026-06-10 20:05:00,24916.61,24916.61
2026-06-10 21:05:00,24916.61,24916.61
2026-06-10 22:05:00,24916.61,24916.61
2026-06-10 23:05:00,24916.61,24916.61
2026-06-11 01:06:00,24916.61,24916.61
2026-06-11 02:06:00,24916.61,24916.61
2026-06-11 03:06:00,24916.61,24916.61
2026-06-11 04:06:00,24916.61,24916.61
2026-06-11 05:06:00,24916.61,24916.61
2026-06-11 06:06:00,24916.61,24916.61
2026-06-11 07:06:00,24916.61,24916.61
2026-06-11 08:06:00,24916.61,24916.61
2026-06-11 09:06:00,24916.61,24916.61
2026-06-11 10:06:00,24916.61,24916.61
2026-06-11 11:06:00,24916.61,24916.61
2026-06-11 12:06:00,24916.61,24916.61
2026-06-11 13:06:00,24916.61,24916.61
2026-06-11 14:06:00,24916.61,24916.61
2026-06-11 15:06:00,24916.61,24916.61
2026-06-11 16:06:00,24916.61,24916.61
2026-06-11 17:06:00,24916.61,24916.61
2026-06-11 18:06:00,24916.61,24916.61
2026-06-11 19:06:00,24916.61,24916.61
2026-06-11 20:06:00,24916.61,24916.61
2026-06-11 21:06:00,24916.61,24916.61
2026-06-11 22:06:00,24916.61,24916.61
2026-06-11 23:06:00,24916.61,24916.61
2026-06-12 01:07:00,24916.61,24916.61
2026-06-12 02:07:00,24916.61,24916.61
2026-06-12 03:07:00,24916.61,24916.61
2026-06-12 04:07:00,24951.17,25013.989999999994
2026-06-12 05:07:00,24945.76999999999,24945.76999999999
2026-06-12 06:07:00,24945.76999999999,24945.76999999999
2026-06-12 07:07:00,24945.76999999999,24945.76999999999
2026-06-12 08:07:00,24945.76999999999,24945.76999999999
2026-06-12 09:07:00,24945.76999999999,24945.76999999999
2026-06-12 10:07:00,24945.76999999999,24945.76999999999
2026-06-12 11:07:00,24945.76999999999,24945.76999999999
2026-06-12 12:07:00,24945.76999999999,24945.76999999999
2026-06-12 13:07:00,24945.76999999999,24945.76999999999
2026-06-12 14:07:00,24945.76999999999,24945.76999999999
2026-06-12 15:07:00,24945.76999999999,24945.76999999999
2026-06-12 16:07:00,24945.76999999999,24945.76999999999
2026-06-12 17:07:00,24945.76999999999,24945.76999999999
2026-06-12 18:07:00,24945.76999999999,24945.76999999999
2026-06-12 19:07:00,24945.76999999999,24945.76999999999
2026-06-12 20:07:00,24945.76999999999,24945.76999999999
2026-06-12 21:07:00,24945.76999999999,24945.76999999999
2026-06-12 22:07:00,24945.76999999999,24945.76999999999
2026-06-12 23:07:00,24945.76999999999,24945.76999999999
2026-06-15 01:08:00,24945.76999999999,24945.76999999999
2026-06-15 02:08:00,24945.76999999999,24945.76999999999
2026-06-15 03:08:00,24945.76999999999,24945.76999999999
2026-06-15 04:08:00,24945.76999999999,24945.76999999999
2026-06-15 05:08:00,24945.76999999999,24945.76999999999
2026-06-15 06:08:00,24945.76999999999,24945.76999999999
2026-06-15 07:08:00,24945.76999999999,24945.76999999999
2026-06-15 08:08:00,24945.76999999999,24945.76999999999
2026-06-15 09:08:00,24945.76999999999,24945.76999999999
2026-06-15 10:08:00,24945.76999999999,24945.76999999999
2026-06-15 11:08:00,24945.76999999999,24945.76999999999
2026-06-15 12:08:00,24945.76999999999,24945.76999999999
2026-06-15 13:08:00,24945.76999999999,24945.76999999999
2026-06-15 14:08:00,24945.76999999999,24945.76999999999
2026-06-15 15:08:00,24945.76999999999,24945.76999999999
2026-06-15 16:08:00,24945.76999999999,24945.76999999999
2026-06-15 17:08:00,24945.76999999999,24945.76999999999
2026-06-15 18:08:00,24945.76999999999,24945.76999999999
2026-06-15 19:08:00,24945.76999999999,24945.76999999999
2026-06-15 20:08:00,24945.76999999999,24945.76999999999
2026-06-15 21:08:00,24945.76999999999,24945.76999999999
2026-06-15 22:08:00,24945.76999999999,24945.76999999999
2026-06-15 23:08:00,24945.76999999999,24945.76999999999
2026-06-16 01:09:00,24945.76999999999,24945.76999999999
2026-06-16 02:09:00,24945.76999999999,24945.76999999999
2026-06-16 03:09:00,24945.76999999999,24945.76999999999
2026-06-16 04:09:00,24945.76999999999,24945.76999999999
2026-06-16 05:09:00,24945.76999999999,24945.76999999999
2026-06-16 06:09:00,24945.76999999999,24945.76999999999
2026-06-16 07:09:00,24945.76999999999,24945.76999999999
2026-06-16 08:09:00,24945.76999999999,24945.76999999999
2026-06-16 09:09:00,24945.76999999999,24945.76999999999
2026-06-16 10:09:00,24945.76999999999,24945.76999999999
2026-06-16 11:09:00,24945.76999999999,24945.76999999999
2026-06-16 12:09:00,24945.76999999999,24945.76999999999
2026-06-16 13:09:00,24945.76999999999,24945.76999999999
2026-06-16 14:09:00,24945.76999999999,24945.76999999999
2026-06-16 15:09:00,24945.76999999999,24945.76999999999
2026-06-16 16:09:00,24945.76999999999,24945.76999999999
2026-06-16 17:09:00,24945.76999999999,24945.76999999999
2026-06-16 18:09:00,24945.76999999999,24945.76999999999
2026-06-16 19:09:00,24943.529999999988,24979.68999999996
2026-06-16 20:09:00,24943.529999999988,25052.009999999966
2026-06-16 21:09:00,25083.11999999998,25123.549999999977
2026-06-16 22:09:00,25083.11999999998,25115.489999999976
2026-06-16 23:09:00,25083.11999999998,25227.939999999973
2026-06-17 01:10:00,25088.96999999998,25227.029999999977
2026-06-17 02:10:00,25088.96999999998,25188.549999999977
2026-06-17 03:10:00,25088.96999999998,25142.789999999983
2026-06-17 04:10:00,25085.069999999978,25085.069999999978
2026-06-17 05:10:00,25085.069999999978,25085.069999999978
2026-06-17 06:10:00,25085.069999999978,25085.069999999978
2026-06-17 07:10:00,25085.069999999978,25085.069999999978
2026-06-17 08:10:00,25085.069999999978,25085.069999999978
2026-06-17 09:10:00,25085.069999999978,25085.069999999978
2026-06-17 10:10:00,25085.069999999978,25085.069999999978
2026-06-17 11:10:00,25085.069999999978,25085.069999999978
2026-06-17 12:10:00,25085.069999999978,25085.069999999978
2026-06-17 13:10:00,25085.069999999978,25085.069999999978
2026-06-17 14:10:00,25085.069999999978,25085.069999999978
2026-06-17 15:10:00,25085.069999999978,25085.069999999978
2026-06-17 16:10:00,25085.069999999978,25085.069999999978
2026-06-17 17:10:00,25085.069999999978,25085.069999999978
2026-06-17 18:10:00,25085.069999999978,25085.069999999978
2026-06-17 19:10:00,25085.069999999978,25085.069999999978
2026-06-17 20:10:00,25085.069999999978,25085.069999999978
2026-06-17 21:10:00,25369.739999999983,25917.719999999983
2026-06-17 22:10:00,25912.099999999988,26027.309999999987
2026-06-17 23:10:00,26035.53999999999,25997.639999999992
2026-06-18 01:11:00,26033.03999999999,26049.23999999999
2026-06-18 02:11:00,26033.03999999999,26108.939999999988
2026-06-18 03:11:00,26061.33999999999,26193.579999999987
2026-06-18 04:11:00,26117.939999999988,26309.81999999999
2026-06-18 05:11:00,26117.939999999988,26309.759999999987
2026-06-18 06:11:00,26117.939999999988,26264.189999999988
2026-06-18 07:11:00,26115.83999999999,26321.48999999999
2026-06-18 08:11:00,26145.34000000001,26311.27000000001
2026-06-18 09:11:00,26145.34000000001,26258.08000000001
2026-06-18 10:11:00,26145.34000000001,26281.96000000001
2026-06-18 11:11:00,26144.220000000012,26154.420000000024
2026-06-18 12:11:00,25890.360000000022,25890.360000000022
2026-06-18 13:11:00,25890.360000000022,25890.360000000022
2026-06-18 14:11:00,25890.360000000022,25890.360000000022
2026-06-18 15:11:00,25890.360000000022,25890.360000000022
2026-06-18 16:11:00,25890.360000000022,25890.360000000022
2026-06-18 17:11:00,25890.360000000022,25890.360000000022
2026-06-18 18:11:00,25890.360000000022,25890.360000000022
2026-06-18 19:11:00,25890.360000000022,25890.360000000022
2026-06-18 20:11:00,25890.360000000022,25890.360000000022
2026-06-18 21:11:00,25890.360000000022,25890.360000000022
2026-06-18 22:11:00,25890.360000000022,25890.360000000022
2026-06-18 23:11:00,25890.360000000022,25890.360000000022
2026-06-19 01:12:00,25890.360000000022,25890.360000000022
2026-06-19 02:12:00,25890.360000000022,25890.360000000022
2026-06-19 03:12:00,25890.360000000022,25890.360000000022
2026-06-19 04:12:00,25890.360000000022,25890.360000000022
2026-06-19 05:12:00,25890.360000000022,25890.360000000022
2026-06-19 06:12:00,25890.360000000022,25890.360000000022
2026-06-19 07:12:00,25890.360000000022,25890.360000000022
2026-06-19 08:12:00,25889.80000000002,25862.600000000017
2026-06-19 09:12:00,25889.80000000002,25998.04000000002
2026-06-19 10:12:00,25919.30000000002,26065.46000000002
2026-06-19 11:12:00,25978.28000000002,26119.24000000002
2026-06-19 12:12:00,26066.76000000002,26137.06000000002
2026-06-19 13:12:00,26066.76000000002,26113.78000000002
2026-06-19 14:12:00,26066.76000000002,26096.84000000002
2026-06-19 15:12:00,26066.76000000002,26119.480000000018
2026-06-19 16:12:00,26066.76000000002,26147.38000000002
2026-06-19 17:12:00,26066.76000000002,26102.54000000002
2026-06-19 18:12:00,26066.76000000002,26102.92000000002
2026-06-19 19:12:00,26066.76000000002,26094.14000000002
2026-06-22 01:11:00,26083.860000000022,26083.860000000022
2026-06-22 02:11:00,26083.860000000022,26083.860000000022
2026-06-22 03:11:00,26083.860000000022,26083.860000000022
2026-06-22 04:11:00,26083.860000000022,26083.860000000022
2026-06-22 05:11:00,25818.980000000014,25818.980000000014
2026-06-22 06:11:00,25818.980000000014,25818.980000000014
2026-06-22 07:11:00,25818.980000000014,25818.980000000014
2026-06-22 08:11:00,25818.980000000014,25818.980000000014
2026-06-22 09:11:00,25818.980000000014,25818.980000000014
2026-06-22 10:11:00,25818.980000000014,25818.980000000014
2026-06-22 11:11:00,25818.980000000014,25818.980000000014
2026-06-22 12:11:00,25818.980000000014,25818.980000000014
2026-06-22 13:11:00,25818.980000000014,25818.980000000014
2026-06-22 14:11:00,25818.980000000014,25818.980000000014
2026-06-22 15:11:00,25818.980000000014,25818.980000000014
2026-06-22 16:11:00,25818.980000000014,25818.980000000014
2026-06-22 17:11:00,25818.980000000014,25818.980000000014
2026-06-22 18:11:00,25818.980000000014,25818.980000000014
2026-06-22 19:11:00,25818.980000000014,25818.980000000014
2026-06-22 20:11:00,25818.980000000014,25818.980000000014
2026-06-22 21:11:00,25818.980000000014,25818.980000000014
2026-06-22 22:11:00,25818.980000000014,25818.980000000014
2026-06-22 23:11:00,25818.980000000014,25818.980000000014
2026-06-23 01:12:00,25818.980000000014,25818.980000000014
2026-06-23 02:12:00,25818.980000000014,25818.980000000014
2026-06-23 03:12:00,25818.980000000014,25818.980000000014
2026-06-23 04:12:00,25818.980000000014,25818.980000000014
2026-06-23 05:12:00,25818.980000000014,25818.980000000014
2026-06-23 06:12:00,25818.980000000014,25818.980000000014
2026-06-23 07:12:00,25818.980000000014,25818.980000000014
2026-06-23 08:12:00,25818.980000000014,25818.980000000014
2026-06-23 09:12:00,25818.980000000014,25818.980000000014
2026-06-23 10:12:00,25818.980000000014,25818.980000000014
2026-06-23 11:12:00,25818.980000000014,25818.980000000014
2026-06-23 12:12:00,25818.980000000014,25818.980000000014
2026-06-23 13:12:00,25818.980000000014,25818.980000000014
2026-06-23 14:12:00,25818.980000000014,25818.980000000014
2026-06-23 15:12:00,25818.980000000014,25818.980000000014
2026-06-23 16:12:00,25818.980000000014,25818.980000000014
2026-06-23 17:12:00,25818.980000000014,25818.980000000014
2026-06-23 18:12:00,25818.980000000014,25818.980000000014
2026-06-23 19:12:00,25818.980000000014,25818.980000000014
2026-06-23 20:12:00,25818.980000000014,25818.980000000014
2026-06-23 21:12:00,25818.980000000014,25818.980000000014
2026-06-23 22:12:00,25818.980000000014,25818.980000000014
2026-06-23 23:12:00,25818.980000000014,25818.980000000014
2026-06-24 01:13:00,25818.980000000014,25818.980000000014
2026-06-24 02:13:00,25818.980000000014,25818.980000000014
2026-06-24 03:13:00,25818.980000000014,25818.980000000014
2026-06-24 04:13:00,25818.980000000014,25818.980000000014
2026-06-24 05:13:00,25818.980000000014,25818.980000000014
2026-06-24 06:13:00,25818.980000000014,25818.980000000014
2026-06-24 07:13:00,25818.980000000014,25818.980000000014
2026-06-24 08:13:00,25818.980000000014,25818.980000000014
2026-06-24 09:13:00,25818.980000000014,25818.980000000014
2026-06-24 10:13:00,25818.980000000014,25818.980000000014
2026-06-24 11:13:00,25818.980000000014,25818.980000000014
2026-06-24 12:13:00,25818.980000000014,25818.980000000014
2026-06-24 13:13:00,25818.980000000014,25818.980000000014
2026-06-24 14:13:00,25818.980000000014,25818.980000000014
2026-06-24 15:13:00,25818.980000000014,25818.980000000014
2026-06-24 16:13:00,25818.980000000014,25818.980000000014
2026-06-24 17:13:00,25818.980000000014,25818.980000000014
2026-06-24 18:13:00,25818.980000000014,25818.980000000014
2026-06-24 19:13:00,25818.980000000014,25818.980000000014
2026-06-24 20:13:00,25818.980000000014,25818.980000000014
2026-06-24 21:13:00,25818.980000000014,25818.980000000014
2026-06-24 22:13:00,25818.980000000014,25818.980000000014
2026-06-24 23:13:00,25818.980000000014,25818.980000000014
2026-06-25 01:14:00,25818.980000000014,25818.980000000014
2026-06-25 02:14:00,25818.980000000014,25818.980000000014
2026-06-25 03:14:00,25817.790000000015,25773.080000000013
2026-06-25 04:14:00,25686.040000000015,25686.040000000015
2026-06-25 05:14:00,25707.820000000014,25707.820000000014
2026-06-25 06:14:00,25707.820000000014,25707.820000000014
2026-06-25 07:14:00,25707.820000000014,25707.820000000014
2026-06-25 08:14:00,25707.820000000014,25707.820000000014
2026-06-25 09:14:00,25707.820000000014,25707.820000000014
2026-06-25 10:14:00,25707.820000000014,25707.820000000014
2026-06-25 11:14:00,25707.820000000014,25707.820000000014
2026-06-25 12:14:00,25707.820000000014,25707.820000000014
2026-06-25 13:14:00,25707.820000000014,25707.820000000014
2026-06-25 14:14:00,25707.820000000014,25707.820000000014
2026-06-25 15:14:00,25707.820000000014,25707.820000000014
2026-06-25 16:14:00,25707.820000000014,25707.820000000014
2026-06-25 17:14:00,25707.820000000014,25707.820000000014
2026-06-25 18:14:00,25707.820000000014,25707.820000000014
2026-06-25 19:14:00,25707.820000000014,25707.820000000014
2026-06-25 20:14:00,25707.820000000014,25707.820000000014
2026-06-25 21:14:00,25707.820000000014,25707.820000000014
2026-06-25 22:14:00,25707.820000000014,25707.820000000014
2026-06-25 23:14:00,25707.820000000014,25707.820000000014
2026-06-26 01:15:00,25707.820000000014,25707.820000000014
2026-06-26 02:15:00,25707.820000000014,25707.820000000014
2026-06-26 03:15:00,25706.840000000015,25763.400000000016
2026-06-26 04:15:00,25716.68000000001,25716.68000000001
2026-06-26 05:15:00,25716.68000000001,25716.68000000001
2026-06-26 06:15:00,25716.68000000001,25716.68000000001
2026-06-26 07:15:00,25716.68000000001,25716.68000000001
2026-06-26 08:15:00,25716.68000000001,25716.68000000001
2026-06-26 09:15:00,25716.68000000001,25716.68000000001
2026-06-26 10:15:00,25716.68000000001,25716.68000000001
2026-06-26 11:15:00,25716.68000000001,25716.68000000001
2026-06-26 12:15:00,25716.68000000001,25716.68000000001
2026-06-26 13:15:00,25716.68000000001,25716.68000000001
2026-06-26 14:15:00,25716.68000000001,25716.68000000001
2026-06-26 15:15:00,25716.68000000001,25716.68000000001
2026-06-26 16:15:00,25716.68000000001,25716.68000000001
2026-06-26 17:15:00,25716.68000000001,25716.68000000001
2026-06-26 18:15:00,25716.68000000001,25716.68000000001
2026-06-26 19:15:00,25716.68000000001,25716.68000000001
2026-06-26 20:15:00,25716.68000000001,25716.68000000001
2026-06-26 21:15:00,25716.68000000001,25716.68000000001
2026-06-26 22:15:00,25716.68000000001,25716.68000000001
2026-06-26 23:15:00,25716.68000000001,25716.68000000001
2026-06-29 01:16:00,25716.68000000001,25716.68000000001
2026-06-29 02:16:00,25752.870000000017,25752.870000000017
2026-06-29 03:16:00,25752.870000000017,25752.870000000017
2026-06-29 04:16:00,25752.870000000017,25752.870000000017
2026-06-29 05:16:00,25752.870000000017,25752.870000000017
2026-06-29 06:16:00,25752.870000000017,25752.870000000017
2026-06-29 07:16:00,25752.870000000017,25752.870000000017
2026-06-29 08:16:00,25752.870000000017,25752.870000000017
2026-06-29 09:16:00,25752.870000000017,25752.870000000017
2026-06-29 10:16:00,25752.870000000017,25752.870000000017
2026-06-29 11:16:00,25752.870000000017,25752.870000000017
2026-06-29 12:16:00,25493.430000000022,25493.430000000022
2026-06-29 13:16:00,25493.430000000022,25493.430000000022
2026-06-29 14:16:00,25493.430000000022,25493.430000000022
2026-06-29 15:16:00,25493.430000000022,25493.430000000022
2026-06-29 16:16:00,25493.430000000022,25493.430000000022
2026-06-29 17:16:00,25493.430000000022,25493.430000000022
2026-06-29 18:16:00,25493.430000000022,25493.430000000022
2026-06-29 19:16:00,25493.430000000022,25493.430000000022
2026-06-29 20:16:00,25493.430000000022,25493.430000000022
2026-06-29 21:16:00,25493.430000000022,25493.430000000022
2026-06-29 22:16:00,25493.430000000022,25493.430000000022
2026-06-29 23:16:00,25493.430000000022,25493.430000000022
2026-06-30 01:17:00,25493.430000000022,25493.430000000022
2026-06-30 02:17:00,25493.430000000022,25493.430000000022
2026-06-30 03:17:00,25493.430000000022,25493.430000000022
2026-06-30 04:17:00,25493.430000000022,25493.430000000022
2026-06-30 05:17:00,25493.430000000022,25493.430000000022
2026-06-30 06:17:00,25493.430000000022,25493.430000000022
2026-06-30 07:17:00,25493.430000000022,25493.430000000022
2026-06-30 08:17:00,25493.430000000022,25493.430000000022
2026-06-30 09:17:00,25493.430000000022,25493.430000000022
2026-06-30 10:17:00,25493.430000000022,25493.430000000022
2026-06-30 11:17:00,25493.430000000022,25493.430000000022
2026-06-30 12:17:00,25493.430000000022,25493.430000000022
2026-06-30 13:17:00,25493.430000000022,25493.430000000022
2026-06-30 14:17:00,25490.98000000002,25402.430000000015
2026-06-30 15:17:00,25226.730000000014,25226.730000000014
2026-06-30 16:17:00,25502.15000000001,26010.470000000005
2026-06-30 17:17:00,26405.420000000006,26708.900000000005
2026-06-30 18:17:00,26483.760000000006,26602.410000000003
2026-06-30 19:17:00,26611.47,26731.239999999998
2026-06-30 20:17:00,26611.47,26720.739999999998
2026-06-30 21:17:00,26611.47,26748.39
2026-06-30 22:17:00,26611.47,26702.82
2026-06-30 23:17:00,26659.98,26659.98
2026-07-01 01:18:00,26659.98,26659.98
2026-07-01 02:18:00,26659.98,26659.98
2026-07-01 03:18:00,26659.98,26659.98
2026-07-01 04:18:00,26385.179999999997,26385.179999999997
2026-07-01 05:18:00,26385.179999999997,26385.179999999997
2026-07-01 06:18:00,26385.179999999997,26385.179999999997
2026-07-01 07:18:00,26393.38999999999,26393.38999999999
2026-07-01 08:18:00,26393.38999999999,26393.38999999999
2026-07-01 09:18:00,26393.38999999999,26393.38999999999
2026-07-01 10:18:00,26393.38999999999,26393.38999999999
2026-07-01 11:18:00,26393.38999999999,26393.38999999999
2026-07-01 12:18:00,26393.38999999999,26393.38999999999
2026-07-01 13:18:00,26393.38999999999,26393.38999999999
2026-07-01 14:18:00,26393.38999999999,26393.38999999999
2026-07-01 15:18:00,26393.38999999999,26393.38999999999
2026-07-01 16:18:00,26490.509999999987,26590.109999999986
2026-07-01 17:18:00,26752.469999999987,26752.469999999987
2026-07-01 18:18:00,26752.469999999987,26752.469999999987
2026-07-01 19:18:00,26752.469999999987,26752.469999999987
2026-07-01 20:18:00,26752.469999999987,26752.469999999987
2026-07-01 21:18:00,26752.469999999987,26752.469999999987
2026-07-01 22:18:00,26752.469999999987,26752.469999999987
2026-07-01 23:18:00,26752.469999999987,26752.469999999987
2026-07-02 01:19:00,26750.859999999986,26832.50999999999
2026-07-02 02:19:00,26781.309999999987,26842.999999999985
2026-07-02 03:19:00,26904.39999999999,26904.39999999999
2026-07-02 04:19:00,26904.39999999999,26904.39999999999
2026-07-02 05:19:00,27037.419999999987,27037.419999999987
2026-07-02 06:19:00,27037.419999999987,27037.419999999987
2026-07-02 07:19:00,27037.419999999987,27037.419999999987
2026-07-02 08:19:00,27037.419999999987,27037.419999999987
2026-07-02 09:19:00,27037.419999999987,27037.419999999987
2026-07-02 10:19:00,27037.419999999987,27037.419999999987
2026-07-02 11:19:00,27037.419999999987,27037.419999999987
2026-07-02 12:19:00,27037.419999999987,27037.419999999987
2026-07-02 13:19:00,27037.419999999987,27037.419999999987
2026-07-02 14:19:00,27037.419999999987,27037.419999999987
2026-07-02 15:19:00,27037.419999999987,27037.419999999987
2026-07-02 16:19:00,27037.419999999987,27037.419999999987
2026-07-02 17:19:00,27160.449999999983,27160.449999999983
2026-07-02 18:19:00,27160.449999999983,27160.449999999983
2026-07-02 19:19:00,27160.449999999983,27160.449999999983
2026-07-02 20:19:00,27160.449999999983,27160.449999999983
2026-07-02 21:19:00,27160.449999999983,27160.449999999983
2026-07-02 22:19:00,27160.449999999983,27160.449999999983
2026-07-02 23:19:00,27160.449999999983,27160.449999999983
2026-07-03 01:20:00,27160.449999999983,27160.449999999983
2026-07-03 02:20:00,27160.449999999983,27160.449999999983
2026-07-03 03:20:00,27160.449999999983,27160.449999999983
2026-07-03 04:20:00,27160.449999999983,27160.449999999983
2026-07-03 05:20:00,27160.449999999983,27160.449999999983
2026-07-03 06:20:00,27160.449999999983,27160.449999999983
2026-07-03 07:20:00,27160.449999999983,27160.449999999983
2026-07-03 08:20:00,27160.449999999983,27160.449999999983
2026-07-03 09:20:00,27178.539999999964,27154.219999999958
2026-07-03 10:23:00,27211.819999999963,27266.539999999957
2026-07-03 11:23:00,27278.33999999996,27406.25999999996
2026-07-03 12:23:00,27278.33999999996,27326.65999999996
2026-07-03 13:23:00,27315.859999999957,27315.859999999957
2026-07-03 14:23:00,27315.859999999957,27315.859999999957
2026-07-03 15:23:00,27315.859999999957,27315.859999999957
2026-07-03 16:23:00,27315.859999999957,27315.859999999957
2026-07-03 17:23:00,27346.899999999954,27460.65999999995
2026-07-03 18:23:00,27513.29999999995,27600.09999999995
2026-07-03 19:23:00,27513.29999999995,27568.01999999995
2026-07-06 01:22:00,27679.69999999995,27679.69999999995
2026-07-06 02:22:00,27679.69999999995,27679.69999999995
2026-07-06 03:22:00,27679.69999999995,27679.69999999995
2026-07-06 04:22:00,27814.04999999995,27814.04999999995
2026-07-06 05:22:00,27814.04999999995,27814.04999999995
2026-07-06 06:22:00,27814.04999999995,27814.04999999995
2026-07-06 07:22:00,27814.04999999995,27814.04999999995
2026-07-06 08:22:00,27814.04999999995,27814.04999999995
2026-07-06 09:22:00,27814.04999999995,27814.04999999995
2026-07-06 10:22:00,27814.04999999995,27814.04999999995
2026-07-06 11:22:00,27814.04999999995,27814.04999999995
2026-07-06 12:22:00,27814.04999999995,27814.04999999995
2026-07-06 13:22:00,27814.04999999995,27814.04999999995
2026-07-06 14:22:00,27814.04999999995,27814.04999999995
2026-07-06 15:22:00,27814.04999999995,27814.04999999995
2026-07-06 16:22:00,27814.04999999995,27814.04999999995
2026-07-06 17:22:00,27814.04999999995,27814.04999999995
2026-07-06 18:22:00,27814.04999999995,27814.04999999995
2026-07-06 19:22:00,27814.04999999995,27814.04999999995
2026-07-06 20:22:00,27814.04999999995,27814.04999999995
2026-07-06 21:22:00,27814.04999999995,27814.04999999995
2026-07-06 22:22:00,27814.04999999995,27814.04999999995
2026-07-06 23:22:00,27814.04999999995,27814.04999999995
2026-07-07 01:23:00,27814.04999999995,27814.04999999995
2026-07-07 02:23:00,27814.04999999995,27814.04999999995
2026-07-07 03:23:00,27814.04999999995,27814.04999999995
2026-07-07 04:23:00,27814.04999999995,27814.04999999995
2026-07-07 05:23:00,27814.04999999995,27814.04999999995
2026-07-07 06:23:00,27814.04999999995,27814.04999999995
2026-07-07 07:23:00,27814.04999999995,27814.04999999995
2026-07-07 08:23:00,27814.04999999995,27814.04999999995
2026-07-07 09:23:00,27814.04999999995,27814.04999999995
2026-07-07 10:23:00,27814.04999999995,27814.04999999995
2026-07-07 11:23:00,27814.04999999995,27814.04999999995
2026-07-07 12:23:00,27814.04999999995,27814.04999999995
2026-07-07 13:23:00,27814.04999999995,27814.04999999995
2026-07-07 14:23:00,27814.04999999995,27814.04999999995
2026-07-07 15:23:00,27814.04999999995,27814.04999999995
2026-07-07 16:23:00,27814.04999999995,27814.04999999995
2026-07-07 17:23:00,27814.04999999995,27814.04999999995
2026-07-07 18:23:00,27814.04999999995,27814.04999999995
2026-07-07 19:23:00,27814.04999999995,27814.04999999995
2026-07-07 20:23:00,27814.04999999995,27814.04999999995
2026-07-07 21:23:00,27814.04999999995,27814.04999999995
2026-07-07 22:23:00,27814.04999999995,27814.04999999995
2026-07-07 23:23:00,27814.04999999995,27814.04999999995
2026-07-08 01:24:00,27814.04999999995,27814.04999999995
2026-07-08 02:24:00,27814.04999999995,27814.04999999995
2026-07-08 03:24:00,27814.04999999995,27814.04999999995
2026-07-08 04:24:00,27814.04999999995,27814.04999999995
2026-07-08 05:24:00,27814.04999999995,27814.04999999995
2026-07-08 06:24:00,27814.04999999995,27814.04999999995
2026-07-08 07:24:00,27814.04999999995,27814.04999999995
2026-07-08 08:24:00,27814.04999999995,27814.04999999995
2026-07-08 09:24:00,27814.04999999995,27814.04999999995
2026-07-08 10:24:00,27814.04999999995,27814.04999999995
2026-07-08 11:24:00,27814.04999999995,27814.04999999995
2026-07-08 12:24:00,27814.04999999995,27814.04999999995
2026-07-08 13:24:00,27814.04999999995,27814.04999999995
2026-07-08 14:24:00,27814.04999999995,27814.04999999995
2026-07-08 15:24:00,27814.04999999995,27814.04999999995
2026-07-08 16:24:00,27814.04999999995,27814.04999999995
2026-07-08 17:24:00,27814.04999999995,27814.04999999995
2026-07-08 18:24:00,27814.04999999995,27814.04999999995
2026-07-08 19:24:00,27814.04999999995,27814.04999999995
2026-07-08 20:24:00,27814.04999999995,27814.04999999995
2026-07-08 21:24:00,27814.04999999995,27814.04999999995
2026-07-08 22:24:00,27814.04999999995,27814.04999999995
2026-07-08 23:24:00,27814.04999999995,27814.04999999995
2026-07-09 01:25:00,27814.04999999995,27814.04999999995
2026-07-09 02:25:00,27814.04999999995,27814.04999999995
2026-07-09 03:25:00,27814.04999999995,27814.04999999995
2026-07-09 04:25:00,27814.04999999995,27814.04999999995
2026-07-09 05:25:00,27814.04999999995,27814.04999999995
2026-07-09 06:25:00,27812.22999999995,27865.269999999946
2026-07-09 07:25:00,27837.84999999994,27837.84999999994
2026-07-09 08:25:00,27868.919999999944,27971.39999999994
2026-07-09 09:25:00,27906.29999999995,27706.37999999994
2026-07-09 10:25:00,27906.29999999995,27584.159999999945
2026-07-09 11:25:00,27633.609999999946,27404.509999999947
2026-07-09 12:25:00,27633.609999999946,27466.30999999994
2026-07-09 13:25:00,27633.609999999946,27503.40999999994
2026-07-09 14:25:00,27661.649999999947,27656.649999999943
2026-07-09 15:25:00,27545.149999999943,27624.189999999944
2026-07-09 16:25:00,27782.189999999944,27782.189999999944
2026-07-09 17:25:00,27782.189999999944,27782.189999999944
2026-07-09 18:25:00,27782.189999999944,27782.189999999944
2026-07-09 19:25:00,27798.899999999925,27798.899999999925
2026-07-09 20:25:00,27798.899999999925,27798.899999999925
2026-07-09 21:25:00,27798.899999999925,27798.899999999925
2026-07-09 22:25:00,27798.899999999925,27798.899999999925
2026-07-09 23:25:00,27798.899999999925,27798.899999999925
2026-07-10 01:26:00,27798.899999999925,27798.899999999925
2026-07-10 02:26:00,27798.899999999925,27798.899999999925
2026-07-10 03:26:00,27798.899999999925,27798.899999999925
2026-07-10 04:26:00,27798.899999999925,27798.899999999925
2026-07-10 05:26:00,27798.899999999925,27798.899999999925
2026-07-10 06:26:00,27798.899999999925,27798.899999999925
2026-07-10 07:26:00,27798.899999999925,27798.899999999925
2026-07-10 08:26:00,27798.899999999925,27798.899999999925
2026-07-10 09:26:00,27798.899999999925,27798.899999999925
2026-07-10 10:26:00,27798.899999999925,27798.899999999925
2026-07-10 11:26:00,27798.899999999925,27798.899999999925
2026-07-10 12:26:00,27798.899999999925,27798.899999999925
2026-07-10 13:26:00,27798.899999999925,27798.899999999925
2026-07-10 14:26:00,27798.899999999925,27798.899999999925
2026-07-10 15:26:00,27798.899999999925,27798.899999999925
2026-07-10 16:26:00,27798.899999999925,27798.899999999925
2026-07-10 17:26:00,27798.899999999925,27798.899999999925
2026-07-10 18:26:00,27798.899999999925,27798.899999999925
2026-07-10 19:26:00,27798.899999999925,27798.899999999925
2026-07-10 20:26:00,27798.899999999925,27798.899999999925
2026-07-10 21:26:00,27798.899999999925,27798.899999999925
2026-07-10 22:26:00,27798.899999999925,27798.899999999925
2026-07-10 23:26:00,27798.899999999925,27798.899999999925
2026-07-13 01:27:00,27723.20999999999,27723.20999999999
2026-07-13 02:27:00,27723.20999999999,27723.20999999999
2026-07-13 03:27:00,27723.20999999999,27723.20999999999
2026-07-13 04:27:00,27723.20999999999,27723.20999999999
2026-07-13 05:27:00,27723.20999999999,27723.20999999999
2026-07-13 06:27:00,27723.20999999999,27723.20999999999
2026-07-13 07:27:00,27723.20999999999,27723.20999999999
2026-07-13 08:27:00,27738.72999999999,27805.809999999983
2026-07-13 09:27:00,27830.729999999985,27830.729999999985
2026-07-13 10:27:00,27830.729999999985,27830.729999999985
2026-07-13 11:27:00,27830.729999999985,27830.729999999985
2026-07-13 12:27:00,27830.729999999985,27830.729999999985
2026-07-13 13:27:00,27830.729999999985,27830.729999999985
2026-07-13 14:27:00,27830.729999999985,27830.729999999985
2026-07-13 15:27:00,27830.729999999985,27830.729999999985
2026-07-13 16:27:00,27830.729999999985,27830.729999999985
2026-07-13 17:27:00,27830.729999999985,27830.729999999985
2026-07-13 18:27:00,27830.729999999985,27830.729999999985
2026-07-13 19:27:00,27830.729999999985,27830.729999999985
2026-07-13 20:27:00,27830.729999999985,27830.729999999985
2026-07-13 21:27:00,27830.729999999985,27830.729999999985
2026-07-13 22:27:00,27830.729999999985,27830.729999999985
2026-07-13 23:27:00,27830.729999999985,27830.729999999985
2026-07-14 01:28:00,27830.729999999985,27830.729999999985
2026-07-14 02:28:00,27830.729999999985,27830.729999999985
2026-07-14 03:28:00,27830.729999999985,27830.729999999985
2026-07-14 04:28:00,27830.729999999985,27830.729999999985
2026-07-14 05:28:00,27830.729999999985,27830.729999999985
2026-07-14 06:28:00,27830.729999999985,27830.729999999985
2026-07-14 07:28:00,27830.729999999985,27830.729999999985
2026-07-14 08:28:00,27830.729999999985,27830.729999999985
2026-07-14 09:28:00,27830.729999999985,27830.729999999985
2026-07-14 10:28:00,27830.729999999985,27830.729999999985
2026-07-14 11:28:00,27830.729999999985,27830.729999999985
2026-07-14 12:28:00,27830.729999999985,27830.729999999985
2026-07-14 13:28:00,27830.729999999985,27830.729999999985
2026-07-14 14:28:00,27830.729999999985,27830.729999999985
2026-07-14 15:28:00,27830.729999999985,27830.729999999985
2026-07-14 16:28:00,27989.939999999988,28091.63999999999
2026-07-14 17:28:00,27989.939999999988,28139.579999999987
2026-07-14 18:28:00,28020.179999999986,28020.179999999986
2026-07-14 19:28:00,28019.409999999985,27923.70999999999
2026-07-14 20:28:00,28019.409999999985,27952.749999999985
2026-07-14 21:28:00,28019.409999999985,27898.95999999999
2026-07-14 22:28:00,28019.409999999985,27830.429999999986
2026-07-14 23:28:00,28019.409999999985,27845.829999999984
2026-07-15 01:29:00,28002.909999999985,27811.949999999983
2026-07-15 02:29:00,28002.909999999985,27837.249999999985
2026-07-15 03:29:00,28002.909999999985,27883.339999999986
2026-07-15 04:29:00,28002.909999999985,27842.419999999984
2026-07-15 05:29:00,27580.179999999986,27580.179999999986
2026-07-15 06:29:00,27580.179999999986,27580.179999999986
2026-07-15 07:29:00,27580.179999999986,27580.179999999986
2026-07-15 08:29:00,27580.179999999986,27580.179999999986
2026-07-15 09:29:00,27580.179999999986,27580.179999999986
2026-07-15 10:29:00,27580.179999999986,27580.179999999986
2026-07-15 11:29:00,27580.179999999986,27580.179999999986
2026-07-15 12:29:00,27580.179999999986,27580.179999999986
2026-07-15 13:29:00,27580.179999999986,27580.179999999986
2026-07-15 14:29:00,27580.179999999986,27580.179999999986
2026-07-15 15:29:00,27580.179999999986,27580.179999999986
2026-07-15 16:29:00,27580.179999999986,27580.179999999986
2026-07-15 17:29:00,27580.179999999986,27580.179999999986
2026-07-15 18:29:00,27608.479999999985,27608.479999999985
2026-07-15 19:29:00,27608.479999999985,27608.479999999985
2026-07-15 20:29:00,27608.479999999985,27608.479999999985
2026-07-15 21:29:00,27608.479999999985,27608.479999999985
2026-07-15 22:29:00,27812.079999999987,27902.719999999987
2026-07-15 23:29:00,27812.079999999987,27881.63999999999
2026-07-16 01:30:00,27839.849999999973,27908.729999999974
2026-07-16 02:30:00,27839.849999999973,27923.129999999972
2026-07-16 03:30:00,27839.849999999973,27913.969999999972
2026-07-16 04:30:00,27719.74999999997,27719.74999999997
2026-07-16 05:30:00,27719.74999999997,27719.74999999997
2026-07-16 06:30:00,27719.74999999997,27719.74999999997
2026-07-16 07:30:00,27719.74999999997,27719.74999999997
2026-07-16 08:30:00,27719.74999999997,27719.74999999997
2026-07-16 09:30:00,27719.74999999997,27719.74999999997
2026-07-16 10:30:00,27719.74999999997,27719.74999999997
2026-07-16 11:30:00,27719.74999999997,27719.74999999997
2026-07-16 12:30:00,27719.74999999997,27719.74999999997
2026-07-16 13:30:00,27719.74999999997,27719.74999999997
2026-07-16 14:30:00,27719.74999999997,27719.74999999997
2026-07-16 15:30:00,27719.74999999997,27719.74999999997
2026-07-16 16:30:00,27719.74999999997,27719.74999999997
2026-07-16 17:30:00,27719.74999999997,27719.74999999997
2026-07-16 18:30:00,27719.74999999997,27719.74999999997
2026-07-16 19:30:00,27434.489999999965,27434.489999999965
2026-07-16 20:30:00,27434.489999999965,27434.489999999965
2026-07-16 21:30:00,27434.489999999965,27434.489999999965
2026-07-16 22:30:00,27434.489999999965,27434.489999999965
2026-07-16 23:30:00,27434.489999999965,27434.489999999965
2026-07-17 01:31:00,27434.489999999965,27434.489999999965
2026-07-17 02:31:00,27434.489999999965,27434.489999999965
2026-07-17 03:31:00,27434.489999999965,27434.489999999965
2026-07-17 04:31:00,27434.489999999965,27434.489999999965
2026-07-17 05:31:00,27434.489999999965,27434.489999999965
2026-07-17 06:31:00,27434.489999999965,27434.489999999965
2026-07-17 07:31:00,27434.489999999965,27434.489999999965
2026-07-17 08:31:00,27434.489999999965,27434.489999999965
2026-07-17 09:31:00,27434.489999999965,27434.489999999965
2026-07-17 10:31:00,27434.489999999965,27434.489999999965
2026-07-17 11:31:00,27434.489999999965,27434.489999999965
2026-07-17 12:31:00,27434.489999999965,27434.489999999965
2026-07-17 13:31:00,27434.489999999965,27434.489999999965
2026-07-17 14:31:00,27434.489999999965,27434.489999999965
2026-07-17 15:31:00,27434.489999999965,27434.489999999965
2026-07-17 16:31:00,27434.489999999965,27434.489999999965
2026-07-17 17:31:00,27434.489999999965,27434.489999999965
2026-07-17 18:31:00,27434.489999999965,27434.489999999965
2026-07-17 19:31:00,27434.489999999965,27434.489999999965
2026-07-17 20:31:00,27434.489999999965,27434.489999999965
2026-07-17 21:31:00,27434.489999999965,27434.489999999965
2026-07-17 22:31:00,27434.489999999965,27434.489999999965
2026-07-17 23:31:00,27434.489999999965,27434.489999999965
2026-07-20 01:32:00,27434.489999999965,27434.489999999965
2026-07-20 02:32:00,27434.489999999965,27434.489999999965
2026-07-20 03:32:00,27431.619999999966,27491.029999999948
2026-07-20 04:32:00,27021.01999999997,27021.01999999997
2026-07-20 05:32:00,27021.01999999997,27021.01999999997
2026-07-20 06:32:00,27020.38999999997,27059.89999999997
2026-07-20 07:32:00,27020.38999999997,27029.56999999997
2026-07-20 08:32:00,27062.629999999972,27121.77999999997
2026-07-20 09:32:00,27104.869999999974,27167.959999999974
2026-07-20 10:32:00,27104.869999999974,27149.149999999972
2026-07-20 11:32:00,27116.629999999976,27116.629999999976
2026-07-20 12:32:00,27116.629999999976,27116.629999999976
2026-07-20 13:32:00,27116.629999999976,27116.629999999976
2026-07-20 14:32:00,27116.629999999976,27116.629999999976
2026-07-20 15:32:00,27116.629999999976,27116.629999999976
2026-07-20 16:32:00,27116.629999999976,27116.629999999976
2026-07-20 17:32:00,27116.629999999976,27116.629999999976
2026-07-20 18:32:00,27130.169999999976,27165.58999999998
2026-07-20 19:32:00,27125.969999999972,27125.969999999972
2026-07-20 20:32:00,27125.969999999972,27125.969999999972
2026-07-20 21:32:00,27125.969999999972,27125.969999999972
2026-07-20 22:32:00,27125.969999999972,27125.969999999972
2026-07-20 23:32:00,27125.969999999972,27125.969999999972
2026-07-21 01:33:00,27125.969999999972,27125.969999999972
2026-07-21 02:33:00,27125.969999999972,27125.969999999972
2026-07-21 03:33:00,27125.969999999972,27125.969999999972
2026-07-21 04:33:00,27125.969999999972,27125.969999999972
2026-07-21 05:33:00,27143.109999999964,27143.109999999964
2026-07-21 06:33:00,27143.109999999964,27143.109999999964
2026-07-21 07:33:00,27143.109999999964,27143.109999999964
2026-07-21 08:33:00,27143.109999999964,27143.109999999964
2026-07-21 09:33:00,27143.109999999964,27143.109999999964
2026-07-21 10:33:00,27143.109999999964,27143.109999999964
2026-07-21 11:33:00,27143.109999999964,27143.109999999964
2026-07-21 12:33:00,27143.109999999964,27143.109999999964
2026-07-21 13:33:00,27143.109999999964,27143.109999999964
2026-07-21 14:33:00,27143.109999999964,27143.109999999964
2026-07-21 15:33:00,27143.109999999964,27143.109999999964
2026-07-21 16:33:00,27143.109999999964,27143.109999999964
2026-07-21 17:33:00,27143.109999999964,27143.109999999964
2026-07-21 18:33:00,27143.109999999964,27143.109999999964
2026-07-21 19:33:00,27143.109999999964,27143.109999999964
2026-07-21 20:33:00,27143.109999999964,27143.109999999964
2026-07-21 21:33:00,27143.109999999964,27143.109999999964
2026-07-21 22:33:00,27143.109999999964,27143.109999999964
2026-07-21 23:33:00,27143.109999999964,27143.109999999964
2026-07-22 01:34:00,27143.109999999964,27143.109999999964
2026-07-22 02:34:00,27143.109999999964,27143.109999999964
2026-07-22 03:34:00,27143.109999999964,27143.109999999964
2026-07-22 04:34:00,27143.109999999964,27143.109999999964
2026-07-22 05:34:00,27143.109999999964,27143.109999999964
2026-07-22 06:34:00,27143.109999999964,27143.109999999964
2026-07-22 07:34:00,27143.109999999964,27143.109999999964
2026-07-22 08:34:00,27143.109999999964,27143.109999999964
2026-07-22 09:34:00,27143.109999999964,27143.109999999964
2026-07-22 10:34:00,27143.109999999964,27143.109999999964
2026-07-22 11:34:00,27172.16999999997,27279.94999999997
2026-07-22 12:34:00,27172.16999999997,27270.76999999997
2026-07-22 13:34:00,27172.16999999997,27295.92999999998
2026-07-22 14:34:00,27172.16999999997,27313.779999999984
2026-07-22 15:34:00,27325.269999999975,27438.249999999978
2026-07-22 16:34:00,27348.85999999998,27348.85999999998
2026-07-22 17:34:00,27348.85999999998,27348.85999999998
2026-07-22 18:34:00,27348.85999999998,27348.85999999998
2026-07-22 19:34:00,27348.85999999998,27348.85999999998
2026-07-22 20:34:00,27348.85999999998,27348.85999999998
2026-07-22 21:34:00,27348.85999999998,27348.85999999998
2026-07-22 22:34:00,27348.85999999998,27348.85999999998
2026-07-22 23:34:00,27348.85999999998,27348.85999999998
2026-07-23 01:35:00,27348.85999999998,27348.85999999998
2026-07-23 02:35:00,27348.85999999998,27348.85999999998
2026-07-23 03:35:00,27348.85999999998,27348.85999999998
2026-07-23 04:35:00,27348.85999999998,27348.85999999998
2026-07-23 05:35:00,27348.85999999998,27348.85999999998
2026-07-23 06:35:00,27348.85999999998,27348.85999999998
2026-07-23 07:35:00,27348.85999999998,27348.85999999998
2026-07-23 08:35:00,27348.85999999998,27348.85999999998
2026-07-23 09:35:00,27348.85999999998,27348.85999999998
2026-07-23 10:35:00,27348.85999999998,27348.85999999998
2026-07-23 11:35:00,27348.85999999998,27348.85999999998
2026-07-23 12:35:00,27348.85999999998,27348.85999999998
2026-07-23 13:35:00,27348.85999999998,27348.85999999998
2026-07-23 14:35:00,27348.85999999998,27348.85999999998
2026-07-23 15:35:00,27348.85999999998,27348.85999999998
2026-07-23 16:35:00,27348.85999999998,27348.85999999998
2026-07-23 17:35:00,27348.85999999998,27348.85999999998
2026-07-23 18:35:00,27348.85999999998,27348.85999999998
2026-07-23 19:35:00,27348.85999999998,27348.85999999998
2026-07-23 20:35:00,27348.85999999998,27348.85999999998
2026-07-23 21:35:00,27348.85999999998,27348.85999999998
2026-07-23 22:35:00,27348.85999999998,27348.85999999998
2026-07-23 23:35:00,27348.85999999998,27348.85999999998
2026-07-24 01:36:00,27348.85999999998,27348.85999999998
2026-07-24 02:36:00,27348.85999999998,27348.85999999998
2026-07-24 03:36:00,27348.85999999998,27348.85999999998
2026-07-24 04:36:00,27348.85999999998,27348.85999999998
2026-07-24 05:36:00,27348.85999999998,27348.85999999998
2026-07-24 06:36:00,27348.85999999998,27348.85999999998
2026-07-24 07:36:00,27348.85999999998,27348.85999999998
2026-07-24 08:36:00,27348.85999999998,27348.85999999998
2026-07-24 09:36:00,27348.85999999998,27348.85999999998
2026-07-24 10:36:00,27348.85999999998,27348.85999999998
2026-07-24 11:36:00,27348.85999999998,27348.85999999998
2026-07-24 12:36:00,27348.85999999998,27348.85999999998
2026-07-24 13:36:00,27348.85999999998,27348.85999999998
2026-07-24 14:36:00,27348.85999999998,27348.85999999998
2026-07-24 15:36:00,27348.85999999998,27348.85999999998
2026-07-24 16:36:00,27348.85999999998,27348.85999999998
2026-07-24 17:36:00,27348.85999999998,27348.85999999998
2026-07-24 18:36:00,27348.85999999998,27348.85999999998
2026-07-24 19:36:00,27370.53999999999,27370.53999999999
2026-07-24 20:36:00,27370.53999999999,27370.53999999999
2026-07-24 21:36:00,27370.53999999999,27370.53999999999
2026-07-24 22:36:00,27370.53999999999,27370.53999999999
2026-07-24 23:36:00,27370.53999999999,27370.53999999999
2026-07-27 01:37:00,27370.53999999999,27370.53999999999
2026-07-27 02:37:00,27370.53999999999,27370.53999999999
2026-07-27 03:37:00,27370.53999999999,27370.53999999999
2026-07-27 04:37:00,27370.53999999999,27370.53999999999
2026-07-27 05:37:00,27370.53999999999,27370.53999999999
2026-07-27 06:37:00,27370.53999999999,27370.53999999999
2026-07-27 07:37:00,27370.53999999999,27370.53999999999
2026-07-27 08:37:00,27370.53999999999,27370.53999999999
2026-07-27 09:37:00,27370.53999999999,27370.53999999999
2026-07-27 10:37:00,27370.53999999999,27370.53999999999
2026-07-27 11:37:00,27370.53999999999,27370.53999999999
2026-07-27 12:37:00,27370.53999999999,27370.53999999999
2026-07-27 13:37:00,27370.53999999999,27370.53999999999
2026-07-27 14:37:00,27370.53999999999,27370.53999999999
2026-07-27 15:37:00,27370.53999999999,27370.53999999999
2026-07-27 16:37:00,27370.53999999999,27370.53999999999
2026-07-27 17:37:00,27370.53999999999,27370.53999999999
2026-07-27 18:37:00,27370.53999999999,27370.53999999999
2026-07-27 19:37:00,27370.53999999999,27370.53999999999
2026-07-27 20:37:00,27370.53999999999,27370.53999999999
2026-07-27 21:37:00,27370.53999999999,27370.53999999999
2026-07-27 22:37:00,27370.53999999999,27370.53999999999
2026-07-27 23:37:00,27370.53999999999,27370.53999999999
2026-07-28 01:38:00,27370.53999999999,27370.53999999999
2026-07-28 02:38:00,27370.53999999999,27370.53999999999
2026-07-28 03:38:00,27370.53999999999,27370.53999999999
2026-07-28 04:38:00,27370.53999999999,27370.53999999999
2026-07-28 05:38:00,27370.53999999999,27370.53999999999
2026-07-28 06:38:00,27370.53999999999,27370.53999999999
2026-07-28 07:38:00,27370.53999999999,27370.53999999999
2026-07-28 08:38:00,27370.53999999999,27370.53999999999
2026-07-28 09:38:00,27370.53999999999,27370.53999999999
2026-07-28 10:38:00,27370.53999999999,27370.53999999999
2026-07-28 11:38:00,27370.53999999999,27370.53999999999
2026-07-28 12:38:00,27370.53999999999,27370.53999999999
2026-07-28 13:38:00,27370.53999999999,27370.53999999999
2026-07-28 14:38:00,27370.53999999999,27370.53999999999
2026-07-28 15:38:00,27370.53999999999,27370.53999999999
2026-07-28 16:38:00,27370.53999999999,27370.53999999999
2026-07-28 17:38:00,27370.53999999999,27370.53999999999
2026-07-28 18:38:00,27370.53999999999,27370.53999999999
2026-07-28 19:38:00,27370.53999999999,27370.53999999999
2026-07-28 20:38:00,27370.53999999999,27370.53999999999
2026-07-28 21:38:00,27370.53999999999,27370.53999999999
2026-07-28 22:38:00,27370.53999999999,27370.53999999999
2026-07-28 23:38:00,27370.53999999999,27370.53999999999
2026-07-29 01:39:00,27370.53999999999,27370.53999999999
2026-07-29 02:39:00,27370.53999999999,27370.53999999999
2026-07-29 03:39:00,27370.53999999999,27370.53999999999
2026-07-29 04:39:00,27370.53999999999,27370.53999999999
2026-07-29 05:39:00,27370.53999999999,27370.53999999999
2026-07-29 06:39:00,27370.53999999999,27370.53999999999
2026-07-29 07:39:00,27370.53999999999,27370.53999999999
2026-07-29 08:39:00,27370.53999999999,27370.53999999999
2026-07-29 09:39:00,27370.53999999999,27370.53999999999
2026-07-29 10:39:00,27370.53999999999,27370.53999999999
2026-07-29 11:39:00,27370.53999999999,27370.53999999999
2026-07-29 12:39:00,27370.53999999999,27370.53999999999
2026-07-29 13:39:00,27370.53999999999,27370.53999999999
2026-07-29 14:39:00,27370.53999999999,27370.53999999999
2026-07-29 15:39:00,27370.53999999999,27370.53999999999
2026-07-29 16:39:00,27370.53999999999,27370.53999999999
2026-07-29 17:39:00,27370.53999999999,27370.53999999999
2026-07-29 18:39:00,27370.53999999999,27370.53999999999
2026-07-29 19:39:00,27370.53999999999,27370.53999999999
2026-07-29 20:39:00,27370.53999999999,27370.53999999999
2026-07-29 21:39:00,27370.53999999999,27370.53999999999
2026-07-29 22:39:00,27370.53999999999,27370.53999999999
2026-07-29 23:39:00,27370.53999999999,27370.53999999999
2026-07-30 01:40:00,27370.53999999999,27370.53999999999
2026-07-30 02:40:00,27370.53999999999,27370.53999999999
2026-07-30 03:40:00,27370.53999999999,27370.53999999999
2026-07-30 04:40:00,27370.53999999999,27370.53999999999
2026-07-30 05:40:00,27370.53999999999,27370.53999999999
2026-07-30 06:40:00,27370.53999999999,27370.53999999999
2026-07-30 07:40:00,27370.53999999999,27370.53999999999
2026-07-30 08:40:00,27369.90999999999,27395.739999999987
2026-07-30 09:40:00,27369.90999999999,27397.62999999999
2026-07-30 10:40:00,27107.539999999986,27171.309999999987
2026-07-30 11:40:00,27163.319999999985,27324.419999999984
2026-07-30 12:40:00,27163.319999999985,27322.969999999983
2026-07-30 13:40:00,27246.999999999985,27390.789999999986
2026-07-30 14:40:00,27246.999999999985,27382.359999999986
2026-07-30 15:40:00,27246.999999999985,27371.139999999985
2026-07-30 16:40:00,27246.999999999985,27419.379999999986
2026-07-30 17:40:00,27456.159999999985,27456.159999999985
2026-07-30 18:40:00,27456.159999999985,27456.159999999985
2026-07-30 19:40:00,27456.159999999985,27456.159999999985
2026-07-30 20:40:00,27456.159999999985,27456.159999999985
2026-07-30 21:40:00,27456.159999999985,27456.159999999985
2026-07-30 22:40:00,27456.159999999985,27456.159999999985
2026-07-30 23:40:00,27456.159999999985,27456.159999999985
2026-07-31 01:41:00,27014.12000000001,27014.12000000001
2026-07-31 02:41:00,27014.12000000001,27014.12000000001
2026-07-31 03:41:00,27014.12000000001,27014.12000000001
2026-07-31 04:41:00,27014.12000000001,27014.12000000001
2026-07-31 05:41:00,27014.12000000001,27014.12000000001
2026-07-31 06:41:00,27014.12000000001,27014.12000000001
2026-07-31 07:41:00,27014.12000000001,27014.12000000001
2026-07-31 08:41:00,27014.12000000001,27014.12000000001
2026-07-31 09:41:00,27014.12000000001,27014.12000000001
2026-07-31 10:41:00,27014.12000000001,27014.12000000001
2026-07-31 11:41:00,27014.12000000001,27014.12000000001
2026-07-31 12:41:00,27014.12000000001,27014.12000000001
2026-07-31 13:41:00,27014.12000000001,27014.12000000001
2026-07-31 14:41:00,27014.12000000001,27014.12000000001
2026-07-31 15:41:00,27014.12000000001,27014.12000000001
2026-07-31 16:41:00,27014.12000000001,27014.12000000001
2026-07-31 17:41:00,27014.12000000001,27014.12000000001
2026-07-31 18:41:00,27014.12000000001,27014.12000000001
2026-07-31 19:41:00,27014.12000000001,27014.12000000001
2026-07-31 20:41:00,27014.12000000001,27014.12000000001
2026-07-31 21:41:00,27014.12000000001,27014.12000000001
2026-07-31 22:41:00,27014.12000000001,27014.12000000001
2026-07-31 23:41:00,27014.12000000001,27014.12000000001
2026-08-03 01:42:00,27014.12000000001,27014.12000000001
2026-08-03 02:42:00,27014.12000000001,27014.12000000001
2026-08-03 03:42:00,27014.12000000001,27014.12000000001
2026-08-03 04:42:00,27014.12000000001,27014.12000000001
2026-08-03 05:42:00,27014.12000000001,27014.12000000001
2026-08-03 06:42:00,27014.12000000001,27014.12000000001
2026-08-03 07:42:00,27014.12000000001,27014.12000000001
2026-08-03 08:42:00,27014.12000000001,27014.12000000001
2026-08-03 09:42:00,27014.12000000001,27014.12000000001
2026-08-03 10:42:00,27014.12000000001,27014.12000000001
2026-08-03 11:42:00,27014.12000000001,27014.12000000001
2026-08-03 12:42:00,27014.12000000001,27014.12000000001
2026-08-03 13:42:00,27014.12000000001,27014.12000000001
2026-08-03 14:42:00,27014.12000000001,27014.12000000001
2026-08-03 15:42:00,27014.12000000001,27014.12000000001
2026-08-03 16:42:00,27014.12000000001,27014.12000000001
2026-08-03 17:42:00,27014.12000000001,27014.12000000001
2026-08-03 18:42:00,27014.12000000001,27014.12000000001
2026-08-03 19:42:00,27014.12000000001,27014.12000000001
2026-08-03 20:42:00,27014.12000000001,27014.12000000001
2026-08-03 21:42:00,27014.12000000001,27014.12000000001
2026-08-03 22:42:00,27014.12000000001,27014.12000000001
2026-08-03 23:42:00,27014.12000000001,27014.12000000001
2026-08-04 01:43:00,27014.12000000001,27014.12000000001
2026-08-04 02:43:00,27014.12000000001,27014.12000000001
2026-08-04 03:43:00,27014.12000000001,27014.12000000001
2026-08-04 04:43:00,27014.12000000001,27014.12000000001
2026-08-04 05:43:00,27014.12000000001,27014.12000000001
2026-08-04 06:43:00,27014.12000000001,27014.12000000001
2026-08-04 07:43:00,27014.12000000001,27014.12000000001
2026-08-04 08:43:00,27014.12000000001,27014.12000000001
2026-08-04 09:43:00,27014.12000000001,27014.12000000001
2026-08-04 10:43:00,27014.12000000001,27014.12000000001
2026-08-04 11:43:00,27014.12000000001,27014.12000000001
2026-08-04 12:43:00,27014.12000000001,27014.12000000001
2026-08-04 13:43:00,27014.12000000001,27014.12000000001
2026-08-04 14:43:00,27014.12000000001,27014.12000000001
2026-08-04 15:43:00,27014.12000000001,27014.12000000001
2026-08-04 16:43:00,27014.12000000001,27014.12000000001
2026-08-04 17:43:00,27014.12000000001,27014.12000000001
2026-08-04 18:43:00,27014.12000000001,27014.12000000001
2026-08-04 19:43:00,27014.12000000001,27014.12000000001
2026-08-04 20:43:00,27014.12000000001,27014.12000000001
2026-08-04 21:43:00,27014.12000000001,27014.12000000001
2026-08-04 22:43:00,27014.12000000001,27014.12000000001
2026-08-04 23:43:00,27014.12000000001,27014.12000000001
2026-08-05 01:44:00,27014.12000000001,27014.12000000001
2026-08-05 02:44:00,27014.12000000001,27014.12000000001
2026-08-05 03:44:00,27014.12000000001,27014.12000000001
2026-08-05 04:44:00,27014.12000000001,27014.12000000001
2026-08-05 05:44:00,27014.12000000001,27014.12000000001
2026-08-05 06:44:00,27014.12000000001,27014.12000000001
2026-08-05 07:44:00,27014.12000000001,27014.12000000001
2026-08-05 08:44:00,27014.12000000001,27014.12000000001
2026-08-05 09:44:00,27014.12000000001,27014.12000000001
2026-08-05 10:44:00,27014.12000000001,27014.12000000001
2026-08-05 11:44:00,27014.12000000001,27014.12000000001
2026-08-05 12:44:00,27012.93000000001,27028.570000000014
2026-08-05 13:44:00,27012.93000000001,26978.08000000001
2026-08-05 14:44:00,27121.530000000006,27370.560000000005
2026-08-05 15:44:00,27266.290000000005,27453.84
2026-08-05 16:44:00,27266.290000000005,27468.640000000003
2026-08-05 17:44:00,27628.190000000002,27628.190000000002
2026-08-05 18:44:00,27628.190000000002,27628.190000000002
2026-08-05 19:44:00,27770.92,28315.53999999999
2026-08-05 20:44:00,27954.119999999995,28425.779999999995
2026-08-05 21:44:00,28026.119999999995,28662.619999999995
2026-08-05 22:44:00,28026.119999999995,28544.250000000004
2026-08-05 23:44:00,28026.119999999995,28397.57
2026-08-06 01:45:00,28241.409999999963,28948.62999999994
2026-08-06 02:45:00,29801.009999999937,30374.87999999994
2026-08-06 03:45:00,29801.009999999937,30519.30999999994
2026-08-06 04:45:00,30017.009999999937,30510.12999999994
2026-08-06 05:45:00,30017.009999999937,30467.649999999936
2026-08-06 06:45:00,30017.009999999937,30299.48999999994
2026-08-06 07:45:00,30017.009999999937,30282.609999999935
2026-08-06 08:45:00,30017.009999999937,30334.369999999937
2026-08-06 09:45:00,30017.009999999937,30267.569999999934
2026-08-06 10:45:00,30017.009999999937,30238.049999999937
2026-08-06 11:45:00,30017.009999999937,30398.849999999933
2026-08-06 12:45:00,30017.009999999937,30408.929999999935
2026-08-06 13:45:00,30017.009999999937,30332.12999999994
2026-08-06 14:45:00,30017.009999999937,30269.329999999936
2026-08-06 15:45:00,30017.009999999937,30342.12999999994
2026-08-06 16:45:00,29711.87999999994,30054.59999999994
2026-08-06 17:45:00,29711.87999999994,30099.23999999994
2026-08-06 18:45:00,29255.989999999943,29451.82999999994
2026-08-06 19:45:00,29253.589999999942,29253.589999999942
2026-08-06 20:45:00,29253.589999999942,29253.589999999942
2026-08-06 21:45:00,29253.589999999942,29253.589999999942
2026-08-06 22:45:00,29253.589999999942,29253.589999999942
2026-08-06 23:45:00,29253.589999999942,29253.589999999942
2026-08-07 01:46:00,29253.589999999942,29253.589999999942
2026-08-07 02:46:00,29253.589999999942,29253.589999999942
2026-08-07 03:46:00,29253.589999999942,29253.589999999942
2026-08-07 04:46:00,29253.589999999942,29253.589999999942
2026-08-07 05:46:00,29253.589999999942,29253.589999999942
2026-08-07 06:46:00,29253.589999999942,29253.589999999942
2026-08-07 07:46:00,29253.589999999942,29253.589999999942
2026-08-07 08:46:00,29253.589999999942,29253.589999999942
2026-08-07 09:46:00,29253.589999999942,29253.589999999942
2026-08-07 10:46:00,29253.589999999942,29253.589999999942
2026-08-07 11:46:00,29253.589999999942,29253.589999999942
2026-08-07 12:46:00,29253.589999999942,29253.589999999942
2026-08-07 13:46:00,29253.589999999942,29253.589999999942
2026-08-07 14:46:00,29253.589999999942,29253.589999999942
2026-08-07 15:46:00,29253.589999999942,29253.589999999942
2026-08-07 16:46:00,29253.589999999942,29253.589999999942
2026-08-07 17:46:00,29253.589999999942,29253.589999999942
2026-08-07 18:46:00,29253.589999999942,29253.589999999942
2026-08-07 19:46:00,29253.589999999942,29253.589999999942
2026-08-07 20:46:00,29253.589999999942,29253.589999999942
2026-08-07 21:46:00,29253.589999999942,29253.589999999942
2026-08-07 22:46:00,29253.589999999942,29253.589999999942
2026-08-07 23:46:00,29253.589999999942,29253.589999999942
2026-08-10 01:47:00,29253.589999999942,29253.589999999942
2026-08-10 02:47:00,29253.589999999942,29253.589999999942
2026-08-10 03:47:00,29253.589999999942,29253.589999999942
2026-08-10 04:47:00,29249.669999999944,28822.869999999977
2026-08-10 05:47:00,29269.429999999946,29289.909999999945
2026-08-10 06:47:00,29311.189999999948,29453.589999999964
2026-08-10 07:47:00,29428.239999999947,29870.599999999937
2026-08-10 08:47:00,29667.189999999948,30273.08999999995
2026-08-10 09:47:00,29667.189999999948,30624.98999999996
2026-08-10 10:47:00,29841.089999999953,30712.28999999995
2026-08-10 11:47:00,29841.089999999953,30425.039999999957
2026-08-10 12:47:00,29841.089999999953,30322.289999999964
2026-08-10 13:47:00,29841.089999999953,30171.53999999995
2026-08-10 14:47:00,29841.089999999953,30122.53999999995
2026-08-10 15:47:00,29835.089999999953,29873.389999999952
2026-08-10 16:47:00,29835.089999999953,29861.989999999954
2026-08-10 17:47:00,29833.589999999956,29833.589999999956
2026-08-10 18:47:00,29833.589999999956,29833.589999999956
2026-08-10 19:47:00,29833.589999999956,29833.589999999956
2026-08-10 20:47:00,29833.589999999956,29833.589999999956
2026-08-10 21:47:00,29833.589999999956,29833.589999999956
2026-08-10 22:47:00,29833.589999999956,29833.589999999956
2026-08-10 23:47:00,29833.589999999956,29833.589999999956
2026-08-11 01:48:00,29833.589999999956,29833.589999999956
2026-08-11 02:48:00,29833.589999999956,29833.589999999956
2026-08-11 03:48:00,29833.589999999956,29833.589999999956
2026-08-11 04:48:00,29518.089999999967,29518.089999999967
2026-08-11 05:48:00,29518.089999999967,29518.089999999967
2026-08-11 06:48:00,29554.38999999997,29639.229999999974
2026-08-11 07:48:00,29550.18999999998,29550.18999999998
2026-08-11 08:48:00,29550.18999999998,29550.18999999998
2026-08-11 09:48:00,29550.18999999998,29550.18999999998
2026-08-11 10:48:00,29550.18999999998,29550.18999999998
2026-08-11 11:48:00,29550.18999999998,29550.18999999998
2026-08-11 12:48:00,29550.18999999998,29550.18999999998
2026-08-11 13:48:00,29550.18999999998,29550.18999999998
2026-08-11 14:48:00,29550.18999999998,29550.18999999998
2026-08-11 15:48:00,29550.18999999998,29550.18999999998
2026-08-11 16:48:00,29550.18999999998,29550.18999999998
2026-08-11 17:48:00,29550.18999999998,29550.18999999998
2026-08-11 18:48:00,29550.18999999998,29550.18999999998
2026-08-11 19:48:00,29550.18999999998,29550.18999999998
2026-08-11 20:48:00,29550.18999999998,29550.18999999998
2026-08-11 21:48:00,29550.18999999998,29550.18999999998
2026-08-11 22:48:00,29550.18999999998,29550.18999999998
2026-08-11 23:48:00,29550.18999999998,29550.18999999998
2026-08-12 01:49:00,29550.18999999998,29550.18999999998
2026-08-12 02:49:00,29550.18999999998,29550.18999999998
2026-08-12 03:49:00,29550.18999999998,29550.18999999998
2026-08-12 04:49:00,29550.18999999998,29550.18999999998
2026-08-12 05:49:00,29550.18999999998,29550.18999999998
2026-08-12 06:49:00,29550.18999999998,29550.18999999998
2026-08-12 07:49:00,29550.18999999998,29550.18999999998
2026-08-12 08:49:00,29662.039999999968,29662.039999999968
2026-08-12 09:49:00,29662.039999999968,29662.039999999968
2026-08-12 10:49:00,29662.039999999968,29662.039999999968
2026-08-12 11:49:00,29662.039999999968,29662.039999999968
2026-08-12 12:49:00,29662.039999999968,29662.039999999968
2026-08-12 13:49:00,29662.039999999968,29662.039999999968
2026-08-12 14:49:00,29662.039999999968,29662.039999999968
2026-08-12 15:49:00,30096.029999999977,30096.029999999977
2026-08-12 16:49:00,30096.029999999977,30096.029999999977
2026-08-12 17:49:00,30096.029999999977,30096.029999999977
2026-08-12 18:49:00,30096.029999999977,30096.029999999977
2026-08-12 19:49:00,30096.029999999977,30096.029999999977
2026-08-12 20:49:00,30096.029999999977,30096.029999999977
2026-08-12 21:49:00,30096.029999999977,30096.029999999977
2026-08-12 22:49:00,30096.029999999977,30096.029999999977
2026-08-12 23:49:00,30096.029999999977,30096.029999999977
2026-08-13 01:50:00,30096.029999999977,30096.029999999977
2026-08-13 02:50:00,30096.029999999977,30096.029999999977
2026-08-13 03:50:00,30096.029999999977,30096.029999999977
2026-08-13 04:50:00,30096.029999999977,30096.029999999977
2026-08-13 05:50:00,30096.029999999977,30096.029999999977
2026-08-13 06:50:00,30096.029999999977,30096.029999999977
2026-08-13 07:50:00,30096.029999999977,30096.029999999977
2026-08-13 08:50:00,30096.029999999977,30096.029999999977
2026-08-13 09:50:00,30096.029999999977,30096.029999999977
2026-08-13 10:50:00,30096.029999999977,30096.029999999977
2026-08-13 11:50:00,30096.029999999977,30096.029999999977
2026-08-13 12:50:00,30096.029999999977,30096.029999999977
2026-08-13 13:50:00,30096.029999999977,30096.029999999977
2026-08-13 14:50:00,30096.029999999977,30096.029999999977
2026-08-13 15:50:00,30209.929999999975,30209.929999999975
2026-08-13 16:50:00,30209.929999999975,30209.929999999975
2026-08-13 17:50:00,30209.929999999975,30209.929999999975
2026-08-13 18:50:00,30209.929999999975,30209.929999999975
2026-08-13 19:50:00,30209.929999999975,30209.929999999975
2026-08-13 20:50:00,30209.929999999975,30209.929999999975
2026-08-13 21:50:00,30209.929999999975,30209.929999999975
2026-08-13 22:50:00,30209.929999999975,30209.929999999975
2026-08-13 23:50:00,30209.929999999975,30209.929999999975
2026-08-14 01:51:00,30209.929999999975,30209.929999999975
2026-08-14 02:51:00,30209.929999999975,30209.929999999975
2026-08-14 03:51:00,30209.929999999975,30209.929999999975
2026-08-14 04:51:00,30209.929999999975,30209.929999999975
2026-08-14 05:51:00,30209.929999999975,30209.929999999975
2026-08-14 06:51:00,30209.929999999975,30209.929999999975
2026-08-14 07:51:00,30209.929999999975,30209.929999999975
2026-08-14 08:51:00,30209.929999999975,30209.929999999975
2026-08-14 09:51:00,30209.929999999975,30209.929999999975
2026-08-14 10:51:00,30209.929999999975,30209.929999999975
2026-08-14 11:51:00,30209.929999999975,30209.929999999975
2026-08-14 12:51:00,30209.929999999975,30209.929999999975
2026-08-14 13:51:00,30209.929999999975,30209.929999999975
2026-08-14 14:51:00,30209.929999999975,30209.929999999975
2026-08-14 15:51:00,30209.929999999975,30209.929999999975
2026-08-14 16:51:00,30208.179999999975,30263.679999999957
2026-08-14 17:51:00,30244.419999999966,30244.419999999966
2026-08-14 18:51:00,30244.419999999966,30244.419999999966
2026-08-14 19:51:00,30244.419999999966,30244.419999999966
2026-08-14 20:51:00,30244.419999999966,30244.419999999966
2026-08-14 21:51:00,30244.419999999966,30244.419999999966
2026-08-14 22:51:00,30244.419999999966,30244.419999999966
2026-08-14 23:51:00,30244.419999999966,30244.419999999966
2026-08-17 01:52:00,30244.419999999966,30244.419999999966
2026-08-17 02:52:00,30244.419999999966,30244.419999999966
2026-08-17 03:52:00,30244.419999999966,30244.419999999966
2026-08-17 04:52:00,30244.419999999966,30244.419999999966
2026-08-17 05:52:00,30244.419999999966,30244.419999999966
2026-08-17 06:52:00,30244.419999999966,30244.419999999966
2026-08-17 07:52:00,30244.419999999966,30244.419999999966
2026-08-17 08:52:00,30244.419999999966,30244.419999999966
2026-08-17 09:52:00,30244.419999999966,30244.419999999966
2026-08-17 10:52:00,30244.419999999966,30244.419999999966
2026-08-17 11:52:00,30244.419999999966,30244.419999999966
2026-08-17 12:52:00,30244.419999999966,30244.419999999966
2026-08-17 13:52:00,30244.419999999966,30244.419999999966
2026-08-17 14:52:00,30244.419999999966,30244.419999999966
2026-08-17 15:52:00,30409.619999999937,30382.07999999994
2026-08-17 16:52:00,30515.779999999933,30668.23999999993
2026-08-17 17:52:00,30621.939999999933,30786.58999999993
2026-08-17 18:52:00,30621.939999999933,30812.589999999935
2026-08-17 19:52:00,30621.939999999933,30806.339999999935
2026-08-17 20:52:00,30621.939999999933,30781.13999999993
2026-08-17 21:52:00,30621.939999999933,30726.689999999933
2026-08-17 22:52:00,30621.939999999933,30780.639999999934
2026-08-17 23:52:00,30621.939999999933,30769.08999999993
2026-08-18 01:53:00,30619.439999999933,30758.739999999932
2026-08-18 02:53:00,30619.439999999933,30805.58999999993
2026-08-18 03:53:00,30840.58999999993,30840.58999999993
2026-08-18 04:53:00,30840.58999999993,30840.58999999993
2026-08-18 05:53:00,30840.58999999993,30840.58999999993
2026-08-18 06:53:00,30840.58999999993,30840.58999999993
2026-08-18 07:53:00,30840.58999999993,30840.58999999993
2026-08-18 08:53:00,30840.58999999993,30840.58999999993
2026-08-18 09:53:00,30840.58999999993,30840.58999999993
2026-08-18 10:53:00,30840.58999999993,30840.58999999993
2026-08-18 11:53:00,30840.58999999993,30840.58999999993
2026-08-18 12:53:00,30840.58999999993,30840.58999999993
2026-08-18 13:53:00,30840.58999999993,30840.58999999993
2026-08-18 14:53:00,30840.58999999993,30840.58999999993
2026-08-18 15:53:00,30840.58999999993,30840.58999999993
2026-08-18 16:53:00,30840.58999999993,30840.58999999993
2026-08-18 17:53:00,30901.909999999953,30901.909999999953
2026-08-18 18:53:00,30901.909999999953,30901.909999999953
2026-08-18 19:53:00,30901.909999999953,30901.909999999953
2026-08-18 20:53:00,30901.909999999953,30901.909999999953
2026-08-18 21:53:00,30901.909999999953,30901.909999999953
2026-08-18 22:53:00,30901.909999999953,30901.909999999953
2026-08-18 23:53:00,30901.909999999953,30901.909999999953
2026-08-19 01:54:00,30901.909999999953,30901.909999999953
2026-08-19 02:54:00,30901.909999999953,30901.909999999953
2026-08-19 03:54:00,30901.909999999953,30901.909999999953
2026-08-19 04:54:00,30929.809999999947,30929.809999999947
2026-08-19 05:54:00,30929.809999999947,30929.809999999947
2026-08-19 06:54:00,30929.809999999947,30929.809999999947
2026-08-19 07:54:00,30929.809999999947,30929.809999999947
2026-08-19 08:54:00,30929.809999999947,30929.809999999947
2026-08-19 09:54:00,30929.809999999947,30929.809999999947
2026-08-19 10:54:00,30929.809999999947,30929.809999999947
2026-08-19 11:54:00,30929.809999999947,30929.809999999947
2026-08-19 12:54:00,30929.809999999947,30929.809999999947
2026-08-19 13:54:00,30929.809999999947,30929.809999999947
2026-08-19 14:54:00,30929.809999999947,30929.809999999947
2026-08-19 15:54:00,30302.82999999995,30302.82999999995
2026-08-19 16:54:00,30302.82999999995,30302.82999999995
2026-08-19 17:54:00,30302.82999999995,30302.82999999995
2026-08-19 18:54:00,30302.82999999995,30302.82999999995
2026-08-19 19:54:00,30302.82999999995,30302.82999999995
2026-08-19 20:54:00,30302.82999999995,30302.82999999995
2026-08-19 21:54:00,30302.82999999995,30302.82999999995
2026-08-19 22:54:00,30302.82999999995,30302.82999999995
2026-08-19 23:54:00,30302.82999999995,30302.82999999995
2026-08-20 01:55:00,30302.82999999995,30302.82999999995
2026-08-20 02:55:00,30317.949999999968,30317.949999999968
2026-08-20 03:55:00,30317.949999999968,30317.949999999968
2026-08-20 04:55:00,30314.729999999967,30236.40999999997
2026-08-20 05:55:00,30395.44999999996,30475.36999999995
2026-08-20 06:55:00,30395.44999999996,30620.44999999996
2026-08-20 07:55:00,30390.049999999952,30390.049999999952
2026-08-20 08:55:00,30390.049999999952,30390.049999999952
2026-08-20 09:55:00,30390.049999999952,30390.049999999952
2026-08-20 10:55:00,30390.049999999952,30390.049999999952
2026-08-20 11:55:00,30390.049999999952,30390.049999999952
2026-08-20 12:55:00,30390.049999999952,30390.049999999952
2026-08-20 13:55:00,30390.049999999952,30390.049999999952
2026-08-20 14:55:00,30390.049999999952,30390.049999999952
2026-08-20 15:55:00,30390.049999999952,30390.049999999952
2026-08-20 16:55:00,30390.049999999952,30390.049999999952
2026-08-20 17:55:00,30390.049999999952,30390.049999999952
2026-08-20 18:55:00,30390.049999999952,30390.049999999952
2026-08-20 19:55:00,30390.049999999952,30390.049999999952
2026-08-20 20:55:00,30390.049999999952,30390.049999999952
2026-08-20 21:55:00,30390.049999999952,30390.049999999952
2026-08-20 22:55:00,30390.049999999952,30390.049999999952
2026-08-20 23:55:00,30390.049999999952,30390.049999999952
2026-08-21 01:56:00,30390.049999999952,30390.049999999952
2026-08-21 02:56:00,30390.049999999952,30390.049999999952
2026-08-21 03:56:00,30390.049999999952,30390.049999999952
2026-08-21 04:56:00,30390.049999999952,30390.049999999952
2026-08-21 05:56:00,30390.049999999952,30390.049999999952
2026-08-21 06:56:00,30387.73999999995,30441.529999999926
2026-08-21 07:56:00,30518.29999999994,30689.14999999993
2026-08-21 08:56:00,30513.19999999994,30513.19999999994
2026-08-21 09:56:00,30513.19999999994,30513.19999999994
2026-08-21 10:56:00,30513.19999999994,30513.19999999994
2026-08-21 11:56:00,30513.19999999994,30513.19999999994
2026-08-21 12:56:00,30513.19999999994,30513.19999999994
2026-08-21 13:56:00,30513.19999999994,30513.19999999994
2026-08-21 14:56:00,30513.19999999994,30513.19999999994
2026-08-21 15:56:00,30539.759999999915,30539.759999999915
2026-08-21 16:56:00,30539.759999999915,30539.759999999915
2026-08-21 17:56:00,30539.759999999915,30539.759999999915
2026-08-21 18:56:00,30539.759999999915,30539.759999999915
2026-08-21 19:56:00,30539.759999999915,30539.759999999915
2026-08-21 20:56:00,30539.759999999915,30539.759999999915
2026-08-21 21:56:00,30539.759999999915,30539.759999999915
2026-08-21 22:56:00,30539.759999999915,30539.759999999915
2026-08-21 23:56:00,30539.759999999915,30539.759999999915
2026-08-24 01:57:00,30539.759999999915,30539.759999999915
2026-08-24 02:57:00,30539.759999999915,30539.759999999915
2026-08-24 03:57:00,30538.429999999913,30451.59999999992
2026-08-24 04:57:00,30233.28999999992,30233.28999999992
2026-08-24 05:57:00,30233.28999999992,30233.28999999992
2026-08-24 06:57:00,30233.28999999992,30233.28999999992
2026-08-24 07:57:00,30233.28999999992,30233.28999999992
2026-08-24 08:57:00,30233.28999999992,30233.28999999992
2026-08-24 09:57:00,30233.28999999992,30233.28999999992
2026-08-24 10:57:00,30233.28999999992,30233.28999999992
2026-08-24 11:57:00,30233.28999999992,30233.28999999992
2026-08-24 12:57:00,30233.28999999992,30233.28999999992
2026-08-24 13:57:00,30233.28999999992,30233.28999999992
2026-08-24 14:57:00,30233.28999999992,30233.28999999992
2026-08-24 15:57:00,30233.28999999992,30233.28999999992
2026-08-24 16:57:00,30233.28999999992,30233.28999999992
2026-08-24 17:57:00,30233.28999999992,30233.28999999992
2026-08-24 18:57:00,30233.28999999992,30233.28999999992
2026-08-24 19:57:00,30233.28999999992,30233.28999999992
2026-08-24 20:57:00,30233.28999999992,30233.28999999992
2026-08-24 21:57:00,30283.619999999926,30283.619999999926
2026-08-24 22:57:00,30283.619999999926,30283.619999999926
2026-08-24 23:57:00,30283.619999999926,30283.619999999926
2026-08-25 01:58:00,30283.619999999926,30283.619999999926
2026-08-25 02:58:00,30283.619999999926,30283.619999999926
2026-08-25 03:58:00,30283.619999999926,30283.619999999926
2026-08-25 04:58:00,30283.619999999926,30283.619999999926
2026-08-25 05:58:00,30283.619999999926,30283.619999999926
2026-08-25 06:58:00,30283.619999999926,30283.619999999926
2026-08-25 07:58:00,30283.619999999926,30283.619999999926
2026-08-25 08:58:00,30283.619999999926,30283.619999999926
2026-08-25 09:58:00,30283.619999999926,30283.619999999926
2026-08-25 10:58:00,30283.619999999926,30283.619999999926
2026-08-25 11:58:00,30283.619999999926,30283.619999999926
2026-08-25 12:58:00,30283.619999999926,30283.619999999926
2026-08-25 13:58:00,30283.619999999926,30283.619999999926
2026-08-25 14:58:00,30283.619999999926,30283.619999999926
2026-08-25 15:58:00,30283.619999999926,30283.619999999926
2026-08-25 16:58:00,30283.619999999926,30283.619999999926
2026-08-25 17:58:00,30283.619999999926,30283.619999999926
2026-08-25 18:58:00,30282.919999999925,30312.31999999992
2026-08-25 19:58:00,30282.919999999925,30408.91999999993
2026-08-25 20:58:00,30318.919999999925,30367.639999999927
2026-08-25 21:58:00,30316.519999999928,30316.519999999928
2026-08-25 22:58:00,30316.519999999928,30316.519999999928
2026-08-25 23:58:00,30316.519999999928,30316.519999999928
2026-08-26 01:59:00,30316.519999999928,30316.519999999928
2026-08-26 02:59:00,30316.519999999928,30316.519999999928
2026-08-26 03:59:00,30316.519999999928,30316.519999999928
2026-08-26 04:59:00,30316.519999999928,30316.519999999928
2026-08-26 05:59:00,30316.519999999928,30316.519999999928
2026-08-26 06:59:00,30316.519999999928,30316.519999999928
2026-08-26 07:59:00,30316.519999999928,30316.519999999928
2026-08-26 08:59:00,30316.519999999928,30316.519999999928
2026-08-26 09:59:00,30316.519999999928,30316.519999999928
2026-08-26 10:59:00,30316.519999999928,30316.519999999928
2026-08-26 11:59:00,30359.079999999925,30458.19999999991
2026-08-26 12:59:00,30352.77999999992,30352.77999999992
2026-08-26 13:59:00,30352.77999999992,30352.77999999992
2026-08-26 14:59:00,30352.77999999992,30352.77999999992
2026-08-26 15:59:00,30352.77999999992,30352.77999999992
2026-08-26 16:59:00,30352.77999999992,30352.77999999992
2026-08-26 17:59:00,30352.77999999992,30352.77999999992
2026-08-26 18:59:00,30352.77999999992,30352.77999999992
2026-08-26 19:59:00,30352.77999999992,30352.77999999992
2026-08-26 20:59:00,30352.77999999992,30352.77999999992
2026-08-26 21:59:00,30352.77999999992,30352.77999999992
2026-08-26 22:59:00,30352.77999999992,30352.77999999992
2026-08-27 01:00:00,30352.77999999992,30352.77999999992
2026-08-27 02:00:00,30352.289999999917,30358.09999999992
2026-08-27 03:00:00,30352.289999999917,30256.599999999915
2026-08-27 04:00:00,30352.289999999917,30390.229999999916
2026-08-27 05:00:00,30208.159999999916,30208.159999999916
2026-08-27 06:00:00,30208.159999999916,30208.159999999916
2026-08-27 07:00:00,30208.159999999916,30208.159999999916
2026-08-27 08:00:00,30208.159999999916,30208.159999999916
2026-08-27 09:00:00,29891.799999999916,29891.799999999916
2026-08-27 10:00:00,29891.799999999916,29891.799999999916
2026-08-27 11:00:00,29891.799999999916,29891.799999999916
2026-08-27 12:00:00,29891.799999999916,29891.799999999916
2026-08-27 13:00:00,29891.799999999916,29891.799999999916
2026-08-27 14:00:00,29891.799999999916,29891.799999999916
2026-08-27 15:00:00,29891.799999999916,29891.799999999916
2026-08-27 16:00:00,29891.799999999916,29891.799999999916
2026-08-27 17:00:00,29914.25999999994,29914.25999999994
2026-08-27 18:00:00,29914.25999999994,29914.25999999994
2026-08-27 19:00:00,29914.25999999994,29914.25999999994
2026-08-27 20:00:00,29914.25999999994,29914.25999999994
2026-08-27 21:00:00,29914.25999999994,29914.25999999994
2026-08-27 22:00:00,29914.25999999994,29914.25999999994
2026-08-27 23:00:00,29914.25999999994,29914.25999999994
2026-08-28 01:01:00,29914.25999999994,29914.25999999994
2026-08-28 02:01:00,29914.25999999994,29914.25999999994
2026-08-28 03:01:00,29912.71999999994,29914.03999999995
2026-08-28 04:01:00,29924.469999999936,29924.469999999936
2026-08-28 05:01:00,29924.469999999936,29924.469999999936
2026-08-28 06:01:00,29924.469999999936,29924.469999999936
2026-08-28 07:01:00,29924.469999999936,29924.469999999936
2026-08-28 08:01:00,29924.469999999936,29924.469999999936
2026-08-28 09:01:00,29924.469999999936,29924.469999999936
2026-08-28 10:01:00,29924.469999999936,29924.469999999936
2026-08-28 11:01:00,29924.469999999936,29924.469999999936
2026-08-28 12:01:00,29924.469999999936,29924.469999999936
2026-08-28 13:01:00,29924.469999999936,29924.469999999936
2026-08-28 14:01:00,29924.469999999936,29924.469999999936
2026-08-28 15:01:00,29973.12999999992,29973.12999999992
2026-08-28 16:01:00,29973.12999999992,29973.12999999992
2026-08-28 17:01:00,29973.12999999992,29973.12999999992
2026-08-28 18:01:00,29973.12999999992,29973.12999999992
2026-08-28 19:01:00,29973.12999999992,29973.12999999992
2026-08-28 20:01:00,29973.12999999992,29973.12999999992
2026-08-28 21:01:00,29973.12999999992,29973.12999999992
2026-08-28 22:01:00,29973.12999999992,29973.12999999992
2026-08-28 23:01:00,29973.12999999992,29973.12999999992
2026-08-31 01:02:00,29973.12999999992,29973.12999999992
2026-08-31 02:02:00,29973.12999999992,29973.12999999992
2026-08-31 03:02:00,29973.12999999992,29973.12999999992
2026-08-31 04:02:00,29973.12999999992,29973.12999999992
2026-08-31 05:02:00,29973.12999999992,29973.12999999992
2026-08-31 06:02:00,29971.37999999992,30104.37999999992
2026-08-31 07:02:00,29994.099999999922,29977.47999999992
2026-08-31 08:02:00,30036.659999999916,30370.199999999895
2026-08-31 09:02:00,30305.37999999991,30808.839999999902
2026-08-31 10:02:00,30305.37999999991,30909.63999999989
2026-08-31 11:02:00,30330.41999999991,31241.549999999916
2026-08-31 12:02:00,30406.34999999991,30941.009999999904
2026-08-31 13:02:00,30406.34999999991,31157.729999999898
2026-08-31 14:02:00,30406.34999999991,31429.6099999999
2026-08-31 15:02:00,30810.029999999908,31500.589999999902
2026-08-31 16:02:00,30810.029999999908,31131.609999999902
2026-08-31 17:02:00,30805.829999999907,30853.37999999991
2026-08-31 18:02:00,30805.829999999907,30896.029999999908
2026-08-31 19:02:00,30805.829999999907,30908.279999999904
2026-08-31 20:02:00,30805.829999999907,30916.129999999903
2026-08-31 21:02:00,30805.829999999907,30911.829999999907
2026-08-31 22:02:00,30805.829999999907,30906.529999999908
2026-08-31 23:02:00,30805.829999999907,31020.929999999906
2026-09-01 01:03:00,30803.329999999907,31006.779999999904
2026-09-01 02:03:00,30803.329999999907,30980.729999999905
2026-09-01 03:03:00,30803.329999999907,31005.279999999908
2026-09-01 04:03:00,30803.329999999907,30992.079999999907
2026-09-01 05:03:00,30803.329999999907,30971.629999999906
2026-09-01 06:03:00,30803.329999999907,30945.22999999991
2026-09-01 07:03:00,30803.329999999907,30929.42999999991
2026-09-01 08:03:00,30803.329999999907,30892.829999999907
2026-09-01 09:03:00,30803.329999999907,30928.97999999991
2026-09-01 10:03:00,30803.329999999907,30906.879999999906
2026-09-01 11:03:00,30803.329999999907,30811.429999999906
2026-09-01 12:03:00,30801.829999999907,30801.829999999907
2026-09-01 13:03:00,30801.829999999907,30801.829999999907
2026-09-01 14:03:00,30801.829999999907,30801.829999999907
2026-09-01 15:03:00,30801.829999999907,30801.829999999907
2026-09-01 16:03:00,30801.829999999907,30801.829999999907
2026-09-01 17:03:00,30801.829999999907,30801.829999999907
2026-09-01 18:03:00,30801.829999999907,30801.829999999907
2026-09-01 19:03:00,30801.829999999907,30801.829999999907
2026-09-01 20:03:00,30801.829999999907,30801.829999999907
2026-09-01 21:03:00,30801.829999999907,30801.829999999907
2026-09-01 22:03:00,30801.829999999907,30801.829999999907
2026-09-01 23:03:00,30801.829999999907,30801.829999999907
2026-09-02 01:04:00,30801.829999999907,30801.829999999907
2026-09-02 02:04:00,30801.829999999907,30801.829999999907
2026-09-02 03:04:00,30801.829999999907,30801.829999999907
2026-09-02 04:04:00,30801.829999999907,30801.829999999907
2026-09-02 05:04:00,30801.829999999907,30801.829999999907
2026-09-02 06:04:00,30801.829999999907,30801.829999999907
2026-09-02 07:04:00,30801.829999999907,30801.829999999907
2026-09-02 08:04:00,30801.829999999907,30801.829999999907
2026-09-02 09:04:00,30801.829999999907,30801.829999999907
2026-09-02 10:04:00,30801.829999999907,30801.829999999907
2026-09-02 11:04:00,30801.829999999907,30801.829999999907
2026-09-02 12:04:00,30801.829999999907,30801.829999999907
2026-09-02 13:04:00,30801.829999999907,30801.829999999907
2026-09-02 14:04:00,30801.829999999907,30801.829999999907
2026-09-02 15:04:00,30801.829999999907,30801.829999999907
2026-09-02 16:04:00,30801.829999999907,30801.829999999907
2026-09-02 17:04:00,30801.829999999907,30801.829999999907
2026-09-02 18:04:00,30484.72999999989,30484.72999999989
2026-09-02 19:04:00,30484.72999999989,30484.72999999989
2026-09-02 20:04:00,30484.72999999989,30484.72999999989
2026-09-02 21:04:00,30484.72999999989,30484.72999999989
2026-09-02 22:04:00,30484.72999999989,30484.72999999989
2026-09-02 23:04:00,30484.72999999989,30484.72999999989
2026-09-03 01:05:00,30484.72999999989,30484.72999999989
2026-09-03 02:05:00,30484.72999999989,30484.72999999989
2026-09-03 03:05:00,30484.72999999989,30484.72999999989
2026-09-03 04:05:00,30484.72999999989,30484.72999999989
2026-09-03 05:05:00,30484.72999999989,30484.72999999989
2026-09-03 06:05:00,30484.72999999989,30484.72999999989
2026-09-03 07:05:00,30484.72999999989,30484.72999999989
2026-09-03 08:05:00,30484.72999999989,30484.72999999989
2026-09-03 09:05:00,30484.72999999989,30484.72999999989
2026-09-03 10:05:00,30484.72999999989,30484.72999999989
2026-09-03 11:05:00,30484.72999999989,30484.72999999989
2026-09-03 12:05:00,30484.72999999989,30484.72999999989
2026-09-03 13:05:00,30484.72999999989,30484.72999999989
2026-09-03 14:05:00,30484.72999999989,30484.72999999989
2026-09-03 15:05:00,30484.72999999989,30484.72999999989
2026-09-03 16:05:00,30484.16999999989,30450.649999999892
2026-09-03 17:05:00,30528.24999999989,30650.16999999989
2026-09-03 18:05:00,30526.449999999895,30526.449999999895
2026-09-03 19:05:00,30562.339999999895,30715.899999999896
2026-09-03 20:05:00,30562.339999999895,30731.6299999999
2026-09-03 21:05:00,30562.339999999895,30766.829999999896
2026-09-03 22:05:00,30636.079999999893,30860.799999999894
2026-09-03 23:05:00,30636.079999999893,30884.159999999894
2026-09-04 01:06:00,30637.279999999893,30853.759999999897
2026-09-04 02:06:00,30637.279999999893,30885.119999999897
2026-09-04 03:06:00,30637.279999999893,30809.679999999895
2026-09-04 04:06:00,30637.279999999893,30849.039999999895
2026-09-04 05:06:00,30637.279999999893,30830.879999999892
2026-09-04 06:06:00,30637.279999999893,30878.319999999894
2026-09-04 07:06:00,30637.279999999893,30923.039999999895
2026-09-04 08:06:00,30637.279999999893,30915.439999999897
2026-09-04 09:06:00,30637.279999999893,30898.959999999894
2026-09-04 10:06:00,30637.279999999893,30940.799999999897
2026-09-04 11:06:00,30637.279999999893,30798.799999999897
2026-09-04 12:06:00,30637.279999999893,30872.639999999894
2026-09-04 13:06:00,30637.279999999893,30912.559999999892
2026-09-04 14:06:00,30637.279999999893,30902.719999999896
2026-09-04 15:06:00,30637.279999999893,30911.599999999893
2026-09-04 16:06:00,30958.289999999895,30958.289999999895
2026-09-04 17:06:00,30958.289999999895,30958.289999999895
2026-09-04 18:06:00,30958.289999999895,30958.289999999895
2026-09-04 19:06:00,30958.289999999895,30958.289999999895
2026-09-04 20:06:00,30958.289999999895,30958.289999999895
2026-09-04 21:06:00,30958.289999999895,30958.289999999895
2026-09-04 22:06:00,30958.289999999895,30958.289999999895
2026-09-04 23:06:00,30958.289999999895,30958.289999999895
2026-09-04 23:58:00,30958.289999999895,30958.289999999895
